48,6,"[[0.5929825439226728, 0.5901504180669235, 1, 0.30578360460301873, 0.3057904659384439, 1]]","[[0.39605326 0.38719823 0.55950029 0.59871404 0.58359149 0.57478432]
 [0.39605326 0.38719823 0.55950029 0.59871404 0.58359149 0.57478432]
 [0.39605326 0.38719823 0.55950029 0.59871404 0.58359149 0.57478432]
 [0.39605326 0.38719823 0.55950029 0.59871404 0.58359149 0.57478432]
 [0.39605326 0.38719823 0.55950029 0.59871404 0.58359149 0.57478432]
 [0.39605326 0.38719823 0.55950029 0.59871404 0.58359149 0.57478432]
 [0.39605326 0.38719823 0.55950029 0.59871404 0.58359149 0.57478432]
 [0.39605326 0.38719823 0.55950029 0.59871404 0.58359149 0.57478432]
 [0.6432     0.6432     0.8        0.8        0.8        0.8       ]
 [0.6432     0.6432     0.8        0.8        0.8        0.8       ]
 [0.6432     0.6432     0.8        0.8        0.8        0.8       ]
 [0.6432     0.6432     0.8        0.8        0.8        0.8       ]
 [0.6432     0.6432     0.8        0.8        0.8        0.8       ]
 [0.6432     0.6432     0.8        0.8        0.8        0.8       ]
 [0.6432     0.6432     0.8        0.8        0.8        0.8       ]
 [0.6432     0.6432     0.8        0.8        0.8        0.8       ]
 [0.43501553 0.4233181  0.5917256  0.63112721 0.61587616 0.60714508]
 [0.43501553 0.4233181  0.5917256  0.63112721 0.61587616 0.60714508]
 [0.43501553 0.4233181  0.5917256  0.63112721 0.61587616 0.60714508]
 [0.43501553 0.4233181  0.5917256  0.63112721 0.61587616 0.60714508]
 [0.43501553 0.4233181  0.5917256  0.63112721 0.61587616 0.60714508]
 [0.43501553 0.4233181  0.5917256  0.63112721 0.61587616 0.60714508]
 [0.43501553 0.4233181  0.5917256  0.63112721 0.61587616 0.60714508]
 [0.43501553 0.4233181  0.5917256  0.63112721 0.61587616 0.60714508]
 [0.13092146 0.11929703 0.29092512 0.33518398 0.31798784 0.30812315]
 [0.13092146 0.11929703 0.29092512 0.33518398 0.31798784 0.30812315]
 [0.13092146 0.11929703 0.29092512 0.33518398 0.31798784 0.30812315]
 [0.13092146 0.11929703 0.29092512 0.33518398 0.31798784 0.30812315]
 [0.13092146 0.11929703 0.29092512 0.33518398 0.31798784 0.30812315]
 [0.13092146 0.11929703 0.29092512 0.33518398 0.31798784 0.30812315]
 [0.13092146 0.11929703 0.29092512 0.33518398 0.31798784 0.30812315]
 [0.13092146 0.11929703 0.29092512 0.33518398 0.31798784 0.30812315]
 [0.37968609 0.37806927 0.54486771 0.56029694 0.55467841 0.55111549]
 [0.37968609 0.37806927 0.54486771 0.56029694 0.55467841 0.55111549]
 [0.37968609 0.37806927 0.54486771 0.56029694 0.55467841 0.55111549]
 [0.37968609 0.37806927 0.54486771 0.56029694 0.55467841 0.55111549]
 [0.37968609 0.37806927 0.54486771 0.56029694 0.55467841 0.55111549]
 [0.37968609 0.37806927 0.54486771 0.56029694 0.55467841 0.55111549]
 [0.37968609 0.37806927 0.54486771 0.56029694 0.55467841 0.55111549]
 [0.37968609 0.37806927 0.54486771 0.56029694 0.55467841 0.55111549]
 [0.51974203 0.51219351 0.67102338 0.68691287 0.68107459 0.67764716]
 [0.51974203 0.51219351 0.67102338 0.68691287 0.68107459 0.67764716]
 [0.51974203 0.51219351 0.67102338 0.68691287 0.68107459 0.67764716]
 [0.51974203 0.51219351 0.67102338 0.68691287 0.68107459 0.67764716]
 [0.51974203 0.51219351 0.67102338 0.68691287 0.68107459 0.67764716]
 [0.51974203 0.51219351 0.67102338 0.68691287 0.68107459 0.67764716]
 [0.51974203 0.51219351 0.67102338 0.68691287 0.68107459 0.67764716]
 [0.51974203 0.51219351 0.67102338 0.68691287 0.68107459 0.67764716]]","[[0. 0. 1. 1. 1. 1.]
 [0. 0. 1. 1. 1. 1.]
 [0. 0. 1. 1. 1. 1.]
 [0. 0. 1. 1. 1. 1.]
 [0. 0. 1. 1. 1. 1.]
 [0. 0. 1. 1. 1. 1.]
 [0. 0. 1. 1. 1. 1.]
 [0. 0. 1. 1. 1. 1.]
 [1. 1. 1. 1. 1. 1.]
 [1. 1. 1. 1. 1. 1.]
 [1. 1. 1. 1. 1. 1.]
 [1. 1. 1. 1. 1. 1.]
 [1. 1. 1. 1. 1. 1.]
 [1. 1. 1. 1. 1. 1.]
 [1. 1. 1. 1. 1. 1.]
 [1. 1. 1. 1. 1. 1.]
 [1. 1. 1. 1. 1. 1.]
 [1. 1. 1. 1. 1. 1.]
 [1. 1. 1. 1. 1. 1.]
 [1. 1. 1. 1. 1. 1.]
 [1. 1. 1. 1. 1. 1.]
 [1. 1. 1. 1. 1. 1.]
 [1. 1. 1. 1. 1. 1.]
 [1. 1. 1. 1. 1. 1.]
 [0. 0. 0. 0. 0. 0.]
 [0. 0. 0. 0. 0. 0.]
 [0. 0. 0. 0. 0. 0.]
 [0. 0. 0. 0. 0. 0.]
 [0. 0. 0. 0. 0. 0.]
 [0. 0. 0. 0. 0. 0.]
 [0. 0. 0. 0. 0. 0.]
 [0. 0. 0. 0. 0. 0.]
 [0. 0. 1. 1. 1. 1.]
 [0. 0. 1. 1. 1. 1.]
 [0. 0. 1. 1. 1. 1.]
 [0. 0. 1. 1. 1. 1.]
 [0. 0. 1. 1. 1. 1.]
 [0. 0. 1. 1. 1. 1.]
 [0. 0. 1. 1. 1. 1.]
 [0. 0. 1. 1. 1. 1.]
 [1. 1. 1. 1. 1. 1.]
 [1. 1. 1. 1. 1. 1.]
 [1. 1. 1. 1. 1. 1.]
 [1. 1. 1. 1. 1. 1.]
 [1. 1. 1. 1. 1. 1.]
 [1. 1. 1. 1. 1. 1.]
 [1. 1. 1. 1. 1. 1.]
 [1. 1. 1. 1. 1. 1.]]","[[1.   0.   0.  ]
 [1.   0.   0.  ]
 [1.   0.   0.  ]
 [0.02 0.   0.  ]
 [0.02 0.   0.  ]
 [1.   0.   0.  ]]","[[80, 85, 90]]"
48,5,"[[0.5098783864165028, 0.5098783864165028, 0.5893272536273589, 0.5893272536273589, 0.5893272536273589]]","[[0.31402652 0.32890352 0.6432     0.6432     0.47475468]
 [0.31402652 0.32890352 0.6432     0.6432     0.47475468]
 [0.31402652 0.32890352 0.6432     0.6432     0.47475468]
 [0.31402652 0.32890352 0.6432     0.6432     0.47475468]
 [0.31402652 0.32890352 0.6432     0.6432     0.47475468]
 [0.31402652 0.32890352 0.6432     0.6432     0.47475468]
 [0.31402652 0.32890352 0.6432     0.6432     0.47475468]
 [0.31402652 0.32890352 0.6432     0.6432     0.47475468]
 [0.6432     0.6432     0.6432     0.6432     0.6432    ]
 [0.6432     0.6432     0.6432     0.6432     0.6432    ]
 [0.6432     0.6432     0.6432     0.6432     0.6432    ]
 [0.6432     0.6432     0.6432     0.6432     0.6432    ]
 [0.6432     0.6432     0.6432     0.6432     0.6432    ]
 [0.6432     0.6432     0.6432     0.6432     0.6432    ]
 [0.6432     0.6432     0.6432     0.6432     0.6432    ]
 [0.6432     0.6432     0.6432     0.6432     0.6432    ]
 [0.6432     0.6432     0.6432     0.6432     0.50736548]
 [0.6432     0.6432     0.6432     0.6432     0.50736548]
 [0.6432     0.6432     0.6432     0.6432     0.50736548]
 [0.6432     0.6432     0.6432     0.6432     0.50736548]
 [0.6432     0.6432     0.6432     0.6432     0.50736548]
 [0.6432     0.6432     0.6432     0.6432     0.50736548]
 [0.6432     0.6432     0.6432     0.6432     0.50736548]
 [0.6432     0.6432     0.6432     0.6432     0.50736548]
 [0.27797206 0.28818496 0.47401422 0.45625374 0.21614738]
 [0.27797206 0.28818496 0.47401422 0.45625374 0.21614738]
 [0.27797206 0.28818496 0.47401422 0.45625374 0.21614738]
 [0.27797206 0.28818496 0.47401422 0.45625374 0.21614738]
 [0.27797206 0.28818496 0.47401422 0.45625374 0.21614738]
 [0.27797206 0.28818496 0.47401422 0.45625374 0.21614738]
 [0.27797206 0.28818496 0.47401422 0.45625374 0.21614738]
 [0.27797206 0.28818496 0.47401422 0.45625374 0.21614738]
 [0.09778678 0.11215497 0.43021561 0.4325663  0.41443793]
 [0.09778678 0.11215497 0.43021561 0.4325663  0.41443793]
 [0.09778678 0.11215497 0.43021561 0.4325663  0.41443793]
 [0.09778678 0.11215497 0.43021561 0.4325663  0.41443793]
 [0.09778678 0.11215497 0.43021561 0.4325663  0.41443793]
 [0.09778678 0.11215497 0.43021561 0.4325663  0.41443793]
 [0.09778678 0.11215497 0.43021561 0.4325663  0.41443793]
 [0.09778678 0.11215497 0.43021561 0.4325663  0.41443793]
 [0.6432     0.6432     0.53897928 0.54345054 0.54101758]
 [0.6432     0.6432     0.53897928 0.54345054 0.54101758]
 [0.6432     0.6432     0.53897928 0.54345054 0.54101758]
 [0.6432     0.6432     0.53897928 0.54345054 0.54101758]
 [0.6432     0.6432     0.53897928 0.54345054 0.54101758]
 [0.6432     0.6432     0.53897928 0.54345054 0.54101758]
 [0.6432     0.6432     0.53897928 0.54345054 0.54101758]
 [0.6432     0.6432     0.53897928 0.54345054 0.54101758]]","[[0. 0. 1. 1. 1.]
 [0. 0. 1. 1. 1.]
 [0. 0. 1. 1. 1.]
 [0. 0. 1. 1. 1.]
 [0. 0. 1. 1. 1.]
 [0. 0. 1. 1. 1.]
 [0. 0. 1. 1. 1.]
 [0. 0. 1. 1. 1.]
 [1. 1. 1. 1. 1.]
 [1. 1. 1. 1. 1.]
 [1. 1. 1. 1. 1.]
 [1. 1. 1. 1. 1.]
 [1. 1. 1. 1. 1.]
 [1. 1. 1. 1. 1.]
 [1. 1. 1. 1. 1.]
 [1. 1. 1. 1. 1.]
 [1. 1. 1. 1. 1.]
 [1. 1. 1. 1. 1.]
 [1. 1. 1. 1. 1.]
 [1. 1. 1. 1. 1.]
 [1. 1. 1. 1. 1.]
 [1. 1. 1. 1. 1.]
 [1. 1. 1. 1. 1.]
 [1. 1. 1. 1. 1.]
 [0. 0. 1. 1. 0.]
 [0. 0. 1. 1. 0.]
 [0. 0. 1. 1. 0.]
 [0. 0. 1. 1. 0.]
 [0. 0. 1. 1. 0.]
 [0. 0. 1. 1. 0.]
 [0. 0. 1. 1. 0.]
 [0. 0. 1. 1. 0.]
 [0. 0. 1. 1. 1.]
 [0. 0. 1. 1. 1.]
 [0. 0. 1. 1. 1.]
 [0. 0. 1. 1. 1.]
 [0. 0. 1. 1. 1.]
 [0. 0. 1. 1. 1.]
 [0. 0. 1. 1. 1.]
 [0. 0. 1. 1. 1.]
 [1. 1. 1. 1. 1.]
 [1. 1. 1. 1. 1.]
 [1. 1. 1. 1. 1.]
 [1. 1. 1. 1. 1.]
 [1. 1. 1. 1. 1.]
 [1. 1. 1. 1. 1.]
 [1. 1. 1. 1. 1.]
 [1. 1. 1. 1. 1.]]","[[1. 0. 0.]
 [1. 0. 0.]
 [1. 0. 0.]
 [1. 0. 0.]
 [1. 0. 0.]]","[[80, 85, 90]]"
52,8,"[[0.5098783864165028, 0.5853169523022945, 0.5848393489542105, 0.5921631591695689, 0.42113039606359554, 0.4219424945892741, 0.4236418191230938, 0.4227550536173115]]","[[0.         0.6432     0.6432     0.6432     0.55563631 0.55536095
  0.55454466 0.55499531]
 [0.         0.6432     0.6432     0.6432     0.55563631 0.55536095
  0.55454466 0.55499531]
 [0.         0.6432     0.6432     0.6432     0.55563631 0.55536095
  0.55454466 0.55499531]
 [0.         0.6432     0.6432     0.6432     0.55563631 0.55536095
  0.55454466 0.55499531]
 [0.         0.6432     0.6432     0.6432     0.55563631 0.55536095
  0.55454466 0.55499531]
 [0.         0.6432     0.6432     0.6432     0.55563631 0.55536095
  0.55454466 0.55499531]
 [0.         0.6432     0.6432     0.6432     0.55563631 0.55536095
  0.55454466 0.55499531]
 [0.         0.6432     0.6432     0.6432     0.55563631 0.55536095
  0.55454466 0.55499531]
 [0.41170228 0.5632856  0.58352377 0.6432     0.8        0.8
  0.8        0.8       ]
 [0.41170228 0.5632856  0.58352377 0.6432     0.8        0.8
  0.8        0.8       ]
 [0.41170228 0.5632856  0.58352377 0.6432     0.8        0.8
  0.8        0.8       ]
 [0.41170228 0.5632856  0.58352377 0.6432     0.8        0.8
  0.8        0.8       ]
 [0.41170228 0.5632856  0.58352377 0.6432     0.8        0.8
  0.8        0.8       ]
 [0.41170228 0.5632856  0.58352377 0.6432     0.8        0.8
  0.8        0.8       ]
 [0.41170228 0.5632856  0.58352377 0.6432     0.8        0.8
  0.8        0.8       ]
 [0.41170228 0.5632856  0.58352377 0.6432     0.8        0.8
  0.8        0.8       ]
 [0.32865073 0.63406443 0.6432     0.59291429 0.67903598 0.67877381
  0.67799644 0.67842562]
 [0.32865073 0.63406443 0.6432     0.59291429 0.67903598 0.67877381
  0.67799644 0.67842562]
 [0.32865073 0.63406443 0.6432     0.59291429 0.67903598 0.67877381
  0.67799644 0.67842562]
 [0.32865073 0.63406443 0.6432     0.59291429 0.67903598 0.67877381
  0.67799644 0.67842562]
 [0.32865073 0.63406443 0.6432     0.59291429 0.67903598 0.67877381
  0.67799644 0.67842562]
 [0.32865073 0.63406443 0.6432     0.59291429 0.67903598 0.67877381
  0.67799644 0.67842562]
 [0.32865073 0.63406443 0.6432     0.59291429 0.67903598 0.67877381
  0.67799644 0.67842562]
 [0.32865073 0.63406443 0.6432     0.59291429 0.67903598 0.67877381
  0.67799644 0.67842562]
 [0.         0.6432     0.6432     0.51285513 0.34537527 0.34507336
  0.34417847 0.34467248]
 [0.         0.6432     0.6432     0.51285513 0.34537527 0.34507336
  0.34417847 0.34467248]
 [0.         0.6432     0.6432     0.51285513 0.34537527 0.34507336
  0.34417847 0.34467248]
 [0.         0.6432     0.6432     0.51285513 0.34537527 0.34507336
  0.34417847 0.34467248]
 [0.         0.6432     0.6432     0.51285513 0.34537527 0.34507336
  0.34417847 0.34467248]
 [0.         0.6432     0.6432     0.51285513 0.34537527 0.34507336
  0.34417847 0.34467248]
 [0.         0.6432     0.6432     0.51285513 0.34537527 0.34507336
  0.34417847 0.34467248]
 [0.         0.6432     0.6432     0.51285513 0.34537527 0.34507336
  0.34417847 0.34467248]
 [0.         0.39810244 0.40765331 0.5671296  0.47212238 0.47198594
  0.47158093 0.47180461]
 [0.         0.39810244 0.40765331 0.5671296  0.47212238 0.47198594
  0.47158093 0.47180461]
 [0.         0.39810244 0.40765331 0.5671296  0.47212238 0.47198594
  0.47158093 0.47180461]
 [0.         0.39810244 0.40765331 0.5671296  0.47212238 0.47198594
  0.47158093 0.47180461]
 [0.         0.39810244 0.40765331 0.5671296  0.47212238 0.47198594
  0.47158093 0.47180461]
 [0.         0.39810244 0.40765331 0.5671296  0.47212238 0.47198594
  0.47158093 0.47180461]
 [0.         0.39810244 0.40765331 0.5671296  0.47212238 0.47198594
  0.47158093 0.47180461]
 [0.         0.39810244 0.40765331 0.5671296  0.47212238 0.47198594
  0.47158093 0.47180461]
 [0.6432     0.28123665 0.29651087 0.35963058 0.77978838 0.77973323
  0.77956849 0.77965967]
 [0.6432     0.28123665 0.29651087 0.35963058 0.77978838 0.77973323
  0.77956849 0.77965967]
 [0.6432     0.28123665 0.29651087 0.35963058 0.77978838 0.77973323
  0.77956849 0.77965967]
 [0.6432     0.28123665 0.29651087 0.35963058 0.77978838 0.77973323
  0.77956849 0.77965967]
 [0.6432     0.28123665 0.29651087 0.35963058 0.77978838 0.77973323
  0.77956849 0.77965967]
 [0.6432     0.28123665 0.29651087 0.35963058 0.77978838 0.77973323
  0.77956849 0.77965967]
 [0.6432     0.28123665 0.29651087 0.35963058 0.77978838 0.77973323
  0.77956849 0.77965967]
 [0.6432     0.28123665 0.29651087 0.35963058 0.77978838 0.77973323
  0.77956849 0.77965967]
 [0.6932     0.6932     0.6932     0.6932     0.85       0.85
  0.85       0.85      ]
 [0.62794783 0.6932     0.6932     0.6932     0.85       0.85
  0.85       0.85      ]
 [0.62794783 0.6932     0.6932     0.6932     0.85       0.85
  0.85       0.85      ]
 [0.62794783 0.6932     0.6932     0.6932     0.85       0.85
  0.85       0.85      ]]","[[0. 1. 1. 1. 0. 0. 0. 0.]
 [0. 1. 1. 1. 0. 0. 0. 0.]
 [0. 1. 1. 1. 0. 0. 0. 0.]
 [0. 1. 1. 1. 0. 0. 0. 0.]
 [0. 1. 1. 1. 0. 0. 0. 0.]
 [0. 1. 1. 1. 0. 0. 0. 0.]
 [0. 1. 1. 1. 0. 0. 0. 0.]
 [0. 1. 1. 1. 0. 0. 0. 0.]
 [1. 1. 1. 1. 0. 0. 0. 0.]
 [1. 1. 1. 1. 0. 0. 0. 0.]
 [1. 1. 1. 1. 0. 0. 0. 0.]
 [1. 1. 1. 1. 0. 0. 0. 0.]
 [1. 1. 1. 1. 0. 0. 0. 0.]
 [1. 1. 1. 1. 0. 0. 0. 0.]
 [1. 1. 1. 1. 0. 0. 0. 0.]
 [1. 1. 1. 1. 0. 0. 0. 0.]
 [0. 1. 1. 1. 0. 0. 0. 0.]
 [0. 1. 1. 1. 0. 0. 0. 0.]
 [0. 1. 1. 1. 0. 0. 0. 0.]
 [0. 1. 1. 1. 0. 0. 0. 0.]
 [0. 1. 1. 1. 0. 0. 0. 0.]
 [0. 1. 1. 1. 0. 0. 0. 0.]
 [0. 1. 1. 1. 0. 0. 0. 0.]
 [0. 1. 1. 1. 0. 0. 0. 0.]
 [0. 1. 1. 1. 0. 0. 0. 0.]
 [0. 1. 1. 1. 0. 0. 0. 0.]
 [0. 1. 1. 1. 0. 0. 0. 0.]
 [0. 1. 1. 1. 0. 0. 0. 0.]
 [0. 1. 1. 1. 0. 0. 0. 0.]
 [0. 1. 1. 1. 0. 0. 0. 0.]
 [0. 1. 1. 1. 0. 0. 0. 0.]
 [0. 1. 1. 1. 0. 0. 0. 0.]
 [0. 0. 1. 1. 0. 0. 0. 0.]
 [0. 0. 1. 1. 0. 0. 0. 0.]
 [0. 0. 1. 1. 0. 0. 0. 0.]
 [0. 0. 1. 1. 0. 0. 0. 0.]
 [0. 0. 1. 1. 0. 0. 0. 0.]
 [0. 0. 1. 1. 0. 0. 0. 0.]
 [0. 0. 1. 1. 0. 0. 0. 0.]
 [0. 0. 1. 1. 0. 0. 0. 0.]
 [1. 0. 0. 0. 0. 0. 0. 0.]
 [1. 0. 0. 0. 0. 0. 0. 0.]
 [1. 0. 0. 0. 0. 0. 0. 0.]
 [1. 0. 0. 0. 0. 0. 0. 0.]
 [1. 0. 0. 0. 0. 0. 0. 0.]
 [1. 0. 0. 0. 0. 0. 0. 0.]
 [1. 0. 0. 0. 0. 0. 0. 0.]
 [1. 0. 0. 0. 0. 0. 0. 0.]
 [1. 1. 1. 1. 1. 1. 1. 1.]
 [1. 1. 1. 1. 1. 1. 1. 1.]
 [1. 1. 1. 1. 1. 1. 1. 1.]
 [1. 1. 1. 1. 1. 1. 1. 1.]]","[[1.   0.   0.  ]
 [0.   1.   0.  ]
 [1.   0.   0.  ]
 [1.   0.   0.  ]
 [0.04 0.   0.  ]
 [0.04 0.   0.  ]
 [0.04 0.   0.  ]
 [0.04 0.   0.  ]]","[[80, 85, 90]]"
50,9,"[[0.5241626511055089, 0.5241626511055089, 0.5091813077423868, 0.5091833042748958, 0.5092386494887361, 0.3960834660584763, 0.3968941597027152, 0.3985155469911921, 0.3977048533469532]]","[[0.50030221 0.49146102 0.6180242  0.61877774 0.6432     0.8
  0.8        0.8        0.8       ]
 [0.50030221 0.49146102 0.6180242  0.61877774 0.6432     0.8
  0.8        0.8        0.8       ]
 [0.50030221 0.49146102 0.6180242  0.61877774 0.6432     0.8
  0.8        0.8        0.8       ]
 [0.50030221 0.49146102 0.6180242  0.61877774 0.6432     0.8
  0.8        0.8        0.8       ]
 [0.50030221 0.49146102 0.6180242  0.61877774 0.6432     0.8
  0.8        0.8        0.8       ]
 [0.50030221 0.49146102 0.6180242  0.61877774 0.6432     0.8
  0.8        0.8        0.8       ]
 [0.50030221 0.49146102 0.6180242  0.61877774 0.6432     0.8
  0.8        0.8        0.8       ]
 [0.50030221 0.49146102 0.6180242  0.61877774 0.6432     0.8
  0.8        0.8        0.8       ]
 [0.736      0.736      0.6432     0.6432     0.57921158 0.8
  0.8        0.8        0.8       ]
 [0.736      0.736      0.6432     0.6432     0.57921158 0.8
  0.8        0.8        0.8       ]
 [0.736      0.736      0.6432     0.6432     0.57921158 0.8
  0.8        0.8        0.8       ]
 [0.736      0.736      0.6432     0.6432     0.57921158 0.8
  0.8        0.8        0.8       ]
 [0.736      0.736      0.6432     0.6432     0.57921158 0.8
  0.8        0.8        0.8       ]
 [0.736      0.736      0.6432     0.6432     0.57921158 0.8
  0.8        0.8        0.8       ]
 [0.736      0.736      0.6432     0.6432     0.57921158 0.8
  0.8        0.8        0.8       ]
 [0.736      0.736      0.6432     0.6432     0.57921158 0.8
  0.8        0.8        0.8       ]
 [0.62026882 0.61033222 0.6432     0.6432     0.6432     0.8
  0.8        0.8        0.8       ]
 [0.62026882 0.61033222 0.6432     0.6432     0.6432     0.8
  0.8        0.8        0.8       ]
 [0.62026882 0.61033222 0.6432     0.6432     0.6432     0.8
  0.8        0.8        0.8       ]
 [0.62026882 0.61033222 0.6432     0.6432     0.6432     0.8
  0.8        0.8        0.8       ]
 [0.62026882 0.61033222 0.6432     0.6432     0.6432     0.8
  0.8        0.8        0.8       ]
 [0.62026882 0.61033222 0.6432     0.6432     0.6432     0.8
  0.8        0.8        0.8       ]
 [0.62026882 0.61033222 0.6432     0.6432     0.6432     0.8
  0.8        0.8        0.8       ]
 [0.62026882 0.61033222 0.6432     0.6432     0.6432     0.8
  0.8        0.8        0.8       ]
 [0.28889013 0.27817042 0.6432     0.6432     0.6432     0.65381587
  0.65251206 0.65018312 0.65130003]
 [0.28889013 0.27817042 0.6432     0.6432     0.6432     0.65381587
  0.65251206 0.65018312 0.65130003]
 [0.28889013 0.27817042 0.6432     0.6432     0.6432     0.65381587
  0.65251206 0.65018312 0.65130003]
 [0.28889013 0.27817042 0.6432     0.6432     0.6432     0.65381587
  0.65251206 0.65018312 0.65130003]
 [0.28889013 0.27817042 0.6432     0.6432     0.6432     0.65381587
  0.65251206 0.65018312 0.65130003]
 [0.28889013 0.27817042 0.6432     0.6432     0.6432     0.65381587
  0.65251206 0.65018312 0.65130003]
 [0.28889013 0.27817042 0.6432     0.6432     0.6432     0.65381587
  0.65251206 0.65018312 0.65130003]
 [0.28889013 0.27817042 0.6432     0.6432     0.6432     0.65381587
  0.65251206 0.65018312 0.65130003]
 [0.41459366 0.41140474 0.24367153 0.25509887 0.34076148 0.54869697
  0.54867191 0.54862031 0.54864616]
 [0.41459366 0.41140474 0.24367153 0.25509887 0.34076148 0.54869697
  0.54867191 0.54862031 0.54864616]
 [0.41459366 0.41140474 0.24367153 0.25509887 0.34076148 0.54869697
  0.54867191 0.54862031 0.54864616]
 [0.41459366 0.41140474 0.24367153 0.25509887 0.34076148 0.54869697
  0.54867191 0.54862031 0.54864616]
 [0.41459366 0.41140474 0.24367153 0.25509887 0.34076148 0.54869697
  0.54867191 0.54862031 0.54864616]
 [0.41459366 0.41140474 0.24367153 0.25509887 0.34076148 0.54869697
  0.54867191 0.54862031 0.54864616]
 [0.41459366 0.41140474 0.24367153 0.25509887 0.34076148 0.54869697
  0.54867191 0.54862031 0.54864616]
 [0.41459366 0.41140474 0.24367153 0.25509887 0.34076148 0.54869697
  0.54867191 0.54862031 0.54864616]
 [0.71398018 0.71046467 0.55661341 0.57087691 0.34157931 0.72349313
  0.72415619 0.72533337 0.72476996]
 [0.71398018 0.71046467 0.55661341 0.57087691 0.34157931 0.72349313
  0.72415619 0.72533337 0.72476996]
 [0.71398018 0.71046467 0.55661341 0.57087691 0.34157931 0.72349313
  0.72415619 0.72533337 0.72476996]
 [0.71398018 0.71046467 0.55661341 0.57087691 0.34157931 0.72349313
  0.72415619 0.72533337 0.72476996]
 [0.71398018 0.71046467 0.55661341 0.57087691 0.34157931 0.72349313
  0.72415619 0.72533337 0.72476996]
 [0.71398018 0.71046467 0.55661341 0.57087691 0.34157931 0.72349313
  0.72415619 0.72533337 0.72476996]
 [0.71398018 0.71046467 0.55661341 0.57087691 0.34157931 0.72349313
  0.72415619 0.72533337 0.72476996]
 [0.71398018 0.71046467 0.55661341 0.57087691 0.34157931 0.72349313
  0.72415619 0.72533337 0.72476996]
 [0.786      0.786      0.6932     0.6932     0.6932     0.85
  0.85       0.85       0.85      ]
 [0.786      0.786      0.6932     0.6932     0.6932     0.85
  0.85       0.85       0.85      ]]","[[0. 0. 1. 1. 1. 1. 1. 1. 1.]
 [0. 0. 1. 1. 1. 1. 1. 1. 1.]
 [0. 0. 1. 1. 1. 1. 1. 1. 1.]
 [0. 0. 1. 1. 1. 1. 1. 1. 1.]
 [0. 0. 1. 1. 1. 1. 1. 1. 1.]
 [0. 0. 1. 1. 1. 1. 1. 1. 1.]
 [0. 0. 1. 1. 1. 1. 1. 1. 1.]
 [0. 0. 1. 1. 1. 1. 1. 1. 1.]
 [0. 0. 1. 1. 1. 1. 1. 1. 1.]
 [0. 0. 1. 1. 1. 1. 1. 1. 1.]
 [0. 0. 1. 1. 1. 1. 1. 1. 1.]
 [0. 0. 1. 1. 1. 1. 1. 1. 1.]
 [0. 0. 1. 1. 1. 1. 1. 1. 1.]
 [0. 0. 1. 1. 1. 1. 1. 1. 1.]
 [0. 0. 1. 1. 1. 1. 1. 1. 1.]
 [0. 0. 1. 1. 1. 1. 1. 1. 1.]
 [0. 0. 1. 1. 1. 1. 1. 1. 1.]
 [0. 0. 1. 1. 1. 1. 1. 1. 1.]
 [0. 0. 1. 1. 1. 1. 1. 1. 1.]
 [0. 0. 1. 1. 1. 1. 1. 1. 1.]
 [0. 0. 1. 1. 1. 1. 1. 1. 1.]
 [0. 0. 1. 1. 1. 1. 1. 1. 1.]
 [0. 0. 1. 1. 1. 1. 1. 1. 1.]
 [0. 0. 1. 1. 1. 1. 1. 1. 1.]
 [0. 0. 1. 1. 1. 1. 1. 1. 1.]
 [0. 0. 1. 1. 1. 1. 1. 1. 1.]
 [0. 0. 1. 1. 1. 1. 1. 1. 1.]
 [0. 0. 1. 1. 1. 1. 1. 1. 1.]
 [0. 0. 1. 1. 1. 1. 1. 1. 1.]
 [0. 0. 1. 1. 1. 1. 1. 1. 1.]
 [0. 0. 1. 1. 1. 1. 1. 1. 1.]
 [0. 0. 1. 1. 1. 1. 1. 1. 1.]
 [0. 0. 0. 0. 0. 0. 0. 0. 0.]
 [0. 0. 0. 0. 0. 0. 0. 0. 0.]
 [0. 0. 0. 0. 0. 0. 0. 0. 0.]
 [0. 0. 0. 0. 0. 0. 0. 0. 0.]
 [0. 0. 0. 0. 0. 0. 0. 0. 0.]
 [0. 0. 0. 0. 0. 0. 0. 0. 0.]
 [0. 0. 0. 0. 0. 0. 0. 0. 0.]
 [0. 0. 0. 0. 0. 0. 0. 0. 0.]
 [0. 0. 1. 1. 0. 1. 1. 1. 1.]
 [0. 0. 1. 1. 0. 1. 1. 1. 1.]
 [0. 0. 1. 1. 0. 1. 1. 1. 1.]
 [0. 0. 1. 1. 0. 1. 1. 1. 1.]
 [0. 0. 1. 1. 0. 1. 1. 1. 1.]
 [0. 0. 1. 1. 0. 1. 1. 1. 1.]
 [0. 0. 1. 1. 0. 1. 1. 1. 1.]
 [0. 0. 1. 1. 0. 1. 1. 1. 1.]
 [1. 1. 1. 1. 1. 1. 1. 1. 1.]
 [1. 1. 1. 1. 1. 1. 1. 1. 1.]]","[[0.83629452 0.         0.        ]
 [0.83629452 0.         0.        ]
 [1.         0.         0.        ]
 [1.         0.         0.        ]
 [1.         0.         0.        ]
 [0.04       0.         0.        ]
 [0.04       0.         0.        ]
 [0.04       0.         0.        ]
 [0.04       0.         0.        ]]","[[80, 85, 90]]"
53,12,"[[0.45716175015232857, 0.4471120481439219, 0.446775270864027, 0.5847745307396448, 0.5864259082374856, 0.5241626511055089, 0.5241626511055089, 0.5098783864165028, 0.3613252371051066, 0.3667298614000312, 0.3741947376640385, 0.37213448569495317]]","[[0.56936907 0.736      0.736      0.6432     0.6432     0.50501286
  0.64848851 0.605106   0.8        0.8        0.8        0.8       ]
 [0.56936907 0.736      0.736      0.6432     0.6432     0.50501286
  0.64848851 0.605106   0.8        0.8        0.8        0.8       ]
 [0.56936907 0.736      0.736      0.6432     0.6432     0.50501286
  0.64848851 0.605106   0.8        0.8        0.8        0.8       ]
 [0.56936907 0.736      0.736      0.6432     0.6432     0.50501286
  0.64848851 0.605106   0.8        0.8        0.8        0.8       ]
 [0.56936907 0.736      0.736      0.6432     0.6432     0.50501286
  0.64848851 0.605106   0.8        0.8        0.8        0.8       ]
 [0.56936907 0.736      0.736      0.6432     0.6432     0.50501286
  0.64848851 0.605106   0.8        0.8        0.8        0.8       ]
 [0.56936907 0.736      0.736      0.6432     0.6432     0.50501286
  0.64848851 0.605106   0.8        0.8        0.8        0.8       ]
 [0.56936907 0.736      0.736      0.6432     0.6432     0.50501286
  0.64848851 0.605106   0.8        0.8        0.8        0.8       ]
 [0.46871168 0.736      0.736      0.6432     0.6432     0.736
  0.736      0.6432     0.8        0.8        0.8        0.8       ]
 [0.46871168 0.736      0.736      0.6432     0.6432     0.736
  0.736      0.6432     0.8        0.8        0.8        0.8       ]
 [0.46871168 0.736      0.736      0.6432     0.6432     0.736
  0.736      0.6432     0.8        0.8        0.8        0.8       ]
 [0.46871168 0.736      0.736      0.6432     0.6432     0.736
  0.736      0.6432     0.8        0.8        0.8        0.8       ]
 [0.46871168 0.736      0.736      0.6432     0.6432     0.736
  0.736      0.6432     0.8        0.8        0.8        0.8       ]
 [0.46871168 0.736      0.736      0.6432     0.6432     0.736
  0.736      0.6432     0.8        0.8        0.8        0.8       ]
 [0.46871168 0.736      0.736      0.6432     0.6432     0.736
  0.736      0.6432     0.8        0.8        0.8        0.8       ]
 [0.46871168 0.736      0.736      0.6432     0.6432     0.736
  0.736      0.6432     0.8        0.8        0.8        0.8       ]
 [0.1216451  0.736      0.736      0.6432     0.63834154 0.63241933
  0.736      0.6432     0.8        0.8        0.8        0.8       ]
 [0.1216451  0.736      0.736      0.6432     0.63834154 0.63241933
  0.736      0.6432     0.8        0.8        0.8        0.8       ]
 [0.1216451  0.736      0.736      0.6432     0.63834154 0.63241933
  0.736      0.6432     0.8        0.8        0.8        0.8       ]
 [0.1216451  0.736      0.736      0.6432     0.63834154 0.63241933
  0.736      0.6432     0.8        0.8        0.8        0.8       ]
 [0.1216451  0.736      0.736      0.6432     0.63834154 0.63241933
  0.736      0.6432     0.8        0.8        0.8        0.8       ]
 [0.1216451  0.736      0.736      0.6432     0.63834154 0.63241933
  0.736      0.6432     0.8        0.8        0.8        0.8       ]
 [0.1216451  0.736      0.736      0.6432     0.63834154 0.63241933
  0.736      0.6432     0.8        0.8        0.8        0.8       ]
 [0.1216451  0.736      0.736      0.6432     0.63834154 0.63241933
  0.736      0.6432     0.8        0.8        0.8        0.8       ]
 [0.09294741 0.577586   0.58623988 0.57566696 0.59773701 0.29919594
  0.4613109  0.4082221  0.8        0.8        0.8        0.8       ]
 [0.09294741 0.577586   0.58623988 0.57566696 0.59773701 0.29919594
  0.4613109  0.4082221  0.8        0.8        0.8        0.8       ]
 [0.09294741 0.577586   0.58623988 0.57566696 0.59773701 0.29919594
  0.4613109  0.4082221  0.8        0.8        0.8        0.8       ]
 [0.09294741 0.577586   0.58623988 0.57566696 0.59773701 0.29919594
  0.4613109  0.4082221  0.8        0.8        0.8        0.8       ]
 [0.09294741 0.577586   0.58623988 0.57566696 0.59773701 0.29919594
  0.4613109  0.4082221  0.8        0.8        0.8        0.8       ]
 [0.09294741 0.577586   0.58623988 0.57566696 0.59773701 0.29919594
  0.4613109  0.4082221  0.8        0.8        0.8        0.8       ]
 [0.09294741 0.577586   0.58623988 0.57566696 0.59773701 0.29919594
  0.4613109  0.4082221  0.8        0.8        0.8        0.8       ]
 [0.09294741 0.577586   0.58623988 0.57566696 0.59773701 0.29919594
  0.4613109  0.4082221  0.8        0.8        0.8        0.8       ]
 [0.736      0.53930652 0.52981935 0.49467771 0.5059704  0.41120989
  0.46750456 0.40468438 0.52636669 0.52662691 0.52722036 0.52691298]
 [0.736      0.53930652 0.52981935 0.49467771 0.5059704  0.41120989
  0.46750456 0.40468438 0.52636669 0.52662691 0.52722036 0.52691298]
 [0.736      0.53930652 0.52981935 0.49467771 0.5059704  0.41120989
  0.46750456 0.40468438 0.52636669 0.52662691 0.52722036 0.52691298]
 [0.736      0.53930652 0.52981935 0.49467771 0.5059704  0.41120989
  0.46750456 0.40468438 0.52636669 0.52662691 0.52722036 0.52691298]
 [0.736      0.53930652 0.52981935 0.49467771 0.5059704  0.41120989
  0.46750456 0.40468438 0.52636669 0.52662691 0.52722036 0.52691298]
 [0.736      0.53930652 0.52981935 0.49467771 0.5059704  0.41120989
  0.46750456 0.40468438 0.52636669 0.52662691 0.52722036 0.52691298]
 [0.736      0.53930652 0.52981935 0.49467771 0.5059704  0.41120989
  0.46750456 0.40468438 0.52636669 0.52662691 0.52722036 0.52691298]
 [0.736      0.53930652 0.52981935 0.49467771 0.5059704  0.41120989
  0.46750456 0.40468438 0.52636669 0.52662691 0.52722036 0.52691298]
 [0.         0.61037369 0.61604151 0.40038231 0.3587165  0.72347198
  0.71110802 0.5841697  0.61062768 0.61134298 0.61298907 0.61213397]
 [0.         0.61037369 0.61604151 0.40038231 0.3587165  0.72347198
  0.71110802 0.5841697  0.61062768 0.61134298 0.61298907 0.61213397]
 [0.         0.61037369 0.61604151 0.40038231 0.3587165  0.72347198
  0.71110802 0.5841697  0.61062768 0.61134298 0.61298907 0.61213397]
 [0.         0.61037369 0.61604151 0.40038231 0.3587165  0.72347198
  0.71110802 0.5841697  0.61062768 0.61134298 0.61298907 0.61213397]
 [0.         0.61037369 0.61604151 0.40038231 0.3587165  0.72347198
  0.71110802 0.5841697  0.61062768 0.61134298 0.61298907 0.61213397]
 [0.         0.61037369 0.61604151 0.40038231 0.3587165  0.72347198
  0.71110802 0.5841697  0.61062768 0.61134298 0.61298907 0.61213397]
 [0.         0.61037369 0.61604151 0.40038231 0.3587165  0.72347198
  0.71110802 0.5841697  0.61062768 0.61134298 0.61298907 0.61213397]
 [0.         0.61037369 0.61604151 0.40038231 0.3587165  0.72347198
  0.71110802 0.5841697  0.61062768 0.61134298 0.61298907 0.61213397]
 [0.786      0.786      0.786      0.6932     0.6932     0.786
  0.786      0.6932     0.85       0.85       0.85       0.85      ]
 [0.786      0.786      0.786      0.6932     0.6932     0.786
  0.786      0.6932     0.85       0.85       0.85       0.85      ]
 [0.786      0.786      0.786      0.6932     0.6932     0.786
  0.786      0.6932     0.85       0.85       0.85       0.85      ]
 [0.786      0.786      0.786      0.6932     0.6932     0.786
  0.786      0.6932     0.85       0.85       0.85       0.85      ]
 [0.786      0.786      0.786      0.6932     0.6932     0.786
  0.786      0.6932     0.85       0.85       0.85       0.85      ]]","[[0. 0. 0. 1. 1. 0. 0. 1. 1. 1. 1. 1.]
 [0. 0. 0. 1. 1. 0. 0. 1. 1. 1. 1. 1.]
 [0. 0. 0. 1. 1. 0. 0. 1. 1. 1. 1. 1.]
 [0. 0. 0. 1. 1. 0. 0. 1. 1. 1. 1. 1.]
 [0. 0. 0. 1. 1. 0. 0. 1. 1. 1. 1. 1.]
 [0. 0. 0. 1. 1. 0. 0. 1. 1. 1. 1. 1.]
 [0. 0. 0. 1. 1. 0. 0. 1. 1. 1. 1. 1.]
 [0. 0. 0. 1. 1. 0. 0. 1. 1. 1. 1. 1.]
 [0. 0. 0. 1. 1. 0. 0. 0. 1. 1. 1. 1.]
 [0. 0. 0. 1. 1. 0. 0. 0. 1. 1. 1. 1.]
 [0. 0. 0. 1. 1. 0. 0. 0. 1. 1. 1. 1.]
 [0. 0. 0. 1. 1. 0. 0. 0. 1. 1. 1. 1.]
 [0. 0. 0. 1. 1. 0. 0. 0. 1. 1. 1. 1.]
 [0. 0. 0. 1. 1. 0. 0. 0. 1. 1. 1. 1.]
 [0. 0. 0. 1. 1. 0. 0. 0. 1. 1. 1. 1.]
 [0. 0. 0. 1. 1. 0. 0. 0. 1. 1. 1. 1.]
 [0. 0. 0. 1. 1. 0. 0. 1. 1. 1. 1. 1.]
 [0. 0. 0. 1. 1. 0. 0. 1. 1. 1. 1. 1.]
 [0. 0. 0. 1. 1. 0. 0. 1. 1. 1. 1. 1.]
 [0. 0. 0. 1. 1. 0. 0. 1. 1. 1. 1. 1.]
 [0. 0. 0. 1. 1. 0. 0. 1. 1. 1. 1. 1.]
 [0. 0. 0. 1. 1. 0. 0. 1. 1. 1. 1. 1.]
 [0. 0. 0. 1. 1. 0. 0. 1. 1. 1. 1. 1.]
 [0. 0. 0. 1. 1. 0. 0. 1. 1. 1. 1. 1.]
 [0. 0. 0. 1. 1. 0. 0. 1. 1. 1. 1. 1.]
 [0. 0. 0. 1. 1. 0. 0. 1. 1. 1. 1. 1.]
 [0. 0. 0. 1. 1. 0. 0. 1. 1. 1. 1. 1.]
 [0. 0. 0. 1. 1. 0. 0. 1. 1. 1. 1. 1.]
 [0. 0. 0. 1. 1. 0. 0. 1. 1. 1. 1. 1.]
 [0. 0. 0. 1. 1. 0. 0. 1. 1. 1. 1. 1.]
 [0. 0. 0. 1. 1. 0. 0. 1. 1. 1. 1. 1.]
 [0. 0. 0. 1. 1. 0. 0. 1. 1. 1. 1. 1.]
 [0. 0. 0. 1. 1. 0. 0. 1. 0. 0. 0. 0.]
 [0. 0. 0. 1. 1. 0. 0. 1. 0. 0. 0. 0.]
 [0. 0. 0. 1. 1. 0. 0. 1. 0. 0. 0. 0.]
 [0. 0. 0. 1. 1. 0. 0. 1. 0. 0. 0. 0.]
 [0. 0. 0. 1. 1. 0. 0. 1. 0. 0. 0. 0.]
 [0. 0. 0. 1. 1. 0. 0. 1. 0. 0. 0. 0.]
 [0. 0. 0. 1. 1. 0. 0. 1. 0. 0. 0. 0.]
 [0. 0. 0. 1. 1. 0. 0. 1. 0. 0. 0. 0.]
 [0. 0. 0. 1. 0. 0. 0. 1. 1. 1. 1. 1.]
 [0. 0. 0. 1. 0. 0. 0. 1. 1. 1. 1. 1.]
 [0. 0. 0. 1. 0. 0. 0. 1. 1. 1. 1. 1.]
 [0. 0. 0. 1. 0. 0. 0. 1. 1. 1. 1. 1.]
 [0. 0. 0. 1. 0. 0. 0. 1. 1. 1. 1. 1.]
 [0. 0. 0. 1. 0. 0. 0. 1. 1. 1. 1. 1.]
 [0. 0. 0. 1. 0. 0. 0. 1. 1. 1. 1. 1.]
 [0. 0. 0. 1. 0. 0. 0. 1. 1. 1. 1. 1.]
 [1. 1. 1. 1. 1. 1. 1. 1. 1. 1. 1. 1.]
 [1. 1. 1. 1. 1. 1. 1. 1. 1. 1. 1. 1.]
 [1. 1. 1. 1. 1. 1. 1. 1. 1. 1. 1. 1.]
 [1. 1. 1. 1. 1. 1. 1. 1. 1. 1. 1. 1.]
 [1. 1. 1. 1. 1. 1. 1. 1. 1. 1. 1. 1.]]","[[0.83629452 0.         0.        ]
 [0.83629452 0.         0.        ]
 [0.83629452 0.         0.        ]
 [1.         0.         0.        ]
 [1.         0.         0.        ]
 [0.83629452 0.         0.        ]
 [0.83629452 0.         0.        ]
 [1.         0.         0.        ]
 [0.04       0.         0.        ]
 [0.04       0.         0.        ]
 [0.04       0.         0.        ]
 [0.04       0.         0.        ]]","[[80, 85, 90]]"
57,11,"[[0.5234926347138318, 0.5126858364371378, 0.5113254084528643, 0.5091736400752502, 0.5091745007697124, 0.4716073245192679, 0.5132516107265506, 0.44206276840648867, 0.4411507380567215, 0.440238707706953, 0.4457108898055609]]","[[0.736      0.736      0.736      0.6432     0.6432     0.736
  0.736      0.8        0.8        0.8        0.8       ]
 [0.736      0.736      0.736      0.6432     0.6432     0.736
  0.736      0.8        0.8        0.8        0.8       ]
 [0.736      0.736      0.736      0.6432     0.6432     0.736
  0.736      0.8        0.8        0.8        0.8       ]
 [0.736      0.736      0.736      0.6432     0.6432     0.736
  0.736      0.8        0.8        0.8        0.8       ]
 [0.736      0.736      0.736      0.6432     0.6432     0.736
  0.736      0.8        0.8        0.8        0.8       ]
 [0.736      0.736      0.736      0.6432     0.6432     0.736
  0.736      0.8        0.8        0.8        0.8       ]
 [0.736      0.736      0.736      0.6432     0.6432     0.736
  0.736      0.8        0.8        0.8        0.8       ]
 [0.736      0.736      0.736      0.6432     0.6432     0.736
  0.736      0.8        0.8        0.8        0.8       ]
 [0.61834541 0.736      0.736      0.57208376 0.59898495 0.736
  0.736      0.8        0.8        0.8        0.8       ]
 [0.61834541 0.736      0.736      0.57208376 0.59898495 0.736
  0.736      0.8        0.8        0.8        0.8       ]
 [0.61834541 0.736      0.736      0.57208376 0.59898495 0.736
  0.736      0.8        0.8        0.8        0.8       ]
 [0.61834541 0.736      0.736      0.57208376 0.59898495 0.736
  0.736      0.8        0.8        0.8        0.8       ]
 [0.61834541 0.736      0.736      0.57208376 0.59898495 0.736
  0.736      0.8        0.8        0.8        0.8       ]
 [0.61834541 0.736      0.736      0.57208376 0.59898495 0.736
  0.736      0.8        0.8        0.8        0.8       ]
 [0.61834541 0.736      0.736      0.57208376 0.59898495 0.736
  0.736      0.8        0.8        0.8        0.8       ]
 [0.61834541 0.736      0.736      0.57208376 0.59898495 0.736
  0.736      0.8        0.8        0.8        0.8       ]
 [0.34414762 0.736      0.73204054 0.6432     0.6432     0.66934047
  0.736      0.8        0.8        0.8        0.8       ]
 [0.34414762 0.736      0.73204054 0.6432     0.6432     0.66934047
  0.736      0.8        0.8        0.8        0.8       ]
 [0.34414762 0.736      0.73204054 0.6432     0.6432     0.66934047
  0.736      0.8        0.8        0.8        0.8       ]
 [0.34414762 0.736      0.73204054 0.6432     0.6432     0.66934047
  0.736      0.8        0.8        0.8        0.8       ]
 [0.34414762 0.736      0.73204054 0.6432     0.6432     0.66934047
  0.736      0.8        0.8        0.8        0.8       ]
 [0.34414762 0.736      0.73204054 0.6432     0.6432     0.66934047
  0.736      0.8        0.8        0.8        0.8       ]
 [0.34414762 0.736      0.73204054 0.6432     0.6432     0.66934047
  0.736      0.8        0.8        0.8        0.8       ]
 [0.34414762 0.736      0.73204054 0.6432     0.6432     0.66934047
  0.736      0.8        0.8        0.8        0.8       ]
 [0.35255418 0.66914946 0.66214711 0.6432     0.6432     0.48644441
  0.60433125 0.73164891 0.73513991 0.7363357  0.69988922]
 [0.35255418 0.66914946 0.66214711 0.6432     0.6432     0.48644441
  0.60433125 0.73164891 0.73513991 0.7363357  0.69988922]
 [0.35255418 0.66914946 0.66214711 0.6432     0.6432     0.48644441
  0.60433125 0.73164891 0.73513991 0.7363357  0.69988922]
 [0.35255418 0.66914946 0.66214711 0.6432     0.6432     0.48644441
  0.60433125 0.73164891 0.73513991 0.7363357  0.69988922]
 [0.35255418 0.66914946 0.66214711 0.6432     0.6432     0.48644441
  0.60433125 0.73164891 0.73513991 0.7363357  0.69988922]
 [0.35255418 0.66914946 0.66214711 0.6432     0.6432     0.48644441
  0.60433125 0.73164891 0.73513991 0.7363357  0.69988922]
 [0.35255418 0.66914946 0.66214711 0.6432     0.6432     0.48644441
  0.60433125 0.73164891 0.73513991 0.7363357  0.69988922]
 [0.35255418 0.66914946 0.66214711 0.6432     0.6432     0.48644441
  0.60433125 0.73164891 0.73513991 0.7363357  0.69988922]
 [0.736      0.59837024 0.60825492 0.29848706 0.2317526  0.6421016
  0.58420089 0.54644163 0.54377381 0.54364888 0.5597251 ]
 [0.736      0.59837024 0.60825492 0.29848706 0.2317526  0.6421016
  0.58420089 0.54644163 0.54377381 0.54364888 0.5597251 ]
 [0.736      0.59837024 0.60825492 0.29848706 0.2317526  0.6421016
  0.58420089 0.54644163 0.54377381 0.54364888 0.5597251 ]
 [0.736      0.59837024 0.60825492 0.29848706 0.2317526  0.6421016
  0.58420089 0.54644163 0.54377381 0.54364888 0.5597251 ]
 [0.736      0.59837024 0.60825492 0.29848706 0.2317526  0.6421016
  0.58420089 0.54644163 0.54377381 0.54364888 0.5597251 ]
 [0.736      0.59837024 0.60825492 0.29848706 0.2317526  0.6421016
  0.58420089 0.54644163 0.54377381 0.54364888 0.5597251 ]
 [0.736      0.59837024 0.60825492 0.29848706 0.2317526  0.6421016
  0.58420089 0.54644163 0.54377381 0.54364888 0.5597251 ]
 [0.736      0.59837024 0.60825492 0.29848706 0.2317526  0.6421016
  0.58420089 0.54644163 0.54377381 0.54364888 0.5597251 ]
 [0.14370737 0.4773603  0.47060823 0.3687364  0.46811533 0.53229107
  0.54773994 0.67777673 0.67782231 0.67705109 0.68650001]
 [0.14370737 0.4773603  0.47060823 0.3687364  0.46811533 0.53229107
  0.54773994 0.67777673 0.67782231 0.67705109 0.68650001]
 [0.14370737 0.4773603  0.47060823 0.3687364  0.46811533 0.53229107
  0.54773994 0.67777673 0.67782231 0.67705109 0.68650001]
 [0.14370737 0.4773603  0.47060823 0.3687364  0.46811533 0.53229107
  0.54773994 0.67777673 0.67782231 0.67705109 0.68650001]
 [0.14370737 0.4773603  0.47060823 0.3687364  0.46811533 0.53229107
  0.54773994 0.67777673 0.67782231 0.67705109 0.68650001]
 [0.14370737 0.4773603  0.47060823 0.3687364  0.46811533 0.53229107
  0.54773994 0.67777673 0.67782231 0.67705109 0.68650001]
 [0.14370737 0.4773603  0.47060823 0.3687364  0.46811533 0.53229107
  0.54773994 0.67777673 0.67782231 0.67705109 0.68650001]
 [0.14370737 0.4773603  0.47060823 0.3687364  0.46811533 0.53229107
  0.54773994 0.67777673 0.67782231 0.67705109 0.68650001]
 [0.786      0.786      0.786      0.6932     0.6932     0.786
  0.786      0.85       0.85       0.85       0.85      ]
 [0.786      0.786      0.786      0.6932     0.6932     0.786
  0.786      0.85       0.85       0.85       0.85      ]
 [0.786      0.786      0.786      0.6932     0.6932     0.786
  0.786      0.85       0.85       0.85       0.85      ]
 [0.786      0.786      0.786      0.6932     0.6932     0.786
  0.786      0.85       0.85       0.85       0.85      ]
 [0.786      0.786      0.786      0.6932     0.6932     0.786
  0.786      0.85       0.85       0.85       0.85      ]
 [0.786      0.786      0.786      0.6932     0.6932     0.786
  0.786      0.85       0.85       0.85       0.85      ]
 [0.786      0.786      0.786      0.6932     0.6932     0.786
  0.786      0.85       0.85       0.85       0.85      ]
 [0.786      0.786      0.786      0.6932     0.6932     0.786
  0.786      0.85       0.85       0.85       0.85      ]
 [0.786      0.786      0.786      0.6932     0.6932     0.786
  0.786      0.85       0.85       0.85       0.85      ]]","[[0. 0. 0. 1. 1. 0. 0. 0. 0. 0. 0.]
 [0. 0. 0. 1. 1. 0. 0. 0. 0. 0. 0.]
 [0. 0. 0. 1. 1. 0. 0. 0. 0. 0. 0.]
 [0. 0. 0. 1. 1. 0. 0. 0. 0. 0. 0.]
 [0. 0. 0. 1. 1. 0. 0. 0. 0. 0. 0.]
 [0. 0. 0. 1. 1. 0. 0. 0. 0. 0. 0.]
 [0. 0. 0. 1. 1. 0. 0. 0. 0. 0. 0.]
 [0. 0. 0. 1. 1. 0. 0. 0. 0. 0. 0.]
 [0. 0. 0. 1. 1. 0. 0. 0. 0. 0. 0.]
 [0. 0. 0. 1. 1. 0. 0. 0. 0. 0. 0.]
 [0. 0. 0. 1. 1. 0. 0. 0. 0. 0. 0.]
 [0. 0. 0. 1. 1. 0. 0. 0. 0. 0. 0.]
 [0. 0. 0. 1. 1. 0. 0. 0. 0. 0. 0.]
 [0. 0. 0. 1. 1. 0. 0. 0. 0. 0. 0.]
 [0. 0. 0. 1. 1. 0. 0. 0. 0. 0. 0.]
 [0. 0. 0. 1. 1. 0. 0. 0. 0. 0. 0.]
 [0. 0. 0. 1. 1. 0. 0. 0. 0. 0. 0.]
 [0. 0. 0. 1. 1. 0. 0. 0. 0. 0. 0.]
 [0. 0. 0. 1. 1. 0. 0. 0. 0. 0. 0.]
 [0. 0. 0. 1. 1. 0. 0. 0. 0. 0. 0.]
 [0. 0. 0. 1. 1. 0. 0. 0. 0. 0. 0.]
 [0. 0. 0. 1. 1. 0. 0. 0. 0. 0. 0.]
 [0. 0. 0. 1. 1. 0. 0. 0. 0. 0. 0.]
 [0. 0. 0. 1. 1. 0. 0. 0. 0. 0. 0.]
 [0. 0. 0. 1. 1. 0. 0. 0. 0. 0. 0.]
 [0. 0. 0. 1. 1. 0. 0. 0. 0. 0. 0.]
 [0. 0. 0. 1. 1. 0. 0. 0. 0. 0. 0.]
 [0. 0. 0. 1. 1. 0. 0. 0. 0. 0. 0.]
 [0. 0. 0. 1. 1. 0. 0. 0. 0. 0. 0.]
 [0. 0. 0. 1. 1. 0. 0. 0. 0. 0. 0.]
 [0. 0. 0. 1. 1. 0. 0. 0. 0. 0. 0.]
 [0. 0. 0. 1. 1. 0. 0. 0. 0. 0. 0.]
 [0. 0. 0. 0. 0. 0. 0. 0. 0. 0. 0.]
 [0. 0. 0. 0. 0. 0. 0. 0. 0. 0. 0.]
 [0. 0. 0. 0. 0. 0. 0. 0. 0. 0. 0.]
 [0. 0. 0. 0. 0. 0. 0. 0. 0. 0. 0.]
 [0. 0. 0. 0. 0. 0. 0. 0. 0. 0. 0.]
 [0. 0. 0. 0. 0. 0. 0. 0. 0. 0. 0.]
 [0. 0. 0. 0. 0. 0. 0. 0. 0. 0. 0.]
 [0. 0. 0. 0. 0. 0. 0. 0. 0. 0. 0.]
 [0. 0. 0. 0. 1. 0. 0. 0. 0. 0. 0.]
 [0. 0. 0. 0. 1. 0. 0. 0. 0. 0. 0.]
 [0. 0. 0. 0. 1. 0. 0. 0. 0. 0. 0.]
 [0. 0. 0. 0. 1. 0. 0. 0. 0. 0. 0.]
 [0. 0. 0. 0. 1. 0. 0. 0. 0. 0. 0.]
 [0. 0. 0. 0. 1. 0. 0. 0. 0. 0. 0.]
 [0. 0. 0. 0. 1. 0. 0. 0. 0. 0. 0.]
 [0. 0. 0. 0. 1. 0. 0. 0. 0. 0. 0.]
 [1. 1. 1. 1. 1. 1. 1. 1. 1. 1. 1.]
 [1. 1. 1. 1. 1. 1. 1. 1. 1. 1. 1.]
 [1. 1. 1. 1. 1. 1. 1. 1. 1. 1. 1.]
 [1. 1. 1. 1. 1. 1. 1. 1. 1. 1. 1.]
 [1. 1. 1. 1. 1. 1. 1. 1. 1. 1. 1.]
 [1. 1. 1. 1. 1. 1. 1. 1. 1. 1. 1.]
 [1. 1. 1. 1. 1. 1. 1. 1. 1. 1. 1.]
 [1. 1. 1. 1. 1. 1. 1. 1. 1. 1. 1.]
 [1. 1. 1. 1. 1. 1. 1. 1. 1. 1. 1.]]","[[0.83629452 0.         0.        ]
 [0.83629452 0.         0.        ]
 [0.83629452 0.         0.        ]
 [1.         0.         0.        ]
 [1.         0.         0.        ]
 [0.83629452 0.         0.        ]
 [0.83629452 0.         0.        ]
 [0.04       0.         0.        ]
 [0.04       0.         0.        ]
 [0.04       0.         0.        ]
 [0.04       0.         0.        ]]","[[80, 85, 90]]"
55,10,"[[0.5241626511055089, 0.5237560264591614, 0.5237072346028074, 0.5091745496534742, 0.5876533722072889, 0.4492955896482527, 0.5237767790558696, 0.41554011514158523, 0.4147294214973463, 0.4139187278531074]]","[[0.736      0.66680039 0.67671039 0.5902198  0.6432     0.736
  0.736      0.8        0.8        0.8       ]
 [0.736      0.66680039 0.67671039 0.5902198  0.6432     0.736
  0.736      0.8        0.8        0.8       ]
 [0.736      0.66680039 0.67671039 0.5902198  0.6432     0.736
  0.736      0.8        0.8        0.8       ]
 [0.736      0.66680039 0.67671039 0.5902198  0.6432     0.736
  0.736      0.8        0.8        0.8       ]
 [0.736      0.66680039 0.67671039 0.5902198  0.6432     0.736
  0.736      0.8        0.8        0.8       ]
 [0.736      0.66680039 0.67671039 0.5902198  0.6432     0.736
  0.736      0.8        0.8        0.8       ]
 [0.736      0.66680039 0.67671039 0.5902198  0.6432     0.736
  0.736      0.8        0.8        0.8       ]
 [0.736      0.66680039 0.67671039 0.5902198  0.6432     0.736
  0.736      0.8        0.8        0.8       ]
 [0.736      0.65830902 0.66836611 0.6432     0.6432     0.67786956
  0.63733949 0.8        0.8        0.8       ]
 [0.736      0.65830902 0.66836611 0.6432     0.6432     0.67786956
  0.63733949 0.8        0.8        0.8       ]
 [0.736      0.65830902 0.66836611 0.6432     0.6432     0.67786956
  0.63733949 0.8        0.8        0.8       ]
 [0.736      0.65830902 0.66836611 0.6432     0.6432     0.67786956
  0.63733949 0.8        0.8        0.8       ]
 [0.736      0.65830902 0.66836611 0.6432     0.6432     0.67786956
  0.63733949 0.8        0.8        0.8       ]
 [0.736      0.65830902 0.66836611 0.6432     0.6432     0.67786956
  0.63733949 0.8        0.8        0.8       ]
 [0.736      0.65830902 0.66836611 0.6432     0.6432     0.67786956
  0.63733949 0.8        0.8        0.8       ]
 [0.736      0.65830902 0.66836611 0.6432     0.6432     0.67786956
  0.63733949 0.8        0.8        0.8       ]
 [0.69448313 0.736      0.736      0.6432     0.6432     0.56956056
  0.736      0.8        0.8        0.8       ]
 [0.69448313 0.736      0.736      0.6432     0.6432     0.56956056
  0.736      0.8        0.8        0.8       ]
 [0.69448313 0.736      0.736      0.6432     0.6432     0.56956056
  0.736      0.8        0.8        0.8       ]
 [0.69448313 0.736      0.736      0.6432     0.6432     0.56956056
  0.736      0.8        0.8        0.8       ]
 [0.69448313 0.736      0.736      0.6432     0.6432     0.56956056
  0.736      0.8        0.8        0.8       ]
 [0.69448313 0.736      0.736      0.6432     0.6432     0.56956056
  0.736      0.8        0.8        0.8       ]
 [0.69448313 0.736      0.736      0.6432     0.6432     0.56956056
  0.736      0.8        0.8        0.8       ]
 [0.69448313 0.736      0.736      0.6432     0.6432     0.56956056
  0.736      0.8        0.8        0.8       ]
 [0.65485063 0.736      0.736      0.55439706 0.55649533 0.64128489
  0.736      0.8        0.8        0.8       ]
 [0.65485063 0.736      0.736      0.55439706 0.55649533 0.64128489
  0.736      0.8        0.8        0.8       ]
 [0.65485063 0.736      0.736      0.55439706 0.55649533 0.64128489
  0.736      0.8        0.8        0.8       ]
 [0.65485063 0.736      0.736      0.55439706 0.55649533 0.64128489
  0.736      0.8        0.8        0.8       ]
 [0.65485063 0.736      0.736      0.55439706 0.55649533 0.64128489
  0.736      0.8        0.8        0.8       ]
 [0.65485063 0.736      0.736      0.55439706 0.55649533 0.64128489
  0.736      0.8        0.8        0.8       ]
 [0.65485063 0.736      0.736      0.55439706 0.55649533 0.64128489
  0.736      0.8        0.8        0.8       ]
 [0.65485063 0.736      0.736      0.55439706 0.55649533 0.64128489
  0.736      0.8        0.8        0.8       ]
 [0.63966311 0.25755996 0.26878591 0.27502563 0.45057079 0.70025159
  0.32046906 0.52579344 0.52604049 0.52630357]
 [0.63966311 0.25755996 0.26878591 0.27502563 0.45057079 0.70025159
  0.32046906 0.52579344 0.52604049 0.52630357]
 [0.63966311 0.25755996 0.26878591 0.27502563 0.45057079 0.70025159
  0.32046906 0.52579344 0.52604049 0.52630357]
 [0.63966311 0.25755996 0.26878591 0.27502563 0.45057079 0.70025159
  0.32046906 0.52579344 0.52604049 0.52630357]
 [0.63966311 0.25755996 0.26878591 0.27502563 0.45057079 0.70025159
  0.32046906 0.52579344 0.52604049 0.52630357]
 [0.63966311 0.25755996 0.26878591 0.27502563 0.45057079 0.70025159
  0.32046906 0.52579344 0.52604049 0.52630357]
 [0.63966311 0.25755996 0.26878591 0.27502563 0.45057079 0.70025159
  0.32046906 0.52579344 0.52604049 0.52630357]
 [0.63966311 0.25755996 0.26878591 0.27502563 0.45057079 0.70025159
  0.32046906 0.52579344 0.52604049 0.52630357]
 [0.42998524 0.59277591 0.59366273 0.63413656 0.47030149 0.28039255
  0.49306322 0.60903715 0.60979905 0.61055298]
 [0.42998524 0.59277591 0.59366273 0.63413656 0.47030149 0.28039255
  0.49306322 0.60903715 0.60979905 0.61055298]
 [0.42998524 0.59277591 0.59366273 0.63413656 0.47030149 0.28039255
  0.49306322 0.60903715 0.60979905 0.61055298]
 [0.42998524 0.59277591 0.59366273 0.63413656 0.47030149 0.28039255
  0.49306322 0.60903715 0.60979905 0.61055298]
 [0.42998524 0.59277591 0.59366273 0.63413656 0.47030149 0.28039255
  0.49306322 0.60903715 0.60979905 0.61055298]
 [0.42998524 0.59277591 0.59366273 0.63413656 0.47030149 0.28039255
  0.49306322 0.60903715 0.60979905 0.61055298]
 [0.42998524 0.59277591 0.59366273 0.63413656 0.47030149 0.28039255
  0.49306322 0.60903715 0.60979905 0.61055298]
 [0.42998524 0.59277591 0.59366273 0.63413656 0.47030149 0.28039255
  0.49306322 0.60903715 0.60979905 0.61055298]
 [0.786      0.786      0.786      0.6932     0.6932     0.786
  0.786      0.85       0.85       0.85      ]
 [0.786      0.786      0.786      0.6932     0.6932     0.786
  0.786      0.85       0.85       0.85      ]
 [0.786      0.786      0.786      0.6932     0.6932     0.786
  0.786      0.85       0.85       0.85      ]
 [0.786      0.786      0.786      0.6932     0.6932     0.786
  0.786      0.85       0.85       0.85      ]
 [0.786      0.786      0.786      0.6932     0.6932     0.786
  0.786      0.85       0.85       0.85      ]
 [0.786      0.786      0.786      0.6932     0.6932     0.786
  0.786      0.85       0.85       0.85      ]
 [0.786      0.78058989 0.78319626 0.6932     0.6932     0.786
  0.786      0.85       0.85       0.85      ]]","[[0. 0. 0. 1. 1. 0. 0. 0. 1. 1.]
 [0. 0. 0. 1. 1. 0. 0. 0. 1. 1.]
 [0. 0. 0. 1. 1. 0. 0. 0. 1. 1.]
 [0. 0. 0. 1. 1. 0. 0. 0. 1. 1.]
 [0. 0. 0. 1. 1. 0. 0. 0. 1. 1.]
 [0. 0. 0. 1. 1. 0. 0. 0. 1. 1.]
 [0. 0. 0. 1. 1. 0. 0. 0. 1. 1.]
 [0. 0. 0. 1. 1. 0. 0. 0. 1. 1.]
 [0. 0. 0. 1. 1. 0. 0. 0. 1. 1.]
 [0. 0. 0. 1. 1. 0. 0. 0. 1. 1.]
 [0. 0. 0. 1. 1. 0. 0. 0. 1. 1.]
 [0. 0. 0. 1. 1. 0. 0. 0. 1. 1.]
 [0. 0. 0. 1. 1. 0. 0. 0. 1. 1.]
 [0. 0. 0. 1. 1. 0. 0. 0. 1. 1.]
 [0. 0. 0. 1. 1. 0. 0. 0. 1. 1.]
 [0. 0. 0. 1. 1. 0. 0. 0. 1. 1.]
 [0. 0. 0. 1. 1. 0. 0. 0. 1. 1.]
 [0. 0. 0. 1. 1. 0. 0. 0. 1. 1.]
 [0. 0. 0. 1. 1. 0. 0. 0. 1. 1.]
 [0. 0. 0. 1. 1. 0. 0. 0. 1. 1.]
 [0. 0. 0. 1. 1. 0. 0. 0. 1. 1.]
 [0. 0. 0. 1. 1. 0. 0. 0. 1. 1.]
 [0. 0. 0. 1. 1. 0. 0. 0. 1. 1.]
 [0. 0. 0. 1. 1. 0. 0. 0. 1. 1.]
 [0. 0. 0. 1. 1. 0. 0. 0. 1. 1.]
 [0. 0. 0. 1. 1. 0. 0. 0. 1. 1.]
 [0. 0. 0. 1. 1. 0. 0. 0. 1. 1.]
 [0. 0. 0. 1. 1. 0. 0. 0. 1. 1.]
 [0. 0. 0. 1. 1. 0. 0. 0. 1. 1.]
 [0. 0. 0. 1. 1. 0. 0. 0. 1. 1.]
 [0. 0. 0. 1. 1. 0. 0. 0. 1. 1.]
 [0. 0. 0. 1. 1. 0. 0. 0. 1. 1.]
 [0. 0. 0. 0. 1. 0. 0. 0. 0. 0.]
 [0. 0. 0. 0. 1. 0. 0. 0. 0. 0.]
 [0. 0. 0. 0. 1. 0. 0. 0. 0. 0.]
 [0. 0. 0. 0. 1. 0. 0. 0. 0. 0.]
 [0. 0. 0. 0. 1. 0. 0. 0. 0. 0.]
 [0. 0. 0. 0. 1. 0. 0. 0. 0. 0.]
 [0. 0. 0. 0. 1. 0. 0. 0. 0. 0.]
 [0. 0. 0. 0. 1. 0. 0. 0. 0. 0.]
 [0. 0. 0. 1. 1. 0. 0. 0. 1. 1.]
 [0. 0. 0. 1. 1. 0. 0. 0. 1. 1.]
 [0. 0. 0. 1. 1. 0. 0. 0. 1. 1.]
 [0. 0. 0. 1. 1. 0. 0. 0. 1. 1.]
 [0. 0. 0. 1. 1. 0. 0. 0. 1. 1.]
 [0. 0. 0. 1. 1. 0. 0. 0. 1. 1.]
 [0. 0. 0. 1. 1. 0. 0. 0. 1. 1.]
 [0. 0. 0. 1. 1. 0. 0. 0. 1. 1.]
 [1. 1. 1. 1. 1. 1. 1. 1. 1. 1.]
 [1. 1. 1. 1. 1. 1. 1. 1. 1. 1.]
 [1. 1. 1. 1. 1. 1. 1. 1. 1. 1.]
 [1. 1. 1. 1. 1. 1. 1. 1. 1. 1.]
 [1. 1. 1. 1. 1. 1. 1. 1. 1. 1.]
 [1. 1. 1. 1. 1. 1. 1. 1. 1. 1.]
 [1. 1. 1. 1. 1. 1. 1. 1. 1. 1.]]","[[0.83629452 0.         0.        ]
 [0.83629452 0.         0.        ]
 [0.83629452 0.         0.        ]
 [1.         0.         0.        ]
 [1.         0.         0.        ]
 [0.83629452 0.         0.        ]
 [0.83629452 0.         0.        ]
 [0.04       0.         0.        ]
 [0.04       0.         0.        ]
 [0.04       0.         0.        ]]","[[80, 85, 90]]"
53,10,"[[0.5238947816149642, 0.44523087240400067, 0.445280574806034, 0.5875016817475227, 0.58296762719069, 0.5177203516125827, 0.4453355754606992, 0.39121930419304546, 0.39040861054880655, 0.38959791690456763]]","[[0.67105516 0.736      0.736      0.6432     0.6432     0.736
  0.736      0.8        0.8        0.8       ]
 [0.67105516 0.736      0.736      0.6432     0.6432     0.736
  0.736      0.8        0.8        0.8       ]
 [0.67105516 0.736      0.736      0.6432     0.6432     0.736
  0.736      0.8        0.8        0.8       ]
 [0.67105516 0.736      0.736      0.6432     0.6432     0.736
  0.736      0.8        0.8        0.8       ]
 [0.67105516 0.736      0.736      0.6432     0.6432     0.736
  0.736      0.8        0.8        0.8       ]
 [0.67105516 0.736      0.736      0.6432     0.6432     0.736
  0.736      0.8        0.8        0.8       ]
 [0.67105516 0.736      0.736      0.6432     0.6432     0.736
  0.736      0.8        0.8        0.8       ]
 [0.67105516 0.736      0.736      0.6432     0.6432     0.736
  0.736      0.8        0.8        0.8       ]
 [0.736      0.736      0.736      0.6432     0.56430251 0.50250558
  0.736      0.8        0.8        0.8       ]
 [0.736      0.736      0.736      0.6432     0.56430251 0.50250558
  0.736      0.8        0.8        0.8       ]
 [0.736      0.736      0.736      0.6432     0.56430251 0.50250558
  0.736      0.8        0.8        0.8       ]
 [0.736      0.736      0.736      0.6432     0.56430251 0.50250558
  0.736      0.8        0.8        0.8       ]
 [0.736      0.736      0.736      0.6432     0.56430251 0.50250558
  0.736      0.8        0.8        0.8       ]
 [0.736      0.736      0.736      0.6432     0.56430251 0.50250558
  0.736      0.8        0.8        0.8       ]
 [0.736      0.736      0.736      0.6432     0.56430251 0.50250558
  0.736      0.8        0.8        0.8       ]
 [0.736      0.736      0.736      0.6432     0.56430251 0.50250558
  0.736      0.8        0.8        0.8       ]
 [0.736      0.736      0.736      0.63664386 0.6432     0.34313662
  0.736      0.8        0.8        0.8       ]
 [0.736      0.736      0.736      0.63664386 0.6432     0.34313662
  0.736      0.8        0.8        0.8       ]
 [0.736      0.736      0.736      0.63664386 0.6432     0.34313662
  0.736      0.8        0.8        0.8       ]
 [0.736      0.736      0.736      0.63664386 0.6432     0.34313662
  0.736      0.8        0.8        0.8       ]
 [0.736      0.736      0.736      0.63664386 0.6432     0.34313662
  0.736      0.8        0.8        0.8       ]
 [0.736      0.736      0.736      0.63664386 0.6432     0.34313662
  0.736      0.8        0.8        0.8       ]
 [0.736      0.736      0.736      0.63664386 0.6432     0.34313662
  0.736      0.8        0.8        0.8       ]
 [0.736      0.736      0.736      0.63664386 0.6432     0.34313662
  0.736      0.8        0.8        0.8       ]
 [0.736      0.736      0.736      0.5808946  0.6432     0.46697651
  0.736      0.8        0.8        0.8       ]
 [0.736      0.736      0.736      0.5808946  0.6432     0.46697651
  0.736      0.8        0.8        0.8       ]
 [0.736      0.736      0.736      0.5808946  0.6432     0.46697651
  0.736      0.8        0.8        0.8       ]
 [0.736      0.736      0.736      0.5808946  0.6432     0.46697651
  0.736      0.8        0.8        0.8       ]
 [0.736      0.736      0.736      0.5808946  0.6432     0.46697651
  0.736      0.8        0.8        0.8       ]
 [0.736      0.736      0.736      0.5808946  0.6432     0.46697651
  0.736      0.8        0.8        0.8       ]
 [0.736      0.736      0.736      0.5808946  0.6432     0.46697651
  0.736      0.8        0.8        0.8       ]
 [0.736      0.736      0.736      0.5808946  0.6432     0.46697651
  0.736      0.8        0.8        0.8       ]
 [0.2978296  0.4642495  0.45318558 0.51385282 0.32136698 0.736
  0.45505301 0.52561151 0.52564776 0.52568303]
 [0.2978296  0.4642495  0.45318558 0.51385282 0.32136698 0.736
  0.45505301 0.52561151 0.52564776 0.52568303]
 [0.2978296  0.4642495  0.45318558 0.51385282 0.32136698 0.736
  0.45505301 0.52561151 0.52564776 0.52568303]
 [0.2978296  0.4642495  0.45318558 0.51385282 0.32136698 0.736
  0.45505301 0.52561151 0.52564776 0.52568303]
 [0.2978296  0.4642495  0.45318558 0.51385282 0.32136698 0.736
  0.45505301 0.52561151 0.52564776 0.52568303]
 [0.2978296  0.4642495  0.45318558 0.51385282 0.32136698 0.736
  0.45505301 0.52561151 0.52564776 0.52568303]
 [0.2978296  0.4642495  0.45318558 0.51385282 0.32136698 0.736
  0.45505301 0.52561151 0.52564776 0.52568303]
 [0.2978296  0.4642495  0.45318558 0.51385282 0.32136698 0.736
  0.45505301 0.52561151 0.52564776 0.52568303]
 [0.67460755 0.54419483 0.54533409 0.36720939 0.34004636 0.06705966
  0.53867467 0.60857569 0.60868649 0.60878574]
 [0.67460755 0.54419483 0.54533409 0.36720939 0.34004636 0.06705966
  0.53867467 0.60857569 0.60868649 0.60878574]
 [0.67460755 0.54419483 0.54533409 0.36720939 0.34004636 0.06705966
  0.53867467 0.60857569 0.60868649 0.60878574]
 [0.67460755 0.54419483 0.54533409 0.36720939 0.34004636 0.06705966
  0.53867467 0.60857569 0.60868649 0.60878574]
 [0.67460755 0.54419483 0.54533409 0.36720939 0.34004636 0.06705966
  0.53867467 0.60857569 0.60868649 0.60878574]
 [0.67460755 0.54419483 0.54533409 0.36720939 0.34004636 0.06705966
  0.53867467 0.60857569 0.60868649 0.60878574]
 [0.67460755 0.54419483 0.54533409 0.36720939 0.34004636 0.06705966
  0.53867467 0.60857569 0.60868649 0.60878574]
 [0.67460755 0.54419483 0.54533409 0.36720939 0.34004636 0.06705966
  0.53867467 0.60857569 0.60868649 0.60878574]
 [0.786      0.786      0.786      0.6932     0.6932     0.786
  0.786      0.85       0.85       0.85      ]
 [0.786      0.786      0.786      0.6932     0.6932     0.786
  0.786      0.85       0.85       0.85      ]
 [0.786      0.786      0.786      0.6932     0.6932     0.786
  0.786      0.85       0.85       0.85      ]
 [0.786      0.786      0.786      0.6932     0.6932     0.786
  0.786      0.85       0.85       0.85      ]
 [0.786      0.786      0.786      0.6932     0.6932     0.786
  0.786      0.85       0.85       0.85      ]]","[[0. 0. 0. 1. 1. 0. 0. 1. 1. 1.]
 [0. 0. 0. 1. 1. 0. 0. 1. 1. 1.]
 [0. 0. 0. 1. 1. 0. 0. 1. 1. 1.]
 [0. 0. 0. 1. 1. 0. 0. 1. 1. 1.]
 [0. 0. 0. 1. 1. 0. 0. 1. 1. 1.]
 [0. 0. 0. 1. 1. 0. 0. 1. 1. 1.]
 [0. 0. 0. 1. 1. 0. 0. 1. 1. 1.]
 [0. 0. 0. 1. 1. 0. 0. 1. 1. 1.]
 [0. 0. 0. 1. 1. 0. 0. 1. 1. 1.]
 [0. 0. 0. 1. 1. 0. 0. 1. 1. 1.]
 [0. 0. 0. 1. 1. 0. 0. 1. 1. 1.]
 [0. 0. 0. 1. 1. 0. 0. 1. 1. 1.]
 [0. 0. 0. 1. 1. 0. 0. 1. 1. 1.]
 [0. 0. 0. 1. 1. 0. 0. 1. 1. 1.]
 [0. 0. 0. 1. 1. 0. 0. 1. 1. 1.]
 [0. 0. 0. 1. 1. 0. 0. 1. 1. 1.]
 [0. 0. 0. 1. 1. 0. 0. 1. 1. 1.]
 [0. 0. 0. 1. 1. 0. 0. 1. 1. 1.]
 [0. 0. 0. 1. 1. 0. 0. 1. 1. 1.]
 [0. 0. 0. 1. 1. 0. 0. 1. 1. 1.]
 [0. 0. 0. 1. 1. 0. 0. 1. 1. 1.]
 [0. 0. 0. 1. 1. 0. 0. 1. 1. 1.]
 [0. 0. 0. 1. 1. 0. 0. 1. 1. 1.]
 [0. 0. 0. 1. 1. 0. 0. 1. 1. 1.]
 [0. 0. 0. 1. 1. 0. 0. 1. 1. 1.]
 [0. 0. 0. 1. 1. 0. 0. 1. 1. 1.]
 [0. 0. 0. 1. 1. 0. 0. 1. 1. 1.]
 [0. 0. 0. 1. 1. 0. 0. 1. 1. 1.]
 [0. 0. 0. 1. 1. 0. 0. 1. 1. 1.]
 [0. 0. 0. 1. 1. 0. 0. 1. 1. 1.]
 [0. 0. 0. 1. 1. 0. 0. 1. 1. 1.]
 [0. 0. 0. 1. 1. 0. 0. 1. 1. 1.]
 [0. 0. 0. 1. 0. 0. 0. 0. 0. 0.]
 [0. 0. 0. 1. 0. 0. 0. 0. 0. 0.]
 [0. 0. 0. 1. 0. 0. 0. 0. 0. 0.]
 [0. 0. 0. 1. 0. 0. 0. 0. 0. 0.]
 [0. 0. 0. 1. 0. 0. 0. 0. 0. 0.]
 [0. 0. 0. 1. 0. 0. 0. 0. 0. 0.]
 [0. 0. 0. 1. 0. 0. 0. 0. 0. 0.]
 [0. 0. 0. 1. 0. 0. 0. 0. 0. 0.]
 [0. 0. 0. 0. 0. 0. 0. 1. 1. 1.]
 [0. 0. 0. 0. 0. 0. 0. 1. 1. 1.]
 [0. 0. 0. 0. 0. 0. 0. 1. 1. 1.]
 [0. 0. 0. 0. 0. 0. 0. 1. 1. 1.]
 [0. 0. 0. 0. 0. 0. 0. 1. 1. 1.]
 [0. 0. 0. 0. 0. 0. 0. 1. 1. 1.]
 [0. 0. 0. 0. 0. 0. 0. 1. 1. 1.]
 [0. 0. 0. 0. 0. 0. 0. 1. 1. 1.]
 [1. 1. 1. 1. 1. 1. 1. 1. 1. 1.]
 [1. 1. 1. 1. 1. 1. 1. 1. 1. 1.]
 [1. 1. 1. 1. 1. 1. 1. 1. 1. 1.]
 [1. 1. 1. 1. 1. 1. 1. 1. 1. 1.]
 [1. 1. 1. 1. 1. 1. 1. 1. 1. 1.]]","[[0.83629452 0.         0.        ]
 [0.83629452 0.         0.        ]
 [0.83629452 0.         0.        ]
 [1.         0.         0.        ]
 [1.         0.         0.        ]
 [0.         0.83629452 0.        ]
 [0.83629452 0.         0.        ]
 [0.04       0.         0.        ]
 [0.04       0.         0.        ]
 [0.04       0.         0.        ]]","[[80, 85, 90]]"
53,10,"[[0.4453263673109731, 0.5159680281734841, 0.5150040714702318, 0.509176024724119, 0.5091773018236442, 0.45329311127218685, 0.5149808843420759, 0.01658578783664938, 0.012651232159194115, 0.012651232159194115]]","[[0.736      0.736      0.736      0.54537581 0.63504943 0.67531362
  0.736      0.8        0.8        0.8       ]
 [0.736      0.736      0.736      0.54537581 0.63504943 0.67531362
  0.736      0.8        0.8        0.8       ]
 [0.736      0.736      0.736      0.54537581 0.63504943 0.67531362
  0.736      0.8        0.8        0.8       ]
 [0.736      0.736      0.736      0.54537581 0.63504943 0.67531362
  0.736      0.8        0.8        0.8       ]
 [0.736      0.736      0.736      0.54537581 0.63504943 0.67531362
  0.736      0.8        0.8        0.8       ]
 [0.736      0.736      0.736      0.54537581 0.63504943 0.67531362
  0.736      0.8        0.8        0.8       ]
 [0.736      0.736      0.736      0.54537581 0.63504943 0.67531362
  0.736      0.8        0.8        0.8       ]
 [0.736      0.736      0.736      0.54537581 0.63504943 0.67531362
  0.736      0.8        0.8        0.8       ]
 [0.736      0.736      0.736      0.60623052 0.6432     0.29528549
  0.736      0.8        0.8        0.8       ]
 [0.736      0.736      0.736      0.60623052 0.6432     0.29528549
  0.736      0.8        0.8        0.8       ]
 [0.736      0.736      0.736      0.60623052 0.6432     0.29528549
  0.736      0.8        0.8        0.8       ]
 [0.736      0.736      0.736      0.60623052 0.6432     0.29528549
  0.736      0.8        0.8        0.8       ]
 [0.736      0.736      0.736      0.60623052 0.6432     0.29528549
  0.736      0.8        0.8        0.8       ]
 [0.736      0.736      0.736      0.60623052 0.6432     0.29528549
  0.736      0.8        0.8        0.8       ]
 [0.736      0.736      0.736      0.60623052 0.6432     0.29528549
  0.736      0.8        0.8        0.8       ]
 [0.736      0.736      0.736      0.60623052 0.6432     0.29528549
  0.736      0.8        0.8        0.8       ]
 [0.736      0.69319175 0.68267542 0.6432     0.6432     0.11601011
  0.736      0.8        0.8        0.8       ]
 [0.736      0.69319175 0.68267542 0.6432     0.6432     0.11601011
  0.736      0.8        0.8        0.8       ]
 [0.736      0.69319175 0.68267542 0.6432     0.6432     0.11601011
  0.736      0.8        0.8        0.8       ]
 [0.736      0.69319175 0.68267542 0.6432     0.6432     0.11601011
  0.736      0.8        0.8        0.8       ]
 [0.736      0.69319175 0.68267542 0.6432     0.6432     0.11601011
  0.736      0.8        0.8        0.8       ]
 [0.736      0.69319175 0.68267542 0.6432     0.6432     0.11601011
  0.736      0.8        0.8        0.8       ]
 [0.736      0.69319175 0.68267542 0.6432     0.6432     0.11601011
  0.736      0.8        0.8        0.8       ]
 [0.736      0.69319175 0.68267542 0.6432     0.6432     0.11601011
  0.736      0.8        0.8        0.8       ]
 [0.736      0.62863867 0.621316   0.6432     0.59494323 0.27381148
  0.57897829 0.8        0.8        0.8       ]
 [0.736      0.62863867 0.621316   0.6432     0.59494323 0.27381148
  0.57897829 0.8        0.8        0.8       ]
 [0.736      0.62863867 0.621316   0.6432     0.59494323 0.27381148
  0.57897829 0.8        0.8        0.8       ]
 [0.736      0.62863867 0.621316   0.6432     0.59494323 0.27381148
  0.57897829 0.8        0.8        0.8       ]
 [0.736      0.62863867 0.621316   0.6432     0.59494323 0.27381148
  0.57897829 0.8        0.8        0.8       ]
 [0.736      0.62863867 0.621316   0.6432     0.59494323 0.27381148
  0.57897829 0.8        0.8        0.8       ]
 [0.736      0.62863867 0.621316   0.6432     0.59494323 0.27381148
  0.57897829 0.8        0.8        0.8       ]
 [0.736      0.62863867 0.621316   0.6432     0.59494323 0.27381148
  0.57897829 0.8        0.8        0.8       ]
 [0.44619451 0.6491138  0.65963888 0.15870525 0.30055667 0.736
  0.59783086 0.52791072 0.52787448 0.53019866]
 [0.44619451 0.6491138  0.65963888 0.15870525 0.30055667 0.736
  0.59783086 0.52791072 0.52787448 0.53019866]
 [0.44619451 0.6491138  0.65963888 0.15870525 0.30055667 0.736
  0.59783086 0.52791072 0.52787448 0.53019866]
 [0.44619451 0.6491138  0.65963888 0.15870525 0.30055667 0.736
  0.59783086 0.52791072 0.52787448 0.53019866]
 [0.44619451 0.6491138  0.65963888 0.15870525 0.30055667 0.736
  0.59783086 0.52791072 0.52787448 0.53019866]
 [0.44619451 0.6491138  0.65963888 0.15870525 0.30055667 0.736
  0.59783086 0.52791072 0.52787448 0.53019866]
 [0.44619451 0.6491138  0.65963888 0.15870525 0.30055667 0.736
  0.59783086 0.52791072 0.52787448 0.53019866]
 [0.44619451 0.6491138  0.65963888 0.15870525 0.30055667 0.736
  0.59783086 0.52791072 0.52787448 0.53019866]
 [0.5532558  0.44571348 0.43745971 0.56999798 0.58463464 0.
  0.5469568  0.60958428 0.60907155 0.60907069]
 [0.5532558  0.44571348 0.43745971 0.56999798 0.58463464 0.
  0.5469568  0.60958428 0.60907155 0.60907069]
 [0.5532558  0.44571348 0.43745971 0.56999798 0.58463464 0.
  0.5469568  0.60958428 0.60907155 0.60907069]
 [0.5532558  0.44571348 0.43745971 0.56999798 0.58463464 0.
  0.5469568  0.60958428 0.60907155 0.60907069]
 [0.5532558  0.44571348 0.43745971 0.56999798 0.58463464 0.
  0.5469568  0.60958428 0.60907155 0.60907069]
 [0.5532558  0.44571348 0.43745971 0.56999798 0.58463464 0.
  0.5469568  0.60958428 0.60907155 0.60907069]
 [0.5532558  0.44571348 0.43745971 0.56999798 0.58463464 0.
  0.5469568  0.60958428 0.60907155 0.60907069]
 [0.5532558  0.44571348 0.43745971 0.56999798 0.58463464 0.
  0.5469568  0.60958428 0.60907155 0.60907069]
 [0.786      0.786      0.786      0.6932     0.6932     0.786
  0.786      0.85       0.85       0.85      ]
 [0.786      0.786      0.786      0.6932     0.6932     0.786
  0.786      0.85       0.85       0.85      ]
 [0.786      0.786      0.786      0.6932     0.6932     0.786
  0.786      0.85       0.85       0.85      ]
 [0.786      0.786      0.786      0.6932     0.6932     0.786
  0.786      0.85       0.85       0.85      ]
 [0.786      0.786      0.786      0.6932     0.6932     0.786
  0.786      0.85       0.85       0.85      ]]","[[0. 0. 0. 1. 1. 0. 0. 1. 1. 1.]
 [0. 0. 0. 1. 1. 0. 0. 1. 1. 1.]
 [0. 0. 0. 1. 1. 0. 0. 1. 1. 1.]
 [0. 0. 0. 1. 1. 0. 0. 1. 1. 1.]
 [0. 0. 0. 1. 1. 0. 0. 1. 1. 1.]
 [0. 0. 0. 1. 1. 0. 0. 1. 1. 1.]
 [0. 0. 0. 1. 1. 0. 0. 1. 1. 1.]
 [0. 0. 0. 1. 1. 0. 0. 1. 1. 1.]
 [0. 0. 0. 1. 1. 0. 0. 1. 1. 1.]
 [0. 0. 0. 1. 1. 0. 0. 1. 1. 1.]
 [0. 0. 0. 1. 1. 0. 0. 1. 1. 1.]
 [0. 0. 0. 1. 1. 0. 0. 1. 1. 1.]
 [0. 0. 0. 1. 1. 0. 0. 1. 1. 1.]
 [0. 0. 0. 1. 1. 0. 0. 1. 1. 1.]
 [0. 0. 0. 1. 1. 0. 0. 1. 1. 1.]
 [0. 0. 0. 1. 1. 0. 0. 1. 1. 1.]
 [0. 0. 0. 0. 1. 0. 0. 1. 1. 1.]
 [0. 0. 0. 0. 1. 0. 0. 1. 1. 1.]
 [0. 0. 0. 0. 1. 0. 0. 1. 1. 1.]
 [0. 0. 0. 0. 1. 0. 0. 1. 1. 1.]
 [0. 0. 0. 0. 1. 0. 0. 1. 1. 1.]
 [0. 0. 0. 0. 1. 0. 0. 1. 1. 1.]
 [0. 0. 0. 0. 1. 0. 0. 1. 1. 1.]
 [0. 0. 0. 0. 1. 0. 0. 1. 1. 1.]
 [0. 0. 0. 1. 1. 0. 0. 1. 1. 1.]
 [0. 0. 0. 1. 1. 0. 0. 1. 1. 1.]
 [0. 0. 0. 1. 1. 0. 0. 1. 1. 1.]
 [0. 0. 0. 1. 1. 0. 0. 1. 1. 1.]
 [0. 0. 0. 1. 1. 0. 0. 1. 1. 1.]
 [0. 0. 0. 1. 1. 0. 0. 1. 1. 1.]
 [0. 0. 0. 1. 1. 0. 0. 1. 1. 1.]
 [0. 0. 0. 1. 1. 0. 0. 1. 1. 1.]
 [0. 0. 0. 0. 0. 0. 0. 1. 1. 1.]
 [0. 0. 0. 0. 0. 0. 0. 1. 1. 1.]
 [0. 0. 0. 0. 0. 0. 0. 1. 1. 1.]
 [0. 0. 0. 0. 0. 0. 0. 1. 1. 1.]
 [0. 0. 0. 0. 0. 0. 0. 1. 1. 1.]
 [0. 0. 0. 0. 0. 0. 0. 1. 1. 1.]
 [0. 0. 0. 0. 0. 0. 0. 1. 1. 1.]
 [0. 0. 0. 0. 0. 0. 0. 1. 1. 1.]
 [0. 0. 0. 1. 1. 0. 0. 1. 1. 1.]
 [0. 0. 0. 1. 1. 0. 0. 1. 1. 1.]
 [0. 0. 0. 1. 1. 0. 0. 1. 1. 1.]
 [0. 0. 0. 1. 1. 0. 0. 1. 1. 1.]
 [0. 0. 0. 1. 1. 0. 0. 1. 1. 1.]
 [0. 0. 0. 1. 1. 0. 0. 1. 1. 1.]
 [0. 0. 0. 1. 1. 0. 0. 1. 1. 1.]
 [0. 0. 0. 1. 1. 0. 0. 1. 1. 1.]
 [1. 1. 1. 1. 1. 1. 1. 1. 1. 1.]
 [1. 1. 1. 1. 1. 1. 1. 1. 1. 1.]
 [1. 1. 1. 1. 1. 1. 1. 1. 1. 1.]
 [1. 1. 1. 1. 1. 1. 1. 1. 1. 1.]
 [1. 1. 1. 1. 1. 1. 1. 1. 1. 1.]]","[[0.83629452 0.         0.        ]
 [0.83629452 0.         0.        ]
 [0.83629452 0.         0.        ]
 [1.         0.         0.        ]
 [1.         0.         0.        ]
 [0.83629452 0.         0.        ]
 [0.83629452 0.         0.        ]
 [0.04       0.         0.        ]
 [0.04       0.         0.        ]
 [0.04       0.         0.        ]]","[[80, 85, 90]]"
57,11,"[[0.5149848978519611, 0.4468677149116208, 0.5238397655654863, 0.5098673533090675, 0.5877891964294052, 0.4505904702696918, 0.5238394444210228, 0.45169186779788056, 0.4488877432950012, 0.4498141478584788, 0.4507466007437509]]","[[0.736      0.736      0.71918942 0.32917759 0.6432     0.64809626
  0.736      0.8        0.8        0.8        0.8       ]
 [0.736      0.736      0.71918942 0.32917759 0.6432     0.64809626
  0.736      0.8        0.8        0.8        0.8       ]
 [0.736      0.736      0.71918942 0.32917759 0.6432     0.64809626
  0.736      0.8        0.8        0.8        0.8       ]
 [0.736      0.736      0.71918942 0.32917759 0.6432     0.64809626
  0.736      0.8        0.8        0.8        0.8       ]
 [0.736      0.736      0.71918942 0.32917759 0.6432     0.64809626
  0.736      0.8        0.8        0.8        0.8       ]
 [0.736      0.736      0.71918942 0.32917759 0.6432     0.64809626
  0.736      0.8        0.8        0.8        0.8       ]
 [0.736      0.736      0.71918942 0.32917759 0.6432     0.64809626
  0.736      0.8        0.8        0.8        0.8       ]
 [0.736      0.736      0.71918942 0.32917759 0.6432     0.64809626
  0.736      0.8        0.8        0.8        0.8       ]
 [0.736      0.68165186 0.7056613  0.6432     0.6432     0.25703913
  0.65889564 0.48653455 0.50668393 0.5039667  0.49743977]
 [0.736      0.68165186 0.7056613  0.6432     0.6432     0.25703913
  0.65889564 0.48653455 0.50668393 0.5039667  0.49743977]
 [0.736      0.68165186 0.7056613  0.6432     0.6432     0.25703913
  0.65889564 0.48653455 0.50668393 0.5039667  0.49743977]
 [0.736      0.68165186 0.7056613  0.6432     0.6432     0.25703913
  0.65889564 0.48653455 0.50668393 0.5039667  0.49743977]
 [0.736      0.68165186 0.7056613  0.6432     0.6432     0.25703913
  0.65889564 0.48653455 0.50668393 0.5039667  0.49743977]
 [0.736      0.68165186 0.7056613  0.6432     0.6432     0.25703913
  0.65889564 0.48653455 0.50668393 0.5039667  0.49743977]
 [0.736      0.68165186 0.7056613  0.6432     0.6432     0.25703913
  0.65889564 0.48653455 0.50668393 0.5039667  0.49743977]
 [0.736      0.68165186 0.7056613  0.6432     0.6432     0.25703913
  0.65889564 0.48653455 0.50668393 0.5039667  0.49743977]
 [0.67235045 0.6369133  0.736      0.6432     0.59194647 0.08905296
  0.736      0.30810673 0.32320137 0.32009216 0.3155263 ]
 [0.67235045 0.6369133  0.736      0.6432     0.59194647 0.08905296
  0.736      0.30810673 0.32320137 0.32009216 0.3155263 ]
 [0.67235045 0.6369133  0.736      0.6432     0.59194647 0.08905296
  0.736      0.30810673 0.32320137 0.32009216 0.3155263 ]
 [0.67235045 0.6369133  0.736      0.6432     0.59194647 0.08905296
  0.736      0.30810673 0.32320137 0.32009216 0.3155263 ]
 [0.67235045 0.6369133  0.736      0.6432     0.59194647 0.08905296
  0.736      0.30810673 0.32320137 0.32009216 0.3155263 ]
 [0.67235045 0.6369133  0.736      0.6432     0.59194647 0.08905296
  0.736      0.30810673 0.32320137 0.32009216 0.3155263 ]
 [0.67235045 0.6369133  0.736      0.6432     0.59194647 0.08905296
  0.736      0.30810673 0.32320137 0.32009216 0.3155263 ]
 [0.67235045 0.6369133  0.736      0.6432     0.59194647 0.08905296
  0.736      0.30810673 0.32320137 0.32009216 0.3155263 ]
 [0.69445527 0.72241189 0.736      0.31727567 0.54549536 0.26259018
  0.736      0.44027344 0.44663514 0.44390873 0.44242252]
 [0.69445527 0.72241189 0.736      0.31727567 0.54549536 0.26259018
  0.736      0.44027344 0.44663514 0.44390873 0.44242252]
 [0.69445527 0.72241189 0.736      0.31727567 0.54549536 0.26259018
  0.736      0.44027344 0.44663514 0.44390873 0.44242252]
 [0.69445527 0.72241189 0.736      0.31727567 0.54549536 0.26259018
  0.736      0.44027344 0.44663514 0.44390873 0.44242252]
 [0.69445527 0.72241189 0.736      0.31727567 0.54549536 0.26259018
  0.736      0.44027344 0.44663514 0.44390873 0.44242252]
 [0.69445527 0.72241189 0.736      0.31727567 0.54549536 0.26259018
  0.736      0.44027344 0.44663514 0.44390873 0.44242252]
 [0.69445527 0.72241189 0.736      0.31727567 0.54549536 0.26259018
  0.736      0.44027344 0.44663514 0.44390873 0.44242252]
 [0.69445527 0.72241189 0.736      0.31727567 0.54549536 0.26259018
  0.736      0.44027344 0.44663514 0.44390873 0.44242252]
 [0.63086134 0.61814173 0.3156511  0.09073696 0.56015724 0.72894425
  0.34146386 0.8        0.8        0.8        0.8       ]
 [0.63086134 0.61814173 0.3156511  0.09073696 0.56015724 0.72894425
  0.34146386 0.8        0.8        0.8        0.8       ]
 [0.63086134 0.61814173 0.3156511  0.09073696 0.56015724 0.72894425
  0.34146386 0.8        0.8        0.8        0.8       ]
 [0.63086134 0.61814173 0.3156511  0.09073696 0.56015724 0.72894425
  0.34146386 0.8        0.8        0.8        0.8       ]
 [0.63086134 0.61814173 0.3156511  0.09073696 0.56015724 0.72894425
  0.34146386 0.8        0.8        0.8        0.8       ]
 [0.63086134 0.61814173 0.3156511  0.09073696 0.56015724 0.72894425
  0.34146386 0.8        0.8        0.8        0.8       ]
 [0.63086134 0.61814173 0.3156511  0.09073696 0.56015724 0.72894425
  0.34146386 0.8        0.8        0.8        0.8       ]
 [0.63086134 0.61814173 0.3156511  0.09073696 0.56015724 0.72894425
  0.34146386 0.8        0.8        0.8        0.8       ]
 [0.37991934 0.32334422 0.5894258  0.6432     0.33584513 0.
  0.50047376 0.03964972 0.05828707 0.05531909 0.04941346]
 [0.37991934 0.32334422 0.5894258  0.6432     0.33584513 0.
  0.50047376 0.03964972 0.05828707 0.05531909 0.04941346]
 [0.37991934 0.32334422 0.5894258  0.6432     0.33584513 0.
  0.50047376 0.03964972 0.05828707 0.05531909 0.04941346]
 [0.37991934 0.32334422 0.5894258  0.6432     0.33584513 0.
  0.50047376 0.03964972 0.05828707 0.05531909 0.04941346]
 [0.37991934 0.32334422 0.5894258  0.6432     0.33584513 0.
  0.50047376 0.03964972 0.05828707 0.05531909 0.04941346]
 [0.37991934 0.32334422 0.5894258  0.6432     0.33584513 0.
  0.50047376 0.03964972 0.05828707 0.05531909 0.04941346]
 [0.37991934 0.32334422 0.5894258  0.6432     0.33584513 0.
  0.50047376 0.03964972 0.05828707 0.05531909 0.04941346]
 [0.37991934 0.32334422 0.5894258  0.6432     0.33584513 0.
  0.50047376 0.03964972 0.05828707 0.05531909 0.04941346]
 [0.786      0.786      0.786      0.6932     0.6932     0.786
  0.786      0.85       0.85       0.85       0.85      ]
 [0.786      0.786      0.786      0.6932     0.6932     0.786
  0.786      0.85       0.85       0.85       0.85      ]
 [0.786      0.786      0.786      0.6932     0.6932     0.786
  0.786      0.85       0.85       0.85       0.85      ]
 [0.786      0.786      0.786      0.6932     0.6932     0.786
  0.786      0.85       0.85       0.85       0.85      ]
 [0.786      0.786      0.786      0.6932     0.6932     0.786
  0.786      0.85       0.85       0.85       0.85      ]
 [0.786      0.786      0.786      0.6932     0.6932     0.786
  0.786      0.85       0.85       0.85       0.85      ]
 [0.786      0.786      0.786      0.67231828 0.6932     0.786
  0.786      0.85       0.85       0.85       0.85      ]
 [0.786      0.786      0.786      0.67231828 0.6932     0.786
  0.786      0.85       0.85       0.85       0.85      ]
 [0.786      0.786      0.786      0.67231828 0.6932     0.786
  0.786      0.85       0.85       0.85       0.85      ]]","[[0. 0. 0. 0. 1. 0. 0. 0. 0. 0. 0.]
 [0. 0. 0. 0. 1. 0. 0. 0. 0. 0. 0.]
 [0. 0. 0. 0. 1. 0. 0. 0. 0. 0. 0.]
 [0. 0. 0. 0. 1. 0. 0. 0. 0. 0. 0.]
 [0. 0. 0. 0. 1. 0. 0. 0. 0. 0. 0.]
 [0. 0. 0. 0. 1. 0. 0. 0. 0. 0. 0.]
 [0. 0. 0. 0. 1. 0. 0. 0. 0. 0. 0.]
 [0. 0. 0. 0. 1. 0. 0. 0. 0. 0. 0.]
 [0. 0. 0. 1. 1. 0. 0. 0. 0. 0. 0.]
 [0. 0. 0. 1. 1. 0. 0. 0. 0. 0. 0.]
 [0. 0. 0. 1. 1. 0. 0. 0. 0. 0. 0.]
 [0. 0. 0. 1. 1. 0. 0. 0. 0. 0. 0.]
 [0. 0. 0. 1. 1. 0. 0. 0. 0. 0. 0.]
 [0. 0. 0. 1. 1. 0. 0. 0. 0. 0. 0.]
 [0. 0. 0. 1. 1. 0. 0. 0. 0. 0. 0.]
 [0. 0. 0. 1. 1. 0. 0. 0. 0. 0. 0.]
 [0. 0. 0. 1. 1. 0. 0. 0. 0. 0. 0.]
 [0. 0. 0. 1. 1. 0. 0. 0. 0. 0. 0.]
 [0. 0. 0. 1. 1. 0. 0. 0. 0. 0. 0.]
 [0. 0. 0. 1. 1. 0. 0. 0. 0. 0. 0.]
 [0. 0. 0. 1. 1. 0. 0. 0. 0. 0. 0.]
 [0. 0. 0. 1. 1. 0. 0. 0. 0. 0. 0.]
 [0. 0. 0. 1. 1. 0. 0. 0. 0. 0. 0.]
 [0. 0. 0. 1. 1. 0. 0. 0. 0. 0. 0.]
 [0. 0. 0. 0. 1. 0. 0. 0. 0. 0. 0.]
 [0. 0. 0. 0. 1. 0. 0. 0. 0. 0. 0.]
 [0. 0. 0. 0. 1. 0. 0. 0. 0. 0. 0.]
 [0. 0. 0. 0. 1. 0. 0. 0. 0. 0. 0.]
 [0. 0. 0. 0. 1. 0. 0. 0. 0. 0. 0.]
 [0. 0. 0. 0. 1. 0. 0. 0. 0. 0. 0.]
 [0. 0. 0. 0. 1. 0. 0. 0. 0. 0. 0.]
 [0. 0. 0. 0. 1. 0. 0. 0. 0. 0. 0.]
 [0. 0. 0. 0. 1. 0. 0. 0. 0. 0. 0.]
 [0. 0. 0. 0. 1. 0. 0. 0. 0. 0. 0.]
 [0. 0. 0. 0. 1. 0. 0. 0. 0. 0. 0.]
 [0. 0. 0. 0. 1. 0. 0. 0. 0. 0. 0.]
 [0. 0. 0. 0. 1. 0. 0. 0. 0. 0. 0.]
 [0. 0. 0. 0. 1. 0. 0. 0. 0. 0. 0.]
 [0. 0. 0. 0. 1. 0. 0. 0. 0. 0. 0.]
 [0. 0. 0. 0. 1. 0. 0. 0. 0. 0. 0.]
 [0. 0. 0. 1. 0. 0. 0. 0. 0. 0. 0.]
 [0. 0. 0. 1. 0. 0. 0. 0. 0. 0. 0.]
 [0. 0. 0. 1. 0. 0. 0. 0. 0. 0. 0.]
 [0. 0. 0. 1. 0. 0. 0. 0. 0. 0. 0.]
 [0. 0. 0. 1. 0. 0. 0. 0. 0. 0. 0.]
 [0. 0. 0. 1. 0. 0. 0. 0. 0. 0. 0.]
 [0. 0. 0. 1. 0. 0. 0. 0. 0. 0. 0.]
 [0. 0. 0. 1. 0. 0. 0. 0. 0. 0. 0.]
 [1. 1. 1. 1. 1. 1. 1. 1. 1. 1. 1.]
 [1. 1. 1. 1. 1. 1. 1. 1. 1. 1. 1.]
 [1. 1. 1. 1. 1. 1. 1. 1. 1. 1. 1.]
 [1. 1. 1. 1. 1. 1. 1. 1. 1. 1. 1.]
 [1. 1. 1. 1. 1. 1. 1. 1. 1. 1. 1.]
 [1. 1. 1. 1. 1. 1. 1. 1. 1. 1. 1.]
 [1. 1. 1. 1. 1. 1. 1. 1. 1. 1. 1.]
 [1. 1. 1. 1. 1. 1. 1. 1. 1. 1. 1.]
 [1. 1. 1. 1. 1. 1. 1. 1. 1. 1. 1.]]","[[0.83629452 0.         0.        ]
 [0.83629452 0.         0.        ]
 [0.83629452 0.         0.        ]
 [1.         0.         0.        ]
 [1.         0.         0.        ]
 [0.83629452 0.         0.        ]
 [0.83629452 0.         0.        ]
 [0.04       0.         0.        ]
 [0.04       0.         0.        ]
 [0.04       0.         0.        ]
 [0.04       0.         0.        ]]","[[80, 85, 90]]"
57,10,"[[0.523846194314601, 0.5232635443690883, 0.445539089826147, 0.5091789150572378, 0.4515895628877152, 0.4454640896604392, 0.42291013106135683, 0.42040427700701605, 0.4212149706512541, 0.422025664295493]]","[[0.69477345 0.736      0.736      0.59787266 0.62827164 0.736
  0.8        0.8        0.8        0.8       ]
 [0.69477345 0.736      0.736      0.59787266 0.62827164 0.736
  0.8        0.8        0.8        0.8       ]
 [0.69477345 0.736      0.736      0.59787266 0.62827164 0.736
  0.8        0.8        0.8        0.8       ]
 [0.69477345 0.736      0.736      0.59787266 0.62827164 0.736
  0.8        0.8        0.8        0.8       ]
 [0.69477345 0.736      0.736      0.59787266 0.62827164 0.736
  0.8        0.8        0.8        0.8       ]
 [0.69477345 0.736      0.736      0.59787266 0.62827164 0.736
  0.8        0.8        0.8        0.8       ]
 [0.69477345 0.736      0.736      0.59787266 0.62827164 0.736
  0.8        0.8        0.8        0.8       ]
 [0.69477345 0.736      0.736      0.59787266 0.62827164 0.736
  0.8        0.8        0.8        0.8       ]
 [0.736      0.736      0.736      0.6432     0.25756659 0.736
  0.78120188 0.79000352 0.78974434 0.78694526]
 [0.736      0.736      0.736      0.6432     0.25756659 0.736
  0.78120188 0.79000352 0.78974434 0.78694526]
 [0.736      0.736      0.736      0.6432     0.25756659 0.736
  0.78120188 0.79000352 0.78974434 0.78694526]
 [0.736      0.736      0.736      0.6432     0.25756659 0.736
  0.78120188 0.79000352 0.78974434 0.78694526]
 [0.736      0.736      0.736      0.6432     0.25756659 0.736
  0.78120188 0.79000352 0.78974434 0.78694526]
 [0.736      0.736      0.736      0.6432     0.25756659 0.736
  0.78120188 0.79000352 0.78974434 0.78694526]
 [0.736      0.736      0.736      0.6432     0.25756659 0.736
  0.78120188 0.79000352 0.78974434 0.78694526]
 [0.736      0.736      0.736      0.6432     0.25756659 0.736
  0.78120188 0.79000352 0.78974434 0.78694526]
 [0.736      0.736      0.736      0.6432     0.06918627 0.736
  0.68888459 0.6962407  0.69578381 0.69378372]
 [0.736      0.736      0.736      0.6432     0.06918627 0.736
  0.68888459 0.6962407  0.69578381 0.69378372]
 [0.736      0.736      0.736      0.6432     0.06918627 0.736
  0.68888459 0.6962407  0.69578381 0.69378372]
 [0.736      0.736      0.736      0.6432     0.06918627 0.736
  0.68888459 0.6962407  0.69578381 0.69378372]
 [0.736      0.736      0.736      0.6432     0.06918627 0.736
  0.68888459 0.6962407  0.69578381 0.69378372]
 [0.736      0.736      0.736      0.6432     0.06918627 0.736
  0.68888459 0.6962407  0.69578381 0.69378372]
 [0.736      0.736      0.736      0.6432     0.06918627 0.736
  0.68888459 0.6962407  0.69578381 0.69378372]
 [0.736      0.736      0.736      0.6432     0.06918627 0.736
  0.68888459 0.6962407  0.69578381 0.69378372]
 [0.736      0.736      0.736      0.6432     0.22582834 0.736
  0.73711483 0.7373132  0.73702935 0.73737505]
 [0.736      0.736      0.736      0.6432     0.22582834 0.736
  0.73711483 0.7373132  0.73702935 0.73737505]
 [0.736      0.736      0.736      0.6432     0.22582834 0.736
  0.73711483 0.7373132  0.73702935 0.73737505]
 [0.736      0.736      0.736      0.6432     0.22582834 0.736
  0.73711483 0.7373132  0.73702935 0.73737505]
 [0.736      0.736      0.736      0.6432     0.22582834 0.736
  0.73711483 0.7373132  0.73702935 0.73737505]
 [0.736      0.736      0.736      0.6432     0.22582834 0.736
  0.73711483 0.7373132  0.73702935 0.73737505]
 [0.736      0.736      0.736      0.6432     0.22582834 0.736
  0.73711483 0.7373132  0.73702935 0.73737505]
 [0.736      0.736      0.736      0.6432     0.22582834 0.736
  0.73711483 0.7373132  0.73702935 0.73737505]
 [0.31996812 0.40765108 0.40976719 0.23447124 0.736      0.44231585
  0.72760215 0.72536584 0.7257272  0.72604812]
 [0.31996812 0.40765108 0.40976719 0.23447124 0.736      0.44231585
  0.72760215 0.72536584 0.7257272  0.72604812]
 [0.31996812 0.40765108 0.40976719 0.23447124 0.736      0.44231585
  0.72760215 0.72536584 0.7257272  0.72604812]
 [0.31996812 0.40765108 0.40976719 0.23447124 0.736      0.44231585
  0.72760215 0.72536584 0.7257272  0.72604812]
 [0.31996812 0.40765108 0.40976719 0.23447124 0.736      0.44231585
  0.72760215 0.72536584 0.7257272  0.72604812]
 [0.31996812 0.40765108 0.40976719 0.23447124 0.736      0.44231585
  0.72760215 0.72536584 0.7257272  0.72604812]
 [0.31996812 0.40765108 0.40976719 0.23447124 0.736      0.44231585
  0.72760215 0.72536584 0.7257272  0.72604812]
 [0.31996812 0.40765108 0.40976719 0.23447124 0.736      0.44231585
  0.72760215 0.72536584 0.7257272  0.72604812]
 [0.65835042 0.59284615 0.54847233 0.58523601 0.         0.52638723
  0.39744814 0.40647043 0.40605781 0.40339095]
 [0.65835042 0.59284615 0.54847233 0.58523601 0.         0.52638723
  0.39744814 0.40647043 0.40605781 0.40339095]
 [0.65835042 0.59284615 0.54847233 0.58523601 0.         0.52638723
  0.39744814 0.40647043 0.40605781 0.40339095]
 [0.65835042 0.59284615 0.54847233 0.58523601 0.         0.52638723
  0.39744814 0.40647043 0.40605781 0.40339095]
 [0.65835042 0.59284615 0.54847233 0.58523601 0.         0.52638723
  0.39744814 0.40647043 0.40605781 0.40339095]
 [0.65835042 0.59284615 0.54847233 0.58523601 0.         0.52638723
  0.39744814 0.40647043 0.40605781 0.40339095]
 [0.65835042 0.59284615 0.54847233 0.58523601 0.         0.52638723
  0.39744814 0.40647043 0.40605781 0.40339095]
 [0.65835042 0.59284615 0.54847233 0.58523601 0.         0.52638723
  0.39744814 0.40647043 0.40605781 0.40339095]
 [0.786      0.786      0.786      0.6932     0.786      0.786
  0.85       0.85       0.85       0.85      ]
 [0.786      0.786      0.786      0.6932     0.786      0.786
  0.85       0.85       0.85       0.85      ]
 [0.786      0.786      0.786      0.6932     0.786      0.786
  0.85       0.85       0.85       0.85      ]
 [0.786      0.786      0.786      0.6932     0.786      0.786
  0.85       0.85       0.85       0.85      ]
 [0.786      0.786      0.786      0.6932     0.786      0.786
  0.85       0.85       0.85       0.85      ]
 [0.786      0.786      0.786      0.6932     0.786      0.786
  0.85       0.85       0.85       0.85      ]
 [0.786      0.786      0.786      0.6932     0.786      0.786
  0.85       0.85       0.85       0.85      ]
 [0.786      0.786      0.786      0.6932     0.786      0.786
  0.85       0.85       0.85       0.85      ]
 [0.786      0.786      0.786      0.6932     0.786      0.786
  0.85       0.85       0.85       0.85      ]]","[[0. 0. 0. 1. 0. 0. 0. 0. 0. 0.]
 [0. 0. 0. 1. 0. 0. 0. 0. 0. 0.]
 [0. 0. 0. 1. 0. 0. 0. 0. 0. 0.]
 [0. 0. 0. 1. 0. 0. 0. 0. 0. 0.]
 [0. 0. 0. 1. 0. 0. 0. 0. 0. 0.]
 [0. 0. 0. 1. 0. 0. 0. 0. 0. 0.]
 [0. 0. 0. 1. 0. 0. 0. 0. 0. 0.]
 [0. 0. 0. 1. 0. 0. 0. 0. 0. 0.]
 [0. 0. 0. 1. 0. 0. 0. 0. 0. 0.]
 [0. 0. 0. 1. 0. 0. 0. 0. 0. 0.]
 [0. 0. 0. 1. 0. 0. 0. 0. 0. 0.]
 [0. 0. 0. 1. 0. 0. 0. 0. 0. 0.]
 [0. 0. 0. 1. 0. 0. 0. 0. 0. 0.]
 [0. 0. 0. 1. 0. 0. 0. 0. 0. 0.]
 [0. 0. 0. 1. 0. 0. 0. 0. 0. 0.]
 [0. 0. 0. 1. 0. 0. 0. 0. 0. 0.]
 [0. 0. 0. 1. 0. 0. 0. 0. 0. 0.]
 [0. 0. 0. 1. 0. 0. 0. 0. 0. 0.]
 [0. 0. 0. 1. 0. 0. 0. 0. 0. 0.]
 [0. 0. 0. 1. 0. 0. 0. 0. 0. 0.]
 [0. 0. 0. 1. 0. 0. 0. 0. 0. 0.]
 [0. 0. 0. 1. 0. 0. 0. 0. 0. 0.]
 [0. 0. 0. 1. 0. 0. 0. 0. 0. 0.]
 [0. 0. 0. 1. 0. 0. 0. 0. 0. 0.]
 [0. 0. 0. 1. 0. 0. 0. 0. 0. 0.]
 [0. 0. 0. 1. 0. 0. 0. 0. 0. 0.]
 [0. 0. 0. 1. 0. 0. 0. 0. 0. 0.]
 [0. 0. 0. 1. 0. 0. 0. 0. 0. 0.]
 [0. 0. 0. 1. 0. 0. 0. 0. 0. 0.]
 [0. 0. 0. 1. 0. 0. 0. 0. 0. 0.]
 [0. 0. 0. 1. 0. 0. 0. 0. 0. 0.]
 [0. 0. 0. 1. 0. 0. 0. 0. 0. 0.]
 [0. 0. 0. 0. 0. 0. 0. 0. 0. 0.]
 [0. 0. 0. 0. 0. 0. 0. 0. 0. 0.]
 [0. 0. 0. 0. 0. 0. 0. 0. 0. 0.]
 [0. 0. 0. 0. 0. 0. 0. 0. 0. 0.]
 [0. 0. 0. 0. 0. 0. 0. 0. 0. 0.]
 [0. 0. 0. 0. 0. 0. 0. 0. 0. 0.]
 [0. 0. 0. 0. 0. 0. 0. 0. 0. 0.]
 [0. 0. 0. 0. 0. 0. 0. 0. 0. 0.]
 [0. 0. 0. 1. 0. 0. 0. 0. 0. 0.]
 [0. 0. 0. 1. 0. 0. 0. 0. 0. 0.]
 [0. 0. 0. 1. 0. 0. 0. 0. 0. 0.]
 [0. 0. 0. 1. 0. 0. 0. 0. 0. 0.]
 [0. 0. 0. 1. 0. 0. 0. 0. 0. 0.]
 [0. 0. 0. 1. 0. 0. 0. 0. 0. 0.]
 [0. 0. 0. 1. 0. 0. 0. 0. 0. 0.]
 [0. 0. 0. 1. 0. 0. 0. 0. 0. 0.]
 [1. 1. 1. 1. 1. 1. 1. 1. 1. 1.]
 [1. 1. 1. 1. 1. 1. 1. 1. 1. 1.]
 [1. 1. 1. 1. 1. 1. 1. 1. 1. 1.]
 [1. 1. 1. 1. 1. 1. 1. 1. 1. 1.]
 [1. 1. 1. 1. 1. 1. 1. 1. 1. 1.]
 [1. 1. 1. 1. 1. 1. 1. 1. 1. 1.]
 [1. 1. 1. 1. 1. 1. 1. 1. 1. 1.]
 [1. 1. 1. 1. 1. 1. 1. 1. 1. 1.]
 [1. 1. 1. 1. 1. 1. 1. 1. 1. 1.]]","[[0.83629452 0.         0.        ]
 [0.83629452 0.         0.        ]
 [0.83629452 0.         0.        ]
 [1.         0.         0.        ]
 [0.83629452 0.         0.        ]
 [0.83629452 0.         0.        ]
 [0.04       0.         0.        ]
 [0.04       0.         0.        ]
 [0.04       0.         0.        ]
 [0.04       0.         0.        ]]","[[80, 85, 90]]"
53,10,"[[0.4454563299900979, 0.44642967403474154, 0.4761728384360321, 0.5098783864165028, 0.4529837281111736, 0.5049200662684183, 0.3985155469911921, 0.3960834660584763, 0.3968941597027152, 0.3977048533469532]]","[[0.736      0.72210081 0.736      0.35387132 0.736      0.736
  0.8        0.8        0.8        0.8       ]
 [0.736      0.72210081 0.736      0.35387132 0.736      0.736
  0.8        0.8        0.8        0.8       ]
 [0.736      0.72210081 0.736      0.35387132 0.736      0.736
  0.8        0.8        0.8        0.8       ]
 [0.736      0.72210081 0.736      0.35387132 0.736      0.736
  0.8        0.8        0.8        0.8       ]
 [0.736      0.72210081 0.736      0.35387132 0.736      0.736
  0.8        0.8        0.8        0.8       ]
 [0.736      0.72210081 0.736      0.35387132 0.736      0.736
  0.8        0.8        0.8        0.8       ]
 [0.736      0.72210081 0.736      0.35387132 0.736      0.736
  0.8        0.8        0.8        0.8       ]
 [0.736      0.72210081 0.736      0.35387132 0.736      0.736
  0.8        0.8        0.8        0.8       ]
 [0.736      0.736      0.736      0.6432     0.34344658 0.736
  0.8        0.8        0.8        0.8       ]
 [0.736      0.736      0.736      0.6432     0.34344658 0.736
  0.8        0.8        0.8        0.8       ]
 [0.736      0.736      0.736      0.6432     0.34344658 0.736
  0.8        0.8        0.8        0.8       ]
 [0.736      0.736      0.736      0.6432     0.34344658 0.736
  0.8        0.8        0.8        0.8       ]
 [0.736      0.736      0.736      0.6432     0.34344658 0.736
  0.8        0.8        0.8        0.8       ]
 [0.736      0.736      0.736      0.6432     0.34344658 0.736
  0.8        0.8        0.8        0.8       ]
 [0.736      0.736      0.736      0.6432     0.34344658 0.736
  0.8        0.8        0.8        0.8       ]
 [0.736      0.736      0.736      0.6432     0.34344658 0.736
  0.8        0.8        0.8        0.8       ]
 [0.736      0.736      0.64822949 0.6432     0.18220514 0.72737017
  0.8        0.8        0.8        0.8       ]
 [0.736      0.736      0.64822949 0.6432     0.18220514 0.72737017
  0.8        0.8        0.8        0.8       ]
 [0.736      0.736      0.64822949 0.6432     0.18220514 0.72737017
  0.8        0.8        0.8        0.8       ]
 [0.736      0.736      0.64822949 0.6432     0.18220514 0.72737017
  0.8        0.8        0.8        0.8       ]
 [0.736      0.736      0.64822949 0.6432     0.18220514 0.72737017
  0.8        0.8        0.8        0.8       ]
 [0.736      0.736      0.64822949 0.6432     0.18220514 0.72737017
  0.8        0.8        0.8        0.8       ]
 [0.736      0.736      0.64822949 0.6432     0.18220514 0.72737017
  0.8        0.8        0.8        0.8       ]
 [0.736      0.736      0.64822949 0.6432     0.18220514 0.72737017
  0.8        0.8        0.8        0.8       ]
 [0.736      0.736      0.58341605 0.25930744 0.34513734 0.55784371
  0.8        0.8        0.8        0.8       ]
 [0.736      0.736      0.58341605 0.25930744 0.34513734 0.55784371
  0.8        0.8        0.8        0.8       ]
 [0.736      0.736      0.58341605 0.25930744 0.34513734 0.55784371
  0.8        0.8        0.8        0.8       ]
 [0.736      0.736      0.58341605 0.25930744 0.34513734 0.55784371
  0.8        0.8        0.8        0.8       ]
 [0.736      0.736      0.58341605 0.25930744 0.34513734 0.55784371
  0.8        0.8        0.8        0.8       ]
 [0.736      0.736      0.58341605 0.25930744 0.34513734 0.55784371
  0.8        0.8        0.8        0.8       ]
 [0.736      0.736      0.58341605 0.25930744 0.34513734 0.55784371
  0.8        0.8        0.8        0.8       ]
 [0.736      0.736      0.58341605 0.25930744 0.34513734 0.55784371
  0.8        0.8        0.8        0.8       ]
 [0.42307439 0.33096227 0.69685989 0.17350545 0.736      0.60738634
  0.5767164  0.5735369  0.57439346 0.57530532]
 [0.42307439 0.33096227 0.69685989 0.17350545 0.736      0.60738634
  0.5767164  0.5735369  0.57439346 0.57530532]
 [0.42307439 0.33096227 0.69685989 0.17350545 0.736      0.60738634
  0.5767164  0.5735369  0.57439346 0.57530532]
 [0.42307439 0.33096227 0.69685989 0.17350545 0.736      0.60738634
  0.5767164  0.5735369  0.57439346 0.57530532]
 [0.42307439 0.33096227 0.69685989 0.17350545 0.736      0.60738634
  0.5767164  0.5735369  0.57439346 0.57530532]
 [0.42307439 0.33096227 0.69685989 0.17350545 0.736      0.60738634
  0.5767164  0.5735369  0.57439346 0.57530532]
 [0.42307439 0.33096227 0.69685989 0.17350545 0.736      0.60738634
  0.5767164  0.5735369  0.57439346 0.57530532]
 [0.42307439 0.33096227 0.69685989 0.17350545 0.736      0.60738634
  0.5767164  0.5735369  0.57439346 0.57530532]
 [0.56580788 0.61440647 0.41934537 0.6432     0.         0.54671152
  0.55959324 0.56396714 0.56315108 0.56180808]
 [0.56580788 0.61440647 0.41934537 0.6432     0.         0.54671152
  0.55959324 0.56396714 0.56315108 0.56180808]
 [0.56580788 0.61440647 0.41934537 0.6432     0.         0.54671152
  0.55959324 0.56396714 0.56315108 0.56180808]
 [0.56580788 0.61440647 0.41934537 0.6432     0.         0.54671152
  0.55959324 0.56396714 0.56315108 0.56180808]
 [0.56580788 0.61440647 0.41934537 0.6432     0.         0.54671152
  0.55959324 0.56396714 0.56315108 0.56180808]
 [0.56580788 0.61440647 0.41934537 0.6432     0.         0.54671152
  0.55959324 0.56396714 0.56315108 0.56180808]
 [0.56580788 0.61440647 0.41934537 0.6432     0.         0.54671152
  0.55959324 0.56396714 0.56315108 0.56180808]
 [0.56580788 0.61440647 0.41934537 0.6432     0.         0.54671152
  0.55959324 0.56396714 0.56315108 0.56180808]
 [0.786      0.786      0.786      0.6932     0.786      0.786
  0.85       0.85       0.85       0.85      ]
 [0.786      0.786      0.786      0.6932     0.786      0.786
  0.85       0.85       0.85       0.85      ]
 [0.786      0.786      0.786      0.6932     0.786      0.786
  0.85       0.85       0.85       0.85      ]
 [0.786      0.786      0.786      0.6932     0.786      0.786
  0.85       0.85       0.85       0.85      ]
 [0.786      0.786      0.786      0.6932     0.786      0.786
  0.85       0.85       0.85       0.85      ]]","[[0. 0. 0. 0. 0. 0. 1. 1. 1. 1.]
 [0. 0. 0. 0. 0. 0. 1. 1. 1. 1.]
 [0. 0. 0. 0. 0. 0. 1. 1. 1. 1.]
 [0. 0. 0. 0. 0. 0. 1. 1. 1. 1.]
 [0. 0. 0. 0. 0. 0. 1. 1. 1. 1.]
 [0. 0. 0. 0. 0. 0. 1. 1. 1. 1.]
 [0. 0. 0. 0. 0. 0. 1. 1. 1. 1.]
 [0. 0. 0. 0. 0. 0. 1. 1. 1. 1.]
 [0. 0. 0. 1. 0. 0. 1. 1. 1. 1.]
 [0. 0. 0. 1. 0. 0. 1. 1. 1. 1.]
 [0. 0. 0. 1. 0. 0. 1. 1. 1. 1.]
 [0. 0. 0. 1. 0. 0. 1. 1. 1. 1.]
 [0. 0. 0. 1. 0. 0. 1. 1. 1. 1.]
 [0. 0. 0. 1. 0. 0. 1. 1. 1. 1.]
 [0. 0. 0. 1. 0. 0. 1. 1. 1. 1.]
 [0. 0. 0. 1. 0. 0. 1. 1. 1. 1.]
 [0. 0. 0. 1. 0. 0. 1. 1. 1. 1.]
 [0. 0. 0. 1. 0. 0. 1. 1. 1. 1.]
 [0. 0. 0. 1. 0. 0. 1. 1. 1. 1.]
 [0. 0. 0. 1. 0. 0. 1. 1. 1. 1.]
 [0. 0. 0. 1. 0. 0. 1. 1. 1. 1.]
 [0. 0. 0. 1. 0. 0. 1. 1. 1. 1.]
 [0. 0. 0. 1. 0. 0. 1. 1. 1. 1.]
 [0. 0. 0. 1. 0. 0. 1. 1. 1. 1.]
 [0. 0. 0. 0. 0. 0. 1. 1. 1. 1.]
 [0. 0. 0. 0. 0. 0. 1. 1. 1. 1.]
 [0. 0. 0. 0. 0. 0. 1. 1. 1. 1.]
 [0. 0. 0. 0. 0. 0. 1. 1. 1. 1.]
 [0. 0. 0. 0. 0. 0. 1. 1. 1. 1.]
 [0. 0. 0. 0. 0. 0. 1. 1. 1. 1.]
 [0. 0. 0. 0. 0. 0. 1. 1. 1. 1.]
 [0. 0. 0. 0. 0. 0. 1. 1. 1. 1.]
 [0. 0. 0. 0. 0. 0. 1. 1. 1. 1.]
 [0. 0. 0. 0. 0. 0. 1. 1. 1. 1.]
 [0. 0. 0. 0. 0. 0. 1. 1. 1. 1.]
 [0. 0. 0. 0. 0. 0. 1. 1. 1. 1.]
 [0. 0. 0. 0. 0. 0. 1. 1. 1. 1.]
 [0. 0. 0. 0. 0. 0. 1. 1. 1. 1.]
 [0. 0. 0. 0. 0. 0. 1. 1. 1. 1.]
 [0. 0. 0. 0. 0. 0. 1. 1. 1. 1.]
 [0. 0. 0. 1. 0. 0. 1. 1. 1. 1.]
 [0. 0. 0. 1. 0. 0. 1. 1. 1. 1.]
 [0. 0. 0. 1. 0. 0. 1. 1. 1. 1.]
 [0. 0. 0. 1. 0. 0. 1. 1. 1. 1.]
 [0. 0. 0. 1. 0. 0. 1. 1. 1. 1.]
 [0. 0. 0. 1. 0. 0. 1. 1. 1. 1.]
 [0. 0. 0. 1. 0. 0. 1. 1. 1. 1.]
 [0. 0. 0. 1. 0. 0. 1. 1. 1. 1.]
 [1. 1. 1. 1. 1. 1. 1. 1. 1. 1.]
 [1. 1. 1. 1. 1. 1. 1. 1. 1. 1.]
 [1. 1. 1. 1. 1. 1. 1. 1. 1. 1.]
 [1. 1. 1. 1. 1. 1. 1. 1. 1. 1.]
 [1. 1. 1. 1. 1. 1. 1. 1. 1. 1.]]","[[0.83629452 0.         0.        ]
 [0.83629452 0.         0.        ]
 [0.83629452 0.         0.        ]
 [1.         0.         0.        ]
 [0.83629452 0.         0.        ]
 [0.83629452 0.         0.        ]
 [0.04       0.         0.        ]
 [0.04       0.         0.        ]
 [0.04       0.         0.        ]
 [0.04       0.         0.        ]]","[[80, 85, 90]]"
53,9,"[[0.5049456018206868, 0.4448651560806299, 0.5236592747446546, 0.4774927664823659, 0.5237596623329247, 0.3741947376640385, 0.3613252371051066, 0.3667298614000312, 0.37213448569495317]]","[[0.736      0.736      0.736      0.66673833 0.736      0.8
  0.8        0.8        0.8       ]
 [0.736      0.736      0.736      0.66673833 0.736      0.8
  0.8        0.8        0.8       ]
 [0.736      0.736      0.736      0.66673833 0.736      0.8
  0.8        0.8        0.8       ]
 [0.736      0.736      0.736      0.66673833 0.736      0.8
  0.8        0.8        0.8       ]
 [0.736      0.736      0.736      0.66673833 0.736      0.8
  0.8        0.8        0.8       ]
 [0.736      0.736      0.736      0.66673833 0.736      0.8
  0.8        0.8        0.8       ]
 [0.736      0.736      0.736      0.66673833 0.736      0.8
  0.8        0.8        0.8       ]
 [0.736      0.736      0.736      0.66673833 0.736      0.8
  0.8        0.8        0.8       ]
 [0.736      0.736      0.736      0.29325243 0.68069522 0.8
  0.8        0.8        0.8       ]
 [0.736      0.736      0.736      0.29325243 0.68069522 0.8
  0.8        0.8        0.8       ]
 [0.736      0.736      0.736      0.29325243 0.68069522 0.8
  0.8        0.8        0.8       ]
 [0.736      0.736      0.736      0.29325243 0.68069522 0.8
  0.8        0.8        0.8       ]
 [0.736      0.736      0.736      0.29325243 0.68069522 0.8
  0.8        0.8        0.8       ]
 [0.736      0.736      0.736      0.29325243 0.68069522 0.8
  0.8        0.8        0.8       ]
 [0.736      0.736      0.736      0.29325243 0.68069522 0.8
  0.8        0.8        0.8       ]
 [0.736      0.736      0.736      0.29325243 0.68069522 0.8
  0.8        0.8        0.8       ]
 [0.65108308 0.65222064 0.736      0.10769125 0.736      0.8
  0.8        0.8        0.8       ]
 [0.65108308 0.65222064 0.736      0.10769125 0.736      0.8
  0.8        0.8        0.8       ]
 [0.65108308 0.65222064 0.736      0.10769125 0.736      0.8
  0.8        0.8        0.8       ]
 [0.65108308 0.65222064 0.736      0.10769125 0.736      0.8
  0.8        0.8        0.8       ]
 [0.65108308 0.65222064 0.736      0.10769125 0.736      0.8
  0.8        0.8        0.8       ]
 [0.65108308 0.65222064 0.736      0.10769125 0.736      0.8
  0.8        0.8        0.8       ]
 [0.65108308 0.65222064 0.736      0.10769125 0.736      0.8
  0.8        0.8        0.8       ]
 [0.65108308 0.65222064 0.736      0.10769125 0.736      0.8
  0.8        0.8        0.8       ]
 [0.68018153 0.63418165 0.736      0.26070906 0.736      0.8
  0.8        0.8        0.8       ]
 [0.68018153 0.63418165 0.736      0.26070906 0.736      0.8
  0.8        0.8        0.8       ]
 [0.68018153 0.63418165 0.736      0.26070906 0.736      0.8
  0.8        0.8        0.8       ]
 [0.68018153 0.63418165 0.736      0.26070906 0.736      0.8
  0.8        0.8        0.8       ]
 [0.68018153 0.63418165 0.736      0.26070906 0.736      0.8
  0.8        0.8        0.8       ]
 [0.68018153 0.63418165 0.736      0.26070906 0.736      0.8
  0.8        0.8        0.8       ]
 [0.68018153 0.63418165 0.736      0.26070906 0.736      0.8
  0.8        0.8        0.8       ]
 [0.68018153 0.63418165 0.736      0.26070906 0.736      0.8
  0.8        0.8        0.8       ]
 [0.64967617 0.67710462 0.36257784 0.736      0.36169279 0.52674022
  0.52607102 0.5262586  0.52647793]
 [0.64967617 0.67710462 0.36257784 0.736      0.36169279 0.52674022
  0.52607102 0.5262586  0.52647793]
 [0.64967617 0.67710462 0.36257784 0.736      0.36169279 0.52674022
  0.52607102 0.5262586  0.52647793]
 [0.64967617 0.67710462 0.36257784 0.736      0.36169279 0.52674022
  0.52607102 0.5262586  0.52647793]
 [0.64967617 0.67710462 0.36257784 0.736      0.36169279 0.52674022
  0.52607102 0.5262586  0.52647793]
 [0.64967617 0.67710462 0.36257784 0.736      0.36169279 0.52674022
  0.52607102 0.5262586  0.52647793]
 [0.64967617 0.67710462 0.36257784 0.736      0.36169279 0.52674022
  0.52607102 0.5262586  0.52647793]
 [0.64967617 0.67710462 0.36257784 0.736      0.36169279 0.52674022
  0.52607102 0.5262586  0.52647793]
 [0.36193712 0.39033272 0.58001626 0.         0.50824007 0.60740799
  0.60804355 0.60787394 0.60766703]
 [0.36193712 0.39033272 0.58001626 0.         0.50824007 0.60740799
  0.60804355 0.60787394 0.60766703]
 [0.36193712 0.39033272 0.58001626 0.         0.50824007 0.60740799
  0.60804355 0.60787394 0.60766703]
 [0.36193712 0.39033272 0.58001626 0.         0.50824007 0.60740799
  0.60804355 0.60787394 0.60766703]
 [0.36193712 0.39033272 0.58001626 0.         0.50824007 0.60740799
  0.60804355 0.60787394 0.60766703]
 [0.36193712 0.39033272 0.58001626 0.         0.50824007 0.60740799
  0.60804355 0.60787394 0.60766703]
 [0.36193712 0.39033272 0.58001626 0.         0.50824007 0.60740799
  0.60804355 0.60787394 0.60766703]
 [0.36193712 0.39033272 0.58001626 0.         0.50824007 0.60740799
  0.60804355 0.60787394 0.60766703]
 [0.786      0.786      0.786      0.786      0.786      0.85
  0.85       0.85       0.85      ]
 [0.786      0.786      0.786      0.786      0.786      0.85
  0.85       0.85       0.85      ]
 [0.786      0.786      0.786      0.786      0.786      0.85
  0.85       0.85       0.85      ]
 [0.786      0.786      0.786      0.786      0.786      0.85
  0.85       0.85       0.85      ]
 [0.786      0.786      0.786      0.786      0.786      0.85
  0.85       0.85       0.85      ]]","[[0. 0. 0. 0. 0. 1. 1. 1. 1.]
 [0. 0. 0. 0. 0. 1. 1. 1. 1.]
 [0. 0. 0. 0. 0. 1. 1. 1. 1.]
 [0. 0. 0. 0. 0. 1. 1. 1. 1.]
 [0. 0. 0. 0. 0. 1. 1. 1. 1.]
 [0. 0. 0. 0. 0. 1. 1. 1. 1.]
 [0. 0. 0. 0. 0. 1. 1. 1. 1.]
 [0. 0. 0. 0. 0. 1. 1. 1. 1.]
 [0. 0. 0. 0. 0. 1. 1. 1. 1.]
 [0. 0. 0. 0. 0. 1. 1. 1. 1.]
 [0. 0. 0. 0. 0. 1. 1. 1. 1.]
 [0. 0. 0. 0. 0. 1. 1. 1. 1.]
 [0. 0. 0. 0. 0. 1. 1. 1. 1.]
 [0. 0. 0. 0. 0. 1. 1. 1. 1.]
 [0. 0. 0. 0. 0. 1. 1. 1. 1.]
 [0. 0. 0. 0. 0. 1. 1. 1. 1.]
 [0. 0. 0. 0. 0. 1. 1. 1. 1.]
 [0. 0. 0. 0. 0. 1. 1. 1. 1.]
 [0. 0. 0. 0. 0. 1. 1. 1. 1.]
 [0. 0. 0. 0. 0. 1. 1. 1. 1.]
 [0. 0. 0. 0. 0. 1. 1. 1. 1.]
 [0. 0. 0. 0. 0. 1. 1. 1. 1.]
 [0. 0. 0. 0. 0. 1. 1. 1. 1.]
 [0. 0. 0. 0. 0. 1. 1. 1. 1.]
 [0. 0. 0. 0. 0. 1. 1. 1. 1.]
 [0. 0. 0. 0. 0. 1. 1. 1. 1.]
 [0. 0. 0. 0. 0. 1. 1. 1. 1.]
 [0. 0. 0. 0. 0. 1. 1. 1. 1.]
 [0. 0. 0. 0. 0. 1. 1. 1. 1.]
 [0. 0. 0. 0. 0. 1. 1. 1. 1.]
 [0. 0. 0. 0. 0. 1. 1. 1. 1.]
 [0. 0. 0. 0. 0. 1. 1. 1. 1.]
 [0. 0. 0. 0. 0. 1. 1. 1. 1.]
 [0. 0. 0. 0. 0. 1. 1. 1. 1.]
 [0. 0. 0. 0. 0. 1. 1. 1. 1.]
 [0. 0. 0. 0. 0. 1. 1. 1. 1.]
 [0. 0. 0. 0. 0. 1. 1. 1. 1.]
 [0. 0. 0. 0. 0. 1. 1. 1. 1.]
 [0. 0. 0. 0. 0. 1. 1. 1. 1.]
 [0. 0. 0. 0. 0. 1. 1. 1. 1.]
 [0. 0. 0. 0. 0. 1. 1. 1. 1.]
 [0. 0. 0. 0. 0. 1. 1. 1. 1.]
 [0. 0. 0. 0. 0. 1. 1. 1. 1.]
 [0. 0. 0. 0. 0. 1. 1. 1. 1.]
 [0. 0. 0. 0. 0. 1. 1. 1. 1.]
 [0. 0. 0. 0. 0. 1. 1. 1. 1.]
 [0. 0. 0. 0. 0. 1. 1. 1. 1.]
 [0. 0. 0. 0. 0. 1. 1. 1. 1.]
 [1. 1. 1. 1. 1. 1. 1. 1. 1.]
 [1. 1. 1. 1. 1. 1. 1. 1. 1.]
 [1. 1. 1. 1. 1. 1. 1. 1. 1.]
 [1. 1. 1. 1. 1. 1. 1. 1. 1.]
 [1. 1. 1. 1. 1. 1. 1. 1. 1.]]","[[0.83629452 0.         0.        ]
 [0.83629452 0.         0.        ]
 [0.83629452 0.         0.        ]
 [0.         0.83629452 0.        ]
 [0.83629452 0.         0.        ]
 [0.04       0.         0.        ]
 [0.04       0.         0.        ]
 [0.04       0.         0.        ]
 [0.04       0.         0.        ]]","[[80, 85, 90]]"
57,9,"[[0.4468297957712897, 0.5231743516881309, 0.44595601069452234, 0.449451393424447, 0.4456288731689124, 0.45372987107706614, 0.1395427540356287, 0.4554505968724554, 0.13862167812048348]]","[[0.736      0.736      0.736      0.736      0.736      0.8
  0.8        0.8        0.8       ]
 [0.736      0.736      0.736      0.736      0.736      0.8
  0.8        0.8        0.8       ]
 [0.736      0.736      0.736      0.736      0.736      0.8
  0.8        0.8        0.8       ]
 [0.736      0.736      0.736      0.736      0.736      0.8
  0.8        0.8        0.8       ]
 [0.736      0.736      0.736      0.736      0.736      0.8
  0.8        0.8        0.8       ]
 [0.736      0.736      0.736      0.736      0.736      0.8
  0.8        0.8        0.8       ]
 [0.736      0.736      0.736      0.736      0.736      0.8
  0.8        0.8        0.8       ]
 [0.736      0.736      0.736      0.736      0.736      0.8
  0.8        0.8        0.8       ]
 [0.736      0.736      0.71767274 0.52549038 0.736      0.61163394
  0.61073197 0.61125072 0.61233659]
 [0.736      0.736      0.71767274 0.52549038 0.736      0.61163394
  0.61073197 0.61125072 0.61233659]
 [0.736      0.736      0.71767274 0.52549038 0.736      0.61163394
  0.61073197 0.61125072 0.61233659]
 [0.736      0.736      0.71767274 0.52549038 0.736      0.61163394
  0.61073197 0.61125072 0.61233659]
 [0.736      0.736      0.71767274 0.52549038 0.736      0.61163394
  0.61073197 0.61125072 0.61233659]
 [0.736      0.736      0.71767274 0.52549038 0.736      0.61163394
  0.61073197 0.61125072 0.61233659]
 [0.736      0.736      0.71767274 0.52549038 0.736      0.61163394
  0.61073197 0.61125072 0.61233659]
 [0.736      0.736      0.71767274 0.52549038 0.736      0.61163394
  0.61073197 0.61125072 0.61233659]
 [0.736      0.736      0.736      0.37738745 0.736      0.45895758
  0.46970323 0.46602617 0.4716602 ]
 [0.736      0.736      0.736      0.37738745 0.736      0.45895758
  0.46970323 0.46602617 0.4716602 ]
 [0.736      0.736      0.736      0.37738745 0.736      0.45895758
  0.46970323 0.46602617 0.4716602 ]
 [0.736      0.736      0.736      0.37738745 0.736      0.45895758
  0.46970323 0.46602617 0.4716602 ]
 [0.736      0.736      0.736      0.37738745 0.736      0.45895758
  0.46970323 0.46602617 0.4716602 ]
 [0.736      0.736      0.736      0.37738745 0.736      0.45895758
  0.46970323 0.46602617 0.4716602 ]
 [0.736      0.736      0.736      0.37738745 0.736      0.45895758
  0.46970323 0.46602617 0.4716602 ]
 [0.736      0.736      0.736      0.37738745 0.736      0.45895758
  0.46970323 0.46602617 0.4716602 ]
 [0.64451066 0.736      0.736      0.50105454 0.736      0.57190681
  0.59012314 0.58369841 0.59168899]
 [0.64451066 0.736      0.736      0.50105454 0.736      0.57190681
  0.59012314 0.58369841 0.59168899]
 [0.64451066 0.736      0.736      0.50105454 0.736      0.57190681
  0.59012314 0.58369841 0.59168899]
 [0.64451066 0.736      0.736      0.50105454 0.736      0.57190681
  0.59012314 0.58369841 0.59168899]
 [0.64451066 0.736      0.736      0.50105454 0.736      0.57190681
  0.59012314 0.58369841 0.59168899]
 [0.64451066 0.736      0.736      0.50105454 0.736      0.57190681
  0.59012314 0.58369841 0.59168899]
 [0.64451066 0.736      0.736      0.50105454 0.736      0.57190681
  0.59012314 0.58369841 0.59168899]
 [0.64451066 0.736      0.736      0.50105454 0.736      0.57190681
  0.59012314 0.58369841 0.59168899]
 [0.51629932 0.44901149 0.36602354 0.736      0.42946611 0.8
  0.8        0.8        0.8       ]
 [0.51629932 0.44901149 0.36602354 0.736      0.42946611 0.8
  0.8        0.8        0.8       ]
 [0.51629932 0.44901149 0.36602354 0.736      0.42946611 0.8
  0.8        0.8        0.8       ]
 [0.51629932 0.44901149 0.36602354 0.736      0.42946611 0.8
  0.8        0.8        0.8       ]
 [0.51629932 0.44901149 0.36602354 0.736      0.42946611 0.8
  0.8        0.8        0.8       ]
 [0.51629932 0.44901149 0.36602354 0.736      0.42946611 0.8
  0.8        0.8        0.8       ]
 [0.51629932 0.44901149 0.36602354 0.736      0.42946611 0.8
  0.8        0.8        0.8       ]
 [0.51629932 0.44901149 0.36602354 0.736      0.42946611 0.8
  0.8        0.8        0.8       ]
 [0.59574688 0.55591778 0.54936649 0.09648362 0.51319549 0.18146691
  0.18629866 0.18474041 0.18816488]
 [0.59574688 0.55591778 0.54936649 0.09648362 0.51319549 0.18146691
  0.18629866 0.18474041 0.18816488]
 [0.59574688 0.55591778 0.54936649 0.09648362 0.51319549 0.18146691
  0.18629866 0.18474041 0.18816488]
 [0.59574688 0.55591778 0.54936649 0.09648362 0.51319549 0.18146691
  0.18629866 0.18474041 0.18816488]
 [0.59574688 0.55591778 0.54936649 0.09648362 0.51319549 0.18146691
  0.18629866 0.18474041 0.18816488]
 [0.59574688 0.55591778 0.54936649 0.09648362 0.51319549 0.18146691
  0.18629866 0.18474041 0.18816488]
 [0.59574688 0.55591778 0.54936649 0.09648362 0.51319549 0.18146691
  0.18629866 0.18474041 0.18816488]
 [0.59574688 0.55591778 0.54936649 0.09648362 0.51319549 0.18146691
  0.18629866 0.18474041 0.18816488]
 [0.786      0.786      0.786      0.786      0.786      0.85
  0.85       0.85       0.85      ]
 [0.786      0.786      0.786      0.786      0.786      0.85
  0.85       0.85       0.85      ]
 [0.786      0.786      0.786      0.786      0.786      0.85
  0.85       0.85       0.85      ]
 [0.786      0.786      0.786      0.786      0.786      0.85
  0.85       0.85       0.85      ]
 [0.786      0.786      0.786      0.786      0.786      0.85
  0.85       0.85       0.85      ]
 [0.786      0.786      0.786      0.786      0.786      0.85
  0.85       0.85       0.85      ]
 [0.786      0.786      0.786      0.786      0.786      0.85
  0.85       0.85       0.85      ]
 [0.786      0.786      0.786      0.786      0.786      0.85
  0.85       0.85       0.85      ]
 [0.786      0.786      0.786      0.786      0.786      0.85
  0.85       0.85       0.85      ]]","[[0. 0. 0. 0. 0. 0. 0. 0. 0.]
 [0. 0. 0. 0. 0. 0. 0. 0. 0.]
 [0. 0. 0. 0. 0. 0. 0. 0. 0.]
 [0. 0. 0. 0. 0. 0. 0. 0. 0.]
 [0. 0. 0. 0. 0. 0. 0. 0. 0.]
 [0. 0. 0. 0. 0. 0. 0. 0. 0.]
 [0. 0. 0. 0. 0. 0. 0. 0. 0.]
 [0. 0. 0. 0. 0. 0. 0. 0. 0.]
 [0. 0. 0. 0. 0. 0. 0. 0. 0.]
 [0. 0. 0. 0. 0. 0. 0. 0. 0.]
 [0. 0. 0. 0. 0. 0. 0. 0. 0.]
 [0. 0. 0. 0. 0. 0. 0. 0. 0.]
 [0. 0. 0. 0. 0. 0. 0. 0. 0.]
 [0. 0. 0. 0. 0. 0. 0. 0. 0.]
 [0. 0. 0. 0. 0. 0. 0. 0. 0.]
 [0. 0. 0. 0. 0. 0. 0. 0. 0.]
 [0. 0. 0. 0. 0. 0. 0. 0. 0.]
 [0. 0. 0. 0. 0. 0. 0. 0. 0.]
 [0. 0. 0. 0. 0. 0. 0. 0. 0.]
 [0. 0. 0. 0. 0. 0. 0. 0. 0.]
 [0. 0. 0. 0. 0. 0. 0. 0. 0.]
 [0. 0. 0. 0. 0. 0. 0. 0. 0.]
 [0. 0. 0. 0. 0. 0. 0. 0. 0.]
 [0. 0. 0. 0. 0. 0. 0. 0. 0.]
 [0. 0. 0. 0. 0. 0. 0. 0. 0.]
 [0. 0. 0. 0. 0. 0. 0. 0. 0.]
 [0. 0. 0. 0. 0. 0. 0. 0. 0.]
 [0. 0. 0. 0. 0. 0. 0. 0. 0.]
 [0. 0. 0. 0. 0. 0. 0. 0. 0.]
 [0. 0. 0. 0. 0. 0. 0. 0. 0.]
 [0. 0. 0. 0. 0. 0. 0. 0. 0.]
 [0. 0. 0. 0. 0. 0. 0. 0. 0.]
 [0. 0. 0. 0. 0. 0. 0. 0. 0.]
 [0. 0. 0. 0. 0. 0. 0. 0. 0.]
 [0. 0. 0. 0. 0. 0. 0. 0. 0.]
 [0. 0. 0. 0. 0. 0. 0. 0. 0.]
 [0. 0. 0. 0. 0. 0. 0. 0. 0.]
 [0. 0. 0. 0. 0. 0. 0. 0. 0.]
 [0. 0. 0. 0. 0. 0. 0. 0. 0.]
 [0. 0. 0. 0. 0. 0. 0. 0. 0.]
 [0. 0. 0. 0. 0. 0. 0. 0. 0.]
 [0. 0. 0. 0. 0. 0. 0. 0. 0.]
 [0. 0. 0. 0. 0. 0. 0. 0. 0.]
 [0. 0. 0. 0. 0. 0. 0. 0. 0.]
 [0. 0. 0. 0. 0. 0. 0. 0. 0.]
 [0. 0. 0. 0. 0. 0. 0. 0. 0.]
 [0. 0. 0. 0. 0. 0. 0. 0. 0.]
 [0. 0. 0. 0. 0. 0. 0. 0. 0.]
 [1. 1. 1. 1. 1. 1. 1. 1. 1.]
 [1. 1. 1. 1. 1. 1. 1. 1. 1.]
 [1. 1. 1. 1. 1. 1. 1. 1. 1.]
 [1. 1. 1. 1. 1. 1. 1. 1. 1.]
 [1. 1. 1. 1. 1. 1. 1. 1. 1.]
 [1. 1. 1. 1. 1. 1. 1. 1. 1.]
 [1. 1. 1. 1. 1. 1. 1. 1. 1.]
 [1. 1. 1. 1. 1. 1. 1. 1. 1.]
 [1. 1. 1. 1. 1. 1. 1. 1. 1.]]","[[0.83629452 0.         0.        ]
 [0.83629452 0.         0.        ]
 [0.83629452 0.         0.        ]
 [0.83629452 0.         0.        ]
 [0.83629452 0.         0.        ]
 [0.04       0.         0.        ]
 [0.04       0.         0.        ]
 [0.         0.         0.04      ]
 [0.04       0.         0.        ]]","[[80, 85, 90]]"
57,9,"[[0.521438168401374, 0.4473671405559405, 0.5007126535081222, 0.5006839407287809, 0.507104245479164, 0.42564622211066233, 0.11151045791220376, 0.42770795842698833, 0.11059842756243526]]","[[0.736      0.67811931 0.736      0.736      0.736      0.8
  0.8        0.8        0.8       ]
 [0.736      0.67811931 0.736      0.736      0.736      0.8
  0.8        0.8        0.8       ]
 [0.736      0.67811931 0.736      0.736      0.736      0.8
  0.8        0.8        0.8       ]
 [0.736      0.67811931 0.736      0.736      0.736      0.8
  0.8        0.8        0.8       ]
 [0.736      0.67811931 0.736      0.736      0.736      0.8
  0.8        0.8        0.8       ]
 [0.736      0.67811931 0.736      0.736      0.736      0.8
  0.8        0.8        0.8       ]
 [0.736      0.67811931 0.736      0.736      0.736      0.8
  0.8        0.8        0.8       ]
 [0.736      0.67811931 0.736      0.736      0.736      0.8
  0.8        0.8        0.8       ]
 [0.736      0.70947448 0.736      0.72725065 0.736      0.8
  0.8        0.8        0.8       ]
 [0.736      0.70947448 0.736      0.72725065 0.736      0.8
  0.8        0.8        0.8       ]
 [0.736      0.70947448 0.736      0.72725065 0.736      0.8
  0.8        0.8        0.8       ]
 [0.736      0.70947448 0.736      0.72725065 0.736      0.8
  0.8        0.8        0.8       ]
 [0.736      0.70947448 0.736      0.72725065 0.736      0.8
  0.8        0.8        0.8       ]
 [0.736      0.70947448 0.736      0.72725065 0.736      0.8
  0.8        0.8        0.8       ]
 [0.736      0.70947448 0.736      0.72725065 0.736      0.8
  0.8        0.8        0.8       ]
 [0.736      0.70947448 0.736      0.72725065 0.736      0.8
  0.8        0.8        0.8       ]
 [0.736      0.736      0.65758653 0.65665604 0.72183809 0.8
  0.8        0.8        0.8       ]
 [0.736      0.736      0.65758653 0.65665604 0.72183809 0.8
  0.8        0.8        0.8       ]
 [0.736      0.736      0.65758653 0.65665604 0.72183809 0.8
  0.8        0.8        0.8       ]
 [0.736      0.736      0.65758653 0.65665604 0.72183809 0.8
  0.8        0.8        0.8       ]
 [0.736      0.736      0.65758653 0.65665604 0.72183809 0.8
  0.8        0.8        0.8       ]
 [0.736      0.736      0.65758653 0.65665604 0.72183809 0.8
  0.8        0.8        0.8       ]
 [0.736      0.736      0.65758653 0.65665604 0.72183809 0.8
  0.8        0.8        0.8       ]
 [0.736      0.736      0.65758653 0.65665604 0.72183809 0.8
  0.8        0.8        0.8       ]
 [0.69401897 0.736      0.56274452 0.69970835 0.53845374 0.8
  0.8        0.8        0.8       ]
 [0.69401897 0.736      0.56274452 0.69970835 0.53845374 0.8
  0.8        0.8        0.8       ]
 [0.69401897 0.736      0.56274452 0.69970835 0.53845374 0.8
  0.8        0.8        0.8       ]
 [0.69401897 0.736      0.56274452 0.69970835 0.53845374 0.8
  0.8        0.8        0.8       ]
 [0.69401897 0.736      0.56274452 0.69970835 0.53845374 0.8
  0.8        0.8        0.8       ]
 [0.69401897 0.736      0.56274452 0.69970835 0.53845374 0.8
  0.8        0.8        0.8       ]
 [0.69401897 0.736      0.56274452 0.69970835 0.53845374 0.8
  0.8        0.8        0.8       ]
 [0.69401897 0.736      0.56274452 0.69970835 0.53845374 0.8
  0.8        0.8        0.8       ]
 [0.5173806  0.28539147 0.68895652 0.63308654 0.60474621 0.61335107
  0.60985246 0.61014286 0.6114104 ]
 [0.5173806  0.28539147 0.68895652 0.63308654 0.60474621 0.61335107
  0.60985246 0.61014286 0.6114104 ]
 [0.5173806  0.28539147 0.68895652 0.63308654 0.60474621 0.61335107
  0.60985246 0.61014286 0.6114104 ]
 [0.5173806  0.28539147 0.68895652 0.63308654 0.60474621 0.61335107
  0.60985246 0.61014286 0.6114104 ]
 [0.5173806  0.28539147 0.68895652 0.63308654 0.60474621 0.61335107
  0.60985246 0.61014286 0.6114104 ]
 [0.5173806  0.28539147 0.68895652 0.63308654 0.60474621 0.61335107
  0.60985246 0.61014286 0.6114104 ]
 [0.5173806  0.28539147 0.68895652 0.63308654 0.60474621 0.61335107
  0.60985246 0.61014286 0.6114104 ]
 [0.5173806  0.28539147 0.68895652 0.63308654 0.60474621 0.61335107
  0.60985246 0.61014286 0.6114104 ]
 [0.55594269 0.63203332 0.44746642 0.35828048 0.55744358 0.52159513
  0.52155487 0.52260712 0.51986835]
 [0.55594269 0.63203332 0.44746642 0.35828048 0.55744358 0.52159513
  0.52155487 0.52260712 0.51986835]
 [0.55594269 0.63203332 0.44746642 0.35828048 0.55744358 0.52159513
  0.52155487 0.52260712 0.51986835]
 [0.55594269 0.63203332 0.44746642 0.35828048 0.55744358 0.52159513
  0.52155487 0.52260712 0.51986835]
 [0.55594269 0.63203332 0.44746642 0.35828048 0.55744358 0.52159513
  0.52155487 0.52260712 0.51986835]
 [0.55594269 0.63203332 0.44746642 0.35828048 0.55744358 0.52159513
  0.52155487 0.52260712 0.51986835]
 [0.55594269 0.63203332 0.44746642 0.35828048 0.55744358 0.52159513
  0.52155487 0.52260712 0.51986835]
 [0.55594269 0.63203332 0.44746642 0.35828048 0.55744358 0.52159513
  0.52155487 0.52260712 0.51986835]
 [0.786      0.786      0.786      0.786      0.786      0.85
  0.85       0.85       0.85      ]
 [0.786      0.786      0.786      0.786      0.786      0.85
  0.85       0.85       0.85      ]
 [0.786      0.786      0.786      0.786      0.786      0.85
  0.85       0.85       0.85      ]
 [0.786      0.786      0.786      0.786      0.786      0.85
  0.85       0.85       0.85      ]
 [0.786      0.786      0.786      0.786      0.786      0.85
  0.85       0.85       0.85      ]
 [0.786      0.786      0.786      0.786      0.786      0.85
  0.85       0.85       0.85      ]
 [0.786      0.786      0.786      0.786      0.786      0.85
  0.85       0.85       0.85      ]
 [0.786      0.786      0.786      0.786      0.786      0.85
  0.85       0.85       0.85      ]
 [0.786      0.786      0.786      0.786      0.786      0.85
  0.85       0.85       0.85      ]]","[[0. 0. 0. 0. 0. 0. 0. 0. 0.]
 [0. 0. 0. 0. 0. 0. 0. 0. 0.]
 [0. 0. 0. 0. 0. 0. 0. 0. 0.]
 [0. 0. 0. 0. 0. 0. 0. 0. 0.]
 [0. 0. 0. 0. 0. 0. 0. 0. 0.]
 [0. 0. 0. 0. 0. 0. 0. 0. 0.]
 [0. 0. 0. 0. 0. 0. 0. 0. 0.]
 [0. 0. 0. 0. 0. 0. 0. 0. 0.]
 [0. 0. 0. 0. 0. 0. 0. 0. 0.]
 [0. 0. 0. 0. 0. 0. 0. 0. 0.]
 [0. 0. 0. 0. 0. 0. 0. 0. 0.]
 [0. 0. 0. 0. 0. 0. 0. 0. 0.]
 [0. 0. 0. 0. 0. 0. 0. 0. 0.]
 [0. 0. 0. 0. 0. 0. 0. 0. 0.]
 [0. 0. 0. 0. 0. 0. 0. 0. 0.]
 [0. 0. 0. 0. 0. 0. 0. 0. 0.]
 [0. 0. 0. 0. 0. 0. 0. 0. 0.]
 [0. 0. 0. 0. 0. 0. 0. 0. 0.]
 [0. 0. 0. 0. 0. 0. 0. 0. 0.]
 [0. 0. 0. 0. 0. 0. 0. 0. 0.]
 [0. 0. 0. 0. 0. 0. 0. 0. 0.]
 [0. 0. 0. 0. 0. 0. 0. 0. 0.]
 [0. 0. 0. 0. 0. 0. 0. 0. 0.]
 [0. 0. 0. 0. 0. 0. 0. 0. 0.]
 [0. 0. 0. 0. 0. 0. 0. 0. 0.]
 [0. 0. 0. 0. 0. 0. 0. 0. 0.]
 [0. 0. 0. 0. 0. 0. 0. 0. 0.]
 [0. 0. 0. 0. 0. 0. 0. 0. 0.]
 [0. 0. 0. 0. 0. 0. 0. 0. 0.]
 [0. 0. 0. 0. 0. 0. 0. 0. 0.]
 [0. 0. 0. 0. 0. 0. 0. 0. 0.]
 [0. 0. 0. 0. 0. 0. 0. 0. 0.]
 [0. 0. 0. 0. 0. 0. 0. 0. 0.]
 [0. 0. 0. 0. 0. 0. 0. 0. 0.]
 [0. 0. 0. 0. 0. 0. 0. 0. 0.]
 [0. 0. 0. 0. 0. 0. 0. 0. 0.]
 [0. 0. 0. 0. 0. 0. 0. 0. 0.]
 [0. 0. 0. 0. 0. 0. 0. 0. 0.]
 [0. 0. 0. 0. 0. 0. 0. 0. 0.]
 [0. 0. 0. 0. 0. 0. 0. 0. 0.]
 [0. 0. 0. 0. 0. 0. 0. 0. 0.]
 [0. 0. 0. 0. 0. 0. 0. 0. 0.]
 [0. 0. 0. 0. 0. 0. 0. 0. 0.]
 [0. 0. 0. 0. 0. 0. 0. 0. 0.]
 [0. 0. 0. 0. 0. 0. 0. 0. 0.]
 [0. 0. 0. 0. 0. 0. 0. 0. 0.]
 [0. 0. 0. 0. 0. 0. 0. 0. 0.]
 [0. 0. 0. 0. 0. 0. 0. 0. 0.]
 [1. 1. 1. 1. 1. 1. 1. 1. 1.]
 [1. 1. 1. 1. 1. 1. 1. 1. 1.]
 [1. 1. 1. 1. 1. 1. 1. 1. 1.]
 [1. 1. 1. 1. 1. 1. 1. 1. 1.]
 [1. 1. 1. 1. 1. 1. 1. 1. 1.]
 [1. 1. 1. 1. 1. 1. 1. 1. 1.]
 [1. 1. 1. 1. 1. 1. 1. 1. 1.]
 [1. 1. 1. 1. 1. 1. 1. 1. 1.]
 [1. 1. 1. 1. 1. 1. 1. 1. 1.]]","[[0.83629452 0.         0.        ]
 [0.83629452 0.         0.        ]
 [0.         0.         0.83629452]
 [0.83629452 0.         0.        ]
 [0.83629452 0.         0.        ]
 [0.04       0.         0.        ]
 [0.04       0.         0.        ]
 [0.         0.         0.04      ]
 [0.04       0.         0.        ]]","[[80, 85, 90]]"
53,13,"[[0.47036687822138545, 0.44489565739867404, 0.5233772690310754, 0.5011072425043203, 0.5236599584607413, 0.37936142354895047, 0.37947870560567193, 0.37927232401140915, 0.37923355716804524, 0.4009476295452941, 0.08701453875789561, 0.40301944956496044, 0.08620384349227012]]","[[0.73273914 0.736      0.736      0.736      0.736      0.57478639
  0.55489026 0.5897901  0.59629638 0.8        0.8        0.8
  0.8       ]
 [0.73273914 0.736      0.736      0.736      0.736      0.57478639
  0.55489026 0.5897901  0.59629638 0.8        0.8        0.8
  0.8       ]
 [0.73273914 0.736      0.736      0.736      0.736      0.57478639
  0.55489026 0.5897901  0.59629638 0.8        0.8        0.8
  0.8       ]
 [0.73273914 0.736      0.736      0.736      0.736      0.57478639
  0.55489026 0.5897901  0.59629638 0.8        0.8        0.8
  0.8       ]
 [0.73273914 0.736      0.736      0.736      0.736      0.57478639
  0.55489026 0.5897901  0.59629638 0.8        0.8        0.8
  0.8       ]
 [0.73273914 0.736      0.736      0.736      0.736      0.57478639
  0.55489026 0.5897901  0.59629638 0.8        0.8        0.8
  0.8       ]
 [0.73273914 0.736      0.736      0.736      0.736      0.57478639
  0.55489026 0.5897901  0.59629638 0.8        0.8        0.8
  0.8       ]
 [0.73273914 0.736      0.736      0.736      0.736      0.57478639
  0.55489026 0.5897901  0.59629638 0.8        0.8        0.8
  0.8       ]
 [0.55479741 0.736      0.736      0.736      0.70257001 0.8
  0.8        0.8        0.8        0.8        0.8        0.8
  0.8       ]
 [0.55479741 0.736      0.736      0.736      0.70257001 0.8
  0.8        0.8        0.8        0.8        0.8        0.8
  0.8       ]
 [0.55479741 0.736      0.736      0.736      0.70257001 0.8
  0.8        0.8        0.8        0.8        0.8        0.8
  0.8       ]
 [0.55479741 0.736      0.736      0.736      0.70257001 0.8
  0.8        0.8        0.8        0.8        0.8        0.8
  0.8       ]
 [0.55479741 0.736      0.736      0.736      0.70257001 0.8
  0.8        0.8        0.8        0.8        0.8        0.8
  0.8       ]
 [0.55479741 0.736      0.736      0.736      0.70257001 0.8
  0.8        0.8        0.8        0.8        0.8        0.8
  0.8       ]
 [0.55479741 0.736      0.736      0.736      0.70257001 0.8
  0.8        0.8        0.8        0.8        0.8        0.8
  0.8       ]
 [0.55479741 0.736      0.736      0.736      0.70257001 0.8
  0.8        0.8        0.8        0.8        0.8        0.8
  0.8       ]
 [0.736      0.70039737 0.736      0.736      0.736      0.65774777
  0.63834795 0.67234627 0.67864911 0.8        0.8        0.8
  0.8       ]
 [0.736      0.70039737 0.736      0.736      0.736      0.65774777
  0.63834795 0.67234627 0.67864911 0.8        0.8        0.8
  0.8       ]
 [0.736      0.70039737 0.736      0.736      0.736      0.65774777
  0.63834795 0.67234627 0.67864911 0.8        0.8        0.8
  0.8       ]
 [0.736      0.70039737 0.736      0.736      0.736      0.65774777
  0.63834795 0.67234627 0.67864911 0.8        0.8        0.8
  0.8       ]
 [0.736      0.70039737 0.736      0.736      0.736      0.65774777
  0.63834795 0.67234627 0.67864911 0.8        0.8        0.8
  0.8       ]
 [0.736      0.70039737 0.736      0.736      0.736      0.65774777
  0.63834795 0.67234627 0.67864911 0.8        0.8        0.8
  0.8       ]
 [0.736      0.70039737 0.736      0.736      0.736      0.65774777
  0.63834795 0.67234627 0.67864911 0.8        0.8        0.8
  0.8       ]
 [0.736      0.70039737 0.736      0.736      0.736      0.65774777
  0.63834795 0.67234627 0.67864911 0.8        0.8        0.8
  0.8       ]
 [0.736      0.66932217 0.736      0.736      0.736      0.34043748
  0.31832744 0.35723478 0.36454291 0.8        0.8        0.8
  0.8       ]
 [0.736      0.66932217 0.736      0.736      0.736      0.34043748
  0.31832744 0.35723478 0.36454291 0.8        0.8        0.8
  0.8       ]
 [0.736      0.66932217 0.736      0.736      0.736      0.34043748
  0.31832744 0.35723478 0.36454291 0.8        0.8        0.8
  0.8       ]
 [0.736      0.66932217 0.736      0.736      0.736      0.34043748
  0.31832744 0.35723478 0.36454291 0.8        0.8        0.8
  0.8       ]
 [0.736      0.66932217 0.736      0.736      0.736      0.34043748
  0.31832744 0.35723478 0.36454291 0.8        0.8        0.8
  0.8       ]
 [0.736      0.66932217 0.736      0.736      0.736      0.34043748
  0.31832744 0.35723478 0.36454291 0.8        0.8        0.8
  0.8       ]
 [0.736      0.66932217 0.736      0.736      0.736      0.34043748
  0.31832744 0.35723478 0.36454291 0.8        0.8        0.8
  0.8       ]
 [0.736      0.66932217 0.736      0.736      0.736      0.34043748
  0.31832744 0.35723478 0.36454291 0.8        0.8        0.8
  0.8       ]
 [0.28523137 0.62942516 0.4094682  0.43849378 0.38137022 0.51105135
  0.50204142 0.51747996 0.52018004 0.54328256 0.54297921 0.54286876
  0.54337089]
 [0.28523137 0.62942516 0.4094682  0.43849378 0.38137022 0.51105135
  0.50204142 0.51747996 0.52018004 0.54328256 0.54297921 0.54286876
  0.54337089]
 [0.28523137 0.62942516 0.4094682  0.43849378 0.38137022 0.51105135
  0.50204142 0.51747996 0.52018004 0.54328256 0.54297921 0.54286876
  0.54337089]
 [0.28523137 0.62942516 0.4094682  0.43849378 0.38137022 0.51105135
  0.50204142 0.51747996 0.52018004 0.54328256 0.54297921 0.54286876
  0.54337089]
 [0.28523137 0.62942516 0.4094682  0.43849378 0.38137022 0.51105135
  0.50204142 0.51747996 0.52018004 0.54328256 0.54297921 0.54286876
  0.54337089]
 [0.28523137 0.62942516 0.4094682  0.43849378 0.38137022 0.51105135
  0.50204142 0.51747996 0.52018004 0.54328256 0.54297921 0.54286876
  0.54337089]
 [0.28523137 0.62942516 0.4094682  0.43849378 0.38137022 0.51105135
  0.50204142 0.51747996 0.52018004 0.54328256 0.54297921 0.54286876
  0.54337089]
 [0.28523137 0.62942516 0.4094682  0.43849378 0.38137022 0.51105135
  0.50204142 0.51747996 0.52018004 0.54328256 0.54297921 0.54286876
  0.54337089]
 [0.41433    0.42812199 0.56571224 0.52079636 0.51586476 0.7380778
  0.73216189 0.74191588 0.74338638 0.59161579 0.59119063 0.59156487
  0.59079753]
 [0.41433    0.42812199 0.56571224 0.52079636 0.51586476 0.7380778
  0.73216189 0.74191588 0.74338638 0.59161579 0.59119063 0.59156487
  0.59079753]
 [0.41433    0.42812199 0.56571224 0.52079636 0.51586476 0.7380778
  0.73216189 0.74191588 0.74338638 0.59161579 0.59119063 0.59156487
  0.59079753]
 [0.41433    0.42812199 0.56571224 0.52079636 0.51586476 0.7380778
  0.73216189 0.74191588 0.74338638 0.59161579 0.59119063 0.59156487
  0.59079753]
 [0.41433    0.42812199 0.56571224 0.52079636 0.51586476 0.7380778
  0.73216189 0.74191588 0.74338638 0.59161579 0.59119063 0.59156487
  0.59079753]
 [0.41433    0.42812199 0.56571224 0.52079636 0.51586476 0.7380778
  0.73216189 0.74191588 0.74338638 0.59161579 0.59119063 0.59156487
  0.59079753]
 [0.41433    0.42812199 0.56571224 0.52079636 0.51586476 0.7380778
  0.73216189 0.74191588 0.74338638 0.59161579 0.59119063 0.59156487
  0.59079753]
 [0.41433    0.42812199 0.56571224 0.52079636 0.51586476 0.7380778
  0.73216189 0.74191588 0.74338638 0.59161579 0.59119063 0.59156487
  0.59079753]
 [0.786      0.786      0.786      0.786      0.786      0.85
  0.85       0.85       0.85       0.85       0.85       0.85
  0.85      ]
 [0.786      0.786      0.786      0.786      0.786      0.85
  0.85       0.85       0.85       0.85       0.85       0.85
  0.85      ]
 [0.786      0.786      0.786      0.786      0.786      0.85
  0.85       0.85       0.85       0.85       0.85       0.85
  0.85      ]
 [0.786      0.786      0.786      0.786      0.786      0.85
  0.85       0.85       0.85       0.85       0.85       0.85
  0.85      ]
 [0.786      0.786      0.786      0.786      0.786      0.85
  0.85       0.85       0.85       0.85       0.85       0.85
  0.85      ]]","[[0. 0. 0. 0. 0. 1. 1. 1. 1. 1. 1. 1. 1.]
 [0. 0. 0. 0. 0. 1. 1. 1. 1. 1. 1. 1. 1.]
 [0. 0. 0. 0. 0. 1. 1. 1. 1. 1. 1. 1. 1.]
 [0. 0. 0. 0. 0. 1. 1. 1. 1. 1. 1. 1. 1.]
 [0. 0. 0. 0. 0. 1. 1. 1. 1. 1. 1. 1. 1.]
 [0. 0. 0. 0. 0. 1. 1. 1. 1. 1. 1. 1. 1.]
 [0. 0. 0. 0. 0. 1. 1. 1. 1. 1. 1. 1. 1.]
 [0. 0. 0. 0. 0. 1. 1. 1. 1. 1. 1. 1. 1.]
 [0. 0. 0. 0. 0. 1. 1. 1. 1. 1. 1. 1. 1.]
 [0. 0. 0. 0. 0. 1. 1. 1. 1. 1. 1. 1. 1.]
 [0. 0. 0. 0. 0. 1. 1. 1. 1. 1. 1. 1. 1.]
 [0. 0. 0. 0. 0. 1. 1. 1. 1. 1. 1. 1. 1.]
 [0. 0. 0. 0. 0. 1. 1. 1. 1. 1. 1. 1. 1.]
 [0. 0. 0. 0. 0. 1. 1. 1. 1. 1. 1. 1. 1.]
 [0. 0. 0. 0. 0. 1. 1. 1. 1. 1. 1. 1. 1.]
 [0. 0. 0. 0. 0. 1. 1. 1. 1. 1. 1. 1. 1.]
 [0. 0. 0. 0. 0. 1. 1. 1. 1. 1. 1. 1. 1.]
 [0. 0. 0. 0. 0. 1. 1. 1. 1. 1. 1. 1. 1.]
 [0. 0. 0. 0. 0. 1. 1. 1. 1. 1. 1. 1. 1.]
 [0. 0. 0. 0. 0. 1. 1. 1. 1. 1. 1. 1. 1.]
 [0. 0. 0. 0. 0. 1. 1. 1. 1. 1. 1. 1. 1.]
 [0. 0. 0. 0. 0. 1. 1. 1. 1. 1. 1. 1. 1.]
 [0. 0. 0. 0. 0. 1. 1. 1. 1. 1. 1. 1. 1.]
 [0. 0. 0. 0. 0. 1. 1. 1. 1. 1. 1. 1. 1.]
 [0. 0. 0. 0. 0. 0. 0. 0. 0. 1. 1. 1. 1.]
 [0. 0. 0. 0. 0. 0. 0. 0. 0. 1. 1. 1. 1.]
 [0. 0. 0. 0. 0. 0. 0. 0. 0. 1. 1. 1. 1.]
 [0. 0. 0. 0. 0. 0. 0. 0. 0. 1. 1. 1. 1.]
 [0. 0. 0. 0. 0. 0. 0. 0. 0. 1. 1. 1. 1.]
 [0. 0. 0. 0. 0. 0. 0. 0. 0. 1. 1. 1. 1.]
 [0. 0. 0. 0. 0. 0. 0. 0. 0. 1. 1. 1. 1.]
 [0. 0. 0. 0. 0. 0. 0. 0. 0. 1. 1. 1. 1.]
 [0. 0. 0. 0. 0. 1. 1. 1. 1. 1. 1. 1. 1.]
 [0. 0. 0. 0. 0. 1. 1. 1. 1. 1. 1. 1. 1.]
 [0. 0. 0. 0. 0. 1. 1. 1. 1. 1. 1. 1. 1.]
 [0. 0. 0. 0. 0. 1. 1. 1. 1. 1. 1. 1. 1.]
 [0. 0. 0. 0. 0. 1. 1. 1. 1. 1. 1. 1. 1.]
 [0. 0. 0. 0. 0. 1. 1. 1. 1. 1. 1. 1. 1.]
 [0. 0. 0. 0. 0. 1. 1. 1. 1. 1. 1. 1. 1.]
 [0. 0. 0. 0. 0. 1. 1. 1. 1. 1. 1. 1. 1.]
 [0. 0. 0. 0. 0. 1. 1. 1. 1. 1. 1. 1. 1.]
 [0. 0. 0. 0. 0. 1. 1. 1. 1. 1. 1. 1. 1.]
 [0. 0. 0. 0. 0. 1. 1. 1. 1. 1. 1. 1. 1.]
 [0. 0. 0. 0. 0. 1. 1. 1. 1. 1. 1. 1. 1.]
 [0. 0. 0. 0. 0. 1. 1. 1. 1. 1. 1. 1. 1.]
 [0. 0. 0. 0. 0. 1. 1. 1. 1. 1. 1. 1. 1.]
 [0. 0. 0. 0. 0. 1. 1. 1. 1. 1. 1. 1. 1.]
 [0. 0. 0. 0. 0. 1. 1. 1. 1. 1. 1. 1. 1.]
 [1. 1. 1. 1. 1. 1. 1. 1. 1. 1. 1. 1. 1.]
 [1. 1. 1. 1. 1. 1. 1. 1. 1. 1. 1. 1. 1.]
 [1. 1. 1. 1. 1. 1. 1. 1. 1. 1. 1. 1. 1.]
 [1. 1. 1. 1. 1. 1. 1. 1. 1. 1. 1. 1. 1.]
 [1. 1. 1. 1. 1. 1. 1. 1. 1. 1. 1. 1. 1.]]","[[0.         0.         0.83629452]
 [0.83629452 0.         0.        ]
 [0.83629452 0.         0.        ]
 [0.83629452 0.         0.        ]
 [0.83629452 0.         0.        ]
 [0.22       0.         0.        ]
 [0.22       0.         0.        ]
 [0.22       0.         0.        ]
 [0.22       0.         0.        ]
 [0.04       0.         0.        ]
 [0.04       0.         0.        ]
 [0.         0.         0.04      ]
 [0.04       0.         0.        ]]","[[80, 85, 90]]"
53,13,"[[0.44501473965783117, 0.5224575474567805, 0.4466190550193048, 0.4513887291383238, 0.4458362596879798, 0.3782759096033877, 0.3782759096033877, 0.3782759096033877, 0.3782759096033877, 0.3766268185967548, 0.06269372780935539, 0.37867644825500163, 0.06188303416511737]]","[[0.736      0.736      0.736      0.736      0.736      0.8
  0.8        0.8        0.8        0.8        0.8        0.8
  0.8       ]
 [0.736      0.736      0.736      0.736      0.736      0.8
  0.8        0.8        0.8        0.8        0.8        0.8
  0.8       ]
 [0.736      0.736      0.736      0.736      0.736      0.8
  0.8        0.8        0.8        0.8        0.8        0.8
  0.8       ]
 [0.736      0.736      0.736      0.736      0.736      0.8
  0.8        0.8        0.8        0.8        0.8        0.8
  0.8       ]
 [0.736      0.736      0.736      0.736      0.736      0.8
  0.8        0.8        0.8        0.8        0.8        0.8
  0.8       ]
 [0.736      0.736      0.736      0.736      0.736      0.8
  0.8        0.8        0.8        0.8        0.8        0.8
  0.8       ]
 [0.736      0.736      0.736      0.736      0.736      0.8
  0.8        0.8        0.8        0.8        0.8        0.8
  0.8       ]
 [0.736      0.736      0.736      0.736      0.736      0.8
  0.8        0.8        0.8        0.8        0.8        0.8
  0.8       ]
 [0.736      0.736      0.68033523 0.736      0.71637357 0.8
  0.8        0.8        0.8        0.8        0.8        0.8
  0.8       ]
 [0.736      0.736      0.68033523 0.736      0.71637357 0.8
  0.8        0.8        0.8        0.8        0.8        0.8
  0.8       ]
 [0.736      0.736      0.68033523 0.736      0.71637357 0.8
  0.8        0.8        0.8        0.8        0.8        0.8
  0.8       ]
 [0.736      0.736      0.68033523 0.736      0.71637357 0.8
  0.8        0.8        0.8        0.8        0.8        0.8
  0.8       ]
 [0.736      0.736      0.68033523 0.736      0.71637357 0.8
  0.8        0.8        0.8        0.8        0.8        0.8
  0.8       ]
 [0.736      0.736      0.68033523 0.736      0.71637357 0.8
  0.8        0.8        0.8        0.8        0.8        0.8
  0.8       ]
 [0.736      0.736      0.68033523 0.736      0.71637357 0.8
  0.8        0.8        0.8        0.8        0.8        0.8
  0.8       ]
 [0.736      0.736      0.68033523 0.736      0.71637357 0.8
  0.8        0.8        0.8        0.8        0.8        0.8
  0.8       ]
 [0.736      0.736      0.736      0.688836   0.736      0.8
  0.8        0.8        0.8        0.8        0.8        0.8
  0.8       ]
 [0.736      0.736      0.736      0.688836   0.736      0.8
  0.8        0.8        0.8        0.8        0.8        0.8
  0.8       ]
 [0.736      0.736      0.736      0.688836   0.736      0.8
  0.8        0.8        0.8        0.8        0.8        0.8
  0.8       ]
 [0.736      0.736      0.736      0.688836   0.736      0.8
  0.8        0.8        0.8        0.8        0.8        0.8
  0.8       ]
 [0.736      0.736      0.736      0.688836   0.736      0.8
  0.8        0.8        0.8        0.8        0.8        0.8
  0.8       ]
 [0.736      0.736      0.736      0.688836   0.736      0.8
  0.8        0.8        0.8        0.8        0.8        0.8
  0.8       ]
 [0.736      0.736      0.736      0.688836   0.736      0.8
  0.8        0.8        0.8        0.8        0.8        0.8
  0.8       ]
 [0.736      0.736      0.736      0.688836   0.736      0.8
  0.8        0.8        0.8        0.8        0.8        0.8
  0.8       ]
 [0.69541016 0.736      0.736      0.70040688 0.736      0.67964241
  0.65772998 0.69627478 0.70350767 0.8        0.8        0.8
  0.8       ]
 [0.69541016 0.736      0.736      0.70040688 0.736      0.67964241
  0.65772998 0.69627478 0.70350767 0.8        0.8        0.8
  0.8       ]
 [0.69541016 0.736      0.736      0.70040688 0.736      0.67964241
  0.65772998 0.69627478 0.70350767 0.8        0.8        0.8
  0.8       ]
 [0.69541016 0.736      0.736      0.70040688 0.736      0.67964241
  0.65772998 0.69627478 0.70350767 0.8        0.8        0.8
  0.8       ]
 [0.69541016 0.736      0.736      0.70040688 0.736      0.67964241
  0.65772998 0.69627478 0.70350767 0.8        0.8        0.8
  0.8       ]
 [0.69541016 0.736      0.736      0.70040688 0.736      0.67964241
  0.65772998 0.69627478 0.70350767 0.8        0.8        0.8
  0.8       ]
 [0.69541016 0.736      0.736      0.70040688 0.736      0.67964241
  0.65772998 0.69627478 0.70350767 0.8        0.8        0.8
  0.8       ]
 [0.69541016 0.736      0.736      0.70040688 0.736      0.67964241
  0.65772998 0.69627478 0.70350767 0.8        0.8        0.8
  0.8       ]
 [0.49615486 0.49062646 0.32238398 0.61919464 0.41646643 0.56190013
  0.56405318 0.55974757 0.558678   0.52623622 0.52604101 0.52612678
  0.52596619]
 [0.49615486 0.49062646 0.32238398 0.61919464 0.41646643 0.56190013
  0.56405318 0.55974757 0.558678   0.52623622 0.52604101 0.52612678
  0.52596619]
 [0.49615486 0.49062646 0.32238398 0.61919464 0.41646643 0.56190013
  0.56405318 0.55974757 0.558678   0.52623622 0.52604101 0.52612678
  0.52596619]
 [0.49615486 0.49062646 0.32238398 0.61919464 0.41646643 0.56190013
  0.56405318 0.55974757 0.558678   0.52623622 0.52604101 0.52612678
  0.52596619]
 [0.49615486 0.49062646 0.32238398 0.61919464 0.41646643 0.56190013
  0.56405318 0.55974757 0.558678   0.52623622 0.52604101 0.52612678
  0.52596619]
 [0.49615486 0.49062646 0.32238398 0.61919464 0.41646643 0.56190013
  0.56405318 0.55974757 0.558678   0.52623622 0.52604101 0.52612678
  0.52596619]
 [0.49615486 0.49062646 0.32238398 0.61919464 0.41646643 0.56190013
  0.56405318 0.55974757 0.558678   0.52623622 0.52604101 0.52612678
  0.52596619]
 [0.49615486 0.49062646 0.32238398 0.61919464 0.41646643 0.56190013
  0.56405318 0.55974757 0.558678   0.52623622 0.52604101 0.52612678
  0.52596619]
 [0.57789682 0.51754966 0.54817899 0.3962997  0.49925541 0.69669288
  0.7064237  0.68878106 0.6851989  0.60786767 0.60803276 0.60795666
  0.60810648]
 [0.57789682 0.51754966 0.54817899 0.3962997  0.49925541 0.69669288
  0.7064237  0.68878106 0.6851989  0.60786767 0.60803276 0.60795666
  0.60810648]
 [0.57789682 0.51754966 0.54817899 0.3962997  0.49925541 0.69669288
  0.7064237  0.68878106 0.6851989  0.60786767 0.60803276 0.60795666
  0.60810648]
 [0.57789682 0.51754966 0.54817899 0.3962997  0.49925541 0.69669288
  0.7064237  0.68878106 0.6851989  0.60786767 0.60803276 0.60795666
  0.60810648]
 [0.57789682 0.51754966 0.54817899 0.3962997  0.49925541 0.69669288
  0.7064237  0.68878106 0.6851989  0.60786767 0.60803276 0.60795666
  0.60810648]
 [0.57789682 0.51754966 0.54817899 0.3962997  0.49925541 0.69669288
  0.7064237  0.68878106 0.6851989  0.60786767 0.60803276 0.60795666
  0.60810648]
 [0.57789682 0.51754966 0.54817899 0.3962997  0.49925541 0.69669288
  0.7064237  0.68878106 0.6851989  0.60786767 0.60803276 0.60795666
  0.60810648]
 [0.57789682 0.51754966 0.54817899 0.3962997  0.49925541 0.69669288
  0.7064237  0.68878106 0.6851989  0.60786767 0.60803276 0.60795666
  0.60810648]
 [0.786      0.786      0.786      0.786      0.786      0.85
  0.85       0.85       0.85       0.85       0.85       0.85
  0.85      ]
 [0.786      0.786      0.786      0.786      0.786      0.85
  0.85       0.85       0.85       0.85       0.85       0.85
  0.85      ]
 [0.786      0.786      0.786      0.786      0.786      0.85
  0.85       0.85       0.85       0.85       0.85       0.85
  0.85      ]
 [0.786      0.786      0.786      0.786      0.786      0.85
  0.85       0.85       0.85       0.85       0.85       0.85
  0.85      ]
 [0.786      0.786      0.786      0.786      0.786      0.85
  0.85       0.85       0.85       0.85       0.85       0.85
  0.85      ]]","[[0. 0. 0. 0. 0. 1. 1. 1. 1. 1. 1. 1. 1.]
 [0. 0. 0. 0. 0. 1. 1. 1. 1. 1. 1. 1. 1.]
 [0. 0. 0. 0. 0. 1. 1. 1. 1. 1. 1. 1. 1.]
 [0. 0. 0. 0. 0. 1. 1. 1. 1. 1. 1. 1. 1.]
 [0. 0. 0. 0. 0. 1. 1. 1. 1. 1. 1. 1. 1.]
 [0. 0. 0. 0. 0. 1. 1. 1. 1. 1. 1. 1. 1.]
 [0. 0. 0. 0. 0. 1. 1. 1. 1. 1. 1. 1. 1.]
 [0. 0. 0. 0. 0. 1. 1. 1. 1. 1. 1. 1. 1.]
 [0. 0. 0. 0. 0. 1. 1. 1. 1. 1. 1. 1. 1.]
 [0. 0. 0. 0. 0. 1. 1. 1. 1. 1. 1. 1. 1.]
 [0. 0. 0. 0. 0. 1. 1. 1. 1. 1. 1. 1. 1.]
 [0. 0. 0. 0. 0. 1. 1. 1. 1. 1. 1. 1. 1.]
 [0. 0. 0. 0. 0. 1. 1. 1. 1. 1. 1. 1. 1.]
 [0. 0. 0. 0. 0. 1. 1. 1. 1. 1. 1. 1. 1.]
 [0. 0. 0. 0. 0. 1. 1. 1. 1. 1. 1. 1. 1.]
 [0. 0. 0. 0. 0. 1. 1. 1. 1. 1. 1. 1. 1.]
 [0. 0. 0. 0. 0. 1. 1. 1. 1. 1. 1. 1. 1.]
 [0. 0. 0. 0. 0. 1. 1. 1. 1. 1. 1. 1. 1.]
 [0. 0. 0. 0. 0. 1. 1. 1. 1. 1. 1. 1. 1.]
 [0. 0. 0. 0. 0. 1. 1. 1. 1. 1. 1. 1. 1.]
 [0. 0. 0. 0. 0. 1. 1. 1. 1. 1. 1. 1. 1.]
 [0. 0. 0. 0. 0. 1. 1. 1. 1. 1. 1. 1. 1.]
 [0. 0. 0. 0. 0. 1. 1. 1. 1. 1. 1. 1. 1.]
 [0. 0. 0. 0. 0. 1. 1. 1. 1. 1. 1. 1. 1.]
 [0. 0. 0. 0. 0. 1. 1. 1. 1. 1. 1. 1. 1.]
 [0. 0. 0. 0. 0. 1. 1. 1. 1. 1. 1. 1. 1.]
 [0. 0. 0. 0. 0. 1. 1. 1. 1. 1. 1. 1. 1.]
 [0. 0. 0. 0. 0. 1. 1. 1. 1. 1. 1. 1. 1.]
 [0. 0. 0. 0. 0. 1. 1. 1. 1. 1. 1. 1. 1.]
 [0. 0. 0. 0. 0. 1. 1. 1. 1. 1. 1. 1. 1.]
 [0. 0. 0. 0. 0. 1. 1. 1. 1. 1. 1. 1. 1.]
 [0. 0. 0. 0. 0. 1. 1. 1. 1. 1. 1. 1. 1.]
 [0. 0. 0. 0. 0. 1. 1. 1. 1. 1. 1. 1. 1.]
 [0. 0. 0. 0. 0. 1. 1. 1. 1. 1. 1. 1. 1.]
 [0. 0. 0. 0. 0. 1. 1. 1. 1. 1. 1. 1. 1.]
 [0. 0. 0. 0. 0. 1. 1. 1. 1. 1. 1. 1. 1.]
 [0. 0. 0. 0. 0. 1. 1. 1. 1. 1. 1. 1. 1.]
 [0. 0. 0. 0. 0. 1. 1. 1. 1. 1. 1. 1. 1.]
 [0. 0. 0. 0. 0. 1. 1. 1. 1. 1. 1. 1. 1.]
 [0. 0. 0. 0. 0. 1. 1. 1. 1. 1. 1. 1. 1.]
 [0. 0. 0. 0. 0. 1. 1. 1. 1. 1. 1. 1. 1.]
 [0. 0. 0. 0. 0. 1. 1. 1. 1. 1. 1. 1. 1.]
 [0. 0. 0. 0. 0. 1. 1. 1. 1. 1. 1. 1. 1.]
 [0. 0. 0. 0. 0. 1. 1. 1. 1. 1. 1. 1. 1.]
 [0. 0. 0. 0. 0. 1. 1. 1. 1. 1. 1. 1. 1.]
 [0. 0. 0. 0. 0. 1. 1. 1. 1. 1. 1. 1. 1.]
 [0. 0. 0. 0. 0. 1. 1. 1. 1. 1. 1. 1. 1.]
 [0. 0. 0. 0. 0. 1. 1. 1. 1. 1. 1. 1. 1.]
 [1. 1. 1. 1. 1. 1. 1. 1. 1. 1. 1. 1. 1.]
 [1. 1. 1. 1. 1. 1. 1. 1. 1. 1. 1. 1. 1.]
 [1. 1. 1. 1. 1. 1. 1. 1. 1. 1. 1. 1. 1.]
 [1. 1. 1. 1. 1. 1. 1. 1. 1. 1. 1. 1. 1.]
 [1. 1. 1. 1. 1. 1. 1. 1. 1. 1. 1. 1. 1.]]","[[0.83629452 0.         0.        ]
 [0.83629452 0.         0.        ]
 [0.83629452 0.         0.        ]
 [0.83629452 0.         0.        ]
 [0.83629452 0.         0.        ]
 [0.22       0.         0.        ]
 [0.22       0.         0.        ]
 [0.22       0.         0.        ]
 [0.22       0.         0.        ]
 [0.04       0.         0.        ]
 [0.04       0.         0.        ]
 [0.         0.         0.04      ]
 [0.04       0.         0.        ]]","[[80, 85, 90]]"
53,9,"[[0.4448101692107436, 0.44495942137851124, 0.4452724993574205, 0.45163241923382197, 0.44488712397157043, 0.3782759096033877, 0.3782759096033877, 0.3782759096033877, 0.3782759096033877]]","[[0.59440096 0.54037555 0.736      0.736      0.70855874 0.8
  0.8        0.8        0.8       ]
 [0.59440096 0.54037555 0.736      0.736      0.70855874 0.8
  0.8        0.8        0.8       ]
 [0.59440096 0.54037555 0.736      0.736      0.70855874 0.8
  0.8        0.8        0.8       ]
 [0.59440096 0.54037555 0.736      0.736      0.70855874 0.8
  0.8        0.8        0.8       ]
 [0.59440096 0.54037555 0.736      0.736      0.70855874 0.8
  0.8        0.8        0.8       ]
 [0.59440096 0.54037555 0.736      0.736      0.70855874 0.8
  0.8        0.8        0.8       ]
 [0.59440096 0.54037555 0.736      0.736      0.70855874 0.8
  0.8        0.8        0.8       ]
 [0.59440096 0.54037555 0.736      0.736      0.70855874 0.8
  0.8        0.8        0.8       ]
 [0.736      0.736      0.736      0.555155   0.736      0.67967041
  0.70106277 0.66315439 0.65440186]
 [0.736      0.736      0.736      0.555155   0.736      0.67967041
  0.70106277 0.66315439 0.65440186]
 [0.736      0.736      0.736      0.555155   0.736      0.67967041
  0.70106277 0.66315439 0.65440186]
 [0.736      0.736      0.736      0.555155   0.736      0.67967041
  0.70106277 0.66315439 0.65440186]
 [0.736      0.736      0.736      0.555155   0.736      0.67967041
  0.70106277 0.66315439 0.65440186]
 [0.736      0.736      0.736      0.555155   0.736      0.67967041
  0.70106277 0.66315439 0.65440186]
 [0.736      0.736      0.736      0.555155   0.736      0.67967041
  0.70106277 0.66315439 0.65440186]
 [0.736      0.736      0.736      0.555155   0.736      0.67967041
  0.70106277 0.66315439 0.65440186]
 [0.6380752  0.736      0.736      0.45513742 0.736      0.8
  0.8        0.8        0.8       ]
 [0.6380752  0.736      0.736      0.45513742 0.736      0.8
  0.8        0.8        0.8       ]
 [0.6380752  0.736      0.736      0.45513742 0.736      0.8
  0.8        0.8        0.8       ]
 [0.6380752  0.736      0.736      0.45513742 0.736      0.8
  0.8        0.8        0.8       ]
 [0.6380752  0.736      0.736      0.45513742 0.736      0.8
  0.8        0.8        0.8       ]
 [0.6380752  0.736      0.736      0.45513742 0.736      0.8
  0.8        0.8        0.8       ]
 [0.6380752  0.736      0.736      0.45513742 0.736      0.8
  0.8        0.8        0.8       ]
 [0.6380752  0.736      0.736      0.45513742 0.736      0.8
  0.8        0.8        0.8       ]
 [0.34750252 0.63039031 0.57603338 0.59587877 0.50652767 0.8
  0.8        0.8        0.8       ]
 [0.34750252 0.63039031 0.57603338 0.59587877 0.50652767 0.8
  0.8        0.8        0.8       ]
 [0.34750252 0.63039031 0.57603338 0.59587877 0.50652767 0.8
  0.8        0.8        0.8       ]
 [0.34750252 0.63039031 0.57603338 0.59587877 0.50652767 0.8
  0.8        0.8        0.8       ]
 [0.34750252 0.63039031 0.57603338 0.59587877 0.50652767 0.8
  0.8        0.8        0.8       ]
 [0.34750252 0.63039031 0.57603338 0.59587877 0.50652767 0.8
  0.8        0.8        0.8       ]
 [0.34750252 0.63039031 0.57603338 0.59587877 0.50652767 0.8
  0.8        0.8        0.8       ]
 [0.34750252 0.63039031 0.57603338 0.59587877 0.50652767 0.8
  0.8        0.8        0.8       ]
 [0.50619314 0.20597584 0.5644639  0.71452756 0.50634687 0.42668768
  0.44464457 0.40765833 0.42460589]
 [0.50619314 0.20597584 0.5644639  0.71452756 0.50634687 0.42668768
  0.44464457 0.40765833 0.42460589]
 [0.50619314 0.20597584 0.5644639  0.71452756 0.50634687 0.42668768
  0.44464457 0.40765833 0.42460589]
 [0.50619314 0.20597584 0.5644639  0.71452756 0.50634687 0.42668768
  0.44464457 0.40765833 0.42460589]
 [0.50619314 0.20597584 0.5644639  0.71452756 0.50634687 0.42668768
  0.44464457 0.40765833 0.42460589]
 [0.50619314 0.20597584 0.5644639  0.71452756 0.50634687 0.42668768
  0.44464457 0.40765833 0.42460589]
 [0.50619314 0.20597584 0.5644639  0.71452756 0.50634687 0.42668768
  0.44464457 0.40765833 0.42460589]
 [0.50619314 0.20597584 0.5644639  0.71452756 0.50634687 0.42668768
  0.44464457 0.40765833 0.42460589]
 [0.65206181 0.736      0.58471991 0.15300494 0.66709076 0.48967162
  0.50090054 0.48510587 0.45929395]
 [0.65206181 0.736      0.58471991 0.15300494 0.66709076 0.48967162
  0.50090054 0.48510587 0.45929395]
 [0.65206181 0.736      0.58471991 0.15300494 0.66709076 0.48967162
  0.50090054 0.48510587 0.45929395]
 [0.65206181 0.736      0.58471991 0.15300494 0.66709076 0.48967162
  0.50090054 0.48510587 0.45929395]
 [0.65206181 0.736      0.58471991 0.15300494 0.66709076 0.48967162
  0.50090054 0.48510587 0.45929395]
 [0.65206181 0.736      0.58471991 0.15300494 0.66709076 0.48967162
  0.50090054 0.48510587 0.45929395]
 [0.65206181 0.736      0.58471991 0.15300494 0.66709076 0.48967162
  0.50090054 0.48510587 0.45929395]
 [0.65206181 0.736      0.58471991 0.15300494 0.66709076 0.48967162
  0.50090054 0.48510587 0.45929395]
 [0.786      0.786      0.786      0.786      0.786      0.85
  0.85       0.85       0.85      ]
 [0.786      0.786      0.786      0.786      0.786      0.85
  0.85       0.85       0.85      ]
 [0.786      0.786      0.786      0.786      0.786      0.85
  0.85       0.85       0.85      ]
 [0.786      0.786      0.786      0.786      0.786      0.85
  0.85       0.85       0.85      ]
 [0.786      0.786      0.786      0.786      0.786      0.85
  0.85       0.85       0.85      ]]","[[0. 0. 0. 0. 0. 1. 1. 1. 1.]
 [0. 0. 0. 0. 0. 1. 1. 1. 1.]
 [0. 0. 0. 0. 0. 1. 1. 1. 1.]
 [0. 0. 0. 0. 0. 1. 1. 1. 1.]
 [0. 0. 0. 0. 0. 1. 1. 1. 1.]
 [0. 0. 0. 0. 0. 1. 1. 1. 1.]
 [0. 0. 0. 0. 0. 1. 1. 1. 1.]
 [0. 0. 0. 0. 0. 1. 1. 1. 1.]
 [0. 0. 0. 0. 0. 1. 1. 1. 1.]
 [0. 0. 0. 0. 0. 1. 1. 1. 1.]
 [0. 0. 0. 0. 0. 1. 1. 1. 1.]
 [0. 0. 0. 0. 0. 1. 1. 1. 1.]
 [0. 0. 0. 0. 0. 1. 1. 1. 1.]
 [0. 0. 0. 0. 0. 1. 1. 1. 1.]
 [0. 0. 0. 0. 0. 1. 1. 1. 1.]
 [0. 0. 0. 0. 0. 1. 1. 1. 1.]
 [0. 0. 0. 0. 0. 1. 1. 1. 1.]
 [0. 0. 0. 0. 0. 1. 1. 1. 1.]
 [0. 0. 0. 0. 0. 1. 1. 1. 1.]
 [0. 0. 0. 0. 0. 1. 1. 1. 1.]
 [0. 0. 0. 0. 0. 1. 1. 1. 1.]
 [0. 0. 0. 0. 0. 1. 1. 1. 1.]
 [0. 0. 0. 0. 0. 1. 1. 1. 1.]
 [0. 0. 0. 0. 0. 1. 1. 1. 1.]
 [0. 0. 0. 0. 0. 1. 1. 1. 1.]
 [0. 0. 0. 0. 0. 1. 1. 1. 1.]
 [0. 0. 0. 0. 0. 1. 1. 1. 1.]
 [0. 0. 0. 0. 0. 1. 1. 1. 1.]
 [0. 0. 0. 0. 0. 1. 1. 1. 1.]
 [0. 0. 0. 0. 0. 1. 1. 1. 1.]
 [0. 0. 0. 0. 0. 1. 1. 1. 1.]
 [0. 0. 0. 0. 0. 1. 1. 1. 1.]
 [0. 0. 0. 0. 0. 1. 1. 1. 1.]
 [0. 0. 0. 0. 0. 1. 1. 1. 1.]
 [0. 0. 0. 0. 0. 1. 1. 1. 1.]
 [0. 0. 0. 0. 0. 1. 1. 1. 1.]
 [0. 0. 0. 0. 0. 1. 1. 1. 1.]
 [0. 0. 0. 0. 0. 1. 1. 1. 1.]
 [0. 0. 0. 0. 0. 1. 1. 1. 1.]
 [0. 0. 0. 0. 0. 1. 1. 1. 1.]
 [0. 0. 0. 0. 0. 1. 1. 1. 0.]
 [0. 0. 0. 0. 0. 1. 1. 1. 0.]
 [0. 0. 0. 0. 0. 1. 1. 1. 0.]
 [0. 0. 0. 0. 0. 1. 1. 1. 0.]
 [0. 0. 0. 0. 0. 1. 1. 1. 0.]
 [0. 0. 0. 0. 0. 1. 1. 1. 0.]
 [0. 0. 0. 0. 0. 1. 1. 1. 0.]
 [0. 0. 0. 0. 0. 1. 1. 1. 0.]
 [1. 1. 1. 1. 1. 1. 1. 1. 1.]
 [1. 1. 1. 1. 1. 1. 1. 1. 1.]
 [1. 1. 1. 1. 1. 1. 1. 1. 1.]
 [1. 1. 1. 1. 1. 1. 1. 1. 1.]
 [1. 1. 1. 1. 1. 1. 1. 1. 1.]]","[[0.83629452 0.         0.        ]
 [0.83629452 0.         0.        ]
 [0.83629452 0.         0.        ]
 [0.83629452 0.         0.        ]
 [0.83629452 0.         0.        ]
 [0.22       0.         0.        ]
 [0.22       0.         0.        ]
 [0.22       0.         0.        ]
 [0.22       0.         0.        ]]","[[80, 85, 90]]"
44,6,"[[0.4448101692107436, 0.4448101692107436, 0.45163241923382197, 0.4448101692107436, 0.3635268511637105, 0.3631308606530999]]","[[0.33433606 0.49198375 0.736      0.39077168 0.58380298 0.60418717]
 [0.33433606 0.49198375 0.736      0.39077168 0.58380298 0.60418717]
 [0.33433606 0.49198375 0.736      0.39077168 0.58380298 0.60418717]
 [0.33433606 0.49198375 0.736      0.39077168 0.58380298 0.60418717]
 [0.33433606 0.49198375 0.736      0.39077168 0.58380298 0.60418717]
 [0.33433606 0.49198375 0.736      0.39077168 0.58380298 0.60418717]
 [0.33433606 0.49198375 0.736      0.39077168 0.58380298 0.60418717]
 [0.33433606 0.49198375 0.736      0.39077168 0.58380298 0.60418717]
 [0.736      0.736      0.5653942  0.736      0.34473759 0.36677517]
 [0.736      0.736      0.5653942  0.736      0.34473759 0.36677517]
 [0.736      0.736      0.5653942  0.736      0.34473759 0.36677517]
 [0.736      0.736      0.5653942  0.736      0.34473759 0.36677517]
 [0.736      0.736      0.5653942  0.736      0.34473759 0.36677517]
 [0.736      0.736      0.5653942  0.736      0.34473759 0.36677517]
 [0.736      0.736      0.5653942  0.736      0.34473759 0.36677517]
 [0.736      0.736      0.5653942  0.736      0.34473759 0.36677517]
 [0.70481232 0.54763614 0.31712931 0.49629932 0.65710146 0.67547462]
 [0.70481232 0.54763614 0.31712931 0.49629932 0.65710146 0.67547462]
 [0.70481232 0.54763614 0.31712931 0.49629932 0.65710146 0.67547462]
 [0.70481232 0.54763614 0.31712931 0.49629932 0.65710146 0.67547462]
 [0.70481232 0.54763614 0.31712931 0.49629932 0.65710146 0.67547462]
 [0.70481232 0.54763614 0.31712931 0.49629932 0.65710146 0.67547462]
 [0.70481232 0.54763614 0.31712931 0.49629932 0.65710146 0.67547462]
 [0.70481232 0.54763614 0.31712931 0.49629932 0.65710146 0.67547462]
 [0.14353241 0.46039706 0.736      0.36943003 0.13205873 0.15201376]
 [0.14353241 0.46039706 0.736      0.36943003 0.13205873 0.15201376]
 [0.14353241 0.46039706 0.736      0.36943003 0.13205873 0.15201376]
 [0.14353241 0.46039706 0.736      0.36943003 0.13205873 0.15201376]
 [0.14353241 0.46039706 0.736      0.36943003 0.13205873 0.15201376]
 [0.14353241 0.46039706 0.736      0.36943003 0.13205873 0.15201376]
 [0.14353241 0.46039706 0.736      0.36943003 0.13205873 0.15201376]
 [0.14353241 0.46039706 0.736      0.36943003 0.13205873 0.15201376]
 [0.736      0.63460786 0.09680086 0.6534172  0.26332812 0.28041942]
 [0.736      0.63460786 0.09680086 0.6534172  0.26332812 0.28041942]
 [0.736      0.63460786 0.09680086 0.6534172  0.26332812 0.28041942]
 [0.736      0.63460786 0.09680086 0.6534172  0.26332812 0.28041942]
 [0.736      0.63460786 0.09680086 0.6534172  0.26332812 0.28041942]
 [0.736      0.63460786 0.09680086 0.6534172  0.26332812 0.28041942]
 [0.736      0.63460786 0.09680086 0.6534172  0.26332812 0.28041942]
 [0.736      0.63460786 0.09680086 0.6534172  0.26332812 0.28041942]
 [0.786      0.786      0.786      0.786      0.85       0.85      ]
 [0.786      0.786      0.786      0.786      0.85       0.85      ]
 [0.786      0.786      0.786      0.786      0.85       0.85      ]
 [0.786      0.786      0.786      0.786      0.85       0.85      ]]","[[0. 0. 0. 0. 1. 1.]
 [0. 0. 0. 0. 1. 1.]
 [0. 0. 0. 0. 1. 1.]
 [0. 0. 0. 0. 1. 1.]
 [0. 0. 0. 0. 1. 1.]
 [0. 0. 0. 0. 1. 1.]
 [0. 0. 0. 0. 1. 1.]
 [0. 0. 0. 0. 1. 1.]
 [0. 0. 0. 0. 0. 0.]
 [0. 0. 0. 0. 0. 0.]
 [0. 0. 0. 0. 0. 0.]
 [0. 0. 0. 0. 0. 0.]
 [0. 0. 0. 0. 0. 0.]
 [0. 0. 0. 0. 0. 0.]
 [0. 0. 0. 0. 0. 0.]
 [0. 0. 0. 0. 0. 0.]
 [0. 0. 0. 0. 1. 1.]
 [0. 0. 0. 0. 1. 1.]
 [0. 0. 0. 0. 1. 1.]
 [0. 0. 0. 0. 1. 1.]
 [0. 0. 0. 0. 1. 1.]
 [0. 0. 0. 0. 1. 1.]
 [0. 0. 0. 0. 1. 1.]
 [0. 0. 0. 0. 1. 1.]
 [0. 0. 0. 0. 0. 0.]
 [0. 0. 0. 0. 0. 0.]
 [0. 0. 0. 0. 0. 0.]
 [0. 0. 0. 0. 0. 0.]
 [0. 0. 0. 0. 0. 0.]
 [0. 0. 0. 0. 0. 0.]
 [0. 0. 0. 0. 0. 0.]
 [0. 0. 0. 0. 0. 0.]
 [0. 0. 0. 0. 0. 0.]
 [0. 0. 0. 0. 0. 0.]
 [0. 0. 0. 0. 0. 0.]
 [0. 0. 0. 0. 0. 0.]
 [0. 0. 0. 0. 0. 0.]
 [0. 0. 0. 0. 0. 0.]
 [0. 0. 0. 0. 0. 0.]
 [0. 0. 0. 0. 0. 0.]
 [1. 1. 1. 1. 1. 1.]
 [1. 1. 1. 1. 1. 1.]
 [1. 1. 1. 1. 1. 1.]
 [1. 1. 1. 1. 1. 1.]]","[[0.83629452 0.         0.        ]
 [0.83629452 0.         0.        ]
 [0.83629452 0.         0.        ]
 [0.83629452 0.         0.        ]
 [0.22       0.         0.        ]
 [0.22       0.         0.        ]]","[[80, 85, 90]]"
41,3,"[[0.44506898726501165, 0.36461082464764033, 0.36430270529455117]]","[[0.6239025  0.25897296 0.28029812]
 [0.6239025  0.25897296 0.28029812]
 [0.6239025  0.25897296 0.28029812]
 [0.6239025  0.25897296 0.28029812]
 [0.6239025  0.25897296 0.28029812]
 [0.6239025  0.25897296 0.28029812]
 [0.6239025  0.25897296 0.28029812]
 [0.6239025  0.25897296 0.28029812]
 [0.67620244 0.00557597 0.0278143 ]
 [0.67620244 0.00557597 0.0278143 ]
 [0.67620244 0.00557597 0.0278143 ]
 [0.67620244 0.00557597 0.0278143 ]
 [0.67620244 0.00557597 0.0278143 ]
 [0.67620244 0.00557597 0.0278143 ]
 [0.67620244 0.00557597 0.0278143 ]
 [0.67620244 0.00557597 0.0278143 ]
 [0.28810534 0.35235843 0.37340338]
 [0.28810534 0.35235843 0.37340338]
 [0.28810534 0.35235843 0.37340338]
 [0.28810534 0.35235843 0.37340338]
 [0.28810534 0.35235843 0.37340338]
 [0.28810534 0.35235843 0.37340338]
 [0.28810534 0.35235843 0.37340338]
 [0.28810534 0.35235843 0.37340338]
 [0.736      0.         0.        ]
 [0.736      0.         0.        ]
 [0.736      0.         0.        ]
 [0.736      0.         0.        ]
 [0.736      0.         0.        ]
 [0.736      0.         0.        ]
 [0.736      0.         0.        ]
 [0.736      0.         0.        ]
 [0.20058653 0.         0.00111749]
 [0.20058653 0.         0.00111749]
 [0.20058653 0.         0.00111749]
 [0.20058653 0.         0.00111749]
 [0.20058653 0.         0.00111749]
 [0.20058653 0.         0.00111749]
 [0.20058653 0.         0.00111749]
 [0.20058653 0.         0.00111749]
 [0.786      0.85       0.85      ]]","[[0. 0. 0.]
 [0. 0. 0.]
 [0. 0. 0.]
 [0. 0. 0.]
 [0. 0. 0.]
 [0. 0. 0.]
 [0. 0. 0.]
 [0. 0. 0.]
 [0. 0. 0.]
 [0. 0. 0.]
 [0. 0. 0.]
 [0. 0. 0.]
 [0. 0. 0.]
 [0. 0. 0.]
 [0. 0. 0.]
 [0. 0. 0.]
 [0. 0. 0.]
 [0. 0. 0.]
 [0. 0. 0.]
 [0. 0. 0.]
 [0. 0. 0.]
 [0. 0. 0.]
 [0. 0. 0.]
 [0. 0. 0.]
 [0. 0. 0.]
 [0. 0. 0.]
 [0. 0. 0.]
 [0. 0. 0.]
 [0. 0. 0.]
 [0. 0. 0.]
 [0. 0. 0.]
 [0. 0. 0.]
 [0. 0. 0.]
 [0. 0. 0.]
 [0. 0. 0.]
 [0. 0. 0.]
 [0. 0. 0.]
 [0. 0. 0.]
 [0. 0. 0.]
 [0. 0. 0.]
 [1. 1. 1.]]","[[0.83629452 0.         0.        ]
 [0.22       0.         0.        ]
 [0.22       0.         0.        ]]","[[80, 85, 90]]"
48,4,"[[0.5938052602286633, 0.5934801807690817, 0.5934801807690817, 0.5936060081159094]]","[[0.19221182 0.25009693 0.25009693 0.24734824]
 [0.19221182 0.25009693 0.25009693 0.24734824]
 [0.19221182 0.25009693 0.25009693 0.24734824]
 [0.19221182 0.25009693 0.25009693 0.24734824]
 [0.19221182 0.25009693 0.25009693 0.24734824]
 [0.19221182 0.25009693 0.25009693 0.24734824]
 [0.19221182 0.25009693 0.25009693 0.24734824]
 [0.19221182 0.25009693 0.25009693 0.24734824]
 [0.52346955 0.58129903 0.58129903 0.5785733 ]
 [0.52346955 0.58129903 0.58129903 0.5785733 ]
 [0.52346955 0.58129903 0.58129903 0.5785733 ]
 [0.52346955 0.58129903 0.58129903 0.5785733 ]
 [0.52346955 0.58129903 0.58129903 0.5785733 ]
 [0.52346955 0.58129903 0.58129903 0.5785733 ]
 [0.52346955 0.58129903 0.58129903 0.5785733 ]
 [0.52346955 0.58129903 0.58129903 0.5785733 ]
 [0.22171429 0.27275439 0.27275439 0.27039811]
 [0.22171429 0.27275439 0.27275439 0.27039811]
 [0.22171429 0.27275439 0.27275439 0.27039811]
 [0.22171429 0.27275439 0.27275439 0.27039811]
 [0.22171429 0.27275439 0.27275439 0.27039811]
 [0.22171429 0.27275439 0.27275439 0.27039811]
 [0.22171429 0.27275439 0.27275439 0.27039811]
 [0.22171429 0.27275439 0.27275439 0.27039811]
 [0.         0.         0.         0.        ]
 [0.         0.         0.         0.        ]
 [0.         0.         0.         0.        ]
 [0.         0.         0.         0.        ]
 [0.         0.         0.         0.        ]
 [0.         0.         0.         0.        ]
 [0.         0.         0.         0.        ]
 [0.         0.         0.         0.        ]
 [0.26118058 0.30511007 0.30511007 0.30302402]
 [0.26118058 0.30511007 0.30511007 0.30302402]
 [0.26118058 0.30511007 0.30511007 0.30302402]
 [0.26118058 0.30511007 0.30511007 0.30302402]
 [0.26118058 0.30511007 0.30511007 0.30302402]
 [0.26118058 0.30511007 0.30511007 0.30302402]
 [0.26118058 0.30511007 0.30511007 0.30302402]
 [0.26118058 0.30511007 0.30511007 0.30302402]
 [0.29434023 0.31759445 0.31759445 0.3166519 ]
 [0.29434023 0.31759445 0.31759445 0.3166519 ]
 [0.29434023 0.31759445 0.31759445 0.3166519 ]
 [0.29434023 0.31759445 0.31759445 0.3166519 ]
 [0.29434023 0.31759445 0.31759445 0.3166519 ]
 [0.29434023 0.31759445 0.31759445 0.3166519 ]
 [0.29434023 0.31759445 0.31759445 0.3166519 ]
 [0.29434023 0.31759445 0.31759445 0.3166519 ]]","[[0. 0. 0. 0.]
 [0. 0. 0. 0.]
 [0. 0. 0. 0.]
 [0. 0. 0. 0.]
 [0. 0. 0. 0.]
 [0. 0. 0. 0.]
 [0. 0. 0. 0.]
 [0. 0. 0. 0.]
 [1. 1. 1. 1.]
 [1. 1. 1. 1.]
 [1. 1. 1. 1.]
 [1. 1. 1. 1.]
 [1. 1. 1. 1.]
 [1. 1. 1. 1.]
 [1. 1. 1. 1.]
 [1. 1. 1. 1.]
 [0. 0. 0. 0.]
 [0. 0. 0. 0.]
 [0. 0. 0. 0.]
 [0. 0. 0. 0.]
 [0. 0. 0. 0.]
 [0. 0. 0. 0.]
 [0. 0. 0. 0.]
 [0. 0. 0. 0.]
 [0. 0. 0. 0.]
 [0. 0. 0. 0.]
 [0. 0. 0. 0.]
 [0. 0. 0. 0.]
 [0. 0. 0. 0.]
 [0. 0. 0. 0.]
 [0. 0. 0. 0.]
 [0. 0. 0. 0.]
 [0. 0. 0. 0.]
 [0. 0. 0. 0.]
 [0. 0. 0. 0.]
 [0. 0. 0. 0.]
 [0. 0. 0. 0.]
 [0. 0. 0. 0.]
 [0. 0. 0. 0.]
 [0. 0. 0. 0.]
 [0. 0. 0. 0.]
 [0. 0. 0. 0.]
 [0. 0. 0. 0.]
 [0. 0. 0. 0.]
 [0. 0. 0. 0.]
 [0. 0. 0. 0.]
 [0. 0. 0. 0.]
 [0. 0. 0. 0.]]","[[0. 1. 0.]
 [0. 1. 0.]
 [0. 1. 0.]
 [0. 1. 0.]]","[[80, 85, 90]]"
48,11,"[[0.5899485312896473, 0.5899485312896473, 0.5915582917509828, 0.5915582917509828, 0.5899485312896473, 0.5899485312896473, 0.5923814932509824, 0.3057836046030174, 0.3057836046030174, 0.3057836046030174, 0.3057836046030174]]","[[0.57100969 0.60694224 0.54094176 0.54094176 0.6432     0.37487968
  0.27358752 0.8        0.8        0.8        0.8       ]
 [0.57100969 0.60694224 0.54094176 0.54094176 0.6432     0.37487968
  0.27358752 0.8        0.8        0.8        0.8       ]
 [0.57100969 0.60694224 0.54094176 0.54094176 0.6432     0.37487968
  0.27358752 0.8        0.8        0.8        0.8       ]
 [0.57100969 0.60694224 0.54094176 0.54094176 0.6432     0.37487968
  0.27358752 0.8        0.8        0.8        0.8       ]
 [0.57100969 0.60694224 0.54094176 0.54094176 0.6432     0.37487968
  0.27358752 0.8        0.8        0.8        0.8       ]
 [0.57100969 0.60694224 0.54094176 0.54094176 0.6432     0.37487968
  0.27358752 0.8        0.8        0.8        0.8       ]
 [0.57100969 0.60694224 0.54094176 0.54094176 0.6432     0.37487968
  0.27358752 0.8        0.8        0.8        0.8       ]
 [0.57100969 0.60694224 0.54094176 0.54094176 0.6432     0.37487968
  0.27358752 0.8        0.8        0.8        0.8       ]
 [0.6432     0.6432     0.6432     0.6432     0.6432     0.6432
  0.57772096 0.8        0.8        0.8        0.8       ]
 [0.6432     0.6432     0.6432     0.6432     0.6432     0.6432
  0.57772096 0.8        0.8        0.8        0.8       ]
 [0.6432     0.6432     0.6432     0.6432     0.6432     0.6432
  0.57772096 0.8        0.8        0.8        0.8       ]
 [0.6432     0.6432     0.6432     0.6432     0.6432     0.6432
  0.57772096 0.8        0.8        0.8        0.8       ]
 [0.6432     0.6432     0.6432     0.6432     0.6432     0.6432
  0.57772096 0.8        0.8        0.8        0.8       ]
 [0.6432     0.6432     0.6432     0.6432     0.6432     0.6432
  0.57772096 0.8        0.8        0.8        0.8       ]
 [0.6432     0.6432     0.6432     0.6432     0.6432     0.6432
  0.57772096 0.8        0.8        0.8        0.8       ]
 [0.6432     0.6432     0.6432     0.6432     0.6432     0.6432
  0.57772096 0.8        0.8        0.8        0.8       ]
 [0.55197643 0.57933214 0.6432     0.6432     0.61659996 0.3316965
  0.23849506 0.8        0.8        0.8        0.8       ]
 [0.55197643 0.57933214 0.6432     0.6432     0.61659996 0.3316965
  0.23849506 0.8        0.8        0.8        0.8       ]
 [0.55197643 0.57933214 0.6432     0.6432     0.61659996 0.3316965
  0.23849506 0.8        0.8        0.8        0.8       ]
 [0.55197643 0.57933214 0.6432     0.6432     0.61659996 0.3316965
  0.23849506 0.8        0.8        0.8        0.8       ]
 [0.55197643 0.57933214 0.6432     0.6432     0.61659996 0.3316965
  0.23849506 0.8        0.8        0.8        0.8       ]
 [0.55197643 0.57933214 0.6432     0.6432     0.61659996 0.3316965
  0.23849506 0.8        0.8        0.8        0.8       ]
 [0.55197643 0.57933214 0.6432     0.6432     0.61659996 0.3316965
  0.23849506 0.8        0.8        0.8        0.8       ]
 [0.55197643 0.57933214 0.6432     0.6432     0.61659996 0.3316965
  0.23849506 0.8        0.8        0.8        0.8       ]
 [0.11246445 0.14992301 0.17119169 0.17119169 0.20434929 0.
  0.         0.49454118 0.49454118 0.46821216 0.46821216]
 [0.11246445 0.14992301 0.17119169 0.17119169 0.20434929 0.
  0.         0.49454118 0.49454118 0.46821216 0.46821216]
 [0.11246445 0.14992301 0.17119169 0.17119169 0.20434929 0.
  0.         0.49454118 0.49454118 0.46821216 0.46821216]
 [0.11246445 0.14992301 0.17119169 0.17119169 0.20434929 0.
  0.         0.49454118 0.49454118 0.46821216 0.46821216]
 [0.11246445 0.14992301 0.17119169 0.17119169 0.20434929 0.
  0.         0.49454118 0.49454118 0.46821216 0.46821216]
 [0.11246445 0.14992301 0.17119169 0.17119169 0.20434929 0.
  0.         0.49454118 0.49454118 0.46821216 0.46821216]
 [0.11246445 0.14992301 0.17119169 0.17119169 0.20434929 0.
  0.         0.49454118 0.49454118 0.46821216 0.46821216]
 [0.11246445 0.14992301 0.17119169 0.17119169 0.20434929 0.
  0.         0.49454118 0.49454118 0.46821216 0.46821216]
 [0.47636597 0.48696701 0.34801484 0.34801484 0.49728497 0.43912232
  0.37668601 0.6557923  0.6557923  0.65821257 0.65821257]
 [0.47636597 0.48696701 0.34801484 0.34801484 0.49728497 0.43912232
  0.37668601 0.6557923  0.6557923  0.65821257 0.65821257]
 [0.47636597 0.48696701 0.34801484 0.34801484 0.49728497 0.43912232
  0.37668601 0.6557923  0.6557923  0.65821257 0.65821257]
 [0.47636597 0.48696701 0.34801484 0.34801484 0.49728497 0.43912232
  0.37668601 0.6557923  0.6557923  0.65821257 0.65821257]
 [0.47636597 0.48696701 0.34801484 0.34801484 0.49728497 0.43912232
  0.37668601 0.6557923  0.6557923  0.65821257 0.65821257]
 [0.47636597 0.48696701 0.34801484 0.34801484 0.49728497 0.43912232
  0.37668601 0.6557923  0.6557923  0.65821257 0.65821257]
 [0.47636597 0.48696701 0.34801484 0.34801484 0.49728497 0.43912232
  0.37668601 0.6557923  0.6557923  0.65821257 0.65821257]
 [0.47636597 0.48696701 0.34801484 0.34801484 0.49728497 0.43912232
  0.37668601 0.6557923  0.6557923  0.65821257 0.65821257]
 [0.39066747 0.38835318 0.53033047 0.53033047 0.38171868 0.28446359
  0.23880507 0.50315035 0.50315035 0.51215309 0.51215309]
 [0.39066747 0.38835318 0.53033047 0.53033047 0.38171868 0.28446359
  0.23880507 0.50315035 0.50315035 0.51215309 0.51215309]
 [0.39066747 0.38835318 0.53033047 0.53033047 0.38171868 0.28446359
  0.23880507 0.50315035 0.50315035 0.51215309 0.51215309]
 [0.39066747 0.38835318 0.53033047 0.53033047 0.38171868 0.28446359
  0.23880507 0.50315035 0.50315035 0.51215309 0.51215309]
 [0.39066747 0.38835318 0.53033047 0.53033047 0.38171868 0.28446359
  0.23880507 0.50315035 0.50315035 0.51215309 0.51215309]
 [0.39066747 0.38835318 0.53033047 0.53033047 0.38171868 0.28446359
  0.23880507 0.50315035 0.50315035 0.51215309 0.51215309]
 [0.39066747 0.38835318 0.53033047 0.53033047 0.38171868 0.28446359
  0.23880507 0.50315035 0.50315035 0.51215309 0.51215309]
 [0.39066747 0.38835318 0.53033047 0.53033047 0.38171868 0.28446359
  0.23880507 0.50315035 0.50315035 0.51215309 0.51215309]]","[[1. 1. 1. 1. 1. 0. 0. 1. 1. 1. 1.]
 [1. 1. 1. 1. 1. 0. 0. 1. 1. 1. 1.]
 [1. 1. 1. 1. 1. 0. 0. 1. 1. 1. 1.]
 [1. 1. 1. 1. 1. 0. 0. 1. 1. 1. 1.]
 [1. 1. 1. 1. 1. 0. 0. 1. 1. 1. 1.]
 [1. 1. 1. 1. 1. 0. 0. 1. 1. 1. 1.]
 [1. 1. 1. 1. 1. 0. 0. 1. 1. 1. 1.]
 [1. 1. 1. 1. 1. 0. 0. 1. 1. 1. 1.]
 [1. 1. 1. 1. 0. 1. 1. 1. 1. 0. 0.]
 [1. 1. 1. 1. 0. 1. 1. 1. 1. 0. 0.]
 [1. 1. 1. 1. 0. 1. 1. 1. 1. 0. 0.]
 [1. 1. 1. 1. 0. 1. 1. 1. 1. 0. 0.]
 [1. 1. 1. 1. 0. 1. 1. 1. 1. 0. 0.]
 [1. 1. 1. 1. 0. 1. 1. 1. 1. 0. 0.]
 [1. 1. 1. 1. 0. 1. 1. 1. 1. 0. 0.]
 [1. 1. 1. 1. 0. 1. 1. 1. 1. 0. 0.]
 [1. 1. 1. 1. 1. 0. 0. 1. 1. 1. 1.]
 [1. 1. 1. 1. 1. 0. 0. 1. 1. 1. 1.]
 [1. 1. 1. 1. 1. 0. 0. 1. 1. 1. 1.]
 [1. 1. 1. 1. 1. 0. 0. 1. 1. 1. 1.]
 [1. 1. 1. 1. 1. 0. 0. 1. 1. 1. 1.]
 [1. 1. 1. 1. 1. 0. 0. 1. 1. 1. 1.]
 [1. 1. 1. 1. 1. 0. 0. 1. 1. 1. 1.]
 [1. 1. 1. 1. 1. 0. 0. 1. 1. 1. 1.]
 [0. 0. 0. 0. 0. 0. 0. 1. 1. 1. 1.]
 [0. 0. 0. 0. 0. 0. 0. 1. 1. 1. 1.]
 [0. 0. 0. 0. 0. 0. 0. 1. 1. 1. 1.]
 [0. 0. 0. 0. 0. 0. 0. 1. 1. 1. 1.]
 [0. 0. 0. 0. 0. 0. 0. 1. 1. 1. 1.]
 [0. 0. 0. 0. 0. 0. 0. 1. 1. 1. 1.]
 [0. 0. 0. 0. 0. 0. 0. 1. 1. 1. 1.]
 [0. 0. 0. 0. 0. 0. 0. 1. 1. 1. 1.]
 [1. 1. 0. 0. 1. 1. 0. 1. 1. 1. 1.]
 [1. 1. 0. 0. 1. 1. 0. 1. 1. 1. 1.]
 [1. 1. 0. 0. 1. 1. 0. 1. 1. 1. 1.]
 [1. 1. 0. 0. 1. 1. 0. 1. 1. 1. 1.]
 [1. 1. 0. 0. 1. 1. 0. 1. 1. 1. 1.]
 [1. 1. 0. 0. 1. 1. 0. 1. 1. 1. 1.]
 [1. 1. 0. 0. 1. 1. 0. 1. 1. 1. 1.]
 [1. 1. 0. 0. 1. 1. 0. 1. 1. 1. 1.]
 [0. 0. 1. 1. 0. 0. 0. 0. 0. 0. 0.]
 [0. 0. 1. 1. 0. 0. 0. 0. 0. 0. 0.]
 [0. 0. 1. 1. 0. 0. 0. 0. 0. 0. 0.]
 [0. 0. 1. 1. 0. 0. 0. 0. 0. 0. 0.]
 [0. 0. 1. 1. 0. 0. 0. 0. 0. 0. 0.]
 [0. 0. 1. 1. 0. 0. 0. 0. 0. 0. 0.]
 [0. 0. 1. 1. 0. 0. 0. 0. 0. 0. 0.]
 [0. 0. 1. 1. 0. 0. 0. 0. 0. 0. 0.]]","[[0.   1.   0.  ]
 [0.   1.   0.  ]
 [0.   1.   0.  ]
 [0.   1.   0.  ]
 [0.   1.   0.  ]
 [0.   1.   0.  ]
 [0.   1.   0.  ]
 [0.   0.02 0.  ]
 [0.   0.02 0.  ]
 [0.   0.02 0.  ]
 [0.   0.02 0.  ]]","[[80, 85, 90]]"
48,12,"[[0.5903984750496545, 0.5847358006385512, 0.5098784192837592, 0.5098784192837592, 0.5855583819477419, 0.5879384023558489, 0.5886648588454886, 0.5899485312896473, 0.5899485312896473, 0.5938241711319588, 1, 1]]","[[0.6432     0.6432     0.19732147 0.19732147 0.6432     0.6432
  0.6432     0.44469042 0.37753136 0.24696778 0.8        0.8       ]
 [0.6432     0.6432     0.19732147 0.19732147 0.6432     0.6432
  0.6432     0.44469042 0.37753136 0.24696778 0.8        0.8       ]
 [0.6432     0.6432     0.19732147 0.19732147 0.6432     0.6432
  0.6432     0.44469042 0.37753136 0.24696778 0.8        0.8       ]
 [0.6432     0.6432     0.19732147 0.19732147 0.6432     0.6432
  0.6432     0.44469042 0.37753136 0.24696778 0.8        0.8       ]
 [0.6432     0.6432     0.19732147 0.19732147 0.6432     0.6432
  0.6432     0.44469042 0.37753136 0.24696778 0.8        0.8       ]
 [0.6432     0.6432     0.19732147 0.19732147 0.6432     0.6432
  0.6432     0.44469042 0.37753136 0.24696778 0.8        0.8       ]
 [0.6432     0.6432     0.19732147 0.19732147 0.6432     0.6432
  0.6432     0.44469042 0.37753136 0.24696778 0.8        0.8       ]
 [0.6432     0.6432     0.19732147 0.19732147 0.6432     0.6432
  0.6432     0.44469042 0.37753136 0.24696778 0.8        0.8       ]
 [0.6432     0.6432     0.51582361 0.51582361 0.6432     0.6432
  0.6432     0.6432     0.6432     0.55164294 0.8        0.8       ]
 [0.6432     0.6432     0.51582361 0.51582361 0.6432     0.6432
  0.6432     0.6432     0.6432     0.55164294 0.8        0.8       ]
 [0.6432     0.6432     0.51582361 0.51582361 0.6432     0.6432
  0.6432     0.6432     0.6432     0.55164294 0.8        0.8       ]
 [0.6432     0.6432     0.51582361 0.51582361 0.6432     0.6432
  0.6432     0.6432     0.6432     0.55164294 0.8        0.8       ]
 [0.6432     0.6432     0.51582361 0.51582361 0.6432     0.6432
  0.6432     0.6432     0.6432     0.55164294 0.8        0.8       ]
 [0.6432     0.6432     0.51582361 0.51582361 0.6432     0.6432
  0.6432     0.6432     0.6432     0.55164294 0.8        0.8       ]
 [0.6432     0.6432     0.51582361 0.51582361 0.6432     0.6432
  0.6432     0.6432     0.6432     0.55164294 0.8        0.8       ]
 [0.6432     0.6432     0.51582361 0.51582361 0.6432     0.6432
  0.6432     0.6432     0.6432     0.55164294 0.8        0.8       ]
 [0.57182559 0.5332976  0.57399738 0.57399738 0.52228592 0.6401437
  0.578896   0.39474162 0.33402099 0.21532245 0.8        0.75933982]
 [0.57182559 0.5332976  0.57399738 0.57399738 0.52228592 0.6401437
  0.578896   0.39474162 0.33402099 0.21532245 0.8        0.75933982]
 [0.57182559 0.5332976  0.57399738 0.57399738 0.52228592 0.6401437
  0.578896   0.39474162 0.33402099 0.21532245 0.8        0.75933982]
 [0.57182559 0.5332976  0.57399738 0.57399738 0.52228592 0.6401437
  0.578896   0.39474162 0.33402099 0.21532245 0.8        0.75933982]
 [0.57182559 0.5332976  0.57399738 0.57399738 0.52228592 0.6401437
  0.578896   0.39474162 0.33402099 0.21532245 0.8        0.75933982]
 [0.57182559 0.5332976  0.57399738 0.57399738 0.52228592 0.6401437
  0.578896   0.39474162 0.33402099 0.21532245 0.8        0.75933982]
 [0.57182559 0.5332976  0.57399738 0.57399738 0.52228592 0.6401437
  0.578896   0.39474162 0.33402099 0.21532245 0.8        0.75933982]
 [0.57182559 0.5332976  0.57399738 0.57399738 0.52228592 0.6401437
  0.578896   0.39474162 0.33402099 0.21532245 0.8        0.75933982]
 [0.40192127 0.38775125 0.00356351 0.00356351 0.37322251 0.30227372
  0.19962933 0.         0.         0.         0.47968488 0.3767994 ]
 [0.40192127 0.38775125 0.00356351 0.00356351 0.37322251 0.30227372
  0.19962933 0.         0.         0.         0.47968488 0.3767994 ]
 [0.40192127 0.38775125 0.00356351 0.00356351 0.37322251 0.30227372
  0.19962933 0.         0.         0.         0.47968488 0.3767994 ]
 [0.40192127 0.38775125 0.00356351 0.00356351 0.37322251 0.30227372
  0.19962933 0.         0.         0.         0.47968488 0.3767994 ]
 [0.40192127 0.38775125 0.00356351 0.00356351 0.37322251 0.30227372
  0.19962933 0.         0.         0.         0.47968488 0.3767994 ]
 [0.40192127 0.38775125 0.00356351 0.00356351 0.37322251 0.30227372
  0.19962933 0.         0.         0.         0.47968488 0.3767994 ]
 [0.40192127 0.38775125 0.00356351 0.00356351 0.37322251 0.30227372
  0.19962933 0.         0.         0.         0.47968488 0.3767994 ]
 [0.40192127 0.38775125 0.00356351 0.00356351 0.37322251 0.30227372
  0.19962933 0.         0.         0.         0.47968488 0.3767994 ]
 [0.60273335 0.63432239 0.         0.         0.6432     0.54166698
  0.55106175 0.47503994 0.44069609 0.35701623 0.67967562 0.69248768]
 [0.60273335 0.63432239 0.         0.         0.6432     0.54166698
  0.55106175 0.47503994 0.44069609 0.35701623 0.67967562 0.69248768]
 [0.60273335 0.63432239 0.         0.         0.6432     0.54166698
  0.55106175 0.47503994 0.44069609 0.35701623 0.67967562 0.69248768]
 [0.60273335 0.63432239 0.         0.         0.6432     0.54166698
  0.55106175 0.47503994 0.44069609 0.35701623 0.67967562 0.69248768]
 [0.60273335 0.63432239 0.         0.         0.6432     0.54166698
  0.55106175 0.47503994 0.44069609 0.35701623 0.67967562 0.69248768]
 [0.60273335 0.63432239 0.         0.         0.6432     0.54166698
  0.55106175 0.47503994 0.44069609 0.35701623 0.67967562 0.69248768]
 [0.60273335 0.63432239 0.         0.         0.6432     0.54166698
  0.55106175 0.47503994 0.44069609 0.35701623 0.67967562 0.69248768]
 [0.60273335 0.63432239 0.         0.         0.6432     0.54166698
  0.55106175 0.47503994 0.44069609 0.35701623 0.67967562 0.69248768]
 [0.16742684 0.12957622 0.6432     0.6432     0.12380096 0.31641931
  0.3279413  0.30948428 0.28538283 0.22776183 0.48462281 0.49904918]
 [0.16742684 0.12957622 0.6432     0.6432     0.12380096 0.31641931
  0.3279413  0.30948428 0.28538283 0.22776183 0.48462281 0.49904918]
 [0.16742684 0.12957622 0.6432     0.6432     0.12380096 0.31641931
  0.3279413  0.30948428 0.28538283 0.22776183 0.48462281 0.49904918]
 [0.16742684 0.12957622 0.6432     0.6432     0.12380096 0.31641931
  0.3279413  0.30948428 0.28538283 0.22776183 0.48462281 0.49904918]
 [0.16742684 0.12957622 0.6432     0.6432     0.12380096 0.31641931
  0.3279413  0.30948428 0.28538283 0.22776183 0.48462281 0.49904918]
 [0.16742684 0.12957622 0.6432     0.6432     0.12380096 0.31641931
  0.3279413  0.30948428 0.28538283 0.22776183 0.48462281 0.49904918]
 [0.16742684 0.12957622 0.6432     0.6432     0.12380096 0.31641931
  0.3279413  0.30948428 0.28538283 0.22776183 0.48462281 0.49904918]
 [0.16742684 0.12957622 0.6432     0.6432     0.12380096 0.31641931
  0.3279413  0.30948428 0.28538283 0.22776183 0.48462281 0.49904918]]","[[1. 0. 0. 0. 1. 1. 1. 1. 0. 0. 1. 1.]
 [1. 0. 0. 0. 1. 1. 1. 1. 0. 0. 1. 1.]
 [1. 0. 0. 0. 1. 1. 1. 1. 0. 0. 1. 1.]
 [1. 0. 0. 0. 1. 1. 1. 1. 0. 0. 1. 1.]
 [1. 0. 0. 0. 1. 1. 1. 1. 0. 0. 1. 1.]
 [1. 0. 0. 0. 1. 1. 1. 1. 0. 0. 1. 1.]
 [1. 0. 0. 0. 1. 1. 1. 1. 0. 0. 1. 1.]
 [1. 0. 0. 0. 1. 1. 1. 1. 0. 0. 1. 1.]
 [1. 1. 1. 1. 1. 1. 0. 1. 1. 1. 1. 0.]
 [1. 1. 1. 1. 1. 1. 0. 1. 1. 1. 1. 0.]
 [1. 1. 1. 1. 1. 1. 0. 1. 1. 1. 1. 0.]
 [1. 1. 1. 1. 1. 1. 0. 1. 1. 1. 1. 0.]
 [1. 1. 1. 1. 1. 1. 0. 1. 1. 1. 1. 0.]
 [1. 1. 1. 1. 1. 1. 0. 1. 1. 1. 1. 0.]
 [1. 1. 1. 1. 1. 1. 0. 1. 1. 1. 1. 0.]
 [1. 1. 1. 1. 1. 1. 0. 1. 1. 1. 1. 0.]
 [1. 1. 1. 1. 1. 1. 1. 0. 0. 0. 1. 1.]
 [1. 1. 1. 1. 1. 1. 1. 0. 0. 0. 1. 1.]
 [1. 1. 1. 1. 1. 1. 1. 0. 0. 0. 1. 1.]
 [1. 1. 1. 1. 1. 1. 1. 0. 0. 0. 1. 1.]
 [1. 1. 1. 1. 1. 1. 1. 0. 0. 0. 1. 1.]
 [1. 1. 1. 1. 1. 1. 1. 0. 0. 0. 1. 1.]
 [1. 1. 1. 1. 1. 1. 1. 0. 0. 0. 1. 1.]
 [1. 1. 1. 1. 1. 1. 1. 0. 0. 0. 1. 1.]
 [1. 0. 0. 0. 0. 0. 0. 0. 0. 0. 1. 0.]
 [1. 0. 0. 0. 0. 0. 0. 0. 0. 0. 1. 0.]
 [1. 0. 0. 0. 0. 0. 0. 0. 0. 0. 1. 0.]
 [1. 0. 0. 0. 0. 0. 0. 0. 0. 0. 1. 0.]
 [1. 0. 0. 0. 0. 0. 0. 0. 0. 0. 1. 0.]
 [1. 0. 0. 0. 0. 0. 0. 0. 0. 0. 1. 0.]
 [1. 0. 0. 0. 0. 0. 0. 0. 0. 0. 1. 0.]
 [1. 0. 0. 0. 0. 0. 0. 0. 0. 0. 1. 0.]
 [1. 1. 0. 0. 1. 1. 1. 1. 1. 0. 1. 1.]
 [1. 1. 0. 0. 1. 1. 1. 1. 1. 0. 1. 1.]
 [1. 1. 0. 0. 1. 1. 1. 1. 1. 0. 1. 1.]
 [1. 1. 0. 0. 1. 1. 1. 1. 1. 0. 1. 1.]
 [1. 1. 0. 0. 1. 1. 1. 1. 1. 0. 1. 1.]
 [1. 1. 0. 0. 1. 1. 1. 1. 1. 0. 1. 1.]
 [1. 1. 0. 0. 1. 1. 1. 1. 1. 0. 1. 1.]
 [1. 1. 0. 0. 1. 1. 1. 1. 1. 0. 1. 1.]
 [0. 0. 1. 1. 0. 0. 0. 0. 0. 0. 0. 0.]
 [0. 0. 1. 1. 0. 0. 0. 0. 0. 0. 0. 0.]
 [0. 0. 1. 1. 0. 0. 0. 0. 0. 0. 0. 0.]
 [0. 0. 1. 1. 0. 0. 0. 0. 0. 0. 0. 0.]
 [0. 0. 1. 1. 0. 0. 0. 0. 0. 0. 0. 0.]
 [0. 0. 1. 1. 0. 0. 0. 0. 0. 0. 0. 0.]
 [0. 0. 1. 1. 0. 0. 0. 0. 0. 0. 0. 0.]
 [0. 0. 1. 1. 0. 0. 0. 0. 0. 0. 0. 0.]]","[[0. 1. 0.]
 [0. 0. 1.]
 [1. 0. 0.]
 [1. 0. 0.]
 [0. 1. 0.]
 [1. 0. 0.]
 [0. 0. 1.]
 [0. 1. 0.]
 [0. 1. 0.]
 [0. 1. 0.]
 [0. 1. 0.]
 [0. 1. 0.]]","[[80, 85, 90]]"
49,12,"[[0.509215048687523, 0.5092035533650145, 0.5098783864165028, 0.5098783864165028, 0.5241626511055089, 0.5092861012869621, 0.5867941489951028, 0.5896073550236102, 0.5935174619877505, 0.5899485312896473, 0.5899485312896473, 0.3057836046030174]]","[[0.6432     0.6432     0.         0.         0.47239626 0.6432
  0.6432     0.6432     0.6432     0.6432     0.6432     0.8       ]
 [0.6432     0.6432     0.         0.         0.47239626 0.6432
  0.6432     0.6432     0.6432     0.6432     0.6432     0.8       ]
 [0.6432     0.6432     0.         0.         0.47239626 0.6432
  0.6432     0.6432     0.6432     0.6432     0.6432     0.8       ]
 [0.6432     0.6432     0.         0.         0.47239626 0.6432
  0.6432     0.6432     0.6432     0.6432     0.6432     0.8       ]
 [0.6432     0.6432     0.         0.         0.47239626 0.6432
  0.6432     0.6432     0.6432     0.6432     0.6432     0.8       ]
 [0.6432     0.6432     0.         0.         0.47239626 0.6432
  0.6432     0.6432     0.6432     0.6432     0.6432     0.8       ]
 [0.6432     0.6432     0.         0.         0.47239626 0.6432
  0.6432     0.6432     0.6432     0.6432     0.6432     0.8       ]
 [0.6432     0.6432     0.         0.         0.47239626 0.6432
  0.6432     0.6432     0.6432     0.6432     0.6432     0.8       ]
 [0.63689393 0.6432     0.24340446 0.24340446 0.54899549 0.58625135
  0.60697642 0.6432     0.6432     0.6432     0.6432     0.8       ]
 [0.63689393 0.6432     0.24340446 0.24340446 0.54899549 0.58625135
  0.60697642 0.6432     0.6432     0.6432     0.6432     0.8       ]
 [0.63689393 0.6432     0.24340446 0.24340446 0.54899549 0.58625135
  0.60697642 0.6432     0.6432     0.6432     0.6432     0.8       ]
 [0.63689393 0.6432     0.24340446 0.24340446 0.54899549 0.58625135
  0.60697642 0.6432     0.6432     0.6432     0.6432     0.8       ]
 [0.63689393 0.6432     0.24340446 0.24340446 0.54899549 0.58625135
  0.60697642 0.6432     0.6432     0.6432     0.6432     0.8       ]
 [0.63689393 0.6432     0.24340446 0.24340446 0.54899549 0.58625135
  0.60697642 0.6432     0.6432     0.6432     0.6432     0.8       ]
 [0.63689393 0.6432     0.24340446 0.24340446 0.54899549 0.58625135
  0.60697642 0.6432     0.6432     0.6432     0.6432     0.8       ]
 [0.63689393 0.6432     0.24340446 0.24340446 0.54899549 0.58625135
  0.60697642 0.6432     0.6432     0.6432     0.6432     0.8       ]
 [0.6432     0.6432     0.16548373 0.16548373 0.16942555 0.54511292
  0.56521597 0.58621798 0.52401197 0.6432     0.57425074 0.8       ]
 [0.6432     0.6432     0.16548373 0.16548373 0.16942555 0.54511292
  0.56521597 0.58621798 0.52401197 0.6432     0.57425074 0.8       ]
 [0.6432     0.6432     0.16548373 0.16548373 0.16942555 0.54511292
  0.56521597 0.58621798 0.52401197 0.6432     0.57425074 0.8       ]
 [0.6432     0.6432     0.16548373 0.16548373 0.16942555 0.54511292
  0.56521597 0.58621798 0.52401197 0.6432     0.57425074 0.8       ]
 [0.6432     0.6432     0.16548373 0.16548373 0.16942555 0.54511292
  0.56521597 0.58621798 0.52401197 0.6432     0.57425074 0.8       ]
 [0.6432     0.6432     0.16548373 0.16548373 0.16942555 0.54511292
  0.56521597 0.58621798 0.52401197 0.6432     0.57425074 0.8       ]
 [0.6432     0.6432     0.16548373 0.16548373 0.16942555 0.54511292
  0.56521597 0.58621798 0.52401197 0.6432     0.57425074 0.8       ]
 [0.6432     0.6432     0.16548373 0.16548373 0.16942555 0.54511292
  0.56521597 0.58621798 0.52401197 0.6432     0.57425074 0.8       ]
 [0.6432     0.62355885 0.         0.         0.         0.57755967
  0.57377249 0.41408234 0.26140122 0.31090059 0.17881097 0.60442527]
 [0.6432     0.62355885 0.         0.         0.         0.57755967
  0.57377249 0.41408234 0.26140122 0.31090059 0.17881097 0.60442527]
 [0.6432     0.62355885 0.         0.         0.         0.57755967
  0.57377249 0.41408234 0.26140122 0.31090059 0.17881097 0.60442527]
 [0.6432     0.62355885 0.         0.         0.         0.57755967
  0.57377249 0.41408234 0.26140122 0.31090059 0.17881097 0.60442527]
 [0.6432     0.62355885 0.         0.         0.         0.57755967
  0.57377249 0.41408234 0.26140122 0.31090059 0.17881097 0.60442527]
 [0.6432     0.62355885 0.         0.         0.         0.57755967
  0.57377249 0.41408234 0.26140122 0.31090059 0.17881097 0.60442527]
 [0.6432     0.62355885 0.         0.         0.         0.57755967
  0.57377249 0.41408234 0.26140122 0.31090059 0.17881097 0.60442527]
 [0.6432     0.62355885 0.         0.         0.         0.57755967
  0.57377249 0.41408234 0.26140122 0.31090059 0.17881097 0.60442527]
 [0.32098943 0.35732192 0.         0.         0.736      0.47577721
  0.47613393 0.58722311 0.6432     0.52547814 0.53490104 0.63784203]
 [0.32098943 0.35732192 0.         0.         0.736      0.47577721
  0.47613393 0.58722311 0.6432     0.52547814 0.53490104 0.63784203]
 [0.32098943 0.35732192 0.         0.         0.736      0.47577721
  0.47613393 0.58722311 0.6432     0.52547814 0.53490104 0.63784203]
 [0.32098943 0.35732192 0.         0.         0.736      0.47577721
  0.47613393 0.58722311 0.6432     0.52547814 0.53490104 0.63784203]
 [0.32098943 0.35732192 0.         0.         0.736      0.47577721
  0.47613393 0.58722311 0.6432     0.52547814 0.53490104 0.63784203]
 [0.32098943 0.35732192 0.         0.         0.736      0.47577721
  0.47613393 0.58722311 0.6432     0.52547814 0.53490104 0.63784203]
 [0.32098943 0.35732192 0.         0.         0.736      0.47577721
  0.47613393 0.58722311 0.6432     0.52547814 0.53490104 0.63784203]
 [0.32098943 0.35732192 0.         0.         0.736      0.47577721
  0.47613393 0.58722311 0.6432     0.52547814 0.53490104 0.63784203]
 [0.25617818 0.24569805 0.55198462 0.55198462 0.         0.07436706
  0.09623146 0.17780765 0.19467744 0.33021584 0.34378655 0.44793659]
 [0.25617818 0.24569805 0.55198462 0.55198462 0.         0.07436706
  0.09623146 0.17780765 0.19467744 0.33021584 0.34378655 0.44793659]
 [0.25617818 0.24569805 0.55198462 0.55198462 0.         0.07436706
  0.09623146 0.17780765 0.19467744 0.33021584 0.34378655 0.44793659]
 [0.25617818 0.24569805 0.55198462 0.55198462 0.         0.07436706
  0.09623146 0.17780765 0.19467744 0.33021584 0.34378655 0.44793659]
 [0.25617818 0.24569805 0.55198462 0.55198462 0.         0.07436706
  0.09623146 0.17780765 0.19467744 0.33021584 0.34378655 0.44793659]
 [0.25617818 0.24569805 0.55198462 0.55198462 0.         0.07436706
  0.09623146 0.17780765 0.19467744 0.33021584 0.34378655 0.44793659]
 [0.25617818 0.24569805 0.55198462 0.55198462 0.         0.07436706
  0.09623146 0.17780765 0.19467744 0.33021584 0.34378655 0.44793659]
 [0.25617818 0.24569805 0.55198462 0.55198462 0.         0.07436706
  0.09623146 0.17780765 0.19467744 0.33021584 0.34378655 0.44793659]
 [0.6932     0.6932     0.6360569  0.6360569  0.786      0.6932
  0.6932     0.6932     0.6932     0.6932     0.6932     0.85      ]]","[[1. 1. 0. 0. 0. 1. 1. 1. 1. 1. 1. 1.]
 [1. 1. 0. 0. 0. 1. 1. 1. 1. 1. 1. 1.]
 [1. 1. 0. 0. 0. 1. 1. 1. 1. 1. 1. 1.]
 [1. 1. 0. 0. 0. 1. 1. 1. 1. 1. 1. 1.]
 [1. 1. 0. 0. 0. 1. 1. 1. 1. 1. 1. 1.]
 [1. 1. 0. 0. 0. 1. 1. 1. 1. 1. 1. 1.]
 [1. 1. 0. 0. 0. 1. 1. 1. 1. 1. 1. 1.]
 [1. 1. 0. 0. 0. 1. 1. 1. 1. 1. 1. 1.]
 [1. 1. 0. 0. 0. 1. 1. 1. 1. 1. 0. 1.]
 [1. 1. 0. 0. 0. 1. 1. 1. 1. 1. 0. 1.]
 [1. 1. 0. 0. 0. 1. 1. 1. 1. 1. 0. 1.]
 [1. 1. 0. 0. 0. 1. 1. 1. 1. 1. 0. 1.]
 [1. 1. 0. 0. 0. 1. 1. 1. 1. 1. 0. 1.]
 [1. 1. 0. 0. 0. 1. 1. 1. 1. 1. 0. 1.]
 [1. 1. 0. 0. 0. 1. 1. 1. 1. 1. 0. 1.]
 [1. 1. 0. 0. 0. 1. 1. 1. 1. 1. 0. 1.]
 [1. 1. 0. 0. 0. 1. 1. 1. 1. 1. 1. 1.]
 [1. 1. 0. 0. 0. 1. 1. 1. 1. 1. 1. 1.]
 [1. 1. 0. 0. 0. 1. 1. 1. 1. 1. 1. 1.]
 [1. 1. 0. 0. 0. 1. 1. 1. 1. 1. 1. 1.]
 [1. 1. 0. 0. 0. 1. 1. 1. 1. 1. 1. 1.]
 [1. 1. 0. 0. 0. 1. 1. 1. 1. 1. 1. 1.]
 [1. 1. 0. 0. 0. 1. 1. 1. 1. 1. 1. 1.]
 [1. 1. 0. 0. 0. 1. 1. 1. 1. 1. 1. 1.]
 [1. 1. 0. 0. 0. 1. 1. 1. 0. 0. 0. 1.]
 [1. 1. 0. 0. 0. 1. 1. 1. 0. 0. 0. 1.]
 [1. 1. 0. 0. 0. 1. 1. 1. 0. 0. 0. 1.]
 [1. 1. 0. 0. 0. 1. 1. 1. 0. 0. 0. 1.]
 [1. 1. 0. 0. 0. 1. 1. 1. 0. 0. 0. 1.]
 [1. 1. 0. 0. 0. 1. 1. 1. 0. 0. 0. 1.]
 [1. 1. 0. 0. 0. 1. 1. 1. 0. 0. 0. 1.]
 [1. 1. 0. 0. 0. 1. 1. 1. 0. 0. 0. 1.]
 [0. 0. 0. 0. 0. 1. 1. 1. 1. 1. 1. 1.]
 [0. 0. 0. 0. 0. 1. 1. 1. 1. 1. 1. 1.]
 [0. 0. 0. 0. 0. 1. 1. 1. 1. 1. 1. 1.]
 [0. 0. 0. 0. 0. 1. 1. 1. 1. 1. 1. 1.]
 [0. 0. 0. 0. 0. 1. 1. 1. 1. 1. 1. 1.]
 [0. 0. 0. 0. 0. 1. 1. 1. 1. 1. 1. 1.]
 [0. 0. 0. 0. 0. 1. 1. 1. 1. 1. 1. 1.]
 [0. 0. 0. 0. 0. 1. 1. 1. 1. 1. 1. 1.]
 [0. 0. 1. 1. 0. 0. 0. 0. 0. 0. 0. 0.]
 [0. 0. 1. 1. 0. 0. 0. 0. 0. 0. 0. 0.]
 [0. 0. 1. 1. 0. 0. 0. 0. 0. 0. 0. 0.]
 [0. 0. 1. 1. 0. 0. 0. 0. 0. 0. 0. 0.]
 [0. 0. 1. 1. 0. 0. 0. 0. 0. 0. 0. 0.]
 [0. 0. 1. 1. 0. 0. 0. 0. 0. 0. 0. 0.]
 [0. 0. 1. 1. 0. 0. 0. 0. 0. 0. 0. 0.]
 [0. 0. 1. 1. 0. 0. 0. 0. 0. 0. 0. 0.]
 [1. 1. 1. 1. 1. 1. 1. 1. 1. 1. 1. 1.]]","[[1.         0.         0.        ]
 [1.         0.         0.        ]
 [1.         0.         0.        ]
 [1.         0.         0.        ]
 [0.83629452 0.         0.        ]
 [1.         0.         0.        ]
 [1.         0.         0.        ]
 [0.         1.         0.        ]
 [0.         1.         0.        ]
 [0.         1.         0.        ]
 [0.         1.         0.        ]
 [0.         0.02       0.        ]]","[[80, 85, 90]]"
55,15,"[[0.5091736076118974, 0.5091737380824499, 0.5241626511055089, 0.5092304543286915, 0.509181147242929, 0.5241626511055089, 0.5241626511055089, 0.5098783864165028, 0.5241626511055089, 0.5098618786816487, 0.5848403962686985, 0.5885220150768389, 0.48031258864503595, 0.42474209975808425, 1]]","[[0.6432     0.6432     0.703286   0.6432     0.6432     0.5091053
  0.4976767  0.59746953 0.37219058 0.6432     0.6432     0.6432
  0.07533229 0.60730444 0.8       ]
 [0.6432     0.6432     0.703286   0.6432     0.6432     0.5091053
  0.4976767  0.59746953 0.37219058 0.6432     0.6432     0.6432
  0.07533229 0.60730444 0.8       ]
 [0.6432     0.6432     0.703286   0.6432     0.6432     0.5091053
  0.4976767  0.59746953 0.37219058 0.6432     0.6432     0.6432
  0.07533229 0.60730444 0.8       ]
 [0.6432     0.6432     0.703286   0.6432     0.6432     0.5091053
  0.4976767  0.59746953 0.37219058 0.6432     0.6432     0.6432
  0.07533229 0.60730444 0.8       ]
 [0.6432     0.6432     0.703286   0.6432     0.6432     0.5091053
  0.4976767  0.59746953 0.37219058 0.6432     0.6432     0.6432
  0.07533229 0.60730444 0.8       ]
 [0.6432     0.6432     0.703286   0.6432     0.6432     0.5091053
  0.4976767  0.59746953 0.37219058 0.6432     0.6432     0.6432
  0.07533229 0.60730444 0.8       ]
 [0.6432     0.6432     0.703286   0.6432     0.6432     0.5091053
  0.4976767  0.59746953 0.37219058 0.6432     0.6432     0.6432
  0.07533229 0.60730444 0.8       ]
 [0.6432     0.6432     0.703286   0.6432     0.6432     0.5091053
  0.4976767  0.59746953 0.37219058 0.6432     0.6432     0.6432
  0.07533229 0.60730444 0.8       ]
 [0.6432     0.6432     0.56519997 0.60030973 0.6432     0.55582572
  0.54801861 0.6432     0.50270757 0.6432     0.61724494 0.6432
  0.43913472 0.8        0.8       ]
 [0.6432     0.6432     0.56519997 0.60030973 0.6432     0.55582572
  0.54801861 0.6432     0.50270757 0.6432     0.61724494 0.6432
  0.43913472 0.8        0.8       ]
 [0.6432     0.6432     0.56519997 0.60030973 0.6432     0.55582572
  0.54801861 0.6432     0.50270757 0.6432     0.61724494 0.6432
  0.43913472 0.8        0.8       ]
 [0.6432     0.6432     0.56519997 0.60030973 0.6432     0.55582572
  0.54801861 0.6432     0.50270757 0.6432     0.61724494 0.6432
  0.43913472 0.8        0.8       ]
 [0.6432     0.6432     0.56519997 0.60030973 0.6432     0.55582572
  0.54801861 0.6432     0.50270757 0.6432     0.61724494 0.6432
  0.43913472 0.8        0.8       ]
 [0.6432     0.6432     0.56519997 0.60030973 0.6432     0.55582572
  0.54801861 0.6432     0.50270757 0.6432     0.61724494 0.6432
  0.43913472 0.8        0.8       ]
 [0.6432     0.6432     0.56519997 0.60030973 0.6432     0.55582572
  0.54801861 0.6432     0.50270757 0.6432     0.61724494 0.6432
  0.43913472 0.8        0.8       ]
 [0.6432     0.6432     0.56519997 0.60030973 0.6432     0.55582572
  0.54801861 0.6432     0.50270757 0.6432     0.61724494 0.6432
  0.43913472 0.8        0.8       ]
 [0.6432     0.6432     0.25995667 0.53258261 0.6432     0.18202953
  0.17321756 0.6432     0.11770926 0.6432     0.50699662 0.58055862
  0.32663677 0.60841013 0.8       ]
 [0.6432     0.6432     0.25995667 0.53258261 0.6432     0.18202953
  0.17321756 0.6432     0.11770926 0.6432     0.50699662 0.58055862
  0.32663677 0.60841013 0.8       ]
 [0.6432     0.6432     0.25995667 0.53258261 0.6432     0.18202953
  0.17321756 0.6432     0.11770926 0.6432     0.50699662 0.58055862
  0.32663677 0.60841013 0.8       ]
 [0.6432     0.6432     0.25995667 0.53258261 0.6432     0.18202953
  0.17321756 0.6432     0.11770926 0.6432     0.50699662 0.58055862
  0.32663677 0.60841013 0.8       ]
 [0.6432     0.6432     0.25995667 0.53258261 0.6432     0.18202953
  0.17321756 0.6432     0.11770926 0.6432     0.50699662 0.58055862
  0.32663677 0.60841013 0.8       ]
 [0.6432     0.6432     0.25995667 0.53258261 0.6432     0.18202953
  0.17321756 0.6432     0.11770926 0.6432     0.50699662 0.58055862
  0.32663677 0.60841013 0.8       ]
 [0.6432     0.6432     0.25995667 0.53258261 0.6432     0.18202953
  0.17321756 0.6432     0.11770926 0.6432     0.50699662 0.58055862
  0.32663677 0.60841013 0.8       ]
 [0.6432     0.6432     0.25995667 0.53258261 0.6432     0.18202953
  0.17321756 0.6432     0.11770926 0.6432     0.50699662 0.58055862
  0.32663677 0.60841013 0.8       ]
 [0.38241583 0.37025141 0.1524025  0.54437082 0.55465762 0.
  0.         0.41906652 0.         0.50300496 0.49019535 0.46988522
  0.         0.14450917 0.66530789]
 [0.38241583 0.37025141 0.1524025  0.54437082 0.55465762 0.
  0.         0.41906652 0.         0.50300496 0.49019535 0.46988522
  0.         0.14450917 0.66530789]
 [0.38241583 0.37025141 0.1524025  0.54437082 0.55465762 0.
  0.         0.41906652 0.         0.50300496 0.49019535 0.46988522
  0.         0.14450917 0.66530789]
 [0.38241583 0.37025141 0.1524025  0.54437082 0.55465762 0.
  0.         0.41906652 0.         0.50300496 0.49019535 0.46988522
  0.         0.14450917 0.66530789]
 [0.38241583 0.37025141 0.1524025  0.54437082 0.55465762 0.
  0.         0.41906652 0.         0.50300496 0.49019535 0.46988522
  0.         0.14450917 0.66530789]
 [0.38241583 0.37025141 0.1524025  0.54437082 0.55465762 0.
  0.         0.41906652 0.         0.50300496 0.49019535 0.46988522
  0.         0.14450917 0.66530789]
 [0.38241583 0.37025141 0.1524025  0.54437082 0.55465762 0.
  0.         0.41906652 0.         0.50300496 0.49019535 0.46988522
  0.         0.14450917 0.66530789]
 [0.38241583 0.37025141 0.1524025  0.54437082 0.55465762 0.
  0.         0.41906652 0.         0.50300496 0.49019535 0.46988522
  0.         0.14450917 0.66530789]
 [0.50448763 0.43247005 0.736      0.50896081 0.34791144 0.736
  0.736      0.23084642 0.71685852 0.41106342 0.56325974 0.55733103
  0.         0.5840065  0.60894146]
 [0.50448763 0.43247005 0.736      0.50896081 0.34791144 0.736
  0.736      0.23084642 0.71685852 0.41106342 0.56325974 0.55733103
  0.         0.5840065  0.60894146]
 [0.50448763 0.43247005 0.736      0.50896081 0.34791144 0.736
  0.736      0.23084642 0.71685852 0.41106342 0.56325974 0.55733103
  0.         0.5840065  0.60894146]
 [0.50448763 0.43247005 0.736      0.50896081 0.34791144 0.736
  0.736      0.23084642 0.71685852 0.41106342 0.56325974 0.55733103
  0.         0.5840065  0.60894146]
 [0.50448763 0.43247005 0.736      0.50896081 0.34791144 0.736
  0.736      0.23084642 0.71685852 0.41106342 0.56325974 0.55733103
  0.         0.5840065  0.60894146]
 [0.50448763 0.43247005 0.736      0.50896081 0.34791144 0.736
  0.736      0.23084642 0.71685852 0.41106342 0.56325974 0.55733103
  0.         0.5840065  0.60894146]
 [0.50448763 0.43247005 0.736      0.50896081 0.34791144 0.736
  0.736      0.23084642 0.71685852 0.41106342 0.56325974 0.55733103
  0.         0.5840065  0.60894146]
 [0.50448763 0.43247005 0.736      0.50896081 0.34791144 0.736
  0.736      0.23084642 0.71685852 0.41106342 0.56325974 0.55733103
  0.         0.5840065  0.60894146]
 [0.31480825 0.3985524  0.         0.06965829 0.33647187 0.
  0.         0.54368934 0.         0.32092613 0.05815416 0.14632255
  0.6320754  0.53726875 0.42238326]
 [0.31480825 0.3985524  0.         0.06965829 0.33647187 0.
  0.         0.54368934 0.         0.32092613 0.05815416 0.14632255
  0.6320754  0.53726875 0.42238326]
 [0.31480825 0.3985524  0.         0.06965829 0.33647187 0.
  0.         0.54368934 0.         0.32092613 0.05815416 0.14632255
  0.6320754  0.53726875 0.42238326]
 [0.31480825 0.3985524  0.         0.06965829 0.33647187 0.
  0.         0.54368934 0.         0.32092613 0.05815416 0.14632255
  0.6320754  0.53726875 0.42238326]
 [0.31480825 0.3985524  0.         0.06965829 0.33647187 0.
  0.         0.54368934 0.         0.32092613 0.05815416 0.14632255
  0.6320754  0.53726875 0.42238326]
 [0.31480825 0.3985524  0.         0.06965829 0.33647187 0.
  0.         0.54368934 0.         0.32092613 0.05815416 0.14632255
  0.6320754  0.53726875 0.42238326]
 [0.31480825 0.3985524  0.         0.06965829 0.33647187 0.
  0.         0.54368934 0.         0.32092613 0.05815416 0.14632255
  0.6320754  0.53726875 0.42238326]
 [0.31480825 0.3985524  0.         0.06965829 0.33647187 0.
  0.         0.54368934 0.         0.32092613 0.05815416 0.14632255
  0.6320754  0.53726875 0.42238326]
 [0.6432     0.6432     0.736      0.6432     0.6432     0.736
  0.736      0.6432     0.736      0.6432     0.6432     0.6432
  0.672      0.8        0.8       ]
 [0.6932     0.6932     0.786      0.6932     0.6932     0.786
  0.786      0.6932     0.786      0.6932     0.6932     0.6932
  0.70539557 0.85       0.85      ]
 [0.6932     0.6932     0.786      0.6932     0.6932     0.786
  0.786      0.6932     0.786      0.6932     0.6932     0.6932
  0.70539557 0.85       0.85      ]
 [0.6932     0.6932     0.786      0.6932     0.6932     0.786
  0.786      0.6932     0.786      0.6932     0.6932     0.6932
  0.70539557 0.85       0.85      ]
 [0.6932     0.6932     0.786      0.6932     0.6932     0.786
  0.786      0.6932     0.786      0.6932     0.6932     0.6932
  0.70539557 0.85       0.85      ]
 [0.6932     0.6932     0.786      0.6932     0.6932     0.786
  0.786      0.6932     0.786      0.6932     0.6932     0.6932
  0.70539557 0.85       0.85      ]
 [0.6932     0.6932     0.786      0.6932     0.6932     0.786
  0.786      0.6932     0.786      0.6932     0.6932     0.6932
  0.70539557 0.85       0.85      ]]","[[1. 1. 0. 1. 1. 0. 0. 1. 0. 1. 0. 0. 0. 0. 1.]
 [1. 1. 0. 1. 1. 0. 0. 1. 0. 1. 0. 0. 0. 0. 1.]
 [1. 1. 0. 1. 1. 0. 0. 1. 0. 1. 0. 0. 0. 0. 1.]
 [1. 1. 0. 1. 1. 0. 0. 1. 0. 1. 0. 0. 0. 0. 1.]
 [1. 1. 0. 1. 1. 0. 0. 1. 0. 1. 0. 0. 0. 0. 1.]
 [1. 1. 0. 1. 1. 0. 0. 1. 0. 1. 0. 0. 0. 0. 1.]
 [1. 1. 0. 1. 1. 0. 0. 1. 0. 1. 0. 0. 0. 0. 1.]
 [1. 1. 0. 1. 1. 0. 0. 1. 0. 1. 0. 0. 0. 0. 1.]
 [1. 1. 0. 1. 1. 0. 0. 1. 0. 1. 1. 1. 0. 0. 1.]
 [1. 1. 0. 1. 1. 0. 0. 1. 0. 1. 1. 1. 0. 0. 1.]
 [1. 1. 0. 1. 1. 0. 0. 1. 0. 1. 1. 1. 0. 0. 1.]
 [1. 1. 0. 1. 1. 0. 0. 1. 0. 1. 1. 1. 0. 0. 1.]
 [1. 1. 0. 1. 1. 0. 0. 1. 0. 1. 1. 1. 0. 0. 1.]
 [1. 1. 0. 1. 1. 0. 0. 1. 0. 1. 1. 1. 0. 0. 1.]
 [1. 1. 0. 1. 1. 0. 0. 1. 0. 1. 1. 1. 0. 0. 1.]
 [1. 1. 0. 1. 1. 0. 0. 1. 0. 1. 1. 1. 0. 0. 1.]
 [1. 1. 0. 1. 1. 0. 0. 1. 0. 1. 1. 1. 0. 0. 1.]
 [1. 1. 0. 1. 1. 0. 0. 1. 0. 1. 1. 1. 0. 0. 1.]
 [1. 1. 0. 1. 1. 0. 0. 1. 0. 1. 1. 1. 0. 0. 1.]
 [1. 1. 0. 1. 1. 0. 0. 1. 0. 1. 1. 1. 0. 0. 1.]
 [1. 1. 0. 1. 1. 0. 0. 1. 0. 1. 1. 1. 0. 0. 1.]
 [1. 1. 0. 1. 1. 0. 0. 1. 0. 1. 1. 1. 0. 0. 1.]
 [1. 1. 0. 1. 1. 0. 0. 1. 0. 1. 1. 1. 0. 0. 1.]
 [1. 1. 0. 1. 1. 0. 0. 1. 0. 1. 1. 1. 0. 0. 1.]
 [0. 0. 0. 1. 1. 0. 0. 1. 0. 1. 1. 1. 0. 0. 1.]
 [0. 0. 0. 1. 1. 0. 0. 1. 0. 1. 1. 1. 0. 0. 1.]
 [0. 0. 0. 1. 1. 0. 0. 1. 0. 1. 1. 1. 0. 0. 1.]
 [0. 0. 0. 1. 1. 0. 0. 1. 0. 1. 1. 1. 0. 0. 1.]
 [0. 0. 0. 1. 1. 0. 0. 1. 0. 1. 1. 1. 0. 0. 1.]
 [0. 0. 0. 1. 1. 0. 0. 1. 0. 1. 1. 1. 0. 0. 1.]
 [0. 0. 0. 1. 1. 0. 0. 1. 0. 1. 1. 1. 0. 0. 1.]
 [0. 0. 0. 1. 1. 0. 0. 1. 0. 1. 1. 1. 0. 0. 1.]
 [1. 1. 0. 1. 0. 0. 0. 0. 0. 1. 1. 1. 0. 0. 1.]
 [1. 1. 0. 1. 0. 0. 0. 0. 0. 1. 1. 1. 0. 0. 1.]
 [1. 1. 0. 1. 0. 0. 0. 0. 0. 1. 1. 1. 0. 0. 1.]
 [1. 1. 0. 1. 0. 0. 0. 0. 0. 1. 1. 1. 0. 0. 1.]
 [1. 1. 0. 1. 0. 0. 0. 0. 0. 1. 1. 1. 0. 0. 1.]
 [1. 1. 0. 1. 0. 0. 0. 0. 0. 1. 1. 1. 0. 0. 1.]
 [1. 1. 0. 1. 0. 0. 0. 0. 0. 1. 1. 1. 0. 0. 1.]
 [1. 1. 0. 1. 0. 0. 0. 0. 0. 1. 1. 1. 0. 0. 1.]
 [0. 0. 0. 0. 0. 0. 0. 1. 0. 0. 0. 0. 0. 0. 1.]
 [0. 0. 0. 0. 0. 0. 0. 1. 0. 0. 0. 0. 0. 0. 1.]
 [0. 0. 0. 0. 0. 0. 0. 1. 0. 0. 0. 0. 0. 0. 1.]
 [0. 0. 0. 0. 0. 0. 0. 1. 0. 0. 0. 0. 0. 0. 1.]
 [0. 0. 0. 0. 0. 0. 0. 1. 0. 0. 0. 0. 0. 0. 1.]
 [0. 0. 0. 0. 0. 0. 0. 1. 0. 0. 0. 0. 0. 0. 1.]
 [0. 0. 0. 0. 0. 0. 0. 1. 0. 0. 0. 0. 0. 0. 1.]
 [0. 0. 0. 0. 0. 0. 0. 1. 0. 0. 0. 0. 0. 0. 1.]
 [1. 1. 1. 1. 1. 1. 1. 1. 1. 1. 1. 1. 1. 1. 1.]
 [1. 1. 1. 1. 1. 1. 1. 1. 1. 1. 1. 1. 1. 1. 1.]
 [1. 1. 1. 1. 1. 1. 1. 1. 1. 1. 1. 1. 1. 1. 1.]
 [1. 1. 1. 1. 1. 1. 1. 1. 1. 1. 1. 1. 1. 1. 1.]
 [1. 1. 1. 1. 1. 1. 1. 1. 1. 1. 1. 1. 1. 1. 1.]
 [1. 1. 1. 1. 1. 1. 1. 1. 1. 1. 1. 1. 1. 1. 1.]
 [1. 1. 1. 1. 1. 1. 1. 1. 1. 1. 1. 1. 1. 1. 1.]]","[[1.         0.         0.        ]
 [1.         0.         0.        ]
 [0.83629452 0.         0.        ]
 [1.         0.         0.        ]
 [1.         0.         0.        ]
 [0.83629452 0.         0.        ]
 [0.83629452 0.         0.        ]
 [1.         0.         0.        ]
 [0.83629452 0.         0.        ]
 [1.         0.         0.        ]
 [1.         0.         0.        ]
 [0.         1.         0.        ]
 [0.23182635 0.         0.        ]
 [0.         0.04       0.        ]
 [0.         1.         0.        ]]","[[80, 85, 90]]"
57,16,"[[0.5834875422459246, 0.5855793704451964, 0.5096432279018775, 0.5091736639697669, 0.5241626511055089, 0.5098783864165028, 0.5241626511055089, 0.5241626511055089, 0.5098685453753643, 0.5098287507294567, 0.5091954744663393, 0.39804953424698564, 0.39804953424698564, 0.39932624225681673, 0.4447413817914075, 0.4447413817914075]]","[[0.6432     0.6432     0.6432     0.6432     0.71546071 0.32662391
  0.53294407 0.64378995 0.47716348 0.6432     0.6432     0.18214305
  0.18214305 0.8        0.34686255 0.34686255]
 [0.6432     0.6432     0.6432     0.6432     0.71546071 0.32662391
  0.53294407 0.64378995 0.47716348 0.6432     0.6432     0.18214305
  0.18214305 0.8        0.34686255 0.34686255]
 [0.6432     0.6432     0.6432     0.6432     0.71546071 0.32662391
  0.53294407 0.64378995 0.47716348 0.6432     0.6432     0.18214305
  0.18214305 0.8        0.34686255 0.34686255]
 [0.6432     0.6432     0.6432     0.6432     0.71546071 0.32662391
  0.53294407 0.64378995 0.47716348 0.6432     0.6432     0.18214305
  0.18214305 0.8        0.34686255 0.34686255]
 [0.6432     0.6432     0.6432     0.6432     0.71546071 0.32662391
  0.53294407 0.64378995 0.47716348 0.6432     0.6432     0.18214305
  0.18214305 0.8        0.34686255 0.34686255]
 [0.6432     0.6432     0.6432     0.6432     0.71546071 0.32662391
  0.53294407 0.64378995 0.47716348 0.6432     0.6432     0.18214305
  0.18214305 0.8        0.34686255 0.34686255]
 [0.6432     0.6432     0.6432     0.6432     0.71546071 0.32662391
  0.53294407 0.64378995 0.47716348 0.6432     0.6432     0.18214305
  0.18214305 0.8        0.34686255 0.34686255]
 [0.6432     0.6432     0.6432     0.6432     0.71546071 0.32662391
  0.53294407 0.64378995 0.47716348 0.6432     0.6432     0.18214305
  0.18214305 0.8        0.34686255 0.34686255]
 [0.63263418 0.6432     0.6432     0.6432     0.54096696 0.6432
  0.58355845 0.59288955 0.6432     0.6432     0.6252391  0.53264389
  0.53264389 0.8        0.676627   0.676627  ]
 [0.63263418 0.6432     0.6432     0.6432     0.54096696 0.6432
  0.58355845 0.59288955 0.6432     0.6432     0.6252391  0.53264389
  0.53264389 0.8        0.676627   0.676627  ]
 [0.63263418 0.6432     0.6432     0.6432     0.54096696 0.6432
  0.58355845 0.59288955 0.6432     0.6432     0.6252391  0.53264389
  0.53264389 0.8        0.676627   0.676627  ]
 [0.63263418 0.6432     0.6432     0.6432     0.54096696 0.6432
  0.58355845 0.59288955 0.6432     0.6432     0.6252391  0.53264389
  0.53264389 0.8        0.676627   0.676627  ]
 [0.63263418 0.6432     0.6432     0.6432     0.54096696 0.6432
  0.58355845 0.59288955 0.6432     0.6432     0.6252391  0.53264389
  0.53264389 0.8        0.676627   0.676627  ]
 [0.63263418 0.6432     0.6432     0.6432     0.54096696 0.6432
  0.58355845 0.59288955 0.6432     0.6432     0.6252391  0.53264389
  0.53264389 0.8        0.676627   0.676627  ]
 [0.63263418 0.6432     0.6432     0.6432     0.54096696 0.6432
  0.58355845 0.59288955 0.6432     0.6432     0.6252391  0.53264389
  0.53264389 0.8        0.676627   0.676627  ]
 [0.63263418 0.6432     0.6432     0.6432     0.54096696 0.6432
  0.58355845 0.59288955 0.6432     0.6432     0.6252391  0.53264389
  0.53264389 0.8        0.676627   0.676627  ]
 [0.6329302  0.5950616  0.6432     0.63465881 0.25400315 0.55895985
  0.20982707 0.25046278 0.6432     0.6432     0.6432     0.27317994
  0.27317994 0.8        0.37296663 0.37296663]
 [0.6329302  0.5950616  0.6432     0.63465881 0.25400315 0.55895985
  0.20982707 0.25046278 0.6432     0.6432     0.6432     0.27317994
  0.27317994 0.8        0.37296663 0.37296663]
 [0.6329302  0.5950616  0.6432     0.63465881 0.25400315 0.55895985
  0.20982707 0.25046278 0.6432     0.6432     0.6432     0.27317994
  0.27317994 0.8        0.37296663 0.37296663]
 [0.6329302  0.5950616  0.6432     0.63465881 0.25400315 0.55895985
  0.20982707 0.25046278 0.6432     0.6432     0.6432     0.27317994
  0.27317994 0.8        0.37296663 0.37296663]
 [0.6329302  0.5950616  0.6432     0.63465881 0.25400315 0.55895985
  0.20982707 0.25046278 0.6432     0.6432     0.6432     0.27317994
  0.27317994 0.8        0.37296663 0.37296663]
 [0.6329302  0.5950616  0.6432     0.63465881 0.25400315 0.55895985
  0.20982707 0.25046278 0.6432     0.6432     0.6432     0.27317994
  0.27317994 0.8        0.37296663 0.37296663]
 [0.6329302  0.5950616  0.6432     0.63465881 0.25400315 0.55895985
  0.20982707 0.25046278 0.6432     0.6432     0.6432     0.27317994
  0.27317994 0.8        0.37296663 0.37296663]
 [0.6329302  0.5950616  0.6432     0.63465881 0.25400315 0.55895985
  0.20982707 0.25046278 0.6432     0.6432     0.6432     0.27317994
  0.27317994 0.8        0.37296663 0.37296663]
 [0.60510481 0.46848379 0.32212766 0.34370984 0.17964108 0.00449337
  0.         0.07399224 0.18161795 0.30878835 0.6432     0.
  0.         0.45927775 0.         0.        ]
 [0.60510481 0.46848379 0.32212766 0.34370984 0.17964108 0.00449337
  0.         0.07399224 0.18161795 0.30878835 0.6432     0.
  0.         0.45927775 0.         0.        ]
 [0.60510481 0.46848379 0.32212766 0.34370984 0.17964108 0.00449337
  0.         0.07399224 0.18161795 0.30878835 0.6432     0.
  0.         0.45927775 0.         0.        ]
 [0.60510481 0.46848379 0.32212766 0.34370984 0.17964108 0.00449337
  0.         0.07399224 0.18161795 0.30878835 0.6432     0.
  0.         0.45927775 0.         0.        ]
 [0.60510481 0.46848379 0.32212766 0.34370984 0.17964108 0.00449337
  0.         0.07399224 0.18161795 0.30878835 0.6432     0.
  0.         0.45927775 0.         0.        ]
 [0.60510481 0.46848379 0.32212766 0.34370984 0.17964108 0.00449337
  0.         0.07399224 0.18161795 0.30878835 0.6432     0.
  0.         0.45927775 0.         0.        ]
 [0.60510481 0.46848379 0.32212766 0.34370984 0.17964108 0.00449337
  0.         0.07399224 0.18161795 0.30878835 0.6432     0.
  0.         0.45927775 0.         0.        ]
 [0.60510481 0.46848379 0.32212766 0.34370984 0.17964108 0.00449337
  0.         0.07399224 0.18161795 0.30878835 0.6432     0.
  0.         0.45927775 0.         0.        ]
 [0.42709754 0.55083635 0.52639609 0.55884945 0.736      0.16895432
  0.736      0.736      0.24109261 0.51412118 0.27882428 0.20495993
  0.20495993 0.65876583 0.41983693 0.41983693]
 [0.42709754 0.55083635 0.52639609 0.55884945 0.736      0.16895432
  0.736      0.736      0.24109261 0.51412118 0.27882428 0.20495993
  0.20495993 0.65876583 0.41983693 0.41983693]
 [0.42709754 0.55083635 0.52639609 0.55884945 0.736      0.16895432
  0.736      0.736      0.24109261 0.51412118 0.27882428 0.20495993
  0.20495993 0.65876583 0.41983693 0.41983693]
 [0.42709754 0.55083635 0.52639609 0.55884945 0.736      0.16895432
  0.736      0.736      0.24109261 0.51412118 0.27882428 0.20495993
  0.20495993 0.65876583 0.41983693 0.41983693]
 [0.42709754 0.55083635 0.52639609 0.55884945 0.736      0.16895432
  0.736      0.736      0.24109261 0.51412118 0.27882428 0.20495993
  0.20495993 0.65876583 0.41983693 0.41983693]
 [0.42709754 0.55083635 0.52639609 0.55884945 0.736      0.16895432
  0.736      0.736      0.24109261 0.51412118 0.27882428 0.20495993
  0.20495993 0.65876583 0.41983693 0.41983693]
 [0.42709754 0.55083635 0.52639609 0.55884945 0.736      0.16895432
  0.736      0.736      0.24109261 0.51412118 0.27882428 0.20495993
  0.20495993 0.65876583 0.41983693 0.41983693]
 [0.42709754 0.55083635 0.52639609 0.55884945 0.736      0.16895432
  0.736      0.736      0.24109261 0.51412118 0.27882428 0.20495993
  0.20495993 0.65876583 0.41983693 0.41983693]
 [0.15729417 0.16271622 0.32438482 0.27708057 0.         0.6432
  0.         0.         0.6378369  0.34307121 0.28784197 0.40379252
  0.40379252 0.5149468  0.44411544 0.44411544]
 [0.15729417 0.16271622 0.32438482 0.27708057 0.         0.6432
  0.         0.         0.6378369  0.34307121 0.28784197 0.40379252
  0.40379252 0.5149468  0.44411544 0.44411544]
 [0.15729417 0.16271622 0.32438482 0.27708057 0.         0.6432
  0.         0.         0.6378369  0.34307121 0.28784197 0.40379252
  0.40379252 0.5149468  0.44411544 0.44411544]
 [0.15729417 0.16271622 0.32438482 0.27708057 0.         0.6432
  0.         0.         0.6378369  0.34307121 0.28784197 0.40379252
  0.40379252 0.5149468  0.44411544 0.44411544]
 [0.15729417 0.16271622 0.32438482 0.27708057 0.         0.6432
  0.         0.         0.6378369  0.34307121 0.28784197 0.40379252
  0.40379252 0.5149468  0.44411544 0.44411544]
 [0.15729417 0.16271622 0.32438482 0.27708057 0.         0.6432
  0.         0.         0.6378369  0.34307121 0.28784197 0.40379252
  0.40379252 0.5149468  0.44411544 0.44411544]
 [0.15729417 0.16271622 0.32438482 0.27708057 0.         0.6432
  0.         0.         0.6378369  0.34307121 0.28784197 0.40379252
  0.40379252 0.5149468  0.44411544 0.44411544]
 [0.15729417 0.16271622 0.32438482 0.27708057 0.         0.6432
  0.         0.         0.6378369  0.34307121 0.28784197 0.40379252
  0.40379252 0.5149468  0.44411544 0.44411544]
 [0.6432     0.6432     0.6432     0.6432     0.736      0.6432
  0.736      0.736      0.6432     0.6432     0.6432     0.672
  0.672      0.8        0.8        0.8       ]
 [0.6432     0.6432     0.6432     0.6432     0.736      0.6432
  0.736      0.736      0.6432     0.6432     0.6432     0.672
  0.672      0.8        0.8        0.8       ]
 [0.6932     0.6932     0.6932     0.6932     0.786      0.6932
  0.786      0.786      0.6932     0.6932     0.6932     0.722
  0.722      0.85       0.85       0.85      ]
 [0.6932     0.6932     0.6932     0.6932     0.786      0.6932
  0.786      0.786      0.6932     0.6932     0.6932     0.722
  0.722      0.85       0.85       0.85      ]
 [0.6932     0.6932     0.6932     0.6932     0.786      0.6932
  0.786      0.786      0.6932     0.6932     0.6932     0.722
  0.722      0.85       0.85       0.85      ]
 [0.6932     0.6932     0.6932     0.6932     0.786      0.6932
  0.786      0.786      0.6932     0.6932     0.6932     0.722
  0.722      0.85       0.85       0.85      ]
 [0.6932     0.6932     0.6932     0.6932     0.786      0.6932
  0.786      0.786      0.6932     0.6932     0.6932     0.722
  0.722      0.85       0.85       0.85      ]
 [0.6932     0.6932     0.6932     0.6932     0.786      0.6932
  0.786      0.786      0.6932     0.6932     0.6932     0.722
  0.722      0.85       0.85       0.85      ]
 [0.6932     0.6932     0.6932     0.6932     0.75952915 0.6932
  0.75325909 0.75888795 0.6932     0.6932     0.6932     0.722
  0.722      0.85       0.85       0.85      ]]","[[1. 0. 1. 1. 0. 0. 0. 0. 1. 1. 1. 0. 0. 1. 0. 0.]
 [1. 0. 1. 1. 0. 0. 0. 0. 1. 1. 1. 0. 0. 1. 0. 0.]
 [1. 0. 1. 1. 0. 0. 0. 0. 1. 1. 1. 0. 0. 1. 0. 0.]
 [1. 0. 1. 1. 0. 0. 0. 0. 1. 1. 1. 0. 0. 1. 0. 0.]
 [1. 0. 1. 1. 0. 0. 0. 0. 1. 1. 1. 0. 0. 1. 0. 0.]
 [1. 0. 1. 1. 0. 0. 0. 0. 1. 1. 1. 0. 0. 1. 0. 0.]
 [1. 0. 1. 1. 0. 0. 0. 0. 1. 1. 1. 0. 0. 1. 0. 0.]
 [1. 0. 1. 1. 0. 0. 0. 0. 1. 1. 1. 0. 0. 1. 0. 0.]
 [1. 1. 1. 1. 0. 1. 0. 0. 1. 0. 1. 0. 0. 0. 0. 0.]
 [1. 1. 1. 1. 0. 1. 0. 0. 1. 0. 1. 0. 0. 0. 0. 0.]
 [1. 1. 1. 1. 0. 1. 0. 0. 1. 0. 1. 0. 0. 0. 0. 0.]
 [1. 1. 1. 1. 0. 1. 0. 0. 1. 0. 1. 0. 0. 0. 0. 0.]
 [1. 1. 1. 1. 0. 1. 0. 0. 1. 0. 1. 0. 0. 0. 0. 0.]
 [1. 1. 1. 1. 0. 1. 0. 0. 1. 0. 1. 0. 0. 0. 0. 0.]
 [1. 1. 1. 1. 0. 1. 0. 0. 1. 0. 1. 0. 0. 0. 0. 0.]
 [1. 1. 1. 1. 0. 1. 0. 0. 1. 0. 1. 0. 0. 0. 0. 0.]
 [1. 1. 1. 1. 0. 1. 0. 0. 1. 1. 1. 0. 0. 1. 0. 0.]
 [1. 1. 1. 1. 0. 1. 0. 0. 1. 1. 1. 0. 0. 1. 0. 0.]
 [1. 1. 1. 1. 0. 1. 0. 0. 1. 1. 1. 0. 0. 1. 0. 0.]
 [1. 1. 1. 1. 0. 1. 0. 0. 1. 1. 1. 0. 0. 1. 0. 0.]
 [1. 1. 1. 1. 0. 1. 0. 0. 1. 1. 1. 0. 0. 1. 0. 0.]
 [1. 1. 1. 1. 0. 1. 0. 0. 1. 1. 1. 0. 0. 1. 0. 0.]
 [1. 1. 1. 1. 0. 1. 0. 0. 1. 1. 1. 0. 0. 1. 0. 0.]
 [1. 1. 1. 1. 0. 1. 0. 0. 1. 1. 1. 0. 0. 1. 0. 0.]
 [1. 1. 0. 0. 0. 0. 0. 0. 0. 0. 1. 0. 0. 1. 0. 0.]
 [1. 1. 0. 0. 0. 0. 0. 0. 0. 0. 1. 0. 0. 1. 0. 0.]
 [1. 1. 0. 0. 0. 0. 0. 0. 0. 0. 1. 0. 0. 1. 0. 0.]
 [1. 1. 0. 0. 0. 0. 0. 0. 0. 0. 1. 0. 0. 1. 0. 0.]
 [1. 1. 0. 0. 0. 0. 0. 0. 0. 0. 1. 0. 0. 1. 0. 0.]
 [1. 1. 0. 0. 0. 0. 0. 0. 0. 0. 1. 0. 0. 1. 0. 0.]
 [1. 1. 0. 0. 0. 0. 0. 0. 0. 0. 1. 0. 0. 1. 0. 0.]
 [1. 1. 0. 0. 0. 0. 0. 0. 0. 0. 1. 0. 0. 1. 0. 0.]
 [1. 1. 1. 1. 0. 0. 0. 0. 0. 1. 0. 0. 0. 1. 0. 0.]
 [1. 1. 1. 1. 0. 0. 0. 0. 0. 1. 0. 0. 0. 1. 0. 0.]
 [1. 1. 1. 1. 0. 0. 0. 0. 0. 1. 0. 0. 0. 1. 0. 0.]
 [1. 1. 1. 1. 0. 0. 0. 0. 0. 1. 0. 0. 0. 1. 0. 0.]
 [1. 1. 1. 1. 0. 0. 0. 0. 0. 1. 0. 0. 0. 1. 0. 0.]
 [1. 1. 1. 1. 0. 0. 0. 0. 0. 1. 0. 0. 0. 1. 0. 0.]
 [1. 1. 1. 1. 0. 0. 0. 0. 0. 1. 0. 0. 0. 1. 0. 0.]
 [1. 1. 1. 1. 0. 0. 0. 0. 0. 1. 0. 0. 0. 1. 0. 0.]
 [0. 0. 0. 0. 0. 1. 0. 0. 1. 0. 0. 0. 0. 0. 0. 0.]
 [0. 0. 0. 0. 0. 1. 0. 0. 1. 0. 0. 0. 0. 0. 0. 0.]
 [0. 0. 0. 0. 0. 1. 0. 0. 1. 0. 0. 0. 0. 0. 0. 0.]
 [0. 0. 0. 0. 0. 1. 0. 0. 1. 0. 0. 0. 0. 0. 0. 0.]
 [0. 0. 0. 0. 0. 1. 0. 0. 1. 0. 0. 0. 0. 0. 0. 0.]
 [0. 0. 0. 0. 0. 1. 0. 0. 1. 0. 0. 0. 0. 0. 0. 0.]
 [0. 0. 0. 0. 0. 1. 0. 0. 1. 0. 0. 0. 0. 0. 0. 0.]
 [0. 0. 0. 0. 0. 1. 0. 0. 1. 0. 0. 0. 0. 0. 0. 0.]
 [1. 1. 1. 1. 1. 1. 1. 1. 1. 1. 1. 1. 1. 1. 1. 1.]
 [1. 1. 1. 1. 1. 1. 1. 1. 1. 1. 1. 1. 1. 1. 1. 1.]
 [1. 1. 1. 1. 1. 1. 1. 1. 1. 1. 1. 1. 1. 1. 1. 1.]
 [1. 1. 1. 1. 1. 1. 1. 1. 1. 1. 1. 1. 1. 1. 1. 1.]
 [1. 1. 1. 1. 1. 1. 1. 1. 1. 1. 1. 1. 1. 1. 1. 1.]
 [1. 1. 1. 1. 1. 1. 1. 1. 1. 1. 1. 1. 1. 1. 1. 1.]
 [1. 1. 1. 1. 1. 1. 1. 1. 1. 1. 1. 1. 1. 1. 1. 1.]
 [1. 1. 1. 1. 1. 1. 1. 1. 1. 1. 1. 1. 1. 1. 1. 1.]
 [1. 1. 1. 1. 1. 1. 1. 1. 1. 1. 1. 1. 1. 1. 1. 1.]]","[[0.         1.         0.        ]
 [0.         1.         0.        ]
 [1.         0.         0.        ]
 [1.         0.         0.        ]
 [0.83629452 0.         0.        ]
 [1.         0.         0.        ]
 [0.83629452 0.         0.        ]
 [0.83629452 0.         0.        ]
 [1.         0.         0.        ]
 [1.         0.         0.        ]
 [1.         0.         0.        ]
 [0.         0.23182635 0.        ]
 [0.         0.23182635 0.        ]
 [0.         0.04       0.        ]
 [0.         0.04       0.        ]
 [0.         0.04       0.        ]]","[[80, 85, 90]]"
55,14,"[[0.509173793067103, 0.5091745684511829, 0.5854078095327995, 0.5091743316926222, 0.5098783864165028, 0.5241626511055089, 0.5098783864165028, 0.5098783864165028, 0.5875063648186196, 0.48031258864503595, 0.48031258864503595, 0.3750054313082765, 0.41677061648241237, 0.41677061648241237]]","[[0.6432     0.6432     0.6432     0.6432     0.6432     0.736
  0.15424623 0.36474165 0.6432     0.         0.         0.8
  0.71097356 0.71097356]
 [0.6432     0.6432     0.6432     0.6432     0.6432     0.736
  0.15424623 0.36474165 0.6432     0.         0.         0.8
  0.71097356 0.71097356]
 [0.6432     0.6432     0.6432     0.6432     0.6432     0.736
  0.15424623 0.36474165 0.6432     0.         0.         0.8
  0.71097356 0.71097356]
 [0.6432     0.6432     0.6432     0.6432     0.6432     0.736
  0.15424623 0.36474165 0.6432     0.         0.         0.8
  0.71097356 0.71097356]
 [0.6432     0.6432     0.6432     0.6432     0.6432     0.736
  0.15424623 0.36474165 0.6432     0.         0.         0.8
  0.71097356 0.71097356]
 [0.6432     0.6432     0.6432     0.6432     0.6432     0.736
  0.15424623 0.36474165 0.6432     0.         0.         0.8
  0.71097356 0.71097356]
 [0.6432     0.6432     0.6432     0.6432     0.6432     0.736
  0.15424623 0.36474165 0.6432     0.         0.         0.8
  0.71097356 0.71097356]
 [0.6432     0.6432     0.6432     0.6432     0.6432     0.736
  0.15424623 0.36474165 0.6432     0.         0.         0.8
  0.71097356 0.71097356]
 [0.6432     0.6432     0.6432     0.6432     0.38669821 0.55652366
  0.51573846 0.6432     0.6432     0.31343104 0.31343104 0.8
  0.8        0.8       ]
 [0.6432     0.6432     0.6432     0.6432     0.38669821 0.55652366
  0.51573846 0.6432     0.6432     0.31343104 0.31343104 0.8
  0.8        0.8       ]
 [0.6432     0.6432     0.6432     0.6432     0.38669821 0.55652366
  0.51573846 0.6432     0.6432     0.31343104 0.31343104 0.8
  0.8        0.8       ]
 [0.6432     0.6432     0.6432     0.6432     0.38669821 0.55652366
  0.51573846 0.6432     0.6432     0.31343104 0.31343104 0.8
  0.8        0.8       ]
 [0.6432     0.6432     0.6432     0.6432     0.38669821 0.55652366
  0.51573846 0.6432     0.6432     0.31343104 0.31343104 0.8
  0.8        0.8       ]
 [0.6432     0.6432     0.6432     0.6432     0.38669821 0.55652366
  0.51573846 0.6432     0.6432     0.31343104 0.31343104 0.8
  0.8        0.8       ]
 [0.6432     0.6432     0.6432     0.6432     0.38669821 0.55652366
  0.51573846 0.6432     0.6432     0.31343104 0.31343104 0.8
  0.8        0.8       ]
 [0.6432     0.6432     0.6432     0.6432     0.38669821 0.55652366
  0.51573846 0.6432     0.6432     0.31343104 0.31343104 0.8
  0.8        0.8       ]
 [0.6432     0.6432     0.6432     0.61380541 0.40587135 0.27420966
  0.29902936 0.34786914 0.6432     0.23234017 0.23234017 0.8
  0.69481554 0.69481554]
 [0.6432     0.6432     0.6432     0.61380541 0.40587135 0.27420966
  0.29902936 0.34786914 0.6432     0.23234017 0.23234017 0.8
  0.69481554 0.69481554]
 [0.6432     0.6432     0.6432     0.61380541 0.40587135 0.27420966
  0.29902936 0.34786914 0.6432     0.23234017 0.23234017 0.8
  0.69481554 0.69481554]
 [0.6432     0.6432     0.6432     0.61380541 0.40587135 0.27420966
  0.29902936 0.34786914 0.6432     0.23234017 0.23234017 0.8
  0.69481554 0.69481554]
 [0.6432     0.6432     0.6432     0.61380541 0.40587135 0.27420966
  0.29902936 0.34786914 0.6432     0.23234017 0.23234017 0.8
  0.69481554 0.69481554]
 [0.6432     0.6432     0.6432     0.61380541 0.40587135 0.27420966
  0.29902936 0.34786914 0.6432     0.23234017 0.23234017 0.8
  0.69481554 0.69481554]
 [0.6432     0.6432     0.6432     0.61380541 0.40587135 0.27420966
  0.29902936 0.34786914 0.6432     0.23234017 0.23234017 0.8
  0.69481554 0.69481554]
 [0.6432     0.6432     0.6432     0.61380541 0.40587135 0.27420966
  0.29902936 0.34786914 0.6432     0.23234017 0.23234017 0.8
  0.69481554 0.69481554]
 [0.44124359 0.54878763 0.48919174 0.57634296 0.6432     0.20143351
  0.         0.         0.40705527 0.         0.         0.65743133
  0.25138816 0.25138816]
 [0.44124359 0.54878763 0.48919174 0.57634296 0.6432     0.20143351
  0.         0.         0.40705527 0.         0.         0.65743133
  0.25138816 0.25138816]
 [0.44124359 0.54878763 0.48919174 0.57634296 0.6432     0.20143351
  0.         0.         0.40705527 0.         0.         0.65743133
  0.25138816 0.25138816]
 [0.44124359 0.54878763 0.48919174 0.57634296 0.6432     0.20143351
  0.         0.         0.40705527 0.         0.         0.65743133
  0.25138816 0.25138816]
 [0.44124359 0.54878763 0.48919174 0.57634296 0.6432     0.20143351
  0.         0.         0.40705527 0.         0.         0.65743133
  0.25138816 0.25138816]
 [0.44124359 0.54878763 0.48919174 0.57634296 0.6432     0.20143351
  0.         0.         0.40705527 0.         0.         0.65743133
  0.25138816 0.25138816]
 [0.44124359 0.54878763 0.48919174 0.57634296 0.6432     0.20143351
  0.         0.         0.40705527 0.         0.         0.65743133
  0.25138816 0.25138816]
 [0.44124359 0.54878763 0.48919174 0.57634296 0.6432     0.20143351
  0.         0.         0.40705527 0.         0.         0.65743133
  0.25138816 0.25138816]
 [0.39776606 0.39750521 0.45693469 0.45954433 0.35268686 0.736
  0.12751165 0.40779785 0.44955399 0.         0.         0.61175139
  0.62811527 0.62811527]
 [0.39776606 0.39750521 0.45693469 0.45954433 0.35268686 0.736
  0.12751165 0.40779785 0.44955399 0.         0.         0.61175139
  0.62811527 0.62811527]
 [0.39776606 0.39750521 0.45693469 0.45954433 0.35268686 0.736
  0.12751165 0.40779785 0.44955399 0.         0.         0.61175139
  0.62811527 0.62811527]
 [0.39776606 0.39750521 0.45693469 0.45954433 0.35268686 0.736
  0.12751165 0.40779785 0.44955399 0.         0.         0.61175139
  0.62811527 0.62811527]
 [0.39776606 0.39750521 0.45693469 0.45954433 0.35268686 0.736
  0.12751165 0.40779785 0.44955399 0.         0.         0.61175139
  0.62811527 0.62811527]
 [0.39776606 0.39750521 0.45693469 0.45954433 0.35268686 0.736
  0.12751165 0.40779785 0.44955399 0.         0.         0.61175139
  0.62811527 0.62811527]
 [0.39776606 0.39750521 0.45693469 0.45954433 0.35268686 0.736
  0.12751165 0.40779785 0.44955399 0.         0.         0.61175139
  0.62811527 0.62811527]
 [0.39776606 0.39750521 0.45693469 0.45954433 0.35268686 0.736
  0.12751165 0.40779785 0.44955399 0.         0.         0.61175139
  0.62811527 0.62811527]
 [0.38719717 0.28872289 0.28044905 0.1454444  0.         0.
  0.46839008 0.31810892 0.35831392 0.60630798 0.60630798 0.42752726
  0.54695846 0.54695846]
 [0.38719717 0.28872289 0.28044905 0.1454444  0.         0.
  0.46839008 0.31810892 0.35831392 0.60630798 0.60630798 0.42752726
  0.54695846 0.54695846]
 [0.38719717 0.28872289 0.28044905 0.1454444  0.         0.
  0.46839008 0.31810892 0.35831392 0.60630798 0.60630798 0.42752726
  0.54695846 0.54695846]
 [0.38719717 0.28872289 0.28044905 0.1454444  0.         0.
  0.46839008 0.31810892 0.35831392 0.60630798 0.60630798 0.42752726
  0.54695846 0.54695846]
 [0.38719717 0.28872289 0.28044905 0.1454444  0.         0.
  0.46839008 0.31810892 0.35831392 0.60630798 0.60630798 0.42752726
  0.54695846 0.54695846]
 [0.38719717 0.28872289 0.28044905 0.1454444  0.         0.
  0.46839008 0.31810892 0.35831392 0.60630798 0.60630798 0.42752726
  0.54695846 0.54695846]
 [0.38719717 0.28872289 0.28044905 0.1454444  0.         0.
  0.46839008 0.31810892 0.35831392 0.60630798 0.60630798 0.42752726
  0.54695846 0.54695846]
 [0.38719717 0.28872289 0.28044905 0.1454444  0.         0.
  0.46839008 0.31810892 0.35831392 0.60630798 0.60630798 0.42752726
  0.54695846 0.54695846]
 [0.6432     0.6432     0.6432     0.6432     0.6432     0.736
  0.6432     0.6432     0.6432     0.672      0.672      0.8
  0.8        0.8       ]
 [0.6432     0.6432     0.6432     0.6432     0.6432     0.736
  0.6432     0.6432     0.6432     0.672      0.672      0.8
  0.8        0.8       ]
 [0.6932     0.6932     0.6932     0.6932     0.6932     0.786
  0.6932     0.6932     0.6932     0.67453954 0.67453954 0.85
  0.85       0.85      ]
 [0.6932     0.6932     0.6932     0.6932     0.6932     0.786
  0.6932     0.6932     0.6932     0.67453954 0.67453954 0.85
  0.85       0.85      ]
 [0.6932     0.6932     0.6932     0.6932     0.6932     0.786
  0.6932     0.6932     0.6932     0.67453954 0.67453954 0.85
  0.85       0.85      ]
 [0.6932     0.6932     0.6932     0.6932     0.6932     0.786
  0.6932     0.6932     0.6932     0.67453954 0.67453954 0.85
  0.85       0.85      ]
 [0.6932     0.6932     0.6932     0.6932     0.6932     0.786
  0.6932     0.6932     0.6932     0.67453954 0.67453954 0.85
  0.85       0.85      ]]","[[1. 1. 1. 1. 1. 0. 0. 0. 1. 0. 0. 1. 0. 0.]
 [1. 1. 1. 1. 1. 0. 0. 0. 1. 0. 0. 1. 0. 0.]
 [1. 1. 1. 1. 1. 0. 0. 0. 1. 0. 0. 1. 0. 0.]
 [1. 1. 1. 1. 1. 0. 0. 0. 1. 0. 0. 1. 0. 0.]
 [1. 1. 1. 1. 1. 0. 0. 0. 1. 0. 0. 1. 0. 0.]
 [1. 1. 1. 1. 1. 0. 0. 0. 1. 0. 0. 1. 0. 0.]
 [1. 1. 1. 1. 1. 0. 0. 0. 1. 0. 0. 1. 0. 0.]
 [1. 1. 1. 1. 1. 0. 0. 0. 1. 0. 0. 1. 0. 0.]
 [1. 1. 1. 1. 0. 0. 1. 1. 1. 0. 0. 1. 0. 0.]
 [1. 1. 1. 1. 0. 0. 1. 1. 1. 0. 0. 1. 0. 0.]
 [1. 1. 1. 1. 0. 0. 1. 1. 1. 0. 0. 1. 0. 0.]
 [1. 1. 1. 1. 0. 0. 1. 1. 1. 0. 0. 1. 0. 0.]
 [1. 1. 1. 1. 0. 0. 1. 1. 1. 0. 0. 1. 0. 0.]
 [1. 1. 1. 1. 0. 0. 1. 1. 1. 0. 0. 1. 0. 0.]
 [1. 1. 1. 1. 0. 0. 1. 1. 1. 0. 0. 1. 0. 0.]
 [1. 1. 1. 1. 0. 0. 1. 1. 1. 0. 0. 1. 0. 0.]
 [1. 1. 1. 1. 1. 0. 0. 0. 1. 0. 0. 1. 0. 0.]
 [1. 1. 1. 1. 1. 0. 0. 0. 1. 0. 0. 1. 0. 0.]
 [1. 1. 1. 1. 1. 0. 0. 0. 1. 0. 0. 1. 0. 0.]
 [1. 1. 1. 1. 1. 0. 0. 0. 1. 0. 0. 1. 0. 0.]
 [1. 1. 1. 1. 1. 0. 0. 0. 1. 0. 0. 1. 0. 0.]
 [1. 1. 1. 1. 1. 0. 0. 0. 1. 0. 0. 1. 0. 0.]
 [1. 1. 1. 1. 1. 0. 0. 0. 1. 0. 0. 1. 0. 0.]
 [1. 1. 1. 1. 1. 0. 0. 0. 1. 0. 0. 1. 0. 0.]
 [1. 1. 1. 1. 1. 0. 0. 0. 1. 0. 0. 1. 0. 0.]
 [1. 1. 1. 1. 1. 0. 0. 0. 1. 0. 0. 1. 0. 0.]
 [1. 1. 1. 1. 1. 0. 0. 0. 1. 0. 0. 1. 0. 0.]
 [1. 1. 1. 1. 1. 0. 0. 0. 1. 0. 0. 1. 0. 0.]
 [1. 1. 1. 1. 1. 0. 0. 0. 1. 0. 0. 1. 0. 0.]
 [1. 1. 1. 1. 1. 0. 0. 0. 1. 0. 0. 1. 0. 0.]
 [1. 1. 1. 1. 1. 0. 0. 0. 1. 0. 0. 1. 0. 0.]
 [1. 1. 1. 1. 1. 0. 0. 0. 1. 0. 0. 1. 0. 0.]
 [0. 0. 1. 1. 0. 0. 0. 1. 1. 0. 0. 1. 0. 0.]
 [0. 0. 1. 1. 0. 0. 0. 1. 1. 0. 0. 1. 0. 0.]
 [0. 0. 1. 1. 0. 0. 0. 1. 1. 0. 0. 1. 0. 0.]
 [0. 0. 1. 1. 0. 0. 0. 1. 1. 0. 0. 1. 0. 0.]
 [0. 0. 1. 1. 0. 0. 0. 1. 1. 0. 0. 1. 0. 0.]
 [0. 0. 1. 1. 0. 0. 0. 1. 1. 0. 0. 1. 0. 0.]
 [0. 0. 1. 1. 0. 0. 0. 1. 1. 0. 0. 1. 0. 0.]
 [0. 0. 1. 1. 0. 0. 0. 1. 1. 0. 0. 1. 0. 0.]
 [0. 0. 0. 0. 0. 0. 1. 0. 0. 0. 0. 0. 0. 0.]
 [0. 0. 0. 0. 0. 0. 1. 0. 0. 0. 0. 0. 0. 0.]
 [0. 0. 0. 0. 0. 0. 1. 0. 0. 0. 0. 0. 0. 0.]
 [0. 0. 0. 0. 0. 0. 1. 0. 0. 0. 0. 0. 0. 0.]
 [0. 0. 0. 0. 0. 0. 1. 0. 0. 0. 0. 0. 0. 0.]
 [0. 0. 0. 0. 0. 0. 1. 0. 0. 0. 0. 0. 0. 0.]
 [0. 0. 0. 0. 0. 0. 1. 0. 0. 0. 0. 0. 0. 0.]
 [0. 0. 0. 0. 0. 0. 1. 0. 0. 0. 0. 0. 0. 0.]
 [1. 1. 1. 1. 1. 1. 1. 1. 1. 1. 1. 1. 1. 1.]
 [1. 1. 1. 1. 1. 1. 1. 1. 1. 1. 1. 1. 1. 1.]
 [1. 1. 1. 1. 1. 1. 1. 1. 1. 1. 1. 1. 1. 1.]
 [1. 1. 1. 1. 1. 1. 1. 1. 1. 1. 1. 1. 1. 1.]
 [1. 1. 1. 1. 1. 1. 1. 1. 1. 1. 1. 1. 1. 1.]
 [1. 1. 1. 1. 1. 1. 1. 1. 1. 1. 1. 1. 1. 1.]
 [1. 1. 1. 1. 1. 1. 1. 1. 1. 1. 1. 1. 1. 1.]]","[[1.         0.         0.        ]
 [1.         0.         0.        ]
 [0.         1.         0.        ]
 [1.         0.         0.        ]
 [1.         0.         0.        ]
 [0.83629452 0.         0.        ]
 [1.         0.         0.        ]
 [1.         0.         0.        ]
 [0.         1.         0.        ]
 [0.23182635 0.         0.        ]
 [0.23182635 0.         0.        ]
 [0.         0.04       0.        ]
 [0.         0.04       0.        ]
 [0.         0.04       0.        ]]","[[80, 85, 90]]"
48,9,"[[0.5837065537331847, 0.5098783864165028, 0.5093725316219931, 0.5091752251811823, 0.5098783864165028, 0.5098783864165028, 0.5830412857473968, 0.39202999783728437, 0.39202999783728437]]","[[0.6432     0.55698417 0.51554449 0.6432     0.6432     0.6432
  0.6432     0.8        0.8       ]
 [0.6432     0.55698417 0.51554449 0.6432     0.6432     0.6432
  0.6432     0.8        0.8       ]
 [0.6432     0.55698417 0.51554449 0.6432     0.6432     0.6432
  0.6432     0.8        0.8       ]
 [0.6432     0.55698417 0.51554449 0.6432     0.6432     0.6432
  0.6432     0.8        0.8       ]
 [0.6432     0.55698417 0.51554449 0.6432     0.6432     0.6432
  0.6432     0.8        0.8       ]
 [0.6432     0.55698417 0.51554449 0.6432     0.6432     0.6432
  0.6432     0.8        0.8       ]
 [0.6432     0.55698417 0.51554449 0.6432     0.6432     0.6432
  0.6432     0.8        0.8       ]
 [0.6432     0.55698417 0.51554449 0.6432     0.6432     0.6432
  0.6432     0.8        0.8       ]
 [0.6432     0.6432     0.6432     0.6432     0.6432     0.6432
  0.6432     0.8        0.8       ]
 [0.6432     0.6432     0.6432     0.6432     0.6432     0.6432
  0.6432     0.8        0.8       ]
 [0.6432     0.6432     0.6432     0.6432     0.6432     0.6432
  0.6432     0.8        0.8       ]
 [0.6432     0.6432     0.6432     0.6432     0.6432     0.6432
  0.6432     0.8        0.8       ]
 [0.6432     0.6432     0.6432     0.6432     0.6432     0.6432
  0.6432     0.8        0.8       ]
 [0.6432     0.6432     0.6432     0.6432     0.6432     0.6432
  0.6432     0.8        0.8       ]
 [0.6432     0.6432     0.6432     0.6432     0.6432     0.6432
  0.6432     0.8        0.8       ]
 [0.6432     0.6432     0.6432     0.6432     0.6432     0.6432
  0.6432     0.8        0.8       ]
 [0.55350568 0.6091913  0.6432     0.6432     0.4692175  0.47238354
  0.54238769 0.8        0.8       ]
 [0.55350568 0.6091913  0.6432     0.6432     0.4692175  0.47238354
  0.54238769 0.8        0.8       ]
 [0.55350568 0.6091913  0.6432     0.6432     0.4692175  0.47238354
  0.54238769 0.8        0.8       ]
 [0.55350568 0.6091913  0.6432     0.6432     0.4692175  0.47238354
  0.54238769 0.8        0.8       ]
 [0.55350568 0.6091913  0.6432     0.6432     0.4692175  0.47238354
  0.54238769 0.8        0.8       ]
 [0.55350568 0.6091913  0.6432     0.6432     0.4692175  0.47238354
  0.54238769 0.8        0.8       ]
 [0.55350568 0.6091913  0.6432     0.6432     0.4692175  0.47238354
  0.54238769 0.8        0.8       ]
 [0.55350568 0.6091913  0.6432     0.6432     0.4692175  0.47238354
  0.54238769 0.8        0.8       ]
 [0.47540406 0.13882845 0.26375669 0.49401801 0.32691951 0.34173334
  0.48753387 0.54152664 0.54152664]
 [0.47540406 0.13882845 0.26375669 0.49401801 0.32691951 0.34173334
  0.48753387 0.54152664 0.54152664]
 [0.47540406 0.13882845 0.26375669 0.49401801 0.32691951 0.34173334
  0.48753387 0.54152664 0.54152664]
 [0.47540406 0.13882845 0.26375669 0.49401801 0.32691951 0.34173334
  0.48753387 0.54152664 0.54152664]
 [0.47540406 0.13882845 0.26375669 0.49401801 0.32691951 0.34173334
  0.48753387 0.54152664 0.54152664]
 [0.47540406 0.13882845 0.26375669 0.49401801 0.32691951 0.34173334
  0.48753387 0.54152664 0.54152664]
 [0.47540406 0.13882845 0.26375669 0.49401801 0.32691951 0.34173334
  0.48753387 0.54152664 0.54152664]
 [0.47540406 0.13882845 0.26375669 0.49401801 0.32691951 0.34173334
  0.48753387 0.54152664 0.54152664]
 [0.56475378 0.41280002 0.22889148 0.3029385  0.6432     0.6432
  0.55843994 0.64818071 0.64818071]
 [0.56475378 0.41280002 0.22889148 0.3029385  0.6432     0.6432
  0.55843994 0.64818071 0.64818071]
 [0.56475378 0.41280002 0.22889148 0.3029385  0.6432     0.6432
  0.55843994 0.64818071 0.64818071]
 [0.56475378 0.41280002 0.22889148 0.3029385  0.6432     0.6432
  0.55843994 0.64818071 0.64818071]
 [0.56475378 0.41280002 0.22889148 0.3029385  0.6432     0.6432
  0.55843994 0.64818071 0.64818071]
 [0.56475378 0.41280002 0.22889148 0.3029385  0.6432     0.6432
  0.55843994 0.64818071 0.64818071]
 [0.56475378 0.41280002 0.22889148 0.3029385  0.6432     0.6432
  0.55843994 0.64818071 0.64818071]
 [0.56475378 0.41280002 0.22889148 0.3029385  0.6432     0.6432
  0.55843994 0.64818071 0.64818071]
 [0.11452526 0.46057577 0.63304904 0.43178109 0.08316735 0.07939485
  0.09792788 0.48470588 0.48470588]
 [0.11452526 0.46057577 0.63304904 0.43178109 0.08316735 0.07939485
  0.09792788 0.48470588 0.48470588]
 [0.11452526 0.46057577 0.63304904 0.43178109 0.08316735 0.07939485
  0.09792788 0.48470588 0.48470588]
 [0.11452526 0.46057577 0.63304904 0.43178109 0.08316735 0.07939485
  0.09792788 0.48470588 0.48470588]
 [0.11452526 0.46057577 0.63304904 0.43178109 0.08316735 0.07939485
  0.09792788 0.48470588 0.48470588]
 [0.11452526 0.46057577 0.63304904 0.43178109 0.08316735 0.07939485
  0.09792788 0.48470588 0.48470588]
 [0.11452526 0.46057577 0.63304904 0.43178109 0.08316735 0.07939485
  0.09792788 0.48470588 0.48470588]
 [0.11452526 0.46057577 0.63304904 0.43178109 0.08316735 0.07939485
  0.09792788 0.48470588 0.48470588]]","[[0. 1. 1. 1. 1. 1. 0. 1. 1.]
 [0. 1. 1. 1. 1. 1. 0. 1. 1.]
 [0. 1. 1. 1. 1. 1. 0. 1. 1.]
 [0. 1. 1. 1. 1. 1. 0. 1. 1.]
 [0. 1. 1. 1. 1. 1. 0. 1. 1.]
 [0. 1. 1. 1. 1. 1. 0. 1. 1.]
 [0. 1. 1. 1. 1. 1. 0. 1. 1.]
 [0. 1. 1. 1. 1. 1. 0. 1. 1.]
 [1. 1. 1. 1. 1. 1. 1. 1. 1.]
 [1. 1. 1. 1. 1. 1. 1. 1. 1.]
 [1. 1. 1. 1. 1. 1. 1. 1. 1.]
 [1. 1. 1. 1. 1. 1. 1. 1. 1.]
 [1. 1. 1. 1. 1. 1. 1. 1. 1.]
 [1. 1. 1. 1. 1. 1. 1. 1. 1.]
 [1. 1. 1. 1. 1. 1. 1. 1. 1.]
 [1. 1. 1. 1. 1. 1. 1. 1. 1.]
 [1. 1. 1. 1. 1. 1. 1. 1. 1.]
 [1. 1. 1. 1. 1. 1. 1. 1. 1.]
 [1. 1. 1. 1. 1. 1. 1. 1. 1.]
 [1. 1. 1. 1. 1. 1. 1. 1. 1.]
 [1. 1. 1. 1. 1. 1. 1. 1. 1.]
 [1. 1. 1. 1. 1. 1. 1. 1. 1.]
 [1. 1. 1. 1. 1. 1. 1. 1. 1.]
 [1. 1. 1. 1. 1. 1. 1. 1. 1.]
 [1. 0. 0. 1. 0. 0. 1. 1. 1.]
 [1. 0. 0. 1. 0. 0. 1. 1. 1.]
 [1. 0. 0. 1. 0. 0. 1. 1. 1.]
 [1. 0. 0. 1. 0. 0. 1. 1. 1.]
 [1. 0. 0. 1. 0. 0. 1. 1. 1.]
 [1. 0. 0. 1. 0. 0. 1. 1. 1.]
 [1. 0. 0. 1. 0. 0. 1. 1. 1.]
 [1. 0. 0. 1. 0. 0. 1. 1. 1.]
 [1. 1. 0. 0. 1. 1. 1. 1. 1.]
 [1. 1. 0. 0. 1. 1. 1. 1. 1.]
 [1. 1. 0. 0. 1. 1. 1. 1. 1.]
 [1. 1. 0. 0. 1. 1. 1. 1. 1.]
 [1. 1. 0. 0. 1. 1. 1. 1. 1.]
 [1. 1. 0. 0. 1. 1. 1. 1. 1.]
 [1. 1. 0. 0. 1. 1. 1. 1. 1.]
 [1. 1. 0. 0. 1. 1. 1. 1. 1.]
 [0. 1. 1. 1. 0. 0. 0. 0. 0.]
 [0. 1. 1. 1. 0. 0. 0. 0. 0.]
 [0. 1. 1. 1. 0. 0. 0. 0. 0.]
 [0. 1. 1. 1. 0. 0. 0. 0. 0.]
 [0. 1. 1. 1. 0. 0. 0. 0. 0.]
 [0. 1. 1. 1. 0. 0. 0. 0. 0.]
 [0. 1. 1. 1. 0. 0. 0. 0. 0.]
 [0. 1. 1. 1. 0. 0. 0. 0. 0.]]","[[0.   1.   0.  ]
 [1.   0.   0.  ]
 [1.   0.   0.  ]
 [1.   0.   0.  ]
 [1.   0.   0.  ]
 [1.   0.   0.  ]
 [0.   1.   0.  ]
 [0.   0.04 0.  ]
 [0.   0.04 0.  ]]","[[80, 85, 90]]"
48,7,"[[0.5091757117639726, 0.5098783864165028, 0.5098783864165028, 0.5835190808483712, 0.5098783864165028, 0.5098783864165028, 0.509175203146636]]","[[0.6432     0.15059521 0.19505543 0.6432     0.48529101 0.50181838
  0.6432    ]
 [0.6432     0.15059521 0.19505543 0.6432     0.48529101 0.50181838
  0.6432    ]
 [0.6432     0.15059521 0.19505543 0.6432     0.48529101 0.50181838
  0.6432    ]
 [0.6432     0.15059521 0.19505543 0.6432     0.48529101 0.50181838
  0.6432    ]
 [0.6432     0.15059521 0.19505543 0.6432     0.48529101 0.50181838
  0.6432    ]
 [0.6432     0.15059521 0.19505543 0.6432     0.48529101 0.50181838
  0.6432    ]
 [0.6432     0.15059521 0.19505543 0.6432     0.48529101 0.50181838
  0.6432    ]
 [0.6432     0.15059521 0.19505543 0.6432     0.48529101 0.50181838
  0.6432    ]
 [0.6432     0.49790437 0.56037892 0.6432     0.63996033 0.6432
  0.6432    ]
 [0.6432     0.49790437 0.56037892 0.6432     0.63996033 0.6432
  0.6432    ]
 [0.6432     0.49790437 0.56037892 0.6432     0.63996033 0.6432
  0.6432    ]
 [0.6432     0.49790437 0.56037892 0.6432     0.63996033 0.6432
  0.6432    ]
 [0.6432     0.49790437 0.56037892 0.6432     0.63996033 0.6432
  0.6432    ]
 [0.6432     0.49790437 0.56037892 0.6432     0.63996033 0.6432
  0.6432    ]
 [0.6432     0.49790437 0.56037892 0.6432     0.63996033 0.6432
  0.6432    ]
 [0.6432     0.49790437 0.56037892 0.6432     0.63996033 0.6432
  0.6432    ]
 [0.6432     0.23063257 0.39252689 0.62393259 0.25549392 0.26697003
  0.6432    ]
 [0.6432     0.23063257 0.39252689 0.62393259 0.25549392 0.26697003
  0.6432    ]
 [0.6432     0.23063257 0.39252689 0.62393259 0.25549392 0.26697003
  0.6432    ]
 [0.6432     0.23063257 0.39252689 0.62393259 0.25549392 0.26697003
  0.6432    ]
 [0.6432     0.23063257 0.39252689 0.62393259 0.25549392 0.26697003
  0.6432    ]
 [0.6432     0.23063257 0.39252689 0.62393259 0.25549392 0.26697003
  0.6432    ]
 [0.6432     0.23063257 0.39252689 0.62393259 0.25549392 0.26697003
  0.6432    ]
 [0.6432     0.23063257 0.39252689 0.62393259 0.25549392 0.26697003
  0.6432    ]
 [0.5983948  0.         0.         0.41170651 0.         0.
  0.61372527]
 [0.5983948  0.         0.         0.41170651 0.         0.
  0.61372527]
 [0.5983948  0.         0.         0.41170651 0.         0.
  0.61372527]
 [0.5983948  0.         0.         0.41170651 0.         0.
  0.61372527]
 [0.5983948  0.         0.         0.41170651 0.         0.
  0.61372527]
 [0.5983948  0.         0.         0.41170651 0.         0.
  0.61372527]
 [0.5983948  0.         0.         0.41170651 0.         0.
  0.61372527]
 [0.5983948  0.         0.         0.41170651 0.         0.
  0.61372527]
 [0.28967451 0.18452545 0.10985481 0.56019915 0.6432     0.6432
  0.33297672]
 [0.28967451 0.18452545 0.10985481 0.56019915 0.6432     0.6432
  0.33297672]
 [0.28967451 0.18452545 0.10985481 0.56019915 0.6432     0.6432
  0.33297672]
 [0.28967451 0.18452545 0.10985481 0.56019915 0.6432     0.6432
  0.33297672]
 [0.28967451 0.18452545 0.10985481 0.56019915 0.6432     0.6432
  0.33297672]
 [0.28967451 0.18452545 0.10985481 0.56019915 0.6432     0.6432
  0.33297672]
 [0.28967451 0.18452545 0.10985481 0.56019915 0.6432     0.6432
  0.33297672]
 [0.28967451 0.18452545 0.10985481 0.56019915 0.6432     0.6432
  0.33297672]
 [0.34528613 0.3544281  0.57888143 0.22185924 0.07504781 0.07871353
  0.28718952]
 [0.34528613 0.3544281  0.57888143 0.22185924 0.07504781 0.07871353
  0.28718952]
 [0.34528613 0.3544281  0.57888143 0.22185924 0.07504781 0.07871353
  0.28718952]
 [0.34528613 0.3544281  0.57888143 0.22185924 0.07504781 0.07871353
  0.28718952]
 [0.34528613 0.3544281  0.57888143 0.22185924 0.07504781 0.07871353
  0.28718952]
 [0.34528613 0.3544281  0.57888143 0.22185924 0.07504781 0.07871353
  0.28718952]
 [0.34528613 0.3544281  0.57888143 0.22185924 0.07504781 0.07871353
  0.28718952]
 [0.34528613 0.3544281  0.57888143 0.22185924 0.07504781 0.07871353
  0.28718952]]","[[1. 0. 0. 1. 1. 1. 1.]
 [1. 0. 0. 1. 1. 1. 1.]
 [1. 0. 0. 1. 1. 1. 1.]
 [1. 0. 0. 1. 1. 1. 1.]
 [1. 0. 0. 1. 1. 1. 1.]
 [1. 0. 0. 1. 1. 1. 1.]
 [1. 0. 0. 1. 1. 1. 1.]
 [1. 0. 0. 1. 1. 1. 1.]
 [1. 1. 1. 1. 1. 1. 1.]
 [1. 1. 1. 1. 1. 1. 1.]
 [1. 1. 1. 1. 1. 1. 1.]
 [1. 1. 1. 1. 1. 1. 1.]
 [1. 1. 1. 1. 1. 1. 1.]
 [1. 1. 1. 1. 1. 1. 1.]
 [1. 1. 1. 1. 1. 1. 1.]
 [1. 1. 1. 1. 1. 1. 1.]
 [1. 0. 0. 1. 0. 0. 1.]
 [1. 0. 0. 1. 0. 0. 1.]
 [1. 0. 0. 1. 0. 0. 1.]
 [1. 0. 0. 1. 0. 0. 1.]
 [1. 0. 0. 1. 0. 0. 1.]
 [1. 0. 0. 1. 0. 0. 1.]
 [1. 0. 0. 1. 0. 0. 1.]
 [1. 0. 0. 1. 0. 0. 1.]
 [1. 0. 0. 1. 0. 0. 1.]
 [1. 0. 0. 1. 0. 0. 1.]
 [1. 0. 0. 1. 0. 0. 1.]
 [1. 0. 0. 1. 0. 0. 1.]
 [1. 0. 0. 1. 0. 0. 1.]
 [1. 0. 0. 1. 0. 0. 1.]
 [1. 0. 0. 1. 0. 0. 1.]
 [1. 0. 0. 1. 0. 0. 1.]
 [0. 0. 0. 1. 1. 1. 0.]
 [0. 0. 0. 1. 1. 1. 0.]
 [0. 0. 0. 1. 1. 1. 0.]
 [0. 0. 0. 1. 1. 1. 0.]
 [0. 0. 0. 1. 1. 1. 0.]
 [0. 0. 0. 1. 1. 1. 0.]
 [0. 0. 0. 1. 1. 1. 0.]
 [0. 0. 0. 1. 1. 1. 0.]
 [0. 0. 1. 0. 0. 0. 0.]
 [0. 0. 1. 0. 0. 0. 0.]
 [0. 0. 1. 0. 0. 0. 0.]
 [0. 0. 1. 0. 0. 0. 0.]
 [0. 0. 1. 0. 0. 0. 0.]
 [0. 0. 1. 0. 0. 0. 0.]
 [0. 0. 1. 0. 0. 0. 0.]
 [0. 0. 1. 0. 0. 0. 0.]]","[[1. 0. 0.]
 [1. 0. 0.]
 [1. 0. 0.]
 [0. 1. 0.]
 [1. 0. 0.]
 [1. 0. 0.]
 [1. 0. 0.]]","[[80, 85, 90]]"
48,3,"[[0.5873608574974376, 0.5835286979213766, 0.5091761014824239]]","[[0.6432     0.6432     0.6432    ]
 [0.6432     0.6432     0.6432    ]
 [0.6432     0.6432     0.6432    ]
 [0.6432     0.6432     0.6432    ]
 [0.6432     0.6432     0.6432    ]
 [0.6432     0.6432     0.6432    ]
 [0.6432     0.6432     0.6432    ]
 [0.6432     0.6432     0.6432    ]
 [0.6432     0.58489812 0.6432    ]
 [0.6432     0.58489812 0.6432    ]
 [0.6432     0.58489812 0.6432    ]
 [0.6432     0.58489812 0.6432    ]
 [0.6432     0.58489812 0.6432    ]
 [0.6432     0.58489812 0.6432    ]
 [0.6432     0.58489812 0.6432    ]
 [0.6432     0.58489812 0.6432    ]
 [0.6432     0.62127808 0.6432    ]
 [0.6432     0.62127808 0.6432    ]
 [0.6432     0.62127808 0.6432    ]
 [0.6432     0.62127808 0.6432    ]
 [0.6432     0.62127808 0.6432    ]
 [0.6432     0.62127808 0.6432    ]
 [0.6432     0.62127808 0.6432    ]
 [0.6432     0.62127808 0.6432    ]
 [0.40748049 0.6432     0.36989147]
 [0.40748049 0.6432     0.36989147]
 [0.40748049 0.6432     0.36989147]
 [0.40748049 0.6432     0.36989147]
 [0.40748049 0.6432     0.36989147]
 [0.40748049 0.6432     0.36989147]
 [0.40748049 0.6432     0.36989147]
 [0.40748049 0.6432     0.36989147]
 [0.51160258 0.38582245 0.48130669]
 [0.51160258 0.38582245 0.48130669]
 [0.51160258 0.38582245 0.48130669]
 [0.51160258 0.38582245 0.48130669]
 [0.51160258 0.38582245 0.48130669]
 [0.51160258 0.38582245 0.48130669]
 [0.51160258 0.38582245 0.48130669]
 [0.51160258 0.38582245 0.48130669]
 [0.28838813 0.13554867 0.3480157 ]
 [0.28838813 0.13554867 0.3480157 ]
 [0.28838813 0.13554867 0.3480157 ]
 [0.28838813 0.13554867 0.3480157 ]
 [0.28838813 0.13554867 0.3480157 ]
 [0.28838813 0.13554867 0.3480157 ]
 [0.28838813 0.13554867 0.3480157 ]
 [0.28838813 0.13554867 0.3480157 ]]","[[1. 1. 1.]
 [1. 1. 1.]
 [1. 1. 1.]
 [1. 1. 1.]
 [1. 1. 1.]
 [1. 1. 1.]
 [1. 1. 1.]
 [1. 1. 1.]
 [1. 1. 1.]
 [1. 1. 1.]
 [1. 1. 1.]
 [1. 1. 1.]
 [1. 1. 1.]
 [1. 1. 1.]
 [1. 1. 1.]
 [1. 1. 1.]
 [1. 1. 1.]
 [1. 1. 1.]
 [1. 1. 1.]
 [1. 1. 1.]
 [1. 1. 1.]
 [1. 1. 1.]
 [1. 1. 1.]
 [1. 1. 1.]
 [1. 1. 0.]
 [1. 1. 0.]
 [1. 1. 0.]
 [1. 1. 0.]
 [1. 1. 0.]
 [1. 1. 0.]
 [1. 1. 0.]
 [1. 1. 0.]
 [1. 0. 1.]
 [1. 0. 1.]
 [1. 0. 1.]
 [1. 0. 1.]
 [1. 0. 1.]
 [1. 0. 1.]
 [1. 0. 1.]
 [1. 0. 1.]
 [0. 0. 0.]
 [0. 0. 0.]
 [0. 0. 0.]
 [0. 0. 0.]
 [0. 0. 0.]
 [0. 0. 0.]
 [0. 0. 0.]
 [0. 0. 0.]]","[[0. 1. 0.]
 [0. 1. 0.]
 [1. 0. 0.]]","[[80, 85, 90]]"
49,4,"[[0.583534205422496, 0.50917803656791, 0.5853680310276158, 0.5431148266207155]]","[[0.6432     0.6432     0.6432     0.26311267]
 [0.6432     0.6432     0.6432     0.26311267]
 [0.6432     0.6432     0.6432     0.26311267]
 [0.6432     0.6432     0.6432     0.26311267]
 [0.6432     0.6432     0.6432     0.26311267]
 [0.6432     0.6432     0.6432     0.26311267]
 [0.6432     0.6432     0.6432     0.26311267]
 [0.6432     0.6432     0.6432     0.26311267]
 [0.6432     0.6432     0.6432     0.32678602]
 [0.6432     0.6432     0.6432     0.32678602]
 [0.6432     0.6432     0.6432     0.32678602]
 [0.6432     0.6432     0.6432     0.32678602]
 [0.6432     0.6432     0.6432     0.32678602]
 [0.6432     0.6432     0.6432     0.32678602]
 [0.6432     0.6432     0.6432     0.32678602]
 [0.6432     0.6432     0.6432     0.32678602]
 [0.6432     0.6432     0.5642908  0.70921135]
 [0.6432     0.6432     0.5642908  0.70921135]
 [0.6432     0.6432     0.5642908  0.70921135]
 [0.6432     0.6432     0.5642908  0.70921135]
 [0.6432     0.6432     0.5642908  0.70921135]
 [0.6432     0.6432     0.5642908  0.70921135]
 [0.6432     0.6432     0.5642908  0.70921135]
 [0.6432     0.6432     0.5642908  0.70921135]
 [0.53163652 0.49465124 0.51476468 0.49999602]
 [0.53163652 0.49465124 0.51476468 0.49999602]
 [0.53163652 0.49465124 0.51476468 0.49999602]
 [0.53163652 0.49465124 0.51476468 0.49999602]
 [0.53163652 0.49465124 0.51476468 0.49999602]
 [0.53163652 0.49465124 0.51476468 0.49999602]
 [0.53163652 0.49465124 0.51476468 0.49999602]
 [0.53163652 0.49465124 0.51476468 0.49999602]
 [0.44628908 0.36003221 0.52887335 0.        ]
 [0.44628908 0.36003221 0.52887335 0.        ]
 [0.44628908 0.36003221 0.52887335 0.        ]
 [0.44628908 0.36003221 0.52887335 0.        ]
 [0.44628908 0.36003221 0.52887335 0.        ]
 [0.44628908 0.36003221 0.52887335 0.        ]
 [0.44628908 0.36003221 0.52887335 0.        ]
 [0.44628908 0.36003221 0.52887335 0.        ]
 [0.24571322 0.38094223 0.11236155 0.5524404 ]
 [0.24571322 0.38094223 0.11236155 0.5524404 ]
 [0.24571322 0.38094223 0.11236155 0.5524404 ]
 [0.24571322 0.38094223 0.11236155 0.5524404 ]
 [0.24571322 0.38094223 0.11236155 0.5524404 ]
 [0.24571322 0.38094223 0.11236155 0.5524404 ]
 [0.24571322 0.38094223 0.11236155 0.5524404 ]
 [0.24571322 0.38094223 0.11236155 0.5524404 ]
 [0.6932     0.6932     0.6932     0.786     ]]","[[1. 1. 0. 0.]
 [1. 1. 0. 0.]
 [1. 1. 0. 0.]
 [1. 1. 0. 0.]
 [1. 1. 0. 0.]
 [1. 1. 0. 0.]
 [1. 1. 0. 0.]
 [1. 1. 0. 0.]
 [1. 1. 1. 0.]
 [1. 1. 1. 0.]
 [1. 1. 1. 0.]
 [1. 1. 1. 0.]
 [1. 1. 1. 0.]
 [1. 1. 1. 0.]
 [1. 1. 1. 0.]
 [1. 1. 1. 0.]
 [1. 1. 1. 0.]
 [1. 1. 1. 0.]
 [1. 1. 1. 0.]
 [1. 1. 1. 0.]
 [1. 1. 1. 0.]
 [1. 1. 1. 0.]
 [1. 1. 1. 0.]
 [1. 1. 1. 0.]
 [1. 1. 1. 0.]
 [1. 1. 1. 0.]
 [1. 1. 1. 0.]
 [1. 1. 1. 0.]
 [1. 1. 1. 0.]
 [1. 1. 1. 0.]
 [1. 1. 1. 0.]
 [1. 1. 1. 0.]
 [1. 0. 1. 0.]
 [1. 0. 1. 0.]
 [1. 0. 1. 0.]
 [1. 0. 1. 0.]
 [1. 0. 1. 0.]
 [1. 0. 1. 0.]
 [1. 0. 1. 0.]
 [1. 0. 1. 0.]
 [0. 0. 0. 0.]
 [0. 0. 0. 0.]
 [0. 0. 0. 0.]
 [0. 0. 0. 0.]
 [0. 0. 0. 0.]
 [0. 0. 0. 0.]
 [0. 0. 0. 0.]
 [0. 0. 0. 0.]
 [1. 1. 1. 1.]]","[[0.         1.         0.        ]
 [1.         0.         0.        ]
 [0.         1.         0.        ]
 [0.         0.83629452 0.        ]]","[[80, 85, 90]]"
48,3,"[[0.5091777120069357, 0.586113495928412, 0.5091780163579325]]","[[0.55956077 0.6432     0.6432    ]
 [0.55956077 0.6432     0.6432    ]
 [0.55956077 0.6432     0.6432    ]
 [0.55956077 0.6432     0.6432    ]
 [0.55956077 0.6432     0.6432    ]
 [0.55956077 0.6432     0.6432    ]
 [0.55956077 0.6432     0.6432    ]
 [0.55956077 0.6432     0.6432    ]
 [0.6432     0.6432     0.6432    ]
 [0.6432     0.6432     0.6432    ]
 [0.6432     0.6432     0.6432    ]
 [0.6432     0.6432     0.6432    ]
 [0.6432     0.6432     0.6432    ]
 [0.6432     0.6432     0.6432    ]
 [0.6432     0.6432     0.6432    ]
 [0.6432     0.6432     0.6432    ]
 [0.6432     0.56226846 0.6432    ]
 [0.6432     0.56226846 0.6432    ]
 [0.6432     0.56226846 0.6432    ]
 [0.6432     0.56226846 0.6432    ]
 [0.6432     0.56226846 0.6432    ]
 [0.6432     0.56226846 0.6432    ]
 [0.6432     0.56226846 0.6432    ]
 [0.6432     0.56226846 0.6432    ]
 [0.319411   0.35959296 0.58552164]
 [0.319411   0.35959296 0.58552164]
 [0.319411   0.35959296 0.58552164]
 [0.319411   0.35959296 0.58552164]
 [0.319411   0.35959296 0.58552164]
 [0.319411   0.35959296 0.58552164]
 [0.319411   0.35959296 0.58552164]
 [0.319411   0.35959296 0.58552164]
 [0.2463632  0.62591596 0.27571714]
 [0.2463632  0.62591596 0.27571714]
 [0.2463632  0.62591596 0.27571714]
 [0.2463632  0.62591596 0.27571714]
 [0.2463632  0.62591596 0.27571714]
 [0.2463632  0.62591596 0.27571714]
 [0.2463632  0.62591596 0.27571714]
 [0.2463632  0.62591596 0.27571714]
 [0.59436277 0.1790979  0.36955059]
 [0.59436277 0.1790979  0.36955059]
 [0.59436277 0.1790979  0.36955059]
 [0.59436277 0.1790979  0.36955059]
 [0.59436277 0.1790979  0.36955059]
 [0.59436277 0.1790979  0.36955059]
 [0.59436277 0.1790979  0.36955059]
 [0.59436277 0.1790979  0.36955059]]","[[1. 1. 1.]
 [1. 1. 1.]
 [1. 1. 1.]
 [1. 1. 1.]
 [1. 1. 1.]
 [1. 1. 1.]
 [1. 1. 1.]
 [1. 1. 1.]
 [1. 1. 1.]
 [1. 1. 1.]
 [1. 1. 1.]
 [1. 1. 1.]
 [1. 1. 1.]
 [1. 1. 1.]
 [1. 1. 1.]
 [1. 1. 1.]
 [1. 1. 1.]
 [1. 1. 1.]
 [1. 1. 1.]
 [1. 1. 1.]
 [1. 1. 1.]
 [1. 1. 1.]
 [1. 1. 1.]
 [1. 1. 1.]
 [0. 0. 1.]
 [0. 0. 1.]
 [0. 0. 1.]
 [0. 0. 1.]
 [0. 0. 1.]
 [0. 0. 1.]
 [0. 0. 1.]
 [0. 0. 1.]
 [0. 1. 0.]
 [0. 1. 0.]
 [0. 1. 0.]
 [0. 1. 0.]
 [0. 1. 0.]
 [0. 1. 0.]
 [0. 1. 0.]
 [0. 1. 0.]
 [1. 0. 0.]
 [1. 0. 0.]
 [1. 0. 0.]
 [1. 0. 0.]
 [1. 0. 0.]
 [1. 0. 0.]
 [1. 0. 0.]
 [1. 0. 0.]]","[[1. 0. 0.]
 [0. 1. 0.]
 [1. 0. 0.]]","[[80, 85, 90]]"
48,3,"[[0.5098783864165028, 0.5091799592149804, 0.586427298453305]]","[[0.25043708 0.6432     0.6432    ]
 [0.25043708 0.6432     0.6432    ]
 [0.25043708 0.6432     0.6432    ]
 [0.25043708 0.6432     0.6432    ]
 [0.25043708 0.6432     0.6432    ]
 [0.25043708 0.6432     0.6432    ]
 [0.25043708 0.6432     0.6432    ]
 [0.25043708 0.6432     0.6432    ]
 [0.61553194 0.61048651 0.6432    ]
 [0.61553194 0.61048651 0.6432    ]
 [0.61553194 0.61048651 0.6432    ]
 [0.61553194 0.61048651 0.6432    ]
 [0.61553194 0.61048651 0.6432    ]
 [0.61553194 0.61048651 0.6432    ]
 [0.61553194 0.61048651 0.6432    ]
 [0.61553194 0.61048651 0.6432    ]
 [0.44569548 0.6432     0.6432    ]
 [0.44569548 0.6432     0.6432    ]
 [0.44569548 0.6432     0.6432    ]
 [0.44569548 0.6432     0.6432    ]
 [0.44569548 0.6432     0.6432    ]
 [0.44569548 0.6432     0.6432    ]
 [0.44569548 0.6432     0.6432    ]
 [0.44569548 0.6432     0.6432    ]
 [0.         0.6432     0.39732734]
 [0.         0.6432     0.39732734]
 [0.         0.6432     0.39732734]
 [0.         0.6432     0.39732734]
 [0.         0.6432     0.39732734]
 [0.         0.6432     0.39732734]
 [0.         0.6432     0.39732734]
 [0.         0.6432     0.39732734]
 [0.14970946 0.38376265 0.52047897]
 [0.14970946 0.38376265 0.52047897]
 [0.14970946 0.38376265 0.52047897]
 [0.14970946 0.38376265 0.52047897]
 [0.14970946 0.38376265 0.52047897]
 [0.14970946 0.38376265 0.52047897]
 [0.14970946 0.38376265 0.52047897]
 [0.14970946 0.38376265 0.52047897]
 [0.59462624 0.166782   0.28568056]
 [0.59462624 0.166782   0.28568056]
 [0.59462624 0.166782   0.28568056]
 [0.59462624 0.166782   0.28568056]
 [0.59462624 0.166782   0.28568056]
 [0.59462624 0.166782   0.28568056]
 [0.59462624 0.166782   0.28568056]
 [0.59462624 0.166782   0.28568056]]","[[0. 1. 1.]
 [0. 1. 1.]
 [0. 1. 1.]
 [0. 1. 1.]
 [0. 1. 1.]
 [0. 1. 1.]
 [0. 1. 1.]
 [0. 1. 1.]
 [1. 1. 1.]
 [1. 1. 1.]
 [1. 1. 1.]
 [1. 1. 1.]
 [1. 1. 1.]
 [1. 1. 1.]
 [1. 1. 1.]
 [1. 1. 1.]
 [1. 1. 1.]
 [1. 1. 1.]
 [1. 1. 1.]
 [1. 1. 1.]
 [1. 1. 1.]
 [1. 1. 1.]
 [1. 1. 1.]
 [1. 1. 1.]
 [0. 1. 0.]
 [0. 1. 0.]
 [0. 1. 0.]
 [0. 1. 0.]
 [0. 1. 0.]
 [0. 1. 0.]
 [0. 1. 0.]
 [0. 1. 0.]
 [0. 0. 1.]
 [0. 0. 1.]
 [0. 0. 1.]
 [0. 0. 1.]
 [0. 0. 1.]
 [0. 0. 1.]
 [0. 0. 1.]
 [0. 0. 1.]
 [1. 0. 0.]
 [1. 0. 0.]
 [1. 0. 0.]
 [1. 0. 0.]
 [1. 0. 0.]
 [1. 0. 0.]
 [1. 0. 0.]
 [1. 0. 0.]]","[[1. 0. 0.]
 [1. 0. 0.]
 [0. 1. 0.]]","[[80, 85, 90]]"
48,2,"[[0.5091808609860751, 0.5862696470841333]]","[[0.6432     0.6432    ]
 [0.6432     0.6432    ]
 [0.6432     0.6432    ]
 [0.6432     0.6432    ]
 [0.6432     0.6432    ]
 [0.6432     0.6432    ]
 [0.6432     0.6432    ]
 [0.6432     0.6432    ]
 [0.6432     0.61287736]
 [0.6432     0.61287736]
 [0.6432     0.61287736]
 [0.6432     0.61287736]
 [0.6432     0.61287736]
 [0.6432     0.61287736]
 [0.6432     0.61287736]
 [0.6432     0.61287736]
 [0.6432     0.57392713]
 [0.6432     0.57392713]
 [0.6432     0.57392713]
 [0.6432     0.57392713]
 [0.6432     0.57392713]
 [0.6432     0.57392713]
 [0.6432     0.57392713]
 [0.6432     0.57392713]
 [0.45061765 0.57566896]
 [0.45061765 0.57566896]
 [0.45061765 0.57566896]
 [0.45061765 0.57566896]
 [0.45061765 0.57566896]
 [0.45061765 0.57566896]
 [0.45061765 0.57566896]
 [0.45061765 0.57566896]
 [0.35835495 0.47247841]
 [0.35835495 0.47247841]
 [0.35835495 0.47247841]
 [0.35835495 0.47247841]
 [0.35835495 0.47247841]
 [0.35835495 0.47247841]
 [0.35835495 0.47247841]
 [0.35835495 0.47247841]
 [0.41800209 0.10477453]
 [0.41800209 0.10477453]
 [0.41800209 0.10477453]
 [0.41800209 0.10477453]
 [0.41800209 0.10477453]
 [0.41800209 0.10477453]
 [0.41800209 0.10477453]
 [0.41800209 0.10477453]]","[[1. 1.]
 [1. 1.]
 [1. 1.]
 [1. 1.]
 [1. 1.]
 [1. 1.]
 [1. 1.]
 [1. 1.]
 [1. 1.]
 [1. 1.]
 [1. 1.]
 [1. 1.]
 [1. 1.]
 [1. 1.]
 [1. 1.]
 [1. 1.]
 [1. 1.]
 [1. 1.]
 [1. 1.]
 [1. 1.]
 [1. 1.]
 [1. 1.]
 [1. 1.]
 [1. 1.]
 [1. 1.]
 [1. 1.]
 [1. 1.]
 [1. 1.]
 [1. 1.]
 [1. 1.]
 [1. 1.]
 [1. 1.]
 [0. 1.]
 [0. 1.]
 [0. 1.]
 [0. 1.]
 [0. 1.]
 [0. 1.]
 [0. 1.]
 [0. 1.]
 [1. 0.]
 [1. 0.]
 [1. 0.]
 [1. 0.]
 [1. 0.]
 [1. 0.]
 [1. 0.]
 [1. 0.]]","[[1. 0. 0.]
 [0. 1. 0.]]","[[80, 85, 90]]"
48,3,"[[0.5873560092726503, 0.5098783864165028, 0.5091808145885603]]","[[0.6432     0.6432     0.6432    ]
 [0.6432     0.6432     0.6432    ]
 [0.6432     0.6432     0.6432    ]
 [0.6432     0.6432     0.6432    ]
 [0.6432     0.6432     0.6432    ]
 [0.6432     0.6432     0.6432    ]
 [0.6432     0.6432     0.6432    ]
 [0.6432     0.6432     0.6432    ]
 [0.6432     0.32282272 0.6432    ]
 [0.6432     0.32282272 0.6432    ]
 [0.6432     0.32282272 0.6432    ]
 [0.6432     0.32282272 0.6432    ]
 [0.6432     0.32282272 0.6432    ]
 [0.6432     0.32282272 0.6432    ]
 [0.6432     0.32282272 0.6432    ]
 [0.6432     0.32282272 0.6432    ]
 [0.60105293 0.24604433 0.6432    ]
 [0.60105293 0.24604433 0.6432    ]
 [0.60105293 0.24604433 0.6432    ]
 [0.60105293 0.24604433 0.6432    ]
 [0.60105293 0.24604433 0.6432    ]
 [0.60105293 0.24604433 0.6432    ]
 [0.60105293 0.24604433 0.6432    ]
 [0.60105293 0.24604433 0.6432    ]
 [0.43371003 0.45685708 0.55693141]
 [0.43371003 0.45685708 0.55693141]
 [0.43371003 0.45685708 0.55693141]
 [0.43371003 0.45685708 0.55693141]
 [0.43371003 0.45685708 0.55693141]
 [0.43371003 0.45685708 0.55693141]
 [0.43371003 0.45685708 0.55693141]
 [0.43371003 0.45685708 0.55693141]
 [0.56759305 0.46687181 0.31652467]
 [0.56759305 0.46687181 0.31652467]
 [0.56759305 0.46687181 0.31652467]
 [0.56759305 0.46687181 0.31652467]
 [0.56759305 0.46687181 0.31652467]
 [0.56759305 0.46687181 0.31652467]
 [0.56759305 0.46687181 0.31652467]
 [0.56759305 0.46687181 0.31652467]
 [0.18490331 0.         0.36367111]
 [0.18490331 0.         0.36367111]
 [0.18490331 0.         0.36367111]
 [0.18490331 0.         0.36367111]
 [0.18490331 0.         0.36367111]
 [0.18490331 0.         0.36367111]
 [0.18490331 0.         0.36367111]
 [0.18490331 0.         0.36367111]]","[[0. 1. 1.]
 [0. 1. 1.]
 [0. 1. 1.]
 [0. 1. 1.]
 [0. 1. 1.]
 [0. 1. 1.]
 [0. 1. 1.]
 [0. 1. 1.]
 [1. 0. 1.]
 [1. 0. 1.]
 [1. 0. 1.]
 [1. 0. 1.]
 [1. 0. 1.]
 [1. 0. 1.]
 [1. 0. 1.]
 [1. 0. 1.]
 [1. 0. 1.]
 [1. 0. 1.]
 [1. 0. 1.]
 [1. 0. 1.]
 [1. 0. 1.]
 [1. 0. 1.]
 [1. 0. 1.]
 [1. 0. 1.]
 [1. 1. 1.]
 [1. 1. 1.]
 [1. 1. 1.]
 [1. 1. 1.]
 [1. 1. 1.]
 [1. 1. 1.]
 [1. 1. 1.]
 [1. 1. 1.]
 [1. 1. 0.]
 [1. 1. 0.]
 [1. 1. 0.]
 [1. 1. 0.]
 [1. 1. 0.]
 [1. 1. 0.]
 [1. 1. 0.]
 [1. 1. 0.]
 [0. 0. 0.]
 [0. 0. 0.]
 [0. 0. 0.]
 [0. 0. 0.]
 [0. 0. 0.]
 [0. 0. 0.]
 [0. 0. 0.]
 [0. 0. 0.]]","[[0. 1. 0.]
 [1. 0. 0.]
 [1. 0. 0.]]","[[80, 85, 90]]"
48,3,"[[0.5870316669552242, 0.5098783864165028, 0.5091817406380673]]","[[0.6432     0.6432     0.6432    ]
 [0.6432     0.6432     0.6432    ]
 [0.6432     0.6432     0.6432    ]
 [0.6432     0.6432     0.6432    ]
 [0.6432     0.6432     0.6432    ]
 [0.6432     0.6432     0.6432    ]
 [0.6432     0.6432     0.6432    ]
 [0.6432     0.6432     0.6432    ]
 [0.60295812 0.55635254 0.6432    ]
 [0.60295812 0.55635254 0.6432    ]
 [0.60295812 0.55635254 0.6432    ]
 [0.60295812 0.55635254 0.6432    ]
 [0.60295812 0.55635254 0.6432    ]
 [0.60295812 0.55635254 0.6432    ]
 [0.60295812 0.55635254 0.6432    ]
 [0.60295812 0.55635254 0.6432    ]
 [0.6432     0.27875254 0.62303307]
 [0.6432     0.27875254 0.62303307]
 [0.6432     0.27875254 0.62303307]
 [0.6432     0.27875254 0.62303307]
 [0.6432     0.27875254 0.62303307]
 [0.6432     0.27875254 0.62303307]
 [0.6432     0.27875254 0.62303307]
 [0.6432     0.27875254 0.62303307]
 [0.6432     0.17955233 0.34586744]
 [0.6432     0.17955233 0.34586744]
 [0.6432     0.17955233 0.34586744]
 [0.6432     0.17955233 0.34586744]
 [0.6432     0.17955233 0.34586744]
 [0.6432     0.17955233 0.34586744]
 [0.6432     0.17955233 0.34586744]
 [0.6432     0.17955233 0.34586744]
 [0.31627277 0.6432     0.57112859]
 [0.31627277 0.6432     0.57112859]
 [0.31627277 0.6432     0.57112859]
 [0.31627277 0.6432     0.57112859]
 [0.31627277 0.6432     0.57112859]
 [0.31627277 0.6432     0.57112859]
 [0.31627277 0.6432     0.57112859]
 [0.31627277 0.6432     0.57112859]
 [0.21887431 0.         0.26137255]
 [0.21887431 0.         0.26137255]
 [0.21887431 0.         0.26137255]
 [0.21887431 0.         0.26137255]
 [0.21887431 0.         0.26137255]
 [0.21887431 0.         0.26137255]
 [0.21887431 0.         0.26137255]
 [0.21887431 0.         0.26137255]]","[[1. 1. 1.]
 [1. 1. 1.]
 [1. 1. 1.]
 [1. 1. 1.]
 [1. 1. 1.]
 [1. 1. 1.]
 [1. 1. 1.]
 [1. 1. 1.]
 [1. 1. 1.]
 [1. 1. 1.]
 [1. 1. 1.]
 [1. 1. 1.]
 [1. 1. 1.]
 [1. 1. 1.]
 [1. 1. 1.]
 [1. 1. 1.]
 [1. 0. 1.]
 [1. 0. 1.]
 [1. 0. 1.]
 [1. 0. 1.]
 [1. 0. 1.]
 [1. 0. 1.]
 [1. 0. 1.]
 [1. 0. 1.]
 [1. 0. 0.]
 [1. 0. 0.]
 [1. 0. 0.]
 [1. 0. 0.]
 [1. 0. 0.]
 [1. 0. 0.]
 [1. 0. 0.]
 [1. 0. 0.]
 [0. 1. 1.]
 [0. 1. 1.]
 [0. 1. 1.]
 [0. 1. 1.]
 [0. 1. 1.]
 [0. 1. 1.]
 [0. 1. 1.]
 [0. 1. 1.]
 [0. 0. 0.]
 [0. 0. 0.]
 [0. 0. 0.]
 [0. 0. 0.]
 [0. 0. 0.]
 [0. 0. 0.]
 [0. 0. 0.]
 [0. 0. 0.]]","[[0. 1. 0.]
 [1. 0. 0.]
 [1. 0. 0.]]","[[80, 85, 90]]"
48,4,"[[0.5869394945632239, 0.5098783864165028, 0.5098783864165028, 0.5842336582852184]]","[[0.6432     0.38568909 0.6432     0.6432    ]
 [0.6432     0.38568909 0.6432     0.6432    ]
 [0.6432     0.38568909 0.6432     0.6432    ]
 [0.6432     0.38568909 0.6432     0.6432    ]
 [0.6432     0.38568909 0.6432     0.6432    ]
 [0.6432     0.38568909 0.6432     0.6432    ]
 [0.6432     0.38568909 0.6432     0.6432    ]
 [0.6432     0.38568909 0.6432     0.6432    ]
 [0.6432     0.47498494 0.33104302 0.60366637]
 [0.6432     0.47498494 0.33104302 0.60366637]
 [0.6432     0.47498494 0.33104302 0.60366637]
 [0.6432     0.47498494 0.33104302 0.60366637]
 [0.6432     0.47498494 0.33104302 0.60366637]
 [0.6432     0.47498494 0.33104302 0.60366637]
 [0.6432     0.47498494 0.33104302 0.60366637]
 [0.6432     0.47498494 0.33104302 0.60366637]
 [0.6432     0.09394915 0.19593168 0.58177276]
 [0.6432     0.09394915 0.19593168 0.58177276]
 [0.6432     0.09394915 0.19593168 0.58177276]
 [0.6432     0.09394915 0.19593168 0.58177276]
 [0.6432     0.09394915 0.19593168 0.58177276]
 [0.6432     0.09394915 0.19593168 0.58177276]
 [0.6432     0.09394915 0.19593168 0.58177276]
 [0.6432     0.09394915 0.19593168 0.58177276]
 [0.44283379 0.         0.34290299 0.5953833 ]
 [0.44283379 0.         0.34290299 0.5953833 ]
 [0.44283379 0.         0.34290299 0.5953833 ]
 [0.44283379 0.         0.34290299 0.5953833 ]
 [0.44283379 0.         0.34290299 0.5953833 ]
 [0.44283379 0.         0.34290299 0.5953833 ]
 [0.44283379 0.         0.34290299 0.5953833 ]
 [0.44283379 0.         0.34290299 0.5953833 ]
 [0.40882478 0.6432     0.56810377 0.45251178]
 [0.40882478 0.6432     0.56810377 0.45251178]
 [0.40882478 0.6432     0.56810377 0.45251178]
 [0.40882478 0.6432     0.56810377 0.45251178]
 [0.40882478 0.6432     0.56810377 0.45251178]
 [0.40882478 0.6432     0.56810377 0.45251178]
 [0.40882478 0.6432     0.56810377 0.45251178]
 [0.40882478 0.6432     0.56810377 0.45251178]
 [0.37488046 0.         0.         0.1080342 ]
 [0.37488046 0.         0.         0.1080342 ]
 [0.37488046 0.         0.         0.1080342 ]
 [0.37488046 0.         0.         0.1080342 ]
 [0.37488046 0.         0.         0.1080342 ]
 [0.37488046 0.         0.         0.1080342 ]
 [0.37488046 0.         0.         0.1080342 ]
 [0.37488046 0.         0.         0.1080342 ]]","[[1. 0. 1. 1.]
 [1. 0. 1. 1.]
 [1. 0. 1. 1.]
 [1. 0. 1. 1.]
 [1. 0. 1. 1.]
 [1. 0. 1. 1.]
 [1. 0. 1. 1.]
 [1. 0. 1. 1.]
 [1. 1. 0. 1.]
 [1. 1. 0. 1.]
 [1. 1. 0. 1.]
 [1. 1. 0. 1.]
 [1. 1. 0. 1.]
 [1. 1. 0. 1.]
 [1. 1. 0. 1.]
 [1. 1. 0. 1.]
 [1. 0. 0. 1.]
 [1. 0. 0. 1.]
 [1. 0. 0. 1.]
 [1. 0. 0. 1.]
 [1. 0. 0. 1.]
 [1. 0. 0. 1.]
 [1. 0. 0. 1.]
 [1. 0. 0. 1.]
 [1. 0. 0. 1.]
 [1. 0. 0. 1.]
 [1. 0. 0. 1.]
 [1. 0. 0. 1.]
 [1. 0. 0. 1.]
 [1. 0. 0. 1.]
 [1. 0. 0. 1.]
 [1. 0. 0. 1.]
 [1. 1. 1. 1.]
 [1. 1. 1. 1.]
 [1. 1. 1. 1.]
 [1. 1. 1. 1.]
 [1. 1. 1. 1.]
 [1. 1. 1. 1.]
 [1. 1. 1. 1.]
 [1. 1. 1. 1.]
 [0. 0. 0. 0.]
 [0. 0. 0. 0.]
 [0. 0. 0. 0.]
 [0. 0. 0. 0.]
 [0. 0. 0. 0.]
 [0. 0. 0. 0.]
 [0. 0. 0. 0.]
 [0. 0. 0. 0.]]","[[0. 1. 0.]
 [1. 0. 0.]
 [1. 0. 0.]
 [0. 1. 0.]]","[[80, 85, 90]]"
48,3,"[[0.5844211533156667, 0.5098783864165028, 0.5091836170443866]]","[[0.6432     0.61959109 0.6432    ]
 [0.6432     0.61959109 0.6432    ]
 [0.6432     0.61959109 0.6432    ]
 [0.6432     0.61959109 0.6432    ]
 [0.6432     0.61959109 0.6432    ]
 [0.6432     0.61959109 0.6432    ]
 [0.6432     0.61959109 0.6432    ]
 [0.6432     0.61959109 0.6432    ]
 [0.6432     0.49817117 0.6432    ]
 [0.6432     0.49817117 0.6432    ]
 [0.6432     0.49817117 0.6432    ]
 [0.6432     0.49817117 0.6432    ]
 [0.6432     0.49817117 0.6432    ]
 [0.6432     0.49817117 0.6432    ]
 [0.6432     0.49817117 0.6432    ]
 [0.6432     0.49817117 0.6432    ]
 [0.55379675 0.1863372  0.6432    ]
 [0.55379675 0.1863372  0.6432    ]
 [0.55379675 0.1863372  0.6432    ]
 [0.55379675 0.1863372  0.6432    ]
 [0.55379675 0.1863372  0.6432    ]
 [0.55379675 0.1863372  0.6432    ]
 [0.55379675 0.1863372  0.6432    ]
 [0.55379675 0.1863372  0.6432    ]
 [0.42904119 0.06170221 0.51887247]
 [0.42904119 0.06170221 0.51887247]
 [0.42904119 0.06170221 0.51887247]
 [0.42904119 0.06170221 0.51887247]
 [0.42904119 0.06170221 0.51887247]
 [0.42904119 0.06170221 0.51887247]
 [0.42904119 0.06170221 0.51887247]
 [0.42904119 0.06170221 0.51887247]
 [0.5981893  0.6432     0.33952454]
 [0.5981893  0.6432     0.33952454]
 [0.5981893  0.6432     0.33952454]
 [0.5981893  0.6432     0.33952454]
 [0.5981893  0.6432     0.33952454]
 [0.5981893  0.6432     0.33952454]
 [0.5981893  0.6432     0.33952454]
 [0.5981893  0.6432     0.33952454]
 [0.13386849 0.         0.37869404]
 [0.13386849 0.         0.37869404]
 [0.13386849 0.         0.37869404]
 [0.13386849 0.         0.37869404]
 [0.13386849 0.         0.37869404]
 [0.13386849 0.         0.37869404]
 [0.13386849 0.         0.37869404]
 [0.13386849 0.         0.37869404]]","[[0. 1. 1.]
 [0. 1. 1.]
 [0. 1. 1.]
 [0. 1. 1.]
 [0. 1. 1.]
 [0. 1. 1.]
 [0. 1. 1.]
 [0. 1. 1.]
 [1. 1. 1.]
 [1. 1. 1.]
 [1. 1. 1.]
 [1. 1. 1.]
 [1. 1. 1.]
 [1. 1. 1.]
 [1. 1. 1.]
 [1. 1. 1.]
 [1. 0. 1.]
 [1. 0. 1.]
 [1. 0. 1.]
 [1. 0. 1.]
 [1. 0. 1.]
 [1. 0. 1.]
 [1. 0. 1.]
 [1. 0. 1.]
 [1. 0. 1.]
 [1. 0. 1.]
 [1. 0. 1.]
 [1. 0. 1.]
 [1. 0. 1.]
 [1. 0. 1.]
 [1. 0. 1.]
 [1. 0. 1.]
 [1. 0. 0.]
 [1. 0. 0.]
 [1. 0. 0.]
 [1. 0. 0.]
 [1. 0. 0.]
 [1. 0. 0.]
 [1. 0. 0.]
 [1. 0. 0.]
 [0. 0. 0.]
 [0. 0. 0.]
 [0. 0. 0.]
 [0. 0. 0.]
 [0. 0. 0.]
 [0. 0. 0.]
 [0. 0. 0.]
 [0. 0. 0.]]","[[0. 1. 0.]
 [1. 0. 0.]
 [1. 0. 0.]]","[[80, 85, 90]]"
48,7,"[[0.5091852673096541, 0.5098783864165028, 0.5858117811158989, 0.37995394677976707, 0.37994282329138734, 0.3799639877763071, 0.3799722674264104]]","[[0.6432     0.27441791 0.6432     0.56423072 0.5723563  0.55689079
  0.55082914]
 [0.6432     0.27441791 0.6432     0.56423072 0.5723563  0.55689079
  0.55082914]
 [0.6432     0.27441791 0.6432     0.56423072 0.5723563  0.55689079
  0.55082914]
 [0.6432     0.27441791 0.6432     0.56423072 0.5723563  0.55689079
  0.55082914]
 [0.6432     0.27441791 0.6432     0.56423072 0.5723563  0.55689079
  0.55082914]
 [0.6432     0.27441791 0.6432     0.56423072 0.5723563  0.55689079
  0.55082914]
 [0.6432     0.27441791 0.6432     0.56423072 0.5723563  0.55689079
  0.55082914]
 [0.6432     0.27441791 0.6432     0.56423072 0.5723563  0.55689079
  0.55082914]
 [0.63908006 0.36886531 0.6432     0.8        0.8        0.8
  0.8       ]
 [0.63908006 0.36886531 0.6432     0.8        0.8        0.8
  0.8       ]
 [0.63908006 0.36886531 0.6432     0.8        0.8        0.8
  0.8       ]
 [0.63908006 0.36886531 0.6432     0.8        0.8        0.8
  0.8       ]
 [0.63908006 0.36886531 0.6432     0.8        0.8        0.8
  0.8       ]
 [0.63908006 0.36886531 0.6432     0.8        0.8        0.8
  0.8       ]
 [0.63908006 0.36886531 0.6432     0.8        0.8        0.8
  0.8       ]
 [0.63908006 0.36886531 0.6432     0.8        0.8        0.8
  0.8       ]
 [0.6432     0.         0.61608291 0.4562708  0.46380845 0.44944962
  0.44382055]
 [0.6432     0.         0.61608291 0.4562708  0.46380845 0.44944962
  0.44382055]
 [0.6432     0.         0.61608291 0.4562708  0.46380845 0.44944962
  0.44382055]
 [0.6432     0.         0.61608291 0.4562708  0.46380845 0.44944962
  0.44382055]
 [0.6432     0.         0.61608291 0.4562708  0.46380845 0.44944962
  0.44382055]
 [0.6432     0.         0.61608291 0.4562708  0.46380845 0.44944962
  0.44382055]
 [0.6432     0.         0.61608291 0.4562708  0.46380845 0.44944962
  0.44382055]
 [0.6432     0.         0.61608291 0.4562708  0.46380845 0.44944962
  0.44382055]
 [0.6432     0.         0.38431346 0.04385806 0.0522686  0.03626629
  0.03000598]
 [0.6432     0.         0.38431346 0.04385806 0.0522686  0.03626629
  0.03000598]
 [0.6432     0.         0.38431346 0.04385806 0.0522686  0.03626629
  0.03000598]
 [0.6432     0.         0.38431346 0.04385806 0.0522686  0.03626629
  0.03000598]
 [0.6432     0.         0.38431346 0.04385806 0.0522686  0.03626629
  0.03000598]
 [0.6432     0.         0.38431346 0.04385806 0.0522686  0.03626629
  0.03000598]
 [0.6432     0.         0.38431346 0.04385806 0.0522686  0.03626629
  0.03000598]
 [0.6432     0.         0.38431346 0.04385806 0.0522686  0.03626629
  0.03000598]
 [0.33151248 0.6432     0.57435129 0.6790671  0.68300997 0.6754206
  0.67233567]
 [0.33151248 0.6432     0.57435129 0.6790671  0.68300997 0.6754206
  0.67233567]
 [0.33151248 0.6432     0.57435129 0.6790671  0.68300997 0.6754206
  0.67233567]
 [0.33151248 0.6432     0.57435129 0.6790671  0.68300997 0.6754206
  0.67233567]
 [0.33151248 0.6432     0.57435129 0.6790671  0.68300997 0.6754206
  0.67233567]
 [0.33151248 0.6432     0.57435129 0.6790671  0.68300997 0.6754206
  0.67233567]
 [0.33151248 0.6432     0.57435129 0.6790671  0.68300997 0.6754206
  0.67233567]
 [0.33151248 0.6432     0.57435129 0.6790671  0.68300997 0.6754206
  0.67233567]
 [0.24803841 0.         0.22843989 0.36361248 0.36748912 0.36005335
  0.35709271]
 [0.24803841 0.         0.22843989 0.36361248 0.36748912 0.36005335
  0.35709271]
 [0.24803841 0.         0.22843989 0.36361248 0.36748912 0.36005335
  0.35709271]
 [0.24803841 0.         0.22843989 0.36361248 0.36748912 0.36005335
  0.35709271]
 [0.24803841 0.         0.22843989 0.36361248 0.36748912 0.36005335
  0.35709271]
 [0.24803841 0.         0.22843989 0.36361248 0.36748912 0.36005335
  0.35709271]
 [0.24803841 0.         0.22843989 0.36361248 0.36748912 0.36005335
  0.35709271]
 [0.24803841 0.         0.22843989 0.36361248 0.36748912 0.36005335
  0.35709271]]","[[1. 0. 1. 1. 1. 1. 1.]
 [1. 0. 1. 1. 1. 1. 1.]
 [1. 0. 1. 1. 1. 1. 1.]
 [1. 0. 1. 1. 1. 1. 1.]
 [1. 0. 1. 1. 1. 1. 1.]
 [1. 0. 1. 1. 1. 1. 1.]
 [1. 0. 1. 1. 1. 1. 1.]
 [1. 0. 1. 1. 1. 1. 1.]
 [1. 0. 1. 1. 1. 1. 1.]
 [1. 0. 1. 1. 1. 1. 1.]
 [1. 0. 1. 1. 1. 1. 1.]
 [1. 0. 1. 1. 1. 1. 1.]
 [1. 0. 1. 1. 1. 1. 1.]
 [1. 0. 1. 1. 1. 1. 1.]
 [1. 0. 1. 1. 1. 1. 1.]
 [1. 0. 1. 1. 1. 1. 1.]
 [1. 0. 1. 1. 1. 1. 1.]
 [1. 0. 1. 1. 1. 1. 1.]
 [1. 0. 1. 1. 1. 1. 1.]
 [1. 0. 1. 1. 1. 1. 1.]
 [1. 0. 1. 1. 1. 1. 1.]
 [1. 0. 1. 1. 1. 1. 1.]
 [1. 0. 1. 1. 1. 1. 1.]
 [1. 0. 1. 1. 1. 1. 1.]
 [1. 0. 0. 0. 0. 0. 0.]
 [1. 0. 0. 0. 0. 0. 0.]
 [1. 0. 0. 0. 0. 0. 0.]
 [1. 0. 0. 0. 0. 0. 0.]
 [1. 0. 0. 0. 0. 0. 0.]
 [1. 0. 0. 0. 0. 0. 0.]
 [1. 0. 0. 0. 0. 0. 0.]
 [1. 0. 0. 0. 0. 0. 0.]
 [0. 1. 1. 1. 1. 1. 1.]
 [0. 1. 1. 1. 1. 1. 1.]
 [0. 1. 1. 1. 1. 1. 1.]
 [0. 1. 1. 1. 1. 1. 1.]
 [0. 1. 1. 1. 1. 1. 1.]
 [0. 1. 1. 1. 1. 1. 1.]
 [0. 1. 1. 1. 1. 1. 1.]
 [0. 1. 1. 1. 1. 1. 1.]
 [0. 0. 0. 0. 0. 0. 0.]
 [0. 0. 0. 0. 0. 0. 0.]
 [0. 0. 0. 0. 0. 0. 0.]
 [0. 0. 0. 0. 0. 0. 0.]
 [0. 0. 0. 0. 0. 0. 0.]
 [0. 0. 0. 0. 0. 0. 0.]
 [0. 0. 0. 0. 0. 0. 0.]
 [0. 0. 0. 0. 0. 0. 0.]]","[[1.   0.   0.  ]
 [1.   0.   0.  ]
 [0.   1.   0.  ]
 [0.   0.22 0.  ]
 [0.   0.22 0.  ]
 [0.   0.22 0.  ]
 [0.   0.22 0.  ]]","[[80, 85, 90]]"
48,6,"[[0.5091857498114852, 0.5836082559694448, 0.3782759096033868, 0.3782759096033868, 0.3783079239715415, 0.37834090369087475]]","[[0.6432     0.6432     0.8        0.8        0.8        0.8       ]
 [0.6432     0.6432     0.8        0.8        0.8        0.8       ]
 [0.6432     0.6432     0.8        0.8        0.8        0.8       ]
 [0.6432     0.6432     0.8        0.8        0.8        0.8       ]
 [0.6432     0.6432     0.8        0.8        0.8        0.8       ]
 [0.6432     0.6432     0.8        0.8        0.8        0.8       ]
 [0.6432     0.6432     0.8        0.8        0.8        0.8       ]
 [0.6432     0.6432     0.8        0.8        0.8        0.8       ]
 [0.6432     0.59804176 0.8        0.8        0.8        0.8       ]
 [0.6432     0.59804176 0.8        0.8        0.8        0.8       ]
 [0.6432     0.59804176 0.8        0.8        0.8        0.8       ]
 [0.6432     0.59804176 0.8        0.8        0.8        0.8       ]
 [0.6432     0.59804176 0.8        0.8        0.8        0.8       ]
 [0.6432     0.59804176 0.8        0.8        0.8        0.8       ]
 [0.6432     0.59804176 0.8        0.8        0.8        0.8       ]
 [0.6432     0.59804176 0.8        0.8        0.8        0.8       ]
 [0.6432     0.63617054 0.73766077 0.74352966 0.73229657 0.72783067]
 [0.6432     0.63617054 0.73766077 0.74352966 0.73229657 0.72783067]
 [0.6432     0.63617054 0.73766077 0.74352966 0.73229657 0.72783067]
 [0.6432     0.63617054 0.73766077 0.74352966 0.73229657 0.72783067]
 [0.6432     0.63617054 0.73766077 0.74352966 0.73229657 0.72783067]
 [0.6432     0.63617054 0.73766077 0.74352966 0.73229657 0.72783067]
 [0.6432     0.63617054 0.73766077 0.74352966 0.73229657 0.72783067]
 [0.6432     0.63617054 0.73766077 0.74352966 0.73229657 0.72783067]
 [0.35059457 0.6432     0.3859469  0.3943543  0.37835811 0.37209997]
 [0.35059457 0.6432     0.3859469  0.3943543  0.37835811 0.37209997]
 [0.35059457 0.6432     0.3859469  0.3943543  0.37835811 0.37209997]
 [0.35059457 0.6432     0.3859469  0.3943543  0.37835811 0.37209997]
 [0.35059457 0.6432     0.3859469  0.3943543  0.37835811 0.37209997]
 [0.35059457 0.6432     0.3859469  0.3943543  0.37835811 0.37209997]
 [0.35059457 0.6432     0.3859469  0.3943543  0.37835811 0.37209997]
 [0.35059457 0.6432     0.3859469  0.3943543  0.37835811 0.37209997]
 [0.4571002  0.38541185 0.73209182 0.7303192  0.73356739 0.73468905]
 [0.4571002  0.38541185 0.73209182 0.7303192  0.73356739 0.73468905]
 [0.4571002  0.38541185 0.73209182 0.7303192  0.73356739 0.73468905]
 [0.4571002  0.38541185 0.73209182 0.7303192  0.73356739 0.73468905]
 [0.4571002  0.38541185 0.73209182 0.7303192  0.73356739 0.73468905]
 [0.4571002  0.38541185 0.73209182 0.7303192  0.73356739 0.73468905]
 [0.4571002  0.38541185 0.73209182 0.7303192  0.73356739 0.73468905]
 [0.4571002  0.38541185 0.73209182 0.7303192  0.73356739 0.73468905]
 [0.38379209 0.15111436 0.45772725 0.45820061 0.45721828 0.45674595]
 [0.38379209 0.15111436 0.45772725 0.45820061 0.45721828 0.45674595]
 [0.38379209 0.15111436 0.45772725 0.45820061 0.45721828 0.45674595]
 [0.38379209 0.15111436 0.45772725 0.45820061 0.45721828 0.45674595]
 [0.38379209 0.15111436 0.45772725 0.45820061 0.45721828 0.45674595]
 [0.38379209 0.15111436 0.45772725 0.45820061 0.45721828 0.45674595]
 [0.38379209 0.15111436 0.45772725 0.45820061 0.45721828 0.45674595]
 [0.38379209 0.15111436 0.45772725 0.45820061 0.45721828 0.45674595]]","[[1. 1. 1. 1. 1. 1.]
 [1. 1. 1. 1. 1. 1.]
 [1. 1. 1. 1. 1. 1.]
 [1. 1. 1. 1. 1. 1.]
 [1. 1. 1. 1. 1. 1.]
 [1. 1. 1. 1. 1. 1.]
 [1. 1. 1. 1. 1. 1.]
 [1. 1. 1. 1. 1. 1.]
 [1. 1. 1. 1. 1. 1.]
 [1. 1. 1. 1. 1. 1.]
 [1. 1. 1. 1. 1. 1.]
 [1. 1. 1. 1. 1. 1.]
 [1. 1. 1. 1. 1. 1.]
 [1. 1. 1. 1. 1. 1.]
 [1. 1. 1. 1. 1. 1.]
 [1. 1. 1. 1. 1. 1.]
 [1. 1. 1. 1. 1. 1.]
 [1. 1. 1. 1. 1. 1.]
 [1. 1. 1. 1. 1. 1.]
 [1. 1. 1. 1. 1. 1.]
 [1. 1. 1. 1. 1. 1.]
 [1. 1. 1. 1. 1. 1.]
 [1. 1. 1. 1. 1. 1.]
 [1. 1. 1. 1. 1. 1.]
 [0. 1. 0. 0. 0. 0.]
 [0. 1. 0. 0. 0. 0.]
 [0. 1. 0. 0. 0. 0.]
 [0. 1. 0. 0. 0. 0.]
 [0. 1. 0. 0. 0. 0.]
 [0. 1. 0. 0. 0. 0.]
 [0. 1. 0. 0. 0. 0.]
 [0. 1. 0. 0. 0. 0.]
 [1. 0. 1. 1. 1. 1.]
 [1. 0. 1. 1. 1. 1.]
 [1. 0. 1. 1. 1. 1.]
 [1. 0. 1. 1. 1. 1.]
 [1. 0. 1. 1. 1. 1.]
 [1. 0. 1. 1. 1. 1.]
 [1. 0. 1. 1. 1. 1.]
 [1. 0. 1. 1. 1. 1.]
 [0. 0. 0. 0. 0. 0.]
 [0. 0. 0. 0. 0. 0.]
 [0. 0. 0. 0. 0. 0.]
 [0. 0. 0. 0. 0. 0.]
 [0. 0. 0. 0. 0. 0.]
 [0. 0. 0. 0. 0. 0.]
 [0. 0. 0. 0. 0. 0.]
 [0. 0. 0. 0. 0. 0.]]","[[1.   0.   0.  ]
 [0.   1.   0.  ]
 [0.   0.22 0.  ]
 [0.   0.22 0.  ]
 [0.   0.22 0.  ]
 [0.   0.22 0.  ]]","[[80, 85, 90]]"
48,2,"[[0.583617985952867, 0.5091857053142412]]","[[0.6432     0.6432    ]
 [0.6432     0.6432    ]
 [0.6432     0.6432    ]
 [0.6432     0.6432    ]
 [0.6432     0.6432    ]
 [0.6432     0.6432    ]
 [0.6432     0.6432    ]
 [0.6432     0.6432    ]
 [0.6432     0.6432    ]
 [0.6432     0.6432    ]
 [0.6432     0.6432    ]
 [0.6432     0.6432    ]
 [0.6432     0.6432    ]
 [0.6432     0.6432    ]
 [0.6432     0.6432    ]
 [0.6432     0.6432    ]
 [0.61882045 0.6432    ]
 [0.61882045 0.6432    ]
 [0.61882045 0.6432    ]
 [0.61882045 0.6432    ]
 [0.61882045 0.6432    ]
 [0.61882045 0.6432    ]
 [0.61882045 0.6432    ]
 [0.61882045 0.6432    ]
 [0.49454844 0.46690758]
 [0.49454844 0.46690758]
 [0.49454844 0.46690758]
 [0.49454844 0.46690758]
 [0.49454844 0.46690758]
 [0.49454844 0.46690758]
 [0.49454844 0.46690758]
 [0.49454844 0.46690758]
 [0.52058772 0.34613046]
 [0.52058772 0.34613046]
 [0.52058772 0.34613046]
 [0.52058772 0.34613046]
 [0.52058772 0.34613046]
 [0.52058772 0.34613046]
 [0.52058772 0.34613046]
 [0.52058772 0.34613046]
 [0.17765019 0.41664945]
 [0.17765019 0.41664945]
 [0.17765019 0.41664945]
 [0.17765019 0.41664945]
 [0.17765019 0.41664945]
 [0.17765019 0.41664945]
 [0.17765019 0.41664945]
 [0.17765019 0.41664945]]","[[0. 1.]
 [0. 1.]
 [0. 1.]
 [0. 1.]
 [0. 1.]
 [0. 1.]
 [0. 1.]
 [0. 1.]
 [1. 1.]
 [1. 1.]
 [1. 1.]
 [1. 1.]
 [1. 1.]
 [1. 1.]
 [1. 1.]
 [1. 1.]
 [1. 1.]
 [1. 1.]
 [1. 1.]
 [1. 1.]
 [1. 1.]
 [1. 1.]
 [1. 1.]
 [1. 1.]
 [1. 1.]
 [1. 1.]
 [1. 1.]
 [1. 1.]
 [1. 1.]
 [1. 1.]
 [1. 1.]
 [1. 1.]
 [1. 0.]
 [1. 0.]
 [1. 0.]
 [1. 0.]
 [1. 0.]
 [1. 0.]
 [1. 0.]
 [1. 0.]
 [0. 1.]
 [0. 1.]
 [0. 1.]
 [0. 1.]
 [0. 1.]
 [0. 1.]
 [0. 1.]
 [0. 1.]]","[[0. 1. 0.]
 [1. 0. 0.]]","[[80, 85, 90]]"
48,2,"[[0.4972874212202377, 0.5098783864165028]]","[[0.62143103 0.49582023]
 [0.62143103 0.49582023]
 [0.62143103 0.49582023]
 [0.62143103 0.49582023]
 [0.62143103 0.49582023]
 [0.62143103 0.49582023]
 [0.62143103 0.49582023]
 [0.62143103 0.49582023]
 [0.6432     0.6432    ]
 [0.6432     0.6432    ]
 [0.6432     0.6432    ]
 [0.6432     0.6432    ]
 [0.6432     0.6432    ]
 [0.6432     0.6432    ]
 [0.6432     0.6432    ]
 [0.6432     0.6432    ]
 [0.6432     0.54035132]
 [0.6432     0.54035132]
 [0.6432     0.54035132]
 [0.6432     0.54035132]
 [0.6432     0.54035132]
 [0.6432     0.54035132]
 [0.6432     0.54035132]
 [0.6432     0.54035132]
 [0.36411719 0.06341601]
 [0.36411719 0.06341601]
 [0.36411719 0.06341601]
 [0.36411719 0.06341601]
 [0.36411719 0.06341601]
 [0.36411719 0.06341601]
 [0.36411719 0.06341601]
 [0.36411719 0.06341601]
 [0.29159996 0.4033634 ]
 [0.29159996 0.4033634 ]
 [0.29159996 0.4033634 ]
 [0.29159996 0.4033634 ]
 [0.29159996 0.4033634 ]
 [0.29159996 0.4033634 ]
 [0.29159996 0.4033634 ]
 [0.29159996 0.4033634 ]
 [0.53283958 0.4461703 ]
 [0.53283958 0.4461703 ]
 [0.53283958 0.4461703 ]
 [0.53283958 0.4461703 ]
 [0.53283958 0.4461703 ]
 [0.53283958 0.4461703 ]
 [0.53283958 0.4461703 ]
 [0.53283958 0.4461703 ]]","[[1. 1.]
 [1. 1.]
 [1. 1.]
 [1. 1.]
 [1. 1.]
 [1. 1.]
 [1. 1.]
 [1. 1.]
 [1. 1.]
 [1. 1.]
 [1. 1.]
 [1. 1.]
 [1. 1.]
 [1. 1.]
 [1. 1.]
 [1. 1.]
 [1. 1.]
 [1. 1.]
 [1. 1.]
 [1. 1.]
 [1. 1.]
 [1. 1.]
 [1. 1.]
 [1. 1.]
 [0. 0.]
 [0. 0.]
 [0. 0.]
 [0. 0.]
 [0. 0.]
 [0. 0.]
 [0. 0.]
 [0. 0.]
 [0. 1.]
 [0. 1.]
 [0. 1.]
 [0. 1.]
 [0. 1.]
 [0. 1.]
 [0. 1.]
 [0. 1.]
 [1. 1.]
 [1. 1.]
 [1. 1.]
 [1. 1.]
 [1. 1.]
 [1. 1.]
 [1. 1.]
 [1. 1.]]","[[1. 0. 0.]
 [1. 0. 0.]]","[[80, 85, 90]]"
48,1,[[0.4364329414703618]],"[[0.3778364 ]
 [0.3778364 ]
 [0.3778364 ]
 [0.3778364 ]
 [0.3778364 ]
 [0.3778364 ]
 [0.3778364 ]
 [0.3778364 ]
 [0.6432    ]
 [0.6432    ]
 [0.6432    ]
 [0.6432    ]
 [0.6432    ]
 [0.6432    ]
 [0.6432    ]
 [0.6432    ]
 [0.53195296]
 [0.53195296]
 [0.53195296]
 [0.53195296]
 [0.53195296]
 [0.53195296]
 [0.53195296]
 [0.53195296]
 [0.00275316]
 [0.00275316]
 [0.00275316]
 [0.00275316]
 [0.00275316]
 [0.00275316]
 [0.00275316]
 [0.00275316]
 [0.26088768]
 [0.26088768]
 [0.26088768]
 [0.26088768]
 [0.26088768]
 [0.26088768]
 [0.26088768]
 [0.26088768]
 [0.56124189]
 [0.56124189]
 [0.56124189]
 [0.56124189]
 [0.56124189]
 [0.56124189]
 [0.56124189]
 [0.56124189]]","[[0.]
 [0.]
 [0.]
 [0.]
 [0.]
 [0.]
 [0.]
 [0.]
 [1.]
 [1.]
 [1.]
 [1.]
 [1.]
 [1.]
 [1.]
 [1.]
 [1.]
 [1.]
 [1.]
 [1.]
 [1.]
 [1.]
 [1.]
 [1.]
 [0.]
 [0.]
 [0.]
 [0.]
 [0.]
 [0.]
 [0.]
 [0.]
 [0.]
 [0.]
 [0.]
 [0.]
 [0.]
 [0.]
 [0.]
 [0.]
 [1.]
 [1.]
 [1.]
 [1.]
 [1.]
 [1.]
 [1.]
 [1.]]",[[1. 0. 0.]],"[[80, 85, 90]]"
50,2,"[[0.4448101692107436, 0.4448791694545813]]","[[0.736      0.2832168 ]
 [0.736      0.2832168 ]
 [0.736      0.2832168 ]
 [0.736      0.2832168 ]
 [0.736      0.2832168 ]
 [0.736      0.2832168 ]
 [0.736      0.2832168 ]
 [0.736      0.2832168 ]
 [0.49881788 0.38978255]
 [0.49881788 0.38978255]
 [0.49881788 0.38978255]
 [0.49881788 0.38978255]
 [0.49881788 0.38978255]
 [0.49881788 0.38978255]
 [0.49881788 0.38978255]
 [0.49881788 0.38978255]
 [0.43019695 0.736     ]
 [0.43019695 0.736     ]
 [0.43019695 0.736     ]
 [0.43019695 0.736     ]
 [0.43019695 0.736     ]
 [0.43019695 0.736     ]
 [0.43019695 0.736     ]
 [0.43019695 0.736     ]
 [0.60234166 0.44454926]
 [0.60234166 0.44454926]
 [0.60234166 0.44454926]
 [0.60234166 0.44454926]
 [0.60234166 0.44454926]
 [0.60234166 0.44454926]
 [0.60234166 0.44454926]
 [0.60234166 0.44454926]
 [0.57824148 0.        ]
 [0.57824148 0.        ]
 [0.57824148 0.        ]
 [0.57824148 0.        ]
 [0.57824148 0.        ]
 [0.57824148 0.        ]
 [0.57824148 0.        ]
 [0.57824148 0.        ]
 [0.         0.6600617 ]
 [0.         0.6600617 ]
 [0.         0.6600617 ]
 [0.         0.6600617 ]
 [0.         0.6600617 ]
 [0.         0.6600617 ]
 [0.         0.6600617 ]
 [0.         0.6600617 ]
 [0.786      0.786     ]
 [0.786      0.786     ]]","[[0. 0.]
 [0. 0.]
 [0. 0.]
 [0. 0.]
 [0. 0.]
 [0. 0.]
 [0. 0.]
 [0. 0.]
 [0. 0.]
 [0. 0.]
 [0. 0.]
 [0. 0.]
 [0. 0.]
 [0. 0.]
 [0. 0.]
 [0. 0.]
 [0. 0.]
 [0. 0.]
 [0. 0.]
 [0. 0.]
 [0. 0.]
 [0. 0.]
 [0. 0.]
 [0. 0.]
 [0. 0.]
 [0. 0.]
 [0. 0.]
 [0. 0.]
 [0. 0.]
 [0. 0.]
 [0. 0.]
 [0. 0.]
 [0. 0.]
 [0. 0.]
 [0. 0.]
 [0. 0.]
 [0. 0.]
 [0. 0.]
 [0. 0.]
 [0. 0.]
 [0. 0.]
 [0. 0.]
 [0. 0.]
 [0. 0.]
 [0. 0.]
 [0. 0.]
 [0. 0.]
 [0. 0.]
 [1. 1.]
 [1. 1.]]","[[0.83629452 0.         0.        ]
 [0.83629452 0.         0.        ]]","[[80, 85, 90]]"
51,3,"[[0.4448101692107436, 0.4448101692107436, 0.4448101692107436]]","[[0.52623639 0.736      0.64575796]
 [0.52623639 0.736      0.64575796]
 [0.52623639 0.736      0.64575796]
 [0.52623639 0.736      0.64575796]
 [0.52623639 0.736      0.64575796]
 [0.52623639 0.736      0.64575796]
 [0.52623639 0.736      0.64575796]
 [0.52623639 0.736      0.64575796]
 [0.52010526 0.736      0.55430322]
 [0.52010526 0.736      0.55430322]
 [0.52010526 0.736      0.55430322]
 [0.52010526 0.736      0.55430322]
 [0.52010526 0.736      0.55430322]
 [0.52010526 0.736      0.55430322]
 [0.52010526 0.736      0.55430322]
 [0.52010526 0.736      0.55430322]
 [0.15872508 0.50827969 0.22623697]
 [0.15872508 0.50827969 0.22623697]
 [0.15872508 0.50827969 0.22623697]
 [0.15872508 0.50827969 0.22623697]
 [0.15872508 0.50827969 0.22623697]
 [0.15872508 0.50827969 0.22623697]
 [0.15872508 0.50827969 0.22623697]
 [0.15872508 0.50827969 0.22623697]
 [0.         0.37853041 0.08489139]
 [0.         0.37853041 0.08489139]
 [0.         0.37853041 0.08489139]
 [0.         0.37853041 0.08489139]
 [0.         0.37853041 0.08489139]
 [0.         0.37853041 0.08489139]
 [0.         0.37853041 0.08489139]
 [0.         0.37853041 0.08489139]
 [0.736      0.736      0.736     ]
 [0.736      0.736      0.736     ]
 [0.736      0.736      0.736     ]
 [0.736      0.736      0.736     ]
 [0.736      0.736      0.736     ]
 [0.736      0.736      0.736     ]
 [0.736      0.736      0.736     ]
 [0.736      0.736      0.736     ]
 [0.         0.13016807 0.        ]
 [0.         0.13016807 0.        ]
 [0.         0.13016807 0.        ]
 [0.         0.13016807 0.        ]
 [0.         0.13016807 0.        ]
 [0.         0.13016807 0.        ]
 [0.         0.13016807 0.        ]
 [0.         0.13016807 0.        ]
 [0.786      0.786      0.786     ]
 [0.786      0.786      0.786     ]
 [0.786      0.786      0.786     ]]","[[0. 0. 0.]
 [0. 0. 0.]
 [0. 0. 0.]
 [0. 0. 0.]
 [0. 0. 0.]
 [0. 0. 0.]
 [0. 0. 0.]
 [0. 0. 0.]
 [0. 0. 0.]
 [0. 0. 0.]
 [0. 0. 0.]
 [0. 0. 0.]
 [0. 0. 0.]
 [0. 0. 0.]
 [0. 0. 0.]
 [0. 0. 0.]
 [0. 0. 0.]
 [0. 0. 0.]
 [0. 0. 0.]
 [0. 0. 0.]
 [0. 0. 0.]
 [0. 0. 0.]
 [0. 0. 0.]
 [0. 0. 0.]
 [0. 0. 0.]
 [0. 0. 0.]
 [0. 0. 0.]
 [0. 0. 0.]
 [0. 0. 0.]
 [0. 0. 0.]
 [0. 0. 0.]
 [0. 0. 0.]
 [0. 0. 0.]
 [0. 0. 0.]
 [0. 0. 0.]
 [0. 0. 0.]
 [0. 0. 0.]
 [0. 0. 0.]
 [0. 0. 0.]
 [0. 0. 0.]
 [0. 0. 0.]
 [0. 0. 0.]
 [0. 0. 0.]
 [0. 0. 0.]
 [0. 0. 0.]
 [0. 0. 0.]
 [0. 0. 0.]
 [0. 0. 0.]
 [1. 1. 1.]
 [1. 1. 1.]
 [1. 1. 1.]]","[[0.83629452 0.         0.        ]
 [0.83629452 0.         0.        ]
 [0.83629452 0.         0.        ]]","[[80, 85, 90]]"
52,4,"[[0.4448101692107436, 0.4448101692107436, 0.4448101692107436, 0.4448101692107436]]","[[0.63910441 0.44258836 0.3978311  0.47069926]
 [0.63910441 0.44258836 0.3978311  0.47069926]
 [0.63910441 0.44258836 0.3978311  0.47069926]
 [0.63910441 0.44258836 0.3978311  0.47069926]
 [0.63910441 0.44258836 0.3978311  0.47069926]
 [0.63910441 0.44258836 0.3978311  0.47069926]
 [0.63910441 0.44258836 0.3978311  0.47069926]
 [0.63910441 0.44258836 0.3978311  0.47069926]
 [0.736      0.49033288 0.49708854 0.52151156]
 [0.736      0.49033288 0.49708854 0.52151156]
 [0.736      0.49033288 0.49708854 0.52151156]
 [0.736      0.49033288 0.49708854 0.52151156]
 [0.736      0.49033288 0.49708854 0.52151156]
 [0.736      0.49033288 0.49708854 0.52151156]
 [0.736      0.49033288 0.49708854 0.52151156]
 [0.736      0.49033288 0.49708854 0.52151156]
 [0.39987325 0.11453778 0.11383062 0.736     ]
 [0.39987325 0.11453778 0.11383062 0.736     ]
 [0.39987325 0.11453778 0.11383062 0.736     ]
 [0.39987325 0.11453778 0.11383062 0.736     ]
 [0.39987325 0.11453778 0.11383062 0.736     ]
 [0.39987325 0.11453778 0.11383062 0.736     ]
 [0.39987325 0.11453778 0.11383062 0.736     ]
 [0.39987325 0.11453778 0.11383062 0.736     ]
 [0.08020694 0.         0.         0.61825856]
 [0.08020694 0.         0.         0.61825856]
 [0.08020694 0.         0.         0.61825856]
 [0.08020694 0.         0.         0.61825856]
 [0.08020694 0.         0.         0.61825856]
 [0.08020694 0.         0.         0.61825856]
 [0.08020694 0.         0.         0.61825856]
 [0.08020694 0.         0.         0.61825856]
 [0.736      0.736      0.736      0.03682881]
 [0.736      0.736      0.736      0.03682881]
 [0.736      0.736      0.736      0.03682881]
 [0.736      0.736      0.736      0.03682881]
 [0.736      0.736      0.736      0.03682881]
 [0.736      0.736      0.736      0.03682881]
 [0.736      0.736      0.736      0.03682881]
 [0.736      0.736      0.736      0.03682881]
 [0.19463197 0.         0.         0.58549969]
 [0.19463197 0.         0.         0.58549969]
 [0.19463197 0.         0.         0.58549969]
 [0.19463197 0.         0.         0.58549969]
 [0.19463197 0.         0.         0.58549969]
 [0.19463197 0.         0.         0.58549969]
 [0.19463197 0.         0.         0.58549969]
 [0.19463197 0.         0.         0.58549969]
 [0.786      0.786      0.786      0.786     ]
 [0.786      0.786      0.786      0.786     ]
 [0.786      0.786      0.786      0.786     ]
 [0.786      0.786      0.786      0.786     ]]","[[0. 0. 0. 0.]
 [0. 0. 0. 0.]
 [0. 0. 0. 0.]
 [0. 0. 0. 0.]
 [0. 0. 0. 0.]
 [0. 0. 0. 0.]
 [0. 0. 0. 0.]
 [0. 0. 0. 0.]
 [0. 0. 0. 0.]
 [0. 0. 0. 0.]
 [0. 0. 0. 0.]
 [0. 0. 0. 0.]
 [0. 0. 0. 0.]
 [0. 0. 0. 0.]
 [0. 0. 0. 0.]
 [0. 0. 0. 0.]
 [0. 0. 0. 0.]
 [0. 0. 0. 0.]
 [0. 0. 0. 0.]
 [0. 0. 0. 0.]
 [0. 0. 0. 0.]
 [0. 0. 0. 0.]
 [0. 0. 0. 0.]
 [0. 0. 0. 0.]
 [0. 0. 0. 0.]
 [0. 0. 0. 0.]
 [0. 0. 0. 0.]
 [0. 0. 0. 0.]
 [0. 0. 0. 0.]
 [0. 0. 0. 0.]
 [0. 0. 0. 0.]
 [0. 0. 0. 0.]
 [0. 0. 0. 0.]
 [0. 0. 0. 0.]
 [0. 0. 0. 0.]
 [0. 0. 0. 0.]
 [0. 0. 0. 0.]
 [0. 0. 0. 0.]
 [0. 0. 0. 0.]
 [0. 0. 0. 0.]
 [0. 0. 0. 0.]
 [0. 0. 0. 0.]
 [0. 0. 0. 0.]
 [0. 0. 0. 0.]
 [0. 0. 0. 0.]
 [0. 0. 0. 0.]
 [0. 0. 0. 0.]
 [0. 0. 0. 0.]
 [1. 1. 1. 1.]
 [1. 1. 1. 1.]
 [1. 1. 1. 1.]
 [1. 1. 1. 1.]]","[[0.83629452 0.         0.        ]
 [0.83629452 0.         0.        ]
 [0.83629452 0.         0.        ]
 [0.83629452 0.         0.        ]]","[[80, 85, 90]]"
49,1,[[0.4448101692107436]],"[[0.36377655]
 [0.36377655]
 [0.36377655]
 [0.36377655]
 [0.36377655]
 [0.36377655]
 [0.36377655]
 [0.36377655]
 [0.59869842]
 [0.59869842]
 [0.59869842]
 [0.59869842]
 [0.59869842]
 [0.59869842]
 [0.59869842]
 [0.59869842]
 [0.736     ]
 [0.736     ]
 [0.736     ]
 [0.736     ]
 [0.736     ]
 [0.736     ]
 [0.736     ]
 [0.736     ]
 [0.29210246]
 [0.29210246]
 [0.29210246]
 [0.29210246]
 [0.29210246]
 [0.29210246]
 [0.29210246]
 [0.29210246]
 [0.03421384]
 [0.03421384]
 [0.03421384]
 [0.03421384]
 [0.03421384]
 [0.03421384]
 [0.03421384]
 [0.03421384]
 [0.736     ]
 [0.736     ]
 [0.736     ]
 [0.736     ]
 [0.736     ]
 [0.736     ]
 [0.736     ]
 [0.736     ]
 [0.786     ]]","[[0.]
 [0.]
 [0.]
 [0.]
 [0.]
 [0.]
 [0.]
 [0.]
 [0.]
 [0.]
 [0.]
 [0.]
 [0.]
 [0.]
 [0.]
 [0.]
 [0.]
 [0.]
 [0.]
 [0.]
 [0.]
 [0.]
 [0.]
 [0.]
 [0.]
 [0.]
 [0.]
 [0.]
 [0.]
 [0.]
 [0.]
 [0.]
 [0.]
 [0.]
 [0.]
 [0.]
 [0.]
 [0.]
 [0.]
 [0.]
 [0.]
 [0.]
 [0.]
 [0.]
 [0.]
 [0.]
 [0.]
 [0.]
 [1.]]",[[0.83629452 0.         0.        ]],"[[80, 85, 90]]"
49,1,[[0.4448101692107436]],"[[0.13495527]
 [0.13495527]
 [0.13495527]
 [0.13495527]
 [0.13495527]
 [0.13495527]
 [0.13495527]
 [0.13495527]
 [0.46379778]
 [0.46379778]
 [0.46379778]
 [0.46379778]
 [0.46379778]
 [0.46379778]
 [0.46379778]
 [0.46379778]
 [0.51535409]
 [0.51535409]
 [0.51535409]
 [0.51535409]
 [0.51535409]
 [0.51535409]
 [0.51535409]
 [0.51535409]
 [0.        ]
 [0.        ]
 [0.        ]
 [0.        ]
 [0.        ]
 [0.        ]
 [0.        ]
 [0.        ]
 [0.        ]
 [0.        ]
 [0.        ]
 [0.        ]
 [0.        ]
 [0.        ]
 [0.        ]
 [0.        ]
 [0.736     ]
 [0.736     ]
 [0.736     ]
 [0.736     ]
 [0.736     ]
 [0.736     ]
 [0.736     ]
 [0.736     ]
 [0.75825442]]","[[0.]
 [0.]
 [0.]
 [0.]
 [0.]
 [0.]
 [0.]
 [0.]
 [0.]
 [0.]
 [0.]
 [0.]
 [0.]
 [0.]
 [0.]
 [0.]
 [0.]
 [0.]
 [0.]
 [0.]
 [0.]
 [0.]
 [0.]
 [0.]
 [0.]
 [0.]
 [0.]
 [0.]
 [0.]
 [0.]
 [0.]
 [0.]
 [0.]
 [0.]
 [0.]
 [0.]
 [0.]
 [0.]
 [0.]
 [0.]
 [0.]
 [0.]
 [0.]
 [0.]
 [0.]
 [0.]
 [0.]
 [0.]
 [1.]]",[[0.83629452 0.         0.        ]],"[[80, 85, 90]]"
48,3,"[[0.5922421201724706, 0.30578360460301873, 0.30578360460301873]]","[[0.44729842 0.69931898 0.67651274]
 [0.44729842 0.69931898 0.67651274]
 [0.44729842 0.69931898 0.67651274]
 [0.44729842 0.69931898 0.67651274]
 [0.44729842 0.69931898 0.67651274]
 [0.44729842 0.69931898 0.67651274]
 [0.44729842 0.69931898 0.67651274]
 [0.44729842 0.69931898 0.67651274]
 [0.6432     0.8        0.8       ]
 [0.6432     0.8        0.8       ]
 [0.6432     0.8        0.8       ]
 [0.6432     0.8        0.8       ]
 [0.6432     0.8        0.8       ]
 [0.6432     0.8        0.8       ]
 [0.6432     0.8        0.8       ]
 [0.6432     0.8        0.8       ]
 [0.53053716 0.73242783 0.71205911]
 [0.53053716 0.73242783 0.71205911]
 [0.53053716 0.73242783 0.71205911]
 [0.53053716 0.73242783 0.71205911]
 [0.53053716 0.73242783 0.71205911]
 [0.53053716 0.73242783 0.71205911]
 [0.53053716 0.73242783 0.71205911]
 [0.53053716 0.73242783 0.71205911]
 [0.18622068 0.42226597 0.39570182]
 [0.18622068 0.42226597 0.39570182]
 [0.18622068 0.42226597 0.39570182]
 [0.18622068 0.42226597 0.39570182]
 [0.18622068 0.42226597 0.39570182]
 [0.18622068 0.42226597 0.39570182]
 [0.18622068 0.42226597 0.39570182]
 [0.18622068 0.42226597 0.39570182]
 [0.46417426 0.68516216 0.67828252]
 [0.46417426 0.68516216 0.67828252]
 [0.46417426 0.68516216 0.67828252]
 [0.46417426 0.68516216 0.67828252]
 [0.46417426 0.68516216 0.67828252]
 [0.46417426 0.68516216 0.67828252]
 [0.46417426 0.68516216 0.67828252]
 [0.46417426 0.68516216 0.67828252]
 [0.54920102 0.67997623 0.67744191]
 [0.54920102 0.67997623 0.67744191]
 [0.54920102 0.67997623 0.67744191]
 [0.54920102 0.67997623 0.67744191]
 [0.54920102 0.67997623 0.67744191]
 [0.54920102 0.67997623 0.67744191]
 [0.54920102 0.67997623 0.67744191]
 [0.54920102 0.67997623 0.67744191]]","[[1. 1. 1.]
 [1. 1. 1.]
 [1. 1. 1.]
 [1. 1. 1.]
 [1. 1. 1.]
 [1. 1. 1.]
 [1. 1. 1.]
 [1. 1. 1.]
 [1. 0. 1.]
 [1. 0. 1.]
 [1. 0. 1.]
 [1. 0. 1.]
 [1. 0. 1.]
 [1. 0. 1.]
 [1. 0. 1.]
 [1. 0. 1.]
 [1. 1. 1.]
 [1. 1. 1.]
 [1. 1. 1.]
 [1. 1. 1.]
 [1. 1. 1.]
 [1. 1. 1.]
 [1. 1. 1.]
 [1. 1. 1.]
 [0. 1. 0.]
 [0. 1. 0.]
 [0. 1. 0.]
 [0. 1. 0.]
 [0. 1. 0.]
 [0. 1. 0.]
 [0. 1. 0.]
 [0. 1. 0.]
 [1. 1. 1.]
 [1. 1. 1.]
 [1. 1. 1.]
 [1. 1. 1.]
 [1. 1. 1.]
 [1. 1. 1.]
 [1. 1. 1.]
 [1. 1. 1.]
 [1. 1. 1.]
 [1. 1. 1.]
 [1. 1. 1.]
 [1. 1. 1.]
 [1. 1. 1.]
 [1. 1. 1.]
 [1. 1. 1.]
 [1. 1. 1.]]","[[0.   0.   1.  ]
 [0.   0.   0.02]
 [0.   0.   0.02]]","[[80, 85, 90]]"
48,1,[[0.5098786188859463]],"[[0.23484539]
 [0.23484539]
 [0.23484539]
 [0.23484539]
 [0.23484539]
 [0.23484539]
 [0.23484539]
 [0.23484539]
 [0.59199766]
 [0.59199766]
 [0.59199766]
 [0.59199766]
 [0.59199766]
 [0.59199766]
 [0.59199766]
 [0.59199766]
 [0.6432    ]
 [0.6432    ]
 [0.6432    ]
 [0.6432    ]
 [0.6432    ]
 [0.6432    ]
 [0.6432    ]
 [0.6432    ]
 [0.2413489 ]
 [0.2413489 ]
 [0.2413489 ]
 [0.2413489 ]
 [0.2413489 ]
 [0.2413489 ]
 [0.2413489 ]
 [0.2413489 ]
 [0.11763825]
 [0.11763825]
 [0.11763825]
 [0.11763825]
 [0.11763825]
 [0.11763825]
 [0.11763825]
 [0.11763825]
 [0.6432    ]
 [0.6432    ]
 [0.6432    ]
 [0.6432    ]
 [0.6432    ]
 [0.6432    ]
 [0.6432    ]
 [0.6432    ]]","[[0.]
 [0.]
 [0.]
 [0.]
 [0.]
 [0.]
 [0.]
 [0.]
 [1.]
 [1.]
 [1.]
 [1.]
 [1.]
 [1.]
 [1.]
 [1.]
 [1.]
 [1.]
 [1.]
 [1.]
 [1.]
 [1.]
 [1.]
 [1.]
 [0.]
 [0.]
 [0.]
 [0.]
 [0.]
 [0.]
 [0.]
 [0.]
 [0.]
 [0.]
 [0.]
 [0.]
 [0.]
 [0.]
 [0.]
 [0.]
 [1.]
 [1.]
 [1.]
 [1.]
 [1.]
 [1.]
 [1.]
 [1.]]",[[1. 0. 0.]],"[[80, 85, 90]]"
48,4,"[[0.5877621522270686, 0.5877621522270686, 0.3058635843432445, 1]]","[[0.29237667 0.35205974 0.53228979 0.45286249]
 [0.29237667 0.35205974 0.53228979 0.45286249]
 [0.29237667 0.35205974 0.53228979 0.45286249]
 [0.29237667 0.35205974 0.53228979 0.45286249]
 [0.29237667 0.35205974 0.53228979 0.45286249]
 [0.29237667 0.35205974 0.53228979 0.45286249]
 [0.29237667 0.35205974 0.53228979 0.45286249]
 [0.29237667 0.35205974 0.53228979 0.45286249]
 [0.6432     0.6432     0.8        0.8       ]
 [0.6432     0.6432     0.8        0.8       ]
 [0.6432     0.6432     0.8        0.8       ]
 [0.6432     0.6432     0.8        0.8       ]
 [0.6432     0.6432     0.8        0.8       ]
 [0.6432     0.6432     0.8        0.8       ]
 [0.6432     0.6432     0.8        0.8       ]
 [0.6432     0.6432     0.8        0.8       ]
 [0.34225253 0.39880897 0.57786272 0.50259904]
 [0.34225253 0.39880897 0.57786272 0.50259904]
 [0.34225253 0.39880897 0.57786272 0.50259904]
 [0.34225253 0.39880897 0.57786272 0.50259904]
 [0.34225253 0.39880897 0.57786272 0.50259904]
 [0.34225253 0.39880897 0.57786272 0.50259904]
 [0.34225253 0.39880897 0.57786272 0.50259904]
 [0.34225253 0.39880897 0.57786272 0.50259904]
 [0.         0.05257176 0.23469473 0.14978852]
 [0.         0.05257176 0.23469473 0.14978852]
 [0.         0.05257176 0.23469473 0.14978852]
 [0.         0.05257176 0.23469473 0.14978852]
 [0.         0.05257176 0.23469473 0.14978852]
 [0.         0.05257176 0.23469473 0.14978852]
 [0.         0.05257176 0.23469473 0.14978852]
 [0.         0.05257176 0.23469473 0.14978852]
 [0.40280491 0.44128322 0.61192231 0.562063  ]
 [0.40280491 0.44128322 0.61192231 0.562063  ]
 [0.40280491 0.44128322 0.61192231 0.562063  ]
 [0.40280491 0.44128322 0.61192231 0.562063  ]
 [0.40280491 0.44128322 0.61192231 0.562063  ]
 [0.40280491 0.44128322 0.61192231 0.562063  ]
 [0.40280491 0.44128322 0.61192231 0.562063  ]
 [0.40280491 0.44128322 0.61192231 0.562063  ]
 [0.43578311 0.46608583 0.63362251 0.59464396]
 [0.43578311 0.46608583 0.63362251 0.59464396]
 [0.43578311 0.46608583 0.63362251 0.59464396]
 [0.43578311 0.46608583 0.63362251 0.59464396]
 [0.43578311 0.46608583 0.63362251 0.59464396]
 [0.43578311 0.46608583 0.63362251 0.59464396]
 [0.43578311 0.46608583 0.63362251 0.59464396]
 [0.43578311 0.46608583 0.63362251 0.59464396]]","[[0. 0. 1. 1.]
 [0. 0. 1. 1.]
 [0. 0. 1. 1.]
 [0. 0. 1. 1.]
 [0. 0. 1. 1.]
 [0. 0. 1. 1.]
 [0. 0. 1. 1.]
 [0. 0. 1. 1.]
 [1. 1. 1. 1.]
 [1. 1. 1. 1.]
 [1. 1. 1. 1.]
 [1. 1. 1. 1.]
 [1. 1. 1. 1.]
 [1. 1. 1. 1.]
 [1. 1. 1. 1.]
 [1. 1. 1. 1.]
 [0. 0. 1. 1.]
 [0. 0. 1. 1.]
 [0. 0. 1. 1.]
 [0. 0. 1. 1.]
 [0. 0. 1. 1.]
 [0. 0. 1. 1.]
 [0. 0. 1. 1.]
 [0. 0. 1. 1.]
 [0. 0. 0. 0.]
 [0. 0. 0. 0.]
 [0. 0. 0. 0.]
 [0. 0. 0. 0.]
 [0. 0. 0. 0.]
 [0. 0. 0. 0.]
 [0. 0. 0. 0.]
 [0. 0. 0. 0.]
 [1. 1. 1. 1.]
 [1. 1. 1. 1.]
 [1. 1. 1. 1.]
 [1. 1. 1. 1.]
 [1. 1. 1. 1.]
 [1. 1. 1. 1.]
 [1. 1. 1. 1.]
 [1. 1. 1. 1.]
 [1. 1. 1. 1.]
 [1. 1. 1. 1.]
 [1. 1. 1. 1.]
 [1. 1. 1. 1.]
 [1. 1. 1. 1.]
 [1. 1. 1. 1.]
 [1. 1. 1. 1.]
 [1. 1. 1. 1.]]","[[0.   0.   1.  ]
 [0.   0.   1.  ]
 [0.   0.   0.02]
 [0.   0.   1.  ]]","[[80, 85, 90]]"
48,6,"[[0.5899694726222253, 0.5893300669801793, 0.5877629774785134, 0.30578360460301873, 0.30578360460301873, 0.30578360460301873]]","[[0.41488728 0.37508714 0.42281219 0.8        0.8        0.8       ]
 [0.41488728 0.37508714 0.42281219 0.8        0.8        0.8       ]
 [0.41488728 0.37508714 0.42281219 0.8        0.8        0.8       ]
 [0.41488728 0.37508714 0.42281219 0.8        0.8        0.8       ]
 [0.41488728 0.37508714 0.42281219 0.8        0.8        0.8       ]
 [0.41488728 0.37508714 0.42281219 0.8        0.8        0.8       ]
 [0.41488728 0.37508714 0.42281219 0.8        0.8        0.8       ]
 [0.41488728 0.37508714 0.42281219 0.8        0.8        0.8       ]
 [0.6432     0.6432     0.6432     0.8        0.8        0.8       ]
 [0.6432     0.6432     0.6432     0.8        0.8        0.8       ]
 [0.6432     0.6432     0.6432     0.8        0.8        0.8       ]
 [0.6432     0.6432     0.6432     0.8        0.8        0.8       ]
 [0.6432     0.6432     0.6432     0.8        0.8        0.8       ]
 [0.6432     0.6432     0.6432     0.8        0.8        0.8       ]
 [0.6432     0.6432     0.6432     0.8        0.8        0.8       ]
 [0.6432     0.6432     0.6432     0.8        0.8        0.8       ]
 [0.6432     0.6432     0.46620761 0.8        0.8        0.8       ]
 [0.6432     0.6432     0.46620761 0.8        0.8        0.8       ]
 [0.6432     0.6432     0.46620761 0.8        0.8        0.8       ]
 [0.6432     0.6432     0.46620761 0.8        0.8        0.8       ]
 [0.6432     0.6432     0.46620761 0.8        0.8        0.8       ]
 [0.6432     0.6432     0.46620761 0.8        0.8        0.8       ]
 [0.6432     0.6432     0.46620761 0.8        0.8        0.8       ]
 [0.6432     0.6432     0.46620761 0.8        0.8        0.8       ]
 [0.31638723 0.32027518 0.12995787 0.72616062 0.70051486 0.78126004]
 [0.31638723 0.32027518 0.12995787 0.72616062 0.70051486 0.78126004]
 [0.31638723 0.32027518 0.12995787 0.72616062 0.70051486 0.78126004]
 [0.31638723 0.32027518 0.12995787 0.72616062 0.70051486 0.78126004]
 [0.31638723 0.32027518 0.12995787 0.72616062 0.70051486 0.78126004]
 [0.31638723 0.32027518 0.12995787 0.72616062 0.70051486 0.78126004]
 [0.31638723 0.32027518 0.12995787 0.72616062 0.70051486 0.78126004]
 [0.31638723 0.32027518 0.12995787 0.72616062 0.70051486 0.78126004]
 [0.31366448 0.25826292 0.48042785 0.66149343 0.67081971 0.63723224]
 [0.31366448 0.25826292 0.48042785 0.66149343 0.67081971 0.63723224]
 [0.31366448 0.25826292 0.48042785 0.66149343 0.67081971 0.63723224]
 [0.31366448 0.25826292 0.48042785 0.66149343 0.67081971 0.63723224]
 [0.31366448 0.25826292 0.48042785 0.66149343 0.67081971 0.63723224]
 [0.31366448 0.25826292 0.48042785 0.66149343 0.67081971 0.63723224]
 [0.31366448 0.25826292 0.48042785 0.66149343 0.67081971 0.63723224]
 [0.31366448 0.25826292 0.48042785 0.66149343 0.67081971 0.63723224]
 [0.6432     0.6432     0.49630549 0.61074393 0.62308836 0.58068241]
 [0.6432     0.6432     0.49630549 0.61074393 0.62308836 0.58068241]
 [0.6432     0.6432     0.49630549 0.61074393 0.62308836 0.58068241]
 [0.6432     0.6432     0.49630549 0.61074393 0.62308836 0.58068241]
 [0.6432     0.6432     0.49630549 0.61074393 0.62308836 0.58068241]
 [0.6432     0.6432     0.49630549 0.61074393 0.62308836 0.58068241]
 [0.6432     0.6432     0.49630549 0.61074393 0.62308836 0.58068241]
 [0.6432     0.6432     0.49630549 0.61074393 0.62308836 0.58068241]]","[[1. 0. 1. 1. 1. 1.]
 [1. 0. 1. 1. 1. 1.]
 [1. 0. 1. 1. 1. 1.]
 [1. 0. 1. 1. 1. 1.]
 [1. 0. 1. 1. 1. 1.]
 [1. 0. 1. 1. 1. 1.]
 [1. 0. 1. 1. 1. 1.]
 [1. 0. 1. 1. 1. 1.]
 [1. 1. 1. 1. 1. 1.]
 [1. 1. 1. 1. 1. 1.]
 [1. 1. 1. 1. 1. 1.]
 [1. 1. 1. 1. 1. 1.]
 [1. 1. 1. 1. 1. 1.]
 [1. 1. 1. 1. 1. 1.]
 [1. 1. 1. 1. 1. 1.]
 [1. 1. 1. 1. 1. 1.]
 [1. 1. 1. 1. 1. 1.]
 [1. 1. 1. 1. 1. 1.]
 [1. 1. 1. 1. 1. 1.]
 [1. 1. 1. 1. 1. 1.]
 [1. 1. 1. 1. 1. 1.]
 [1. 1. 1. 1. 1. 1.]
 [1. 1. 1. 1. 1. 1.]
 [1. 1. 1. 1. 1. 1.]
 [0. 0. 0. 1. 1. 1.]
 [0. 0. 0. 1. 1. 1.]
 [0. 0. 0. 1. 1. 1.]
 [0. 0. 0. 1. 1. 1.]
 [0. 0. 0. 1. 1. 1.]
 [0. 0. 0. 1. 1. 1.]
 [0. 0. 0. 1. 1. 1.]
 [0. 0. 0. 1. 1. 1.]
 [0. 0. 1. 1. 1. 1.]
 [0. 0. 1. 1. 1. 1.]
 [0. 0. 1. 1. 1. 1.]
 [0. 0. 1. 1. 1. 1.]
 [0. 0. 1. 1. 1. 1.]
 [0. 0. 1. 1. 1. 1.]
 [0. 0. 1. 1. 1. 1.]
 [0. 0. 1. 1. 1. 1.]
 [1. 1. 1. 1. 1. 1.]
 [1. 1. 1. 1. 1. 1.]
 [1. 1. 1. 1. 1. 1.]
 [1. 1. 1. 1. 1. 1.]
 [1. 1. 1. 1. 1. 1.]
 [1. 1. 1. 1. 1. 1.]
 [1. 1. 1. 1. 1. 1.]
 [1. 1. 1. 1. 1. 1.]]","[[0.   0.   1.  ]
 [1.   0.   0.  ]
 [0.   0.   1.  ]
 [0.   0.   0.02]
 [0.   0.   0.02]
 [0.   0.   0.02]]","[[80, 85, 90]]"
52,10,"[[0.5098787186939011, 0.5098787186939011, 0.5894335516180207, 0.5877629774785134, 0.43522992624762763, 0.4361474830865398, 0.43431242679402443, 0.43706508690395746, 0.30578360460301873, 0.30578360460301873]]","[[0.02776798 0.         0.6432     0.42106877 0.42942772 0.42830959
  0.43053403 0.4271817  0.61421347 0.63796155]
 [0.02776798 0.         0.6432     0.42106877 0.42942772 0.42830959
  0.43053403 0.4271817  0.61421347 0.63796155]
 [0.02776798 0.         0.6432     0.42106877 0.42942772 0.42830959
  0.43053403 0.4271817  0.61421347 0.63796155]
 [0.02776798 0.         0.6432     0.42106877 0.42942772 0.42830959
  0.43053403 0.4271817  0.61421347 0.63796155]
 [0.02776798 0.         0.6432     0.42106877 0.42942772 0.42830959
  0.43053403 0.4271817  0.61421347 0.63796155]
 [0.02776798 0.         0.6432     0.42106877 0.42942772 0.42830959
  0.43053403 0.4271817  0.61421347 0.63796155]
 [0.02776798 0.         0.6432     0.42106877 0.42942772 0.42830959
  0.43053403 0.4271817  0.61421347 0.63796155]
 [0.02776798 0.         0.6432     0.42106877 0.42942772 0.42830959
  0.43053403 0.4271817  0.61421347 0.63796155]
 [0.41410641 0.38784694 0.6432     0.6432     0.8        0.8
  0.8        0.8        0.8        0.8       ]
 [0.41410641 0.38784694 0.6432     0.6432     0.8        0.8
  0.8        0.8        0.8        0.8       ]
 [0.41410641 0.38784694 0.6432     0.6432     0.8        0.8
  0.8        0.8        0.8        0.8       ]
 [0.41410641 0.38784694 0.6432     0.6432     0.8        0.8
  0.8        0.8        0.8        0.8       ]
 [0.41410641 0.38784694 0.6432     0.6432     0.8        0.8
  0.8        0.8        0.8        0.8       ]
 [0.41410641 0.38784694 0.6432     0.6432     0.8        0.8
  0.8        0.8        0.8        0.8       ]
 [0.41410641 0.38784694 0.6432     0.6432     0.8        0.8
  0.8        0.8        0.8        0.8       ]
 [0.41410641 0.38784694 0.6432     0.6432     0.8        0.8
  0.8        0.8        0.8        0.8       ]
 [0.46927618 0.42140215 0.42958619 0.47921579 0.51913767 0.51807443
  0.52018942 0.51700172 0.65470276 0.67658933]
 [0.46927618 0.42140215 0.42958619 0.47921579 0.51913767 0.51807443
  0.52018942 0.51700172 0.65470276 0.67658933]
 [0.46927618 0.42140215 0.42958619 0.47921579 0.51913767 0.51807443
  0.52018942 0.51700172 0.65470276 0.67658933]
 [0.46927618 0.42140215 0.42958619 0.47921579 0.51913767 0.51807443
  0.52018942 0.51700172 0.65470276 0.67658933]
 [0.46927618 0.42140215 0.42958619 0.47921579 0.51913767 0.51807443
  0.52018942 0.51700172 0.65470276 0.67658933]
 [0.46927618 0.42140215 0.42958619 0.47921579 0.51913767 0.51807443
  0.52018942 0.51700172 0.65470276 0.67658933]
 [0.46927618 0.42140215 0.42958619 0.47921579 0.51913767 0.51807443
  0.52018942 0.51700172 0.65470276 0.67658933]
 [0.46927618 0.42140215 0.42958619 0.47921579 0.51913767 0.51807443
  0.52018942 0.51700172 0.65470276 0.67658933]
 [0.02475127 0.         0.28783464 0.13816935 0.1515818  0.15040493
  0.1527464  0.14921802 0.32473485 0.35138761]
 [0.02475127 0.         0.28783464 0.13816935 0.1515818  0.15040493
  0.1527464  0.14921802 0.32473485 0.35138761]
 [0.02475127 0.         0.28783464 0.13816935 0.1515818  0.15040493
  0.1527464  0.14921802 0.32473485 0.35138761]
 [0.02475127 0.         0.28783464 0.13816935 0.1515818  0.15040493
  0.1527464  0.14921802 0.32473485 0.35138761]
 [0.02475127 0.         0.28783464 0.13816935 0.1515818  0.15040493
  0.1527464  0.14921802 0.32473485 0.35138761]
 [0.02475127 0.         0.28783464 0.13816935 0.1515818  0.15040493
  0.1527464  0.14921802 0.32473485 0.35138761]
 [0.02475127 0.         0.28783464 0.13816935 0.1515818  0.15040493
  0.1527464  0.14921802 0.32473485 0.35138761]
 [0.02475127 0.         0.28783464 0.13816935 0.1515818  0.15040493
  0.1527464  0.14921802 0.32473485 0.35138761]
 [0.         0.         0.6432     0.46951727 0.52048148 0.51970916
  0.52124458 0.51892902 0.65420084 0.66439337]
 [0.         0.         0.6432     0.46951727 0.52048148 0.51970916
  0.52124458 0.51892902 0.65420084 0.66439337]
 [0.         0.         0.6432     0.46951727 0.52048148 0.51970916
  0.52124458 0.51892902 0.65420084 0.66439337]
 [0.         0.         0.6432     0.46951727 0.52048148 0.51970916
  0.52124458 0.51892902 0.65420084 0.66439337]
 [0.         0.         0.6432     0.46951727 0.52048148 0.51970916
  0.52124458 0.51892902 0.65420084 0.66439337]
 [0.         0.         0.6432     0.46951727 0.52048148 0.51970916
  0.52124458 0.51892902 0.65420084 0.66439337]
 [0.         0.         0.6432     0.46951727 0.52048148 0.51970916
  0.52124458 0.51892902 0.65420084 0.66439337]
 [0.         0.         0.6432     0.46951727 0.52048148 0.51970916
  0.52124458 0.51892902 0.65420084 0.66439337]
 [0.6432     0.6432     0.25793355 0.51243589 0.63339706 0.63280325
  0.63398281 0.6322025  0.6635966  0.66976468]
 [0.6432     0.6432     0.25793355 0.51243589 0.63339706 0.63280325
  0.63398281 0.6322025  0.6635966  0.66976468]
 [0.6432     0.6432     0.25793355 0.51243589 0.63339706 0.63280325
  0.63398281 0.6322025  0.6635966  0.66976468]
 [0.6432     0.6432     0.25793355 0.51243589 0.63339706 0.63280325
  0.63398281 0.6322025  0.6635966  0.66976468]
 [0.6432     0.6432     0.25793355 0.51243589 0.63339706 0.63280325
  0.63398281 0.6322025  0.6635966  0.66976468]
 [0.6432     0.6432     0.25793355 0.51243589 0.63339706 0.63280325
  0.63398281 0.6322025  0.6635966  0.66976468]
 [0.6432     0.6432     0.25793355 0.51243589 0.63339706 0.63280325
  0.63398281 0.6322025  0.6635966  0.66976468]
 [0.6432     0.6432     0.25793355 0.51243589 0.63339706 0.63280325
  0.63398281 0.6322025  0.6635966  0.66976468]
 [0.6932     0.6932     0.6932     0.6932     0.85       0.85
  0.85       0.85       0.85       0.85      ]
 [0.6932     0.6932     0.6932     0.6932     0.85       0.85
  0.85       0.85       0.85       0.85      ]
 [0.6932     0.6932     0.6932     0.6932     0.85       0.85
  0.85       0.85       0.85       0.85      ]
 [0.6932     0.6932     0.6932     0.6932     0.85       0.85
  0.85       0.85       0.85       0.85      ]]","[[0. 0. 1. 1. 0. 0. 0. 0. 1. 1.]
 [0. 0. 1. 1. 0. 0. 0. 0. 1. 1.]
 [0. 0. 1. 1. 0. 0. 0. 0. 1. 1.]
 [0. 0. 1. 1. 0. 0. 0. 0. 1. 1.]
 [0. 0. 1. 1. 0. 0. 0. 0. 1. 1.]
 [0. 0. 1. 1. 0. 0. 0. 0. 1. 1.]
 [0. 0. 1. 1. 0. 0. 0. 0. 1. 1.]
 [0. 0. 1. 1. 0. 0. 0. 0. 1. 1.]
 [1. 0. 1. 1. 0. 0. 0. 0. 1. 1.]
 [1. 0. 1. 1. 0. 0. 0. 0. 1. 1.]
 [1. 0. 1. 1. 0. 0. 0. 0. 1. 1.]
 [1. 0. 1. 1. 0. 0. 0. 0. 1. 1.]
 [1. 0. 1. 1. 0. 0. 0. 0. 1. 1.]
 [1. 0. 1. 1. 0. 0. 0. 0. 1. 1.]
 [1. 0. 1. 1. 0. 0. 0. 0. 1. 1.]
 [1. 0. 1. 1. 0. 0. 0. 0. 1. 1.]
 [1. 1. 1. 1. 0. 0. 0. 0. 1. 1.]
 [1. 1. 1. 1. 0. 0. 0. 0. 1. 1.]
 [1. 1. 1. 1. 0. 0. 0. 0. 1. 1.]
 [1. 1. 1. 1. 0. 0. 0. 0. 1. 1.]
 [1. 1. 1. 1. 0. 0. 0. 0. 1. 1.]
 [1. 1. 1. 1. 0. 0. 0. 0. 1. 1.]
 [1. 1. 1. 1. 0. 0. 0. 0. 1. 1.]
 [1. 1. 1. 1. 0. 0. 0. 0. 1. 1.]
 [0. 0. 0. 0. 0. 0. 0. 0. 0. 0.]
 [0. 0. 0. 0. 0. 0. 0. 0. 0. 0.]
 [0. 0. 0. 0. 0. 0. 0. 0. 0. 0.]
 [0. 0. 0. 0. 0. 0. 0. 0. 0. 0.]
 [0. 0. 0. 0. 0. 0. 0. 0. 0. 0.]
 [0. 0. 0. 0. 0. 0. 0. 0. 0. 0.]
 [0. 0. 0. 0. 0. 0. 0. 0. 0. 0.]
 [0. 0. 0. 0. 0. 0. 0. 0. 0. 0.]
 [0. 0. 1. 1. 0. 0. 0. 0. 1. 1.]
 [0. 0. 1. 1. 0. 0. 0. 0. 1. 1.]
 [0. 0. 1. 1. 0. 0. 0. 0. 1. 1.]
 [0. 0. 1. 1. 0. 0. 0. 0. 1. 1.]
 [0. 0. 1. 1. 0. 0. 0. 0. 1. 1.]
 [0. 0. 1. 1. 0. 0. 0. 0. 1. 1.]
 [0. 0. 1. 1. 0. 0. 0. 0. 1. 1.]
 [0. 0. 1. 1. 0. 0. 0. 0. 1. 1.]
 [1. 1. 0. 1. 0. 0. 0. 0. 1. 1.]
 [1. 1. 0. 1. 0. 0. 0. 0. 1. 1.]
 [1. 1. 0. 1. 0. 0. 0. 0. 1. 1.]
 [1. 1. 0. 1. 0. 0. 0. 0. 1. 1.]
 [1. 1. 0. 1. 0. 0. 0. 0. 1. 1.]
 [1. 1. 0. 1. 0. 0. 0. 0. 1. 1.]
 [1. 1. 0. 1. 0. 0. 0. 0. 1. 1.]
 [1. 1. 0. 1. 0. 0. 0. 0. 1. 1.]
 [1. 1. 1. 1. 1. 1. 1. 1. 1. 1.]
 [1. 1. 1. 1. 1. 1. 1. 1. 1. 1.]
 [1. 1. 1. 1. 1. 1. 1. 1. 1. 1.]
 [1. 1. 1. 1. 1. 1. 1. 1. 1. 1.]]","[[1.   0.   0.  ]
 [1.   0.   0.  ]
 [0.   1.   0.  ]
 [0.   0.   1.  ]
 [0.   0.   0.04]
 [0.   0.   0.04]
 [0.   0.   0.04]
 [0.   0.   0.04]
 [0.   0.   0.02]
 [0.   0.   0.02]]","[[80, 85, 90]]"
49,7,"[[0.506703234239082, 0.5095181805163932, 0.5098786188859463, 0.4082438723434381, 0.4090545659876775, 0.40743317869920054, 0.40986525963191595]]","[[0.62759385 0.6432     0.29541858 0.73957315 0.73947963 0.73975249
  0.73947587]
 [0.62759385 0.6432     0.29541858 0.73957315 0.73947963 0.73975249
  0.73947587]
 [0.62759385 0.6432     0.29541858 0.73957315 0.73947963 0.73975249
  0.73947587]
 [0.62759385 0.6432     0.29541858 0.73957315 0.73947963 0.73975249
  0.73947587]
 [0.62759385 0.6432     0.29541858 0.73957315 0.73947963 0.73975249
  0.73947587]
 [0.62759385 0.6432     0.29541858 0.73957315 0.73947963 0.73975249
  0.73947587]
 [0.62759385 0.6432     0.29541858 0.73957315 0.73947963 0.73975249
  0.73947587]
 [0.62759385 0.6432     0.29541858 0.73957315 0.73947963 0.73975249
  0.73947587]
 [0.736      0.6432     0.6432     0.8        0.8        0.8
  0.8       ]
 [0.736      0.6432     0.6432     0.8        0.8        0.8
  0.8       ]
 [0.736      0.6432     0.6432     0.8        0.8        0.8
  0.8       ]
 [0.736      0.6432     0.6432     0.8        0.8        0.8
  0.8       ]
 [0.736      0.6432     0.6432     0.8        0.8        0.8
  0.8       ]
 [0.736      0.6432     0.6432     0.8        0.8        0.8
  0.8       ]
 [0.736      0.6432     0.6432     0.8        0.8        0.8
  0.8       ]
 [0.736      0.6432     0.6432     0.8        0.8        0.8
  0.8       ]
 [0.69444142 0.6432     0.6432     0.79714866 0.79707493 0.79729001
  0.797072  ]
 [0.69444142 0.6432     0.6432     0.79714866 0.79707493 0.79729001
  0.797072  ]
 [0.69444142 0.6432     0.6432     0.79714866 0.79707493 0.79729001
  0.797072  ]
 [0.69444142 0.6432     0.6432     0.79714866 0.79707493 0.79729001
  0.797072  ]
 [0.69444142 0.6432     0.6432     0.79714866 0.79707493 0.79729001
  0.797072  ]
 [0.69444142 0.6432     0.6432     0.79714866 0.79707493 0.79729001
  0.797072  ]
 [0.69444142 0.6432     0.6432     0.79714866 0.79707493 0.79729001
  0.797072  ]
 [0.69444142 0.6432     0.6432     0.79714866 0.79707493 0.79729001
  0.797072  ]
 [0.37342879 0.54255236 0.2864377  0.49337601 0.49326381 0.4935912
  0.49325932]
 [0.37342879 0.54255236 0.2864377  0.49337601 0.49326381 0.4935912
  0.49325932]
 [0.37342879 0.54255236 0.2864377  0.49337601 0.49326381 0.4935912
  0.49325932]
 [0.37342879 0.54255236 0.2864377  0.49337601 0.49326381 0.4935912
  0.49325932]
 [0.37342879 0.54255236 0.2864377  0.49337601 0.49326381 0.4935912
  0.49325932]
 [0.37342879 0.54255236 0.2864377  0.49337601 0.49326381 0.4935912
  0.49325932]
 [0.37342879 0.54255236 0.2864377  0.49337601 0.49326381 0.4935912
  0.49325932]
 [0.37342879 0.54255236 0.2864377  0.49337601 0.49326381 0.4935912
  0.49325932]
 [0.59618924 0.48015819 0.17282697 0.67332947 0.67330997 0.67336679
  0.67330916]
 [0.59618924 0.48015819 0.17282697 0.67332947 0.67330997 0.67336679
  0.67330916]
 [0.59618924 0.48015819 0.17282697 0.67332947 0.67330997 0.67336679
  0.67330916]
 [0.59618924 0.48015819 0.17282697 0.67332947 0.67330997 0.67336679
  0.67330916]
 [0.59618924 0.48015819 0.17282697 0.67332947 0.67330997 0.67336679
  0.67330916]
 [0.59618924 0.48015819 0.17282697 0.67332947 0.67330997 0.67336679
  0.67330916]
 [0.59618924 0.48015819 0.17282697 0.67332947 0.67330997 0.67336679
  0.67330916]
 [0.59618924 0.48015819 0.17282697 0.67332947 0.67330997 0.67336679
  0.67330916]
 [0.64432173 0.50721041 0.6432     0.70323211 0.70324821 0.70320117
  0.70324889]
 [0.64432173 0.50721041 0.6432     0.70323211 0.70324821 0.70320117
  0.70324889]
 [0.64432173 0.50721041 0.6432     0.70323211 0.70324821 0.70320117
  0.70324889]
 [0.64432173 0.50721041 0.6432     0.70323211 0.70324821 0.70320117
  0.70324889]
 [0.64432173 0.50721041 0.6432     0.70323211 0.70324821 0.70320117
  0.70324889]
 [0.64432173 0.50721041 0.6432     0.70323211 0.70324821 0.70320117
  0.70324889]
 [0.64432173 0.50721041 0.6432     0.70323211 0.70324821 0.70320117
  0.70324889]
 [0.64432173 0.50721041 0.6432     0.70323211 0.70324821 0.70320117
  0.70324889]
 [0.786      0.6932     0.6932     0.85       0.85       0.85
  0.85      ]]","[[0. 1. 0. 1. 1. 1. 1.]
 [0. 1. 0. 1. 1. 1. 1.]
 [0. 1. 0. 1. 1. 1. 1.]
 [0. 1. 0. 1. 1. 1. 1.]
 [0. 1. 0. 1. 1. 1. 1.]
 [0. 1. 0. 1. 1. 1. 1.]
 [0. 1. 0. 1. 1. 1. 1.]
 [0. 1. 0. 1. 1. 1. 1.]
 [0. 1. 1. 0. 0. 0. 0.]
 [0. 1. 1. 0. 0. 0. 0.]
 [0. 1. 1. 0. 0. 0. 0.]
 [0. 1. 1. 0. 0. 0. 0.]
 [0. 1. 1. 0. 0. 0. 0.]
 [0. 1. 1. 0. 0. 0. 0.]
 [0. 1. 1. 0. 0. 0. 0.]
 [0. 1. 1. 0. 0. 0. 0.]
 [0. 1. 1. 1. 1. 1. 1.]
 [0. 1. 1. 1. 1. 1. 1.]
 [0. 1. 1. 1. 1. 1. 1.]
 [0. 1. 1. 1. 1. 1. 1.]
 [0. 1. 1. 1. 1. 1. 1.]
 [0. 1. 1. 1. 1. 1. 1.]
 [0. 1. 1. 1. 1. 1. 1.]
 [0. 1. 1. 1. 1. 1. 1.]
 [0. 1. 0. 1. 1. 1. 1.]
 [0. 1. 0. 1. 1. 1. 1.]
 [0. 1. 0. 1. 1. 1. 1.]
 [0. 1. 0. 1. 1. 1. 1.]
 [0. 1. 0. 1. 1. 1. 1.]
 [0. 1. 0. 1. 1. 1. 1.]
 [0. 1. 0. 1. 1. 1. 1.]
 [0. 1. 0. 1. 1. 1. 1.]
 [0. 1. 0. 1. 1. 1. 1.]
 [0. 1. 0. 1. 1. 1. 1.]
 [0. 1. 0. 1. 1. 1. 1.]
 [0. 1. 0. 1. 1. 1. 1.]
 [0. 1. 0. 1. 1. 1. 1.]
 [0. 1. 0. 1. 1. 1. 1.]
 [0. 1. 0. 1. 1. 1. 1.]
 [0. 1. 0. 1. 1. 1. 1.]
 [0. 1. 1. 1. 1. 1. 1.]
 [0. 1. 1. 1. 1. 1. 1.]
 [0. 1. 1. 1. 1. 1. 1.]
 [0. 1. 1. 1. 1. 1. 1.]
 [0. 1. 1. 1. 1. 1. 1.]
 [0. 1. 1. 1. 1. 1. 1.]
 [0. 1. 1. 1. 1. 1. 1.]
 [0. 1. 1. 1. 1. 1. 1.]
 [1. 1. 1. 1. 1. 1. 1.]]","[[0.         0.         0.83629452]
 [1.         0.         0.        ]
 [1.         0.         0.        ]
 [0.         0.         0.04      ]
 [0.         0.         0.04      ]
 [0.         0.         0.04      ]
 [0.         0.         0.04      ]]","[[80, 85, 90]]"
50,8,"[[0.5054634203042347, 0.49430696208752783, 0.5098728864687897, 0.5098787186939011, 0.38392306139489923, 0.38473375503913726, 0.38311236775066076, 0.3855444486833762]]","[[0.53763711 0.736      0.35849863 0.         0.8        0.8
  0.8        0.8       ]
 [0.53763711 0.736      0.35849863 0.         0.8        0.8
  0.8        0.8       ]
 [0.53763711 0.736      0.35849863 0.         0.8        0.8
  0.8        0.8       ]
 [0.53763711 0.736      0.35849863 0.         0.8        0.8
  0.8        0.8       ]
 [0.53763711 0.736      0.35849863 0.         0.8        0.8
  0.8        0.8       ]
 [0.53763711 0.736      0.35849863 0.         0.8        0.8
  0.8        0.8       ]
 [0.53763711 0.736      0.35849863 0.         0.8        0.8
  0.8        0.8       ]
 [0.53763711 0.736      0.35849863 0.         0.8        0.8
  0.8        0.8       ]
 [0.51575269 0.736      0.6432     0.34654432 0.8        0.8
  0.8        0.8       ]
 [0.51575269 0.736      0.6432     0.34654432 0.8        0.8
  0.8        0.8       ]
 [0.51575269 0.736      0.6432     0.34654432 0.8        0.8
  0.8        0.8       ]
 [0.51575269 0.736      0.6432     0.34654432 0.8        0.8
  0.8        0.8       ]
 [0.51575269 0.736      0.6432     0.34654432 0.8        0.8
  0.8        0.8       ]
 [0.51575269 0.736      0.6432     0.34654432 0.8        0.8
  0.8        0.8       ]
 [0.51575269 0.736      0.6432     0.34654432 0.8        0.8
  0.8        0.8       ]
 [0.51575269 0.736      0.6432     0.34654432 0.8        0.8
  0.8        0.8       ]
 [0.10671886 0.68614125 0.6031536  0.3430409  0.8        0.8
  0.8        0.8       ]
 [0.10671886 0.68614125 0.6031536  0.3430409  0.8        0.8
  0.8        0.8       ]
 [0.10671886 0.68614125 0.6031536  0.3430409  0.8        0.8
  0.8        0.8       ]
 [0.10671886 0.68614125 0.6031536  0.3430409  0.8        0.8
  0.8        0.8       ]
 [0.10671886 0.68614125 0.6031536  0.3430409  0.8        0.8
  0.8        0.8       ]
 [0.10671886 0.68614125 0.6031536  0.3430409  0.8        0.8
  0.8        0.8       ]
 [0.10671886 0.68614125 0.6031536  0.3430409  0.8        0.8
  0.8        0.8       ]
 [0.10671886 0.68614125 0.6031536  0.3430409  0.8        0.8
  0.8        0.8       ]
 [0.         0.51094745 0.20265264 0.         0.74290432 0.74074054
  0.74513572 0.73864694]
 [0.         0.51094745 0.20265264 0.         0.74290432 0.74074054
  0.74513572 0.73864694]
 [0.         0.51094745 0.20265264 0.         0.74290432 0.74074054
  0.74513572 0.73864694]
 [0.         0.51094745 0.20265264 0.         0.74290432 0.74074054
  0.74513572 0.73864694]
 [0.         0.51094745 0.20265264 0.         0.74290432 0.74074054
  0.74513572 0.73864694]
 [0.         0.51094745 0.20265264 0.         0.74290432 0.74074054
  0.74513572 0.73864694]
 [0.         0.51094745 0.20265264 0.         0.74290432 0.74074054
  0.74513572 0.73864694]
 [0.         0.51094745 0.20265264 0.         0.74290432 0.74074054
  0.74513572 0.73864694]
 [0.736      0.736      0.31911703 0.         0.65168294 0.65243927
  0.65089258 0.65316166]
 [0.736      0.736      0.31911703 0.         0.65168294 0.65243927
  0.65089258 0.65316166]
 [0.736      0.736      0.31911703 0.         0.65168294 0.65243927
  0.65089258 0.65316166]
 [0.736      0.736      0.31911703 0.         0.65168294 0.65243927
  0.65089258 0.65316166]
 [0.736      0.736      0.31911703 0.         0.65168294 0.65243927
  0.65089258 0.65316166]
 [0.736      0.736      0.31911703 0.         0.65168294 0.65243927
  0.65089258 0.65316166]
 [0.736      0.736      0.31911703 0.         0.65168294 0.65243927
  0.65089258 0.65316166]
 [0.736      0.736      0.31911703 0.         0.65168294 0.65243927
  0.65089258 0.65316166]
 [0.         0.48742825 0.6432     0.6432     0.6062057  0.60752372
  0.60483854 0.60879175]
 [0.         0.48742825 0.6432     0.6432     0.6062057  0.60752372
  0.60483854 0.60879175]
 [0.         0.48742825 0.6432     0.6432     0.6062057  0.60752372
  0.60483854 0.60879175]
 [0.         0.48742825 0.6432     0.6432     0.6062057  0.60752372
  0.60483854 0.60879175]
 [0.         0.48742825 0.6432     0.6432     0.6062057  0.60752372
  0.60483854 0.60879175]
 [0.         0.48742825 0.6432     0.6432     0.6062057  0.60752372
  0.60483854 0.60879175]
 [0.         0.48742825 0.6432     0.6432     0.6062057  0.60752372
  0.60483854 0.60879175]
 [0.         0.48742825 0.6432     0.6432     0.6062057  0.60752372
  0.60483854 0.60879175]
 [0.786      0.786      0.6932     0.6932     0.85       0.85
  0.85       0.85      ]
 [0.786      0.786      0.6932     0.6932     0.85       0.85
  0.85       0.85      ]]","[[0. 0. 0. 0. 1. 1. 1. 1.]
 [0. 0. 0. 0. 1. 1. 1. 1.]
 [0. 0. 0. 0. 1. 1. 1. 1.]
 [0. 0. 0. 0. 1. 1. 1. 1.]
 [0. 0. 0. 0. 1. 1. 1. 1.]
 [0. 0. 0. 0. 1. 1. 1. 1.]
 [0. 0. 0. 0. 1. 1. 1. 1.]
 [0. 0. 0. 0. 1. 1. 1. 1.]
 [0. 0. 1. 0. 1. 1. 1. 1.]
 [0. 0. 1. 0. 1. 1. 1. 1.]
 [0. 0. 1. 0. 1. 1. 1. 1.]
 [0. 0. 1. 0. 1. 1. 1. 1.]
 [0. 0. 1. 0. 1. 1. 1. 1.]
 [0. 0. 1. 0. 1. 1. 1. 1.]
 [0. 0. 1. 0. 1. 1. 1. 1.]
 [0. 0. 1. 0. 1. 1. 1. 1.]
 [0. 0. 1. 0. 1. 1. 1. 1.]
 [0. 0. 1. 0. 1. 1. 1. 1.]
 [0. 0. 1. 0. 1. 1. 1. 1.]
 [0. 0. 1. 0. 1. 1. 1. 1.]
 [0. 0. 1. 0. 1. 1. 1. 1.]
 [0. 0. 1. 0. 1. 1. 1. 1.]
 [0. 0. 1. 0. 1. 1. 1. 1.]
 [0. 0. 1. 0. 1. 1. 1. 1.]
 [0. 0. 0. 0. 1. 1. 1. 1.]
 [0. 0. 0. 0. 1. 1. 1. 1.]
 [0. 0. 0. 0. 1. 1. 1. 1.]
 [0. 0. 0. 0. 1. 1. 1. 1.]
 [0. 0. 0. 0. 1. 1. 1. 1.]
 [0. 0. 0. 0. 1. 1. 1. 1.]
 [0. 0. 0. 0. 1. 1. 1. 1.]
 [0. 0. 0. 0. 1. 1. 1. 1.]
 [0. 0. 0. 0. 1. 1. 1. 1.]
 [0. 0. 0. 0. 1. 1. 1. 1.]
 [0. 0. 0. 0. 1. 1. 1. 1.]
 [0. 0. 0. 0. 1. 1. 1. 1.]
 [0. 0. 0. 0. 1. 1. 1. 1.]
 [0. 0. 0. 0. 1. 1. 1. 1.]
 [0. 0. 0. 0. 1. 1. 1. 1.]
 [0. 0. 0. 0. 1. 1. 1. 1.]
 [0. 0. 1. 1. 1. 1. 1. 1.]
 [0. 0. 1. 1. 1. 1. 1. 1.]
 [0. 0. 1. 1. 1. 1. 1. 1.]
 [0. 0. 1. 1. 1. 1. 1. 1.]
 [0. 0. 1. 1. 1. 1. 1. 1.]
 [0. 0. 1. 1. 1. 1. 1. 1.]
 [0. 0. 1. 1. 1. 1. 1. 1.]
 [0. 0. 1. 1. 1. 1. 1. 1.]
 [1. 1. 1. 1. 1. 1. 1. 1.]
 [1. 1. 1. 1. 1. 1. 1. 1.]]","[[0.         0.         0.83629452]
 [0.         0.         0.83629452]
 [1.         0.         0.        ]
 [1.         0.         0.        ]
 [0.         0.         0.04      ]
 [0.         0.         0.04      ]
 [0.         0.         0.04      ]
 [0.         0.         0.04      ]]","[[80, 85, 90]]"
56,8,"[[0.5039234164924966, 0.5060501938147699, 0.4460223954553407, 0.506703234239082, 0.4533619671813148, 0.45523318585425493, 0.45428866404955454, 0.452444274135321]]","[[0.69447574 0.736      0.5386024  0.66814938 0.62952284 0.63017324
  0.63019877 0.63059843]
 [0.69447574 0.736      0.5386024  0.66814938 0.62952284 0.63017324
  0.63019877 0.63059843]
 [0.69447574 0.736      0.5386024  0.66814938 0.62952284 0.63017324
  0.63019877 0.63059843]
 [0.69447574 0.736      0.5386024  0.66814938 0.62952284 0.63017324
  0.63019877 0.63059843]
 [0.69447574 0.736      0.5386024  0.66814938 0.62952284 0.63017324
  0.63019877 0.63059843]
 [0.69447574 0.736      0.5386024  0.66814938 0.62952284 0.63017324
  0.63019877 0.63059843]
 [0.69447574 0.736      0.5386024  0.66814938 0.62952284 0.63017324
  0.63019877 0.63059843]
 [0.69447574 0.736      0.5386024  0.66814938 0.62952284 0.63017324
  0.63019877 0.63059843]
 [0.48692436 0.72988762 0.736      0.736      0.8        0.8
  0.8        0.8       ]
 [0.48692436 0.72988762 0.736      0.736      0.8        0.8
  0.8        0.8       ]
 [0.48692436 0.72988762 0.736      0.736      0.8        0.8
  0.8        0.8       ]
 [0.48692436 0.72988762 0.736      0.736      0.8        0.8
  0.8        0.8       ]
 [0.48692436 0.72988762 0.736      0.736      0.8        0.8
  0.8        0.8       ]
 [0.48692436 0.72988762 0.736      0.736      0.8        0.8
  0.8        0.8       ]
 [0.48692436 0.72988762 0.736      0.736      0.8        0.8
  0.8        0.8       ]
 [0.48692436 0.72988762 0.736      0.736      0.8        0.8
  0.8        0.8       ]
 [0.14668061 0.736      0.5542832  0.7201588  0.70618226 0.68719562
  0.69969464 0.70713291]
 [0.14668061 0.736      0.5542832  0.7201588  0.70618226 0.68719562
  0.69969464 0.70713291]
 [0.14668061 0.736      0.5542832  0.7201588  0.70618226 0.68719562
  0.69969464 0.70713291]
 [0.14668061 0.736      0.5542832  0.7201588  0.70618226 0.68719562
  0.69969464 0.70713291]
 [0.14668061 0.736      0.5542832  0.7201588  0.70618226 0.68719562
  0.69969464 0.70713291]
 [0.14668061 0.736      0.5542832  0.7201588  0.70618226 0.68719562
  0.69969464 0.70713291]
 [0.14668061 0.736      0.5542832  0.7201588  0.70618226 0.68719562
  0.69969464 0.70713291]
 [0.14668061 0.736      0.5542832  0.7201588  0.70618226 0.68719562
  0.69969464 0.70713291]
 [0.14343138 0.736      0.23016558 0.41500064 0.36837652 0.35513979
  0.3640517  0.3695707 ]
 [0.14343138 0.736      0.23016558 0.41500064 0.36837652 0.35513979
  0.3640517  0.3695707 ]
 [0.14343138 0.736      0.23016558 0.41500064 0.36837652 0.35513979
  0.3640517  0.3695707 ]
 [0.14343138 0.736      0.23016558 0.41500064 0.36837652 0.35513979
  0.3640517  0.3695707 ]
 [0.14343138 0.736      0.23016558 0.41500064 0.36837652 0.35513979
  0.3640517  0.3695707 ]
 [0.14343138 0.736      0.23016558 0.41500064 0.36837652 0.35513979
  0.3640517  0.3695707 ]
 [0.14343138 0.736      0.23016558 0.41500064 0.36837652 0.35513979
  0.3640517  0.3695707 ]
 [0.14343138 0.736      0.23016558 0.41500064 0.36837652 0.35513979
  0.3640517  0.3695707 ]
 [0.736      0.46659915 0.60279998 0.61263939 0.63533866 0.6489021
  0.64041841 0.63581468]
 [0.736      0.46659915 0.60279998 0.61263939 0.63533866 0.6489021
  0.64041841 0.63581468]
 [0.736      0.46659915 0.60279998 0.61263939 0.63533866 0.6489021
  0.64041841 0.63581468]
 [0.736      0.46659915 0.60279998 0.61263939 0.63533866 0.6489021
  0.64041841 0.63581468]
 [0.736      0.46659915 0.60279998 0.61263939 0.63533866 0.6489021
  0.64041841 0.63581468]
 [0.736      0.46659915 0.60279998 0.61263939 0.63533866 0.6489021
  0.64041841 0.63581468]
 [0.736      0.46659915 0.60279998 0.61263939 0.63533866 0.6489021
  0.64041841 0.63581468]
 [0.736      0.46659915 0.60279998 0.61263939 0.63533866 0.6489021
  0.64041841 0.63581468]
 [0.         0.49662513 0.56738804 0.63512439 0.70618522 0.68639294
  0.69914069 0.70632817]
 [0.         0.49662513 0.56738804 0.63512439 0.70618522 0.68639294
  0.69914069 0.70632817]
 [0.         0.49662513 0.56738804 0.63512439 0.70618522 0.68639294
  0.69914069 0.70632817]
 [0.         0.49662513 0.56738804 0.63512439 0.70618522 0.68639294
  0.69914069 0.70632817]
 [0.         0.49662513 0.56738804 0.63512439 0.70618522 0.68639294
  0.69914069 0.70632817]
 [0.         0.49662513 0.56738804 0.63512439 0.70618522 0.68639294
  0.69914069 0.70632817]
 [0.         0.49662513 0.56738804 0.63512439 0.70618522 0.68639294
  0.69914069 0.70632817]
 [0.         0.49662513 0.56738804 0.63512439 0.70618522 0.68639294
  0.69914069 0.70632817]
 [0.786      0.786      0.786      0.786      0.85       0.85
  0.85       0.85      ]
 [0.786      0.786      0.786      0.786      0.85       0.85
  0.85       0.85      ]
 [0.786      0.786      0.786      0.786      0.85       0.85
  0.85       0.85      ]
 [0.786      0.786      0.786      0.786      0.85       0.85
  0.85       0.85      ]
 [0.786      0.786      0.786      0.786      0.85       0.85
  0.85       0.85      ]
 [0.786      0.786      0.786      0.786      0.85       0.85
  0.85       0.85      ]
 [0.74229458 0.786      0.786      0.786      0.85       0.85
  0.85       0.85      ]
 [0.74229458 0.786      0.786      0.786      0.85       0.85
  0.85       0.85      ]]","[[0. 0. 0. 0. 0. 0. 0. 0.]
 [0. 0. 0. 0. 0. 0. 0. 0.]
 [0. 0. 0. 0. 0. 0. 0. 0.]
 [0. 0. 0. 0. 0. 0. 0. 0.]
 [0. 0. 0. 0. 0. 0. 0. 0.]
 [0. 0. 0. 0. 0. 0. 0. 0.]
 [0. 0. 0. 0. 0. 0. 0. 0.]
 [0. 0. 0. 0. 0. 0. 0. 0.]
 [0. 0. 0. 0. 0. 0. 0. 0.]
 [0. 0. 0. 0. 0. 0. 0. 0.]
 [0. 0. 0. 0. 0. 0. 0. 0.]
 [0. 0. 0. 0. 0. 0. 0. 0.]
 [0. 0. 0. 0. 0. 0. 0. 0.]
 [0. 0. 0. 0. 0. 0. 0. 0.]
 [0. 0. 0. 0. 0. 0. 0. 0.]
 [0. 0. 0. 0. 0. 0. 0. 0.]
 [0. 0. 0. 0. 0. 0. 0. 0.]
 [0. 0. 0. 0. 0. 0. 0. 0.]
 [0. 0. 0. 0. 0. 0. 0. 0.]
 [0. 0. 0. 0. 0. 0. 0. 0.]
 [0. 0. 0. 0. 0. 0. 0. 0.]
 [0. 0. 0. 0. 0. 0. 0. 0.]
 [0. 0. 0. 0. 0. 0. 0. 0.]
 [0. 0. 0. 0. 0. 0. 0. 0.]
 [0. 0. 0. 0. 0. 0. 0. 0.]
 [0. 0. 0. 0. 0. 0. 0. 0.]
 [0. 0. 0. 0. 0. 0. 0. 0.]
 [0. 0. 0. 0. 0. 0. 0. 0.]
 [0. 0. 0. 0. 0. 0. 0. 0.]
 [0. 0. 0. 0. 0. 0. 0. 0.]
 [0. 0. 0. 0. 0. 0. 0. 0.]
 [0. 0. 0. 0. 0. 0. 0. 0.]
 [0. 0. 0. 0. 0. 0. 0. 0.]
 [0. 0. 0. 0. 0. 0. 0. 0.]
 [0. 0. 0. 0. 0. 0. 0. 0.]
 [0. 0. 0. 0. 0. 0. 0. 0.]
 [0. 0. 0. 0. 0. 0. 0. 0.]
 [0. 0. 0. 0. 0. 0. 0. 0.]
 [0. 0. 0. 0. 0. 0. 0. 0.]
 [0. 0. 0. 0. 0. 0. 0. 0.]
 [0. 0. 0. 0. 0. 0. 0. 0.]
 [0. 0. 0. 0. 0. 0. 0. 0.]
 [0. 0. 0. 0. 0. 0. 0. 0.]
 [0. 0. 0. 0. 0. 0. 0. 0.]
 [0. 0. 0. 0. 0. 0. 0. 0.]
 [0. 0. 0. 0. 0. 0. 0. 0.]
 [0. 0. 0. 0. 0. 0. 0. 0.]
 [0. 0. 0. 0. 0. 0. 0. 0.]
 [1. 1. 1. 1. 1. 1. 1. 1.]
 [1. 1. 1. 1. 1. 1. 1. 1.]
 [1. 1. 1. 1. 1. 1. 1. 1.]
 [1. 1. 1. 1. 1. 1. 1. 1.]
 [1. 1. 1. 1. 1. 1. 1. 1.]
 [1. 1. 1. 1. 1. 1. 1. 1.]
 [1. 1. 1. 1. 1. 1. 1. 1.]
 [1. 1. 1. 1. 1. 1. 1. 1.]]","[[0.         0.         0.83629452]
 [0.         0.         0.83629452]
 [0.83629452 0.         0.        ]
 [0.         0.         0.83629452]
 [0.         0.         0.04      ]
 [0.         0.         0.04      ]
 [0.         0.         0.04      ]
 [0.         0.         0.04      ]]","[[80, 85, 90]]"
57,9,"[[0.5066072896841799, 0.44573469564420565, 0.5230028135636807, 0.4950715035064949, 0.506703234239082, 0.42564622211066233, 0.4274702828101971, 0.42655825246042994, 0.4247341917608934]]","[[0.736      0.736      0.71726141 0.736      0.41991554 0.8
  0.8        0.8        0.8       ]
 [0.736      0.736      0.71726141 0.736      0.41991554 0.8
  0.8        0.8        0.8       ]
 [0.736      0.736      0.71726141 0.736      0.41991554 0.8
  0.8        0.8        0.8       ]
 [0.736      0.736      0.71726141 0.736      0.41991554 0.8
  0.8        0.8        0.8       ]
 [0.736      0.736      0.71726141 0.736      0.41991554 0.8
  0.8        0.8        0.8       ]
 [0.736      0.736      0.71726141 0.736      0.41991554 0.8
  0.8        0.8        0.8       ]
 [0.736      0.736      0.71726141 0.736      0.41991554 0.8
  0.8        0.8        0.8       ]
 [0.736      0.736      0.71726141 0.736      0.41991554 0.8
  0.8        0.8        0.8       ]
 [0.736      0.736      0.736      0.736      0.736      0.8
  0.8        0.8        0.8       ]
 [0.736      0.736      0.736      0.736      0.736      0.8
  0.8        0.8        0.8       ]
 [0.736      0.736      0.736      0.736      0.736      0.8
  0.8        0.8        0.8       ]
 [0.736      0.736      0.736      0.736      0.736      0.8
  0.8        0.8        0.8       ]
 [0.736      0.736      0.736      0.736      0.736      0.8
  0.8        0.8        0.8       ]
 [0.736      0.736      0.736      0.736      0.736      0.8
  0.8        0.8        0.8       ]
 [0.736      0.736      0.736      0.736      0.736      0.8
  0.8        0.8        0.8       ]
 [0.736      0.736      0.736      0.736      0.736      0.8
  0.8        0.8        0.8       ]
 [0.49551299 0.736      0.39157238 0.70635808 0.5029804  0.8
  0.8        0.8        0.8       ]
 [0.49551299 0.736      0.39157238 0.70635808 0.5029804  0.8
  0.8        0.8        0.8       ]
 [0.49551299 0.736      0.39157238 0.70635808 0.5029804  0.8
  0.8        0.8        0.8       ]
 [0.49551299 0.736      0.39157238 0.70635808 0.5029804  0.8
  0.8        0.8        0.8       ]
 [0.49551299 0.736      0.39157238 0.70635808 0.5029804  0.8
  0.8        0.8        0.8       ]
 [0.49551299 0.736      0.39157238 0.70635808 0.5029804  0.8
  0.8        0.8        0.8       ]
 [0.49551299 0.736      0.39157238 0.70635808 0.5029804  0.8
  0.8        0.8        0.8       ]
 [0.49551299 0.736      0.39157238 0.70635808 0.5029804  0.8
  0.8        0.8        0.8       ]
 [0.46707381 0.736      0.22612519 0.54772154 0.14264861 0.71517918
  0.71271582 0.71554247 0.71302923]
 [0.46707381 0.736      0.22612519 0.54772154 0.14264861 0.71517918
  0.71271582 0.71554247 0.71302923]
 [0.46707381 0.736      0.22612519 0.54772154 0.14264861 0.71517918
  0.71271582 0.71554247 0.71302923]
 [0.46707381 0.736      0.22612519 0.54772154 0.14264861 0.71517918
  0.71271582 0.71554247 0.71302923]
 [0.46707381 0.736      0.22612519 0.54772154 0.14264861 0.71517918
  0.71271582 0.71554247 0.71302923]
 [0.46707381 0.736      0.22612519 0.54772154 0.14264861 0.71517918
  0.71271582 0.71554247 0.71302923]
 [0.46707381 0.736      0.22612519 0.54772154 0.14264861 0.71517918
  0.71271582 0.71554247 0.71302923]
 [0.46707381 0.736      0.22612519 0.54772154 0.14264861 0.71517918
  0.71271582 0.71554247 0.71302923]
 [0.736      0.51885589 0.736      0.71823339 0.49516825 0.6603268
  0.66402186 0.66127963 0.66094263]
 [0.736      0.51885589 0.736      0.71823339 0.49516825 0.6603268
  0.66402186 0.66127963 0.66094263]
 [0.736      0.51885589 0.736      0.71823339 0.49516825 0.6603268
  0.66402186 0.66127963 0.66094263]
 [0.736      0.51885589 0.736      0.71823339 0.49516825 0.6603268
  0.66402186 0.66127963 0.66094263]
 [0.736      0.51885589 0.736      0.71823339 0.49516825 0.6603268
  0.66402186 0.66127963 0.66094263]
 [0.736      0.51885589 0.736      0.71823339 0.49516825 0.6603268
  0.66402186 0.66127963 0.66094263]
 [0.736      0.51885589 0.736      0.71823339 0.49516825 0.6603268
  0.66402186 0.66127963 0.66094263]
 [0.736      0.51885589 0.736      0.71823339 0.49516825 0.6603268
  0.66402186 0.66127963 0.66094263]
 [0.25385882 0.48245157 0.27007411 0.48703959 0.5913859  0.62288803
  0.62053958 0.6213517  0.62411014]
 [0.25385882 0.48245157 0.27007411 0.48703959 0.5913859  0.62288803
  0.62053958 0.6213517  0.62411014]
 [0.25385882 0.48245157 0.27007411 0.48703959 0.5913859  0.62288803
  0.62053958 0.6213517  0.62411014]
 [0.25385882 0.48245157 0.27007411 0.48703959 0.5913859  0.62288803
  0.62053958 0.6213517  0.62411014]
 [0.25385882 0.48245157 0.27007411 0.48703959 0.5913859  0.62288803
  0.62053958 0.6213517  0.62411014]
 [0.25385882 0.48245157 0.27007411 0.48703959 0.5913859  0.62288803
  0.62053958 0.6213517  0.62411014]
 [0.25385882 0.48245157 0.27007411 0.48703959 0.5913859  0.62288803
  0.62053958 0.6213517  0.62411014]
 [0.25385882 0.48245157 0.27007411 0.48703959 0.5913859  0.62288803
  0.62053958 0.6213517  0.62411014]
 [0.786      0.786      0.786      0.786      0.786      0.85
  0.85       0.85       0.85      ]
 [0.786      0.786      0.786      0.786      0.786      0.85
  0.85       0.85       0.85      ]
 [0.786      0.786      0.786      0.786      0.786      0.85
  0.85       0.85       0.85      ]
 [0.786      0.786      0.786      0.786      0.786      0.85
  0.85       0.85       0.85      ]
 [0.786      0.786      0.786      0.786      0.786      0.85
  0.85       0.85       0.85      ]
 [0.786      0.786      0.786      0.786      0.786      0.85
  0.85       0.85       0.85      ]
 [0.786      0.786      0.786      0.786      0.786      0.85
  0.85       0.85       0.85      ]
 [0.786      0.786      0.786      0.786      0.786      0.85
  0.85       0.85       0.85      ]
 [0.786      0.786      0.786      0.786      0.786      0.85
  0.85       0.85       0.85      ]]","[[0. 0. 0. 0. 0. 0. 0. 0. 0.]
 [0. 0. 0. 0. 0. 0. 0. 0. 0.]
 [0. 0. 0. 0. 0. 0. 0. 0. 0.]
 [0. 0. 0. 0. 0. 0. 0. 0. 0.]
 [0. 0. 0. 0. 0. 0. 0. 0. 0.]
 [0. 0. 0. 0. 0. 0. 0. 0. 0.]
 [0. 0. 0. 0. 0. 0. 0. 0. 0.]
 [0. 0. 0. 0. 0. 0. 0. 0. 0.]
 [0. 0. 0. 0. 0. 0. 0. 0. 0.]
 [0. 0. 0. 0. 0. 0. 0. 0. 0.]
 [0. 0. 0. 0. 0. 0. 0. 0. 0.]
 [0. 0. 0. 0. 0. 0. 0. 0. 0.]
 [0. 0. 0. 0. 0. 0. 0. 0. 0.]
 [0. 0. 0. 0. 0. 0. 0. 0. 0.]
 [0. 0. 0. 0. 0. 0. 0. 0. 0.]
 [0. 0. 0. 0. 0. 0. 0. 0. 0.]
 [0. 0. 0. 0. 0. 0. 0. 0. 0.]
 [0. 0. 0. 0. 0. 0. 0. 0. 0.]
 [0. 0. 0. 0. 0. 0. 0. 0. 0.]
 [0. 0. 0. 0. 0. 0. 0. 0. 0.]
 [0. 0. 0. 0. 0. 0. 0. 0. 0.]
 [0. 0. 0. 0. 0. 0. 0. 0. 0.]
 [0. 0. 0. 0. 0. 0. 0. 0. 0.]
 [0. 0. 0. 0. 0. 0. 0. 0. 0.]
 [0. 0. 0. 0. 0. 0. 0. 0. 0.]
 [0. 0. 0. 0. 0. 0. 0. 0. 0.]
 [0. 0. 0. 0. 0. 0. 0. 0. 0.]
 [0. 0. 0. 0. 0. 0. 0. 0. 0.]
 [0. 0. 0. 0. 0. 0. 0. 0. 0.]
 [0. 0. 0. 0. 0. 0. 0. 0. 0.]
 [0. 0. 0. 0. 0. 0. 0. 0. 0.]
 [0. 0. 0. 0. 0. 0. 0. 0. 0.]
 [0. 0. 0. 0. 0. 0. 0. 0. 0.]
 [0. 0. 0. 0. 0. 0. 0. 0. 0.]
 [0. 0. 0. 0. 0. 0. 0. 0. 0.]
 [0. 0. 0. 0. 0. 0. 0. 0. 0.]
 [0. 0. 0. 0. 0. 0. 0. 0. 0.]
 [0. 0. 0. 0. 0. 0. 0. 0. 0.]
 [0. 0. 0. 0. 0. 0. 0. 0. 0.]
 [0. 0. 0. 0. 0. 0. 0. 0. 0.]
 [0. 0. 0. 0. 0. 0. 0. 0. 0.]
 [0. 0. 0. 0. 0. 0. 0. 0. 0.]
 [0. 0. 0. 0. 0. 0. 0. 0. 0.]
 [0. 0. 0. 0. 0. 0. 0. 0. 0.]
 [0. 0. 0. 0. 0. 0. 0. 0. 0.]
 [0. 0. 0. 0. 0. 0. 0. 0. 0.]
 [0. 0. 0. 0. 0. 0. 0. 0. 0.]
 [0. 0. 0. 0. 0. 0. 0. 0. 0.]
 [1. 1. 1. 1. 1. 1. 1. 1. 1.]
 [1. 1. 1. 1. 1. 1. 1. 1. 1.]
 [1. 1. 1. 1. 1. 1. 1. 1. 1.]
 [1. 1. 1. 1. 1. 1. 1. 1. 1.]
 [1. 1. 1. 1. 1. 1. 1. 1. 1.]
 [1. 1. 1. 1. 1. 1. 1. 1. 1.]
 [1. 1. 1. 1. 1. 1. 1. 1. 1.]
 [1. 1. 1. 1. 1. 1. 1. 1. 1.]
 [1. 1. 1. 1. 1. 1. 1. 1. 1.]]","[[0.         0.         0.83629452]
 [0.83629452 0.         0.        ]
 [0.         0.83629452 0.        ]
 [0.         0.         0.83629452]
 [0.         0.         0.83629452]
 [0.         0.         0.04      ]
 [0.         0.         0.04      ]
 [0.         0.         0.04      ]
 [0.         0.         0.04      ]]","[[80, 85, 90]]"
54,10,"[[0.506703234239082, 0.48178962105860473, 0.518364107481342, 0.5062863260842486, 0.506703234239082, 0.506703234239082, 0.4009476295452941, 0.4025690168337706, 0.40175832318953303, 0.4001369359010561]]","[[0.736      0.736      0.736      0.736      0.72478634 0.47940381
  0.8        0.8        0.8        0.8       ]
 [0.736      0.736      0.736      0.736      0.72478634 0.47940381
  0.8        0.8        0.8        0.8       ]
 [0.736      0.736      0.736      0.736      0.72478634 0.47940381
  0.8        0.8        0.8        0.8       ]
 [0.736      0.736      0.736      0.736      0.72478634 0.47940381
  0.8        0.8        0.8        0.8       ]
 [0.736      0.736      0.736      0.736      0.72478634 0.47940381
  0.8        0.8        0.8        0.8       ]
 [0.736      0.736      0.736      0.736      0.72478634 0.47940381
  0.8        0.8        0.8        0.8       ]
 [0.736      0.736      0.736      0.736      0.72478634 0.47940381
  0.8        0.8        0.8        0.8       ]
 [0.736      0.736      0.736      0.736      0.72478634 0.47940381
  0.8        0.8        0.8        0.8       ]
 [0.736      0.736      0.59921519 0.68815425 0.736      0.736
  0.8        0.8        0.8        0.8       ]
 [0.736      0.736      0.59921519 0.68815425 0.736      0.736
  0.8        0.8        0.8        0.8       ]
 [0.736      0.736      0.59921519 0.68815425 0.736      0.736
  0.8        0.8        0.8        0.8       ]
 [0.736      0.736      0.59921519 0.68815425 0.736      0.736
  0.8        0.8        0.8        0.8       ]
 [0.736      0.736      0.59921519 0.68815425 0.736      0.736
  0.8        0.8        0.8        0.8       ]
 [0.736      0.736      0.59921519 0.68815425 0.736      0.736
  0.8        0.8        0.8        0.8       ]
 [0.736      0.736      0.59921519 0.68815425 0.736      0.736
  0.8        0.8        0.8        0.8       ]
 [0.736      0.736      0.59921519 0.68815425 0.736      0.736
  0.8        0.8        0.8        0.8       ]
 [0.736      0.68021863 0.30635172 0.736      0.736      0.56549128
  0.8        0.8        0.8        0.8       ]
 [0.736      0.68021863 0.30635172 0.736      0.736      0.56549128
  0.8        0.8        0.8        0.8       ]
 [0.736      0.68021863 0.30635172 0.736      0.736      0.56549128
  0.8        0.8        0.8        0.8       ]
 [0.736      0.68021863 0.30635172 0.736      0.736      0.56549128
  0.8        0.8        0.8        0.8       ]
 [0.736      0.68021863 0.30635172 0.736      0.736      0.56549128
  0.8        0.8        0.8        0.8       ]
 [0.736      0.68021863 0.30635172 0.736      0.736      0.56549128
  0.8        0.8        0.8        0.8       ]
 [0.736      0.68021863 0.30635172 0.736      0.736      0.56549128
  0.8        0.8        0.8        0.8       ]
 [0.736      0.68021863 0.30635172 0.736      0.736      0.56549128
  0.8        0.8        0.8        0.8       ]
 [0.736      0.48856483 0.3266359  0.736      0.48824805 0.2112064
  0.77711918 0.77740553 0.77752692 0.77644059]
 [0.736      0.48856483 0.3266359  0.736      0.48824805 0.2112064
  0.77711918 0.77740553 0.77752692 0.77644059]
 [0.736      0.48856483 0.3266359  0.736      0.48824805 0.2112064
  0.77711918 0.77740553 0.77752692 0.77644059]
 [0.736      0.48856483 0.3266359  0.736      0.48824805 0.2112064
  0.77711918 0.77740553 0.77752692 0.77644059]
 [0.736      0.48856483 0.3266359  0.736      0.48824805 0.2112064
  0.77711918 0.77740553 0.77752692 0.77644059]
 [0.736      0.48856483 0.3266359  0.736      0.48824805 0.2112064
  0.77711918 0.77740553 0.77752692 0.77644059]
 [0.736      0.48856483 0.3266359  0.736      0.48824805 0.2112064
  0.77711918 0.77740553 0.77752692 0.77644059]
 [0.736      0.48856483 0.3266359  0.736      0.48824805 0.2112064
  0.77711918 0.77740553 0.77752692 0.77644059]
 [0.54771697 0.736      0.736      0.4247178  0.6178884  0.52654211
  0.6383514  0.63870444 0.63835269 0.63863665]
 [0.54771697 0.736      0.736      0.4247178  0.6178884  0.52654211
  0.6383514  0.63870444 0.63835269 0.63863665]
 [0.54771697 0.736      0.736      0.4247178  0.6178884  0.52654211
  0.6383514  0.63870444 0.63835269 0.63863665]
 [0.54771697 0.736      0.736      0.4247178  0.6178884  0.52654211
  0.6383514  0.63870444 0.63835269 0.63863665]
 [0.54771697 0.736      0.736      0.4247178  0.6178884  0.52654211
  0.6383514  0.63870444 0.63835269 0.63863665]
 [0.54771697 0.736      0.736      0.4247178  0.6178884  0.52654211
  0.6383514  0.63870444 0.63835269 0.63863665]
 [0.54771697 0.736      0.736      0.4247178  0.6178884  0.52654211
  0.6383514  0.63870444 0.63835269 0.63863665]
 [0.54771697 0.736      0.736      0.4247178  0.6178884  0.52654211
  0.6383514  0.63870444 0.63835269 0.63863665]
 [0.52361665 0.49715388 0.06748705 0.48807327 0.62525928 0.62334399
  0.58443694 0.58354496 0.58390763 0.58489177]
 [0.52361665 0.49715388 0.06748705 0.48807327 0.62525928 0.62334399
  0.58443694 0.58354496 0.58390763 0.58489177]
 [0.52361665 0.49715388 0.06748705 0.48807327 0.62525928 0.62334399
  0.58443694 0.58354496 0.58390763 0.58489177]
 [0.52361665 0.49715388 0.06748705 0.48807327 0.62525928 0.62334399
  0.58443694 0.58354496 0.58390763 0.58489177]
 [0.52361665 0.49715388 0.06748705 0.48807327 0.62525928 0.62334399
  0.58443694 0.58354496 0.58390763 0.58489177]
 [0.52361665 0.49715388 0.06748705 0.48807327 0.62525928 0.62334399
  0.58443694 0.58354496 0.58390763 0.58489177]
 [0.52361665 0.49715388 0.06748705 0.48807327 0.62525928 0.62334399
  0.58443694 0.58354496 0.58390763 0.58489177]
 [0.52361665 0.49715388 0.06748705 0.48807327 0.62525928 0.62334399
  0.58443694 0.58354496 0.58390763 0.58489177]
 [0.786      0.786      0.786      0.786      0.786      0.786
  0.85       0.85       0.85       0.85      ]
 [0.786      0.786      0.786      0.786      0.786      0.786
  0.85       0.85       0.85       0.85      ]
 [0.786      0.786      0.786      0.786      0.786      0.786
  0.85       0.85       0.85       0.85      ]
 [0.786      0.786      0.786      0.786      0.786      0.786
  0.85       0.85       0.85       0.85      ]
 [0.786      0.786      0.786      0.786      0.786      0.786
  0.85       0.85       0.85       0.85      ]
 [0.786      0.786      0.786      0.786      0.786      0.786
  0.85       0.85       0.85       0.85      ]]","[[0. 0. 0. 0. 0. 0. 1. 1. 1. 1.]
 [0. 0. 0. 0. 0. 0. 1. 1. 1. 1.]
 [0. 0. 0. 0. 0. 0. 1. 1. 1. 1.]
 [0. 0. 0. 0. 0. 0. 1. 1. 1. 1.]
 [0. 0. 0. 0. 0. 0. 1. 1. 1. 1.]
 [0. 0. 0. 0. 0. 0. 1. 1. 1. 1.]
 [0. 0. 0. 0. 0. 0. 1. 1. 1. 1.]
 [0. 0. 0. 0. 0. 0. 1. 1. 1. 1.]
 [0. 0. 0. 0. 0. 0. 1. 1. 1. 1.]
 [0. 0. 0. 0. 0. 0. 1. 1. 1. 1.]
 [0. 0. 0. 0. 0. 0. 1. 1. 1. 1.]
 [0. 0. 0. 0. 0. 0. 1. 1. 1. 1.]
 [0. 0. 0. 0. 0. 0. 1. 1. 1. 1.]
 [0. 0. 0. 0. 0. 0. 1. 1. 1. 1.]
 [0. 0. 0. 0. 0. 0. 1. 1. 1. 1.]
 [0. 0. 0. 0. 0. 0. 1. 1. 1. 1.]
 [0. 0. 0. 0. 0. 0. 1. 1. 1. 1.]
 [0. 0. 0. 0. 0. 0. 1. 1. 1. 1.]
 [0. 0. 0. 0. 0. 0. 1. 1. 1. 1.]
 [0. 0. 0. 0. 0. 0. 1. 1. 1. 1.]
 [0. 0. 0. 0. 0. 0. 1. 1. 1. 1.]
 [0. 0. 0. 0. 0. 0. 1. 1. 1. 1.]
 [0. 0. 0. 0. 0. 0. 1. 1. 1. 1.]
 [0. 0. 0. 0. 0. 0. 1. 1. 1. 1.]
 [0. 0. 0. 0. 0. 0. 1. 1. 1. 1.]
 [0. 0. 0. 0. 0. 0. 1. 1. 1. 1.]
 [0. 0. 0. 0. 0. 0. 1. 1. 1. 1.]
 [0. 0. 0. 0. 0. 0. 1. 1. 1. 1.]
 [0. 0. 0. 0. 0. 0. 1. 1. 1. 1.]
 [0. 0. 0. 0. 0. 0. 1. 1. 1. 1.]
 [0. 0. 0. 0. 0. 0. 1. 1. 1. 1.]
 [0. 0. 0. 0. 0. 0. 1. 1. 1. 1.]
 [0. 0. 0. 0. 0. 0. 1. 1. 1. 1.]
 [0. 0. 0. 0. 0. 0. 1. 1. 1. 1.]
 [0. 0. 0. 0. 0. 0. 1. 1. 1. 1.]
 [0. 0. 0. 0. 0. 0. 1. 1. 1. 1.]
 [0. 0. 0. 0. 0. 0. 1. 1. 1. 1.]
 [0. 0. 0. 0. 0. 0. 1. 1. 1. 1.]
 [0. 0. 0. 0. 0. 0. 1. 1. 1. 1.]
 [0. 0. 0. 0. 0. 0. 1. 1. 1. 1.]
 [0. 0. 0. 0. 0. 0. 1. 1. 1. 1.]
 [0. 0. 0. 0. 0. 0. 1. 1. 1. 1.]
 [0. 0. 0. 0. 0. 0. 1. 1. 1. 1.]
 [0. 0. 0. 0. 0. 0. 1. 1. 1. 1.]
 [0. 0. 0. 0. 0. 0. 1. 1. 1. 1.]
 [0. 0. 0. 0. 0. 0. 1. 1. 1. 1.]
 [0. 0. 0. 0. 0. 0. 1. 1. 1. 1.]
 [0. 0. 0. 0. 0. 0. 1. 1. 1. 1.]
 [1. 1. 1. 1. 1. 1. 1. 1. 1. 1.]
 [1. 1. 1. 1. 1. 1. 1. 1. 1. 1.]
 [1. 1. 1. 1. 1. 1. 1. 1. 1. 1.]
 [1. 1. 1. 1. 1. 1. 1. 1. 1. 1.]
 [1. 1. 1. 1. 1. 1. 1. 1. 1. 1.]
 [1. 1. 1. 1. 1. 1. 1. 1. 1. 1.]]","[[0.         0.         0.83629452]
 [0.         0.         0.83629452]
 [0.         0.83629452 0.        ]
 [0.         0.         0.83629452]
 [0.         0.         0.83629452]
 [0.         0.         0.83629452]
 [0.         0.         0.04      ]
 [0.         0.         0.04      ]
 [0.         0.         0.04      ]
 [0.         0.         0.04      ]]","[[80, 85, 90]]"
57,13,"[[0.4470702203635629, 0.5061562465682834, 0.44013844642630123, 0.44546513446412417, 0.5006713112239153, 0.499701272215044, 0.506703234239082, 0.506703234239082, 0.506703234239082, 0.3766268185967539, 0.3782482058852313, 0.37743751224099326, 0.3758161249525159]]","[[0.71999993 0.736      0.736      0.736      0.736      0.736
  0.398559   0.36560502 0.42462045 0.8        0.8        0.8
  0.8       ]
 [0.71999993 0.736      0.736      0.736      0.736      0.736
  0.398559   0.36560502 0.42462045 0.8        0.8        0.8
  0.8       ]
 [0.71999993 0.736      0.736      0.736      0.736      0.736
  0.398559   0.36560502 0.42462045 0.8        0.8        0.8
  0.8       ]
 [0.71999993 0.736      0.736      0.736      0.736      0.736
  0.398559   0.36560502 0.42462045 0.8        0.8        0.8
  0.8       ]
 [0.71999993 0.736      0.736      0.736      0.736      0.736
  0.398559   0.36560502 0.42462045 0.8        0.8        0.8
  0.8       ]
 [0.71999993 0.736      0.736      0.736      0.736      0.736
  0.398559   0.36560502 0.42462045 0.8        0.8        0.8
  0.8       ]
 [0.71999993 0.736      0.736      0.736      0.736      0.736
  0.398559   0.36560502 0.42462045 0.8        0.8        0.8
  0.8       ]
 [0.71999993 0.736      0.736      0.736      0.736      0.736
  0.398559   0.36560502 0.42462045 0.8        0.8        0.8
  0.8       ]
 [0.71299361 0.736      0.41967949 0.736      0.736      0.736
  0.736      0.736      0.736      0.8        0.8        0.8
  0.8       ]
 [0.71299361 0.736      0.41967949 0.736      0.736      0.736
  0.736      0.736      0.736      0.8        0.8        0.8
  0.8       ]
 [0.71299361 0.736      0.41967949 0.736      0.736      0.736
  0.736      0.736      0.736      0.8        0.8        0.8
  0.8       ]
 [0.71299361 0.736      0.41967949 0.736      0.736      0.736
  0.736      0.736      0.736      0.8        0.8        0.8
  0.8       ]
 [0.71299361 0.736      0.41967949 0.736      0.736      0.736
  0.736      0.736      0.736      0.8        0.8        0.8
  0.8       ]
 [0.71299361 0.736      0.41967949 0.736      0.736      0.736
  0.736      0.736      0.736      0.8        0.8        0.8
  0.8       ]
 [0.71299361 0.736      0.41967949 0.736      0.736      0.736
  0.736      0.736      0.736      0.8        0.8        0.8
  0.8       ]
 [0.71299361 0.736      0.41967949 0.736      0.736      0.736
  0.736      0.736      0.736      0.8        0.8        0.8
  0.8       ]
 [0.736      0.736      0.17253833 0.736      0.736      0.736
  0.47879035 0.44627376 0.50525596 0.8        0.8        0.8
  0.8       ]
 [0.736      0.736      0.17253833 0.736      0.736      0.736
  0.47879035 0.44627376 0.50525596 0.8        0.8        0.8
  0.8       ]
 [0.736      0.736      0.17253833 0.736      0.736      0.736
  0.47879035 0.44627376 0.50525596 0.8        0.8        0.8
  0.8       ]
 [0.736      0.736      0.17253833 0.736      0.736      0.736
  0.47879035 0.44627376 0.50525596 0.8        0.8        0.8
  0.8       ]
 [0.736      0.736      0.17253833 0.736      0.736      0.736
  0.47879035 0.44627376 0.50525596 0.8        0.8        0.8
  0.8       ]
 [0.736      0.736      0.17253833 0.736      0.736      0.736
  0.47879035 0.44627376 0.50525596 0.8        0.8        0.8
  0.8       ]
 [0.736      0.736      0.17253833 0.736      0.736      0.736
  0.47879035 0.44627376 0.50525596 0.8        0.8        0.8
  0.8       ]
 [0.736      0.736      0.17253833 0.736      0.736      0.736
  0.47879035 0.44627376 0.50525596 0.8        0.8        0.8
  0.8       ]
 [0.736      0.736      0.27704245 0.736      0.61428552 0.55242943
  0.11719366 0.08153565 0.1461658  0.7912786  0.79112372 0.7912129
  0.7913365 ]
 [0.736      0.736      0.27704245 0.736      0.61428552 0.55242943
  0.11719366 0.08153565 0.1461658  0.7912786  0.79112372 0.7912129
  0.7913365 ]
 [0.736      0.736      0.27704245 0.736      0.61428552 0.55242943
  0.11719366 0.08153565 0.1461658  0.7912786  0.79112372 0.7912129
  0.7913365 ]
 [0.736      0.736      0.27704245 0.736      0.61428552 0.55242943
  0.11719366 0.08153565 0.1461658  0.7912786  0.79112372 0.7912129
  0.7913365 ]
 [0.736      0.736      0.27704245 0.736      0.61428552 0.55242943
  0.11719366 0.08153565 0.1461658  0.7912786  0.79112372 0.7912129
  0.7913365 ]
 [0.736      0.736      0.27704245 0.736      0.61428552 0.55242943
  0.11719366 0.08153565 0.1461658  0.7912786  0.79112372 0.7912129
  0.7913365 ]
 [0.736      0.736      0.27704245 0.736      0.61428552 0.55242943
  0.11719366 0.08153565 0.1461658  0.7912786  0.79112372 0.7912129
  0.7913365 ]
 [0.736      0.736      0.27704245 0.736      0.61428552 0.55242943
  0.11719366 0.08153565 0.1461658  0.7912786  0.79112372 0.7912129
  0.7913365 ]
 [0.40604573 0.48822977 0.736      0.53618697 0.66551117 0.61774677
  0.4839615  0.46251159 0.49958342 0.63216622 0.63225729 0.63220267
  0.63213995]
 [0.40604573 0.48822977 0.736      0.53618697 0.66551117 0.61774677
  0.4839615  0.46251159 0.49958342 0.63216622 0.63225729 0.63220267
  0.63213995]
 [0.40604573 0.48822977 0.736      0.53618697 0.66551117 0.61774677
  0.4839615  0.46251159 0.49958342 0.63216622 0.63225729 0.63220267
  0.63213995]
 [0.40604573 0.48822977 0.736      0.53618697 0.66551117 0.61774677
  0.4839615  0.46251159 0.49958342 0.63216622 0.63225729 0.63220267
  0.63213995]
 [0.40604573 0.48822977 0.736      0.53618697 0.66551117 0.61774677
  0.4839615  0.46251159 0.49958342 0.63216622 0.63225729 0.63220267
  0.63213995]
 [0.40604573 0.48822977 0.736      0.53618697 0.66551117 0.61774677
  0.4839615  0.46251159 0.49958342 0.63216622 0.63225729 0.63220267
  0.63213995]
 [0.40604573 0.48822977 0.736      0.53618697 0.66551117 0.61774677
  0.4839615  0.46251159 0.49958342 0.63216622 0.63225729 0.63220267
  0.63213995]
 [0.40604573 0.48822977 0.736      0.53618697 0.66551117 0.61774677
  0.4839615  0.46251159 0.49958342 0.63216622 0.63225729 0.63220267
  0.63213995]
 [0.55167914 0.50001792 0.         0.49450336 0.50150036 0.60317239
  0.57613064 0.55748173 0.59078021 0.574786   0.57486073 0.57482109
  0.57474601]
 [0.55167914 0.50001792 0.         0.49450336 0.50150036 0.60317239
  0.57613064 0.55748173 0.59078021 0.574786   0.57486073 0.57482109
  0.57474601]
 [0.55167914 0.50001792 0.         0.49450336 0.50150036 0.60317239
  0.57613064 0.55748173 0.59078021 0.574786   0.57486073 0.57482109
  0.57474601]
 [0.55167914 0.50001792 0.         0.49450336 0.50150036 0.60317239
  0.57613064 0.55748173 0.59078021 0.574786   0.57486073 0.57482109
  0.57474601]
 [0.55167914 0.50001792 0.         0.49450336 0.50150036 0.60317239
  0.57613064 0.55748173 0.59078021 0.574786   0.57486073 0.57482109
  0.57474601]
 [0.55167914 0.50001792 0.         0.49450336 0.50150036 0.60317239
  0.57613064 0.55748173 0.59078021 0.574786   0.57486073 0.57482109
  0.57474601]
 [0.55167914 0.50001792 0.         0.49450336 0.50150036 0.60317239
  0.57613064 0.55748173 0.59078021 0.574786   0.57486073 0.57482109
  0.57474601]
 [0.55167914 0.50001792 0.         0.49450336 0.50150036 0.60317239
  0.57613064 0.55748173 0.59078021 0.574786   0.57486073 0.57482109
  0.57474601]
 [0.786      0.786      0.786      0.786      0.786      0.786
  0.786      0.786      0.786      0.85       0.85       0.85
  0.85      ]
 [0.786      0.786      0.786      0.786      0.786      0.786
  0.786      0.786      0.786      0.85       0.85       0.85
  0.85      ]
 [0.786      0.786      0.786      0.786      0.786      0.786
  0.786      0.786      0.786      0.85       0.85       0.85
  0.85      ]
 [0.786      0.786      0.786      0.786      0.786      0.786
  0.786      0.786      0.786      0.85       0.85       0.85
  0.85      ]
 [0.786      0.786      0.786      0.786      0.786      0.786
  0.786      0.786      0.786      0.85       0.85       0.85
  0.85      ]
 [0.786      0.786      0.786      0.786      0.786      0.786
  0.786      0.786      0.786      0.85       0.85       0.85
  0.85      ]
 [0.786      0.786      0.72410218 0.786      0.786      0.786
  0.786      0.786      0.786      0.85       0.85       0.85
  0.85      ]
 [0.786      0.786      0.72410218 0.786      0.786      0.786
  0.786      0.786      0.786      0.85       0.85       0.85
  0.85      ]
 [0.786      0.786      0.72410218 0.786      0.786      0.786
  0.786      0.786      0.786      0.85       0.85       0.85
  0.85      ]]","[[0. 0. 0. 0. 0. 0. 0. 0. 0. 1. 1. 1. 1.]
 [0. 0. 0. 0. 0. 0. 0. 0. 0. 1. 1. 1. 1.]
 [0. 0. 0. 0. 0. 0. 0. 0. 0. 1. 1. 1. 1.]
 [0. 0. 0. 0. 0. 0. 0. 0. 0. 1. 1. 1. 1.]
 [0. 0. 0. 0. 0. 0. 0. 0. 0. 1. 1. 1. 1.]
 [0. 0. 0. 0. 0. 0. 0. 0. 0. 1. 1. 1. 1.]
 [0. 0. 0. 0. 0. 0. 0. 0. 0. 1. 1. 1. 1.]
 [0. 0. 0. 0. 0. 0. 0. 0. 0. 1. 1. 1. 1.]
 [0. 0. 0. 0. 0. 0. 0. 0. 0. 1. 1. 1. 1.]
 [0. 0. 0. 0. 0. 0. 0. 0. 0. 1. 1. 1. 1.]
 [0. 0. 0. 0. 0. 0. 0. 0. 0. 1. 1. 1. 1.]
 [0. 0. 0. 0. 0. 0. 0. 0. 0. 1. 1. 1. 1.]
 [0. 0. 0. 0. 0. 0. 0. 0. 0. 1. 1. 1. 1.]
 [0. 0. 0. 0. 0. 0. 0. 0. 0. 1. 1. 1. 1.]
 [0. 0. 0. 0. 0. 0. 0. 0. 0. 1. 1. 1. 1.]
 [0. 0. 0. 0. 0. 0. 0. 0. 0. 1. 1. 1. 1.]
 [0. 0. 0. 0. 0. 0. 0. 0. 0. 1. 1. 1. 1.]
 [0. 0. 0. 0. 0. 0. 0. 0. 0. 1. 1. 1. 1.]
 [0. 0. 0. 0. 0. 0. 0. 0. 0. 1. 1. 1. 1.]
 [0. 0. 0. 0. 0. 0. 0. 0. 0. 1. 1. 1. 1.]
 [0. 0. 0. 0. 0. 0. 0. 0. 0. 1. 1. 1. 1.]
 [0. 0. 0. 0. 0. 0. 0. 0. 0. 1. 1. 1. 1.]
 [0. 0. 0. 0. 0. 0. 0. 0. 0. 1. 1. 1. 1.]
 [0. 0. 0. 0. 0. 0. 0. 0. 0. 1. 1. 1. 1.]
 [0. 0. 0. 0. 0. 0. 0. 0. 0. 1. 1. 1. 1.]
 [0. 0. 0. 0. 0. 0. 0. 0. 0. 1. 1. 1. 1.]
 [0. 0. 0. 0. 0. 0. 0. 0. 0. 1. 1. 1. 1.]
 [0. 0. 0. 0. 0. 0. 0. 0. 0. 1. 1. 1. 1.]
 [0. 0. 0. 0. 0. 0. 0. 0. 0. 1. 1. 1. 1.]
 [0. 0. 0. 0. 0. 0. 0. 0. 0. 1. 1. 1. 1.]
 [0. 0. 0. 0. 0. 0. 0. 0. 0. 1. 1. 1. 1.]
 [0. 0. 0. 0. 0. 0. 0. 0. 0. 1. 1. 1. 1.]
 [0. 0. 0. 0. 0. 0. 0. 0. 0. 1. 1. 1. 1.]
 [0. 0. 0. 0. 0. 0. 0. 0. 0. 1. 1. 1. 1.]
 [0. 0. 0. 0. 0. 0. 0. 0. 0. 1. 1. 1. 1.]
 [0. 0. 0. 0. 0. 0. 0. 0. 0. 1. 1. 1. 1.]
 [0. 0. 0. 0. 0. 0. 0. 0. 0. 1. 1. 1. 1.]
 [0. 0. 0. 0. 0. 0. 0. 0. 0. 1. 1. 1. 1.]
 [0. 0. 0. 0. 0. 0. 0. 0. 0. 1. 1. 1. 1.]
 [0. 0. 0. 0. 0. 0. 0. 0. 0. 1. 1. 1. 1.]
 [0. 0. 0. 0. 0. 0. 0. 0. 0. 1. 1. 1. 1.]
 [0. 0. 0. 0. 0. 0. 0. 0. 0. 1. 1. 1. 1.]
 [0. 0. 0. 0. 0. 0. 0. 0. 0. 1. 1. 1. 1.]
 [0. 0. 0. 0. 0. 0. 0. 0. 0. 1. 1. 1. 1.]
 [0. 0. 0. 0. 0. 0. 0. 0. 0. 1. 1. 1. 1.]
 [0. 0. 0. 0. 0. 0. 0. 0. 0. 1. 1. 1. 1.]
 [0. 0. 0. 0. 0. 0. 0. 0. 0. 1. 1. 1. 1.]
 [0. 0. 0. 0. 0. 0. 0. 0. 0. 1. 1. 1. 1.]
 [1. 1. 1. 1. 1. 1. 1. 1. 1. 1. 1. 1. 1.]
 [1. 1. 1. 1. 1. 1. 1. 1. 1. 1. 1. 1. 1.]
 [1. 1. 1. 1. 1. 1. 1. 1. 1. 1. 1. 1. 1.]
 [1. 1. 1. 1. 1. 1. 1. 1. 1. 1. 1. 1. 1.]
 [1. 1. 1. 1. 1. 1. 1. 1. 1. 1. 1. 1. 1.]
 [1. 1. 1. 1. 1. 1. 1. 1. 1. 1. 1. 1. 1.]
 [1. 1. 1. 1. 1. 1. 1. 1. 1. 1. 1. 1. 1.]
 [1. 1. 1. 1. 1. 1. 1. 1. 1. 1. 1. 1. 1.]
 [1. 1. 1. 1. 1. 1. 1. 1. 1. 1. 1. 1. 1.]]","[[0.83629452 0.         0.        ]
 [0.         0.         0.83629452]
 [0.         0.         0.83629452]
 [0.83629452 0.         0.        ]
 [0.         0.         0.83629452]
 [0.         0.         0.83629452]
 [0.         0.         0.83629452]
 [0.         0.         0.83629452]
 [0.         0.         0.83629452]
 [0.         0.         0.04      ]
 [0.         0.         0.04      ]
 [0.         0.         0.04      ]
 [0.         0.         0.04      ]]","[[80, 85, 90]]"
61,13,"[[0.44488567889962394, 0.4810157117714814, 0.449897944821858, 0.49862341931134335, 0.5040706788880249, 0.5036102216377454, 0.506703234239082, 0.506703234239082, 0.506703234239082, 0.506703234239082, 1, 1, 1]]","[[0.736      0.736      0.6997065  0.736      0.7103687  0.736
  0.70719063 0.66231749 0.67941214 0.72849126 0.8        0.8
  0.8       ]
 [0.736      0.736      0.6997065  0.736      0.7103687  0.736
  0.70719063 0.66231749 0.67941214 0.72849126 0.8        0.8
  0.8       ]
 [0.736      0.736      0.6997065  0.736      0.7103687  0.736
  0.70719063 0.66231749 0.67941214 0.72849126 0.8        0.8
  0.8       ]
 [0.736      0.736      0.6997065  0.736      0.7103687  0.736
  0.70719063 0.66231749 0.67941214 0.72849126 0.8        0.8
  0.8       ]
 [0.736      0.736      0.6997065  0.736      0.7103687  0.736
  0.70719063 0.66231749 0.67941214 0.72849126 0.8        0.8
  0.8       ]
 [0.736      0.736      0.6997065  0.736      0.7103687  0.736
  0.70719063 0.66231749 0.67941214 0.72849126 0.8        0.8
  0.8       ]
 [0.736      0.736      0.6997065  0.736      0.7103687  0.736
  0.70719063 0.66231749 0.67941214 0.72849126 0.8        0.8
  0.8       ]
 [0.736      0.736      0.6997065  0.736      0.7103687  0.736
  0.70719063 0.66231749 0.67941214 0.72849126 0.8        0.8
  0.8       ]
 [0.736      0.70607459 0.33657538 0.736      0.61705272 0.736
  0.736      0.736      0.736      0.736      0.8        0.8
  0.8       ]
 [0.736      0.70607459 0.33657538 0.736      0.61705272 0.736
  0.736      0.736      0.736      0.736      0.8        0.8
  0.8       ]
 [0.736      0.70607459 0.33657538 0.736      0.61705272 0.736
  0.736      0.736      0.736      0.736      0.8        0.8
  0.8       ]
 [0.736      0.70607459 0.33657538 0.736      0.61705272 0.736
  0.736      0.736      0.736      0.736      0.8        0.8
  0.8       ]
 [0.736      0.70607459 0.33657538 0.736      0.61705272 0.736
  0.736      0.736      0.736      0.736      0.8        0.8
  0.8       ]
 [0.736      0.70607459 0.33657538 0.736      0.61705272 0.736
  0.736      0.736      0.736      0.736      0.8        0.8
  0.8       ]
 [0.736      0.70607459 0.33657538 0.736      0.61705272 0.736
  0.736      0.736      0.736      0.736      0.8        0.8
  0.8       ]
 [0.736      0.70607459 0.33657538 0.736      0.61705272 0.736
  0.736      0.736      0.736      0.736      0.8        0.8
  0.8       ]
 [0.66327517 0.736      0.1045773  0.6726892  0.736      0.736
  0.736      0.72226235 0.72950079 0.736      0.8        0.8
  0.8       ]
 [0.66327517 0.736      0.1045773  0.6726892  0.736      0.736
  0.736      0.72226235 0.72950079 0.736      0.8        0.8
  0.8       ]
 [0.66327517 0.736      0.1045773  0.6726892  0.736      0.736
  0.736      0.72226235 0.72950079 0.736      0.8        0.8
  0.8       ]
 [0.66327517 0.736      0.1045773  0.6726892  0.736      0.736
  0.736      0.72226235 0.72950079 0.736      0.8        0.8
  0.8       ]
 [0.66327517 0.736      0.1045773  0.6726892  0.736      0.736
  0.736      0.72226235 0.72950079 0.736      0.8        0.8
  0.8       ]
 [0.66327517 0.736      0.1045773  0.6726892  0.736      0.736
  0.736      0.72226235 0.72950079 0.736      0.8        0.8
  0.8       ]
 [0.66327517 0.736      0.1045773  0.6726892  0.736      0.736
  0.736      0.72226235 0.72950079 0.736      0.8        0.8
  0.8       ]
 [0.66327517 0.736      0.1045773  0.6726892  0.736      0.736
  0.736      0.72226235 0.72950079 0.736      0.8        0.8
  0.8       ]
 [0.56300932 0.736      0.23936928 0.50123999 0.736      0.67859711
  0.4636347  0.41333009 0.42874601 0.49183555 0.8        0.8
  0.8       ]
 [0.56300932 0.736      0.23936928 0.50123999 0.736      0.67859711
  0.4636347  0.41333009 0.42874601 0.49183555 0.8        0.8
  0.8       ]
 [0.56300932 0.736      0.23936928 0.50123999 0.736      0.67859711
  0.4636347  0.41333009 0.42874601 0.49183555 0.8        0.8
  0.8       ]
 [0.56300932 0.736      0.23936928 0.50123999 0.736      0.67859711
  0.4636347  0.41333009 0.42874601 0.49183555 0.8        0.8
  0.8       ]
 [0.56300932 0.736      0.23936928 0.50123999 0.736      0.67859711
  0.4636347  0.41333009 0.42874601 0.49183555 0.8        0.8
  0.8       ]
 [0.56300932 0.736      0.23936928 0.50123999 0.736      0.67859711
  0.4636347  0.41333009 0.42874601 0.49183555 0.8        0.8
  0.8       ]
 [0.56300932 0.736      0.23936928 0.50123999 0.736      0.67859711
  0.4636347  0.41333009 0.42874601 0.49183555 0.8        0.8
  0.8       ]
 [0.56300932 0.736      0.23936928 0.50123999 0.736      0.67859711
  0.4636347  0.41333009 0.42874601 0.49183555 0.8        0.8
  0.8       ]
 [0.736      0.50628599 0.69431236 0.736      0.36353754 0.61040896
  0.61833281 0.60656468 0.61476106 0.61908782 0.57363577 0.57231842
  0.57321066]
 [0.736      0.50628599 0.69431236 0.736      0.36353754 0.61040896
  0.61833281 0.60656468 0.61476106 0.61908782 0.57363577 0.57231842
  0.57321066]
 [0.736      0.50628599 0.69431236 0.736      0.36353754 0.61040896
  0.61833281 0.60656468 0.61476106 0.61908782 0.57363577 0.57231842
  0.57321066]
 [0.736      0.50628599 0.69431236 0.736      0.36353754 0.61040896
  0.61833281 0.60656468 0.61476106 0.61908782 0.57363577 0.57231842
  0.57321066]
 [0.736      0.50628599 0.69431236 0.736      0.36353754 0.61040896
  0.61833281 0.60656468 0.61476106 0.61908782 0.57363577 0.57231842
  0.57321066]
 [0.736      0.50628599 0.69431236 0.736      0.36353754 0.61040896
  0.61833281 0.60656468 0.61476106 0.61908782 0.57363577 0.57231842
  0.57321066]
 [0.736      0.50628599 0.69431236 0.736      0.36353754 0.61040896
  0.61833281 0.60656468 0.61476106 0.61908782 0.57363577 0.57231842
  0.57321066]
 [0.736      0.50628599 0.69431236 0.736      0.36353754 0.61040896
  0.61833281 0.60656468 0.61476106 0.61908782 0.57363577 0.57231842
  0.57321066]
 [0.42078819 0.42075662 0.         0.47634019 0.45425244 0.51028242
  0.62878704 0.64099073 0.63380035 0.62323433 0.53949871 0.53865197
  0.53259086]
 [0.42078819 0.42075662 0.         0.47634019 0.45425244 0.51028242
  0.62878704 0.64099073 0.63380035 0.62323433 0.53949871 0.53865197
  0.53259086]
 [0.42078819 0.42075662 0.         0.47634019 0.45425244 0.51028242
  0.62878704 0.64099073 0.63380035 0.62323433 0.53949871 0.53865197
  0.53259086]
 [0.42078819 0.42075662 0.         0.47634019 0.45425244 0.51028242
  0.62878704 0.64099073 0.63380035 0.62323433 0.53949871 0.53865197
  0.53259086]
 [0.42078819 0.42075662 0.         0.47634019 0.45425244 0.51028242
  0.62878704 0.64099073 0.63380035 0.62323433 0.53949871 0.53865197
  0.53259086]
 [0.42078819 0.42075662 0.         0.47634019 0.45425244 0.51028242
  0.62878704 0.64099073 0.63380035 0.62323433 0.53949871 0.53865197
  0.53259086]
 [0.42078819 0.42075662 0.         0.47634019 0.45425244 0.51028242
  0.62878704 0.64099073 0.63380035 0.62323433 0.53949871 0.53865197
  0.53259086]
 [0.42078819 0.42075662 0.         0.47634019 0.45425244 0.51028242
  0.62878704 0.64099073 0.63380035 0.62323433 0.53949871 0.53865197
  0.53259086]
 [0.786      0.786      0.786      0.786      0.786      0.786
  0.786      0.786      0.786      0.786      0.85       0.85
  0.85      ]
 [0.786      0.786      0.786      0.786      0.786      0.786
  0.786      0.786      0.786      0.786      0.85       0.85
  0.85      ]
 [0.786      0.786      0.786      0.786      0.786      0.786
  0.786      0.786      0.786      0.786      0.85       0.85
  0.85      ]
 [0.786      0.786      0.786      0.786      0.786      0.786
  0.786      0.786      0.786      0.786      0.85       0.85
  0.85      ]
 [0.786      0.786      0.786      0.786      0.786      0.786
  0.786      0.786      0.786      0.786      0.85       0.85
  0.85      ]
 [0.786      0.786      0.786      0.786      0.786      0.786
  0.786      0.786      0.786      0.786      0.85       0.85
  0.85      ]
 [0.786      0.786      0.70469504 0.786      0.786      0.786
  0.786      0.786      0.786      0.786      0.85       0.85
  0.85      ]
 [0.786      0.786      0.70469504 0.786      0.786      0.786
  0.786      0.786      0.786      0.786      0.85       0.85
  0.85      ]
 [0.786      0.786      0.70469504 0.786      0.786      0.786
  0.786      0.786      0.786      0.786      0.85       0.85
  0.85      ]
 [0.786      0.786      0.70469504 0.786      0.786      0.786
  0.786      0.786      0.786      0.786      0.85       0.85
  0.85      ]
 [0.786      0.786      0.70469504 0.786      0.786      0.786
  0.786      0.786      0.786      0.786      0.85       0.85
  0.85      ]
 [0.786      0.786      0.70469504 0.786      0.786      0.786
  0.786      0.786      0.786      0.786      0.85       0.85
  0.85      ]
 [0.786      0.786      0.6911165  0.78282132 0.786      0.786
  0.786      0.786      0.786      0.786      0.85       0.85
  0.85      ]]","[[0. 0. 0. 0. 0. 0. 0. 0. 0. 0. 0. 0. 0.]
 [0. 0. 0. 0. 0. 0. 0. 0. 0. 0. 0. 0. 0.]
 [0. 0. 0. 0. 0. 0. 0. 0. 0. 0. 0. 0. 0.]
 [0. 0. 0. 0. 0. 0. 0. 0. 0. 0. 0. 0. 0.]
 [0. 0. 0. 0. 0. 0. 0. 0. 0. 0. 0. 0. 0.]
 [0. 0. 0. 0. 0. 0. 0. 0. 0. 0. 0. 0. 0.]
 [0. 0. 0. 0. 0. 0. 0. 0. 0. 0. 0. 0. 0.]
 [0. 0. 0. 0. 0. 0. 0. 0. 0. 0. 0. 0. 0.]
 [0. 0. 0. 0. 0. 0. 0. 0. 0. 0. 0. 0. 0.]
 [0. 0. 0. 0. 0. 0. 0. 0. 0. 0. 0. 0. 0.]
 [0. 0. 0. 0. 0. 0. 0. 0. 0. 0. 0. 0. 0.]
 [0. 0. 0. 0. 0. 0. 0. 0. 0. 0. 0. 0. 0.]
 [0. 0. 0. 0. 0. 0. 0. 0. 0. 0. 0. 0. 0.]
 [0. 0. 0. 0. 0. 0. 0. 0. 0. 0. 0. 0. 0.]
 [0. 0. 0. 0. 0. 0. 0. 0. 0. 0. 0. 0. 0.]
 [0. 0. 0. 0. 0. 0. 0. 0. 0. 0. 0. 0. 0.]
 [0. 0. 0. 0. 0. 0. 0. 0. 0. 0. 0. 0. 0.]
 [0. 0. 0. 0. 0. 0. 0. 0. 0. 0. 0. 0. 0.]
 [0. 0. 0. 0. 0. 0. 0. 0. 0. 0. 0. 0. 0.]
 [0. 0. 0. 0. 0. 0. 0. 0. 0. 0. 0. 0. 0.]
 [0. 0. 0. 0. 0. 0. 0. 0. 0. 0. 0. 0. 0.]
 [0. 0. 0. 0. 0. 0. 0. 0. 0. 0. 0. 0. 0.]
 [0. 0. 0. 0. 0. 0. 0. 0. 0. 0. 0. 0. 0.]
 [0. 0. 0. 0. 0. 0. 0. 0. 0. 0. 0. 0. 0.]
 [0. 0. 0. 0. 0. 0. 0. 0. 0. 0. 0. 0. 0.]
 [0. 0. 0. 0. 0. 0. 0. 0. 0. 0. 0. 0. 0.]
 [0. 0. 0. 0. 0. 0. 0. 0. 0. 0. 0. 0. 0.]
 [0. 0. 0. 0. 0. 0. 0. 0. 0. 0. 0. 0. 0.]
 [0. 0. 0. 0. 0. 0. 0. 0. 0. 0. 0. 0. 0.]
 [0. 0. 0. 0. 0. 0. 0. 0. 0. 0. 0. 0. 0.]
 [0. 0. 0. 0. 0. 0. 0. 0. 0. 0. 0. 0. 0.]
 [0. 0. 0. 0. 0. 0. 0. 0. 0. 0. 0. 0. 0.]
 [0. 0. 0. 0. 0. 0. 0. 0. 0. 0. 0. 0. 0.]
 [0. 0. 0. 0. 0. 0. 0. 0. 0. 0. 0. 0. 0.]
 [0. 0. 0. 0. 0. 0. 0. 0. 0. 0. 0. 0. 0.]
 [0. 0. 0. 0. 0. 0. 0. 0. 0. 0. 0. 0. 0.]
 [0. 0. 0. 0. 0. 0. 0. 0. 0. 0. 0. 0. 0.]
 [0. 0. 0. 0. 0. 0. 0. 0. 0. 0. 0. 0. 0.]
 [0. 0. 0. 0. 0. 0. 0. 0. 0. 0. 0. 0. 0.]
 [0. 0. 0. 0. 0. 0. 0. 0. 0. 0. 0. 0. 0.]
 [0. 0. 0. 0. 0. 0. 0. 0. 0. 0. 0. 0. 0.]
 [0. 0. 0. 0. 0. 0. 0. 0. 0. 0. 0. 0. 0.]
 [0. 0. 0. 0. 0. 0. 0. 0. 0. 0. 0. 0. 0.]
 [0. 0. 0. 0. 0. 0. 0. 0. 0. 0. 0. 0. 0.]
 [0. 0. 0. 0. 0. 0. 0. 0. 0. 0. 0. 0. 0.]
 [0. 0. 0. 0. 0. 0. 0. 0. 0. 0. 0. 0. 0.]
 [0. 0. 0. 0. 0. 0. 0. 0. 0. 0. 0. 0. 0.]
 [0. 0. 0. 0. 0. 0. 0. 0. 0. 0. 0. 0. 0.]
 [1. 1. 1. 1. 1. 1. 1. 1. 1. 1. 1. 1. 1.]
 [1. 1. 1. 1. 1. 1. 1. 1. 1. 1. 1. 1. 1.]
 [1. 1. 1. 1. 1. 1. 1. 1. 1. 1. 1. 1. 1.]
 [1. 1. 1. 1. 1. 1. 1. 1. 1. 1. 1. 1. 1.]
 [1. 1. 1. 1. 1. 1. 1. 1. 1. 1. 1. 1. 1.]
 [1. 1. 1. 1. 1. 1. 1. 1. 1. 1. 1. 1. 1.]
 [1. 1. 1. 1. 1. 1. 1. 1. 1. 1. 1. 1. 1.]
 [1. 1. 1. 1. 1. 1. 1. 1. 1. 1. 1. 1. 1.]
 [1. 1. 1. 1. 1. 1. 1. 1. 1. 1. 1. 1. 1.]
 [1. 1. 1. 1. 1. 1. 1. 1. 1. 1. 1. 1. 1.]
 [1. 1. 1. 1. 1. 1. 1. 1. 1. 1. 1. 1. 1.]
 [1. 1. 1. 1. 1. 1. 1. 1. 1. 1. 1. 1. 1.]
 [1. 1. 1. 1. 1. 1. 1. 1. 1. 1. 1. 1. 1.]]","[[0.83629452 0.         0.        ]
 [0.         0.         0.83629452]
 [0.83629452 0.         0.        ]
 [0.         0.         0.83629452]
 [0.         0.         0.83629452]
 [0.         0.         0.83629452]
 [0.         0.         0.83629452]
 [0.         0.         0.83629452]
 [0.         0.         0.83629452]
 [0.         0.         0.83629452]
 [1.         0.         0.        ]
 [1.         0.         0.        ]
 [1.         0.         0.        ]]","[[80, 85, 90]]"
62,14,"[[0.5053867609933188, 0.4513408353843956, 0.45098934418696185, 0.5062667300758579, 0.44510998946549196, 0.44749027682781234, 0.4991885997872854, 0.4876422674916739, 0.4962578091440905, 0.4900561455098804, 0.13123222898456494, 0.13304390639993763, 0.13214006972940912, 0.13032222121651366]]","[[0.736      0.736      0.736      0.736      0.736      0.73445278
  0.736      0.736      0.736      0.736      0.8        0.8
  0.8        0.8       ]
 [0.736      0.736      0.736      0.736      0.736      0.73445278
  0.736      0.736      0.736      0.736      0.8        0.8
  0.8        0.8       ]
 [0.736      0.736      0.736      0.736      0.736      0.73445278
  0.736      0.736      0.736      0.736      0.8        0.8
  0.8        0.8       ]
 [0.736      0.736      0.736      0.736      0.736      0.73445278
  0.736      0.736      0.736      0.736      0.8        0.8
  0.8        0.8       ]
 [0.736      0.736      0.736      0.736      0.736      0.73445278
  0.736      0.736      0.736      0.736      0.8        0.8
  0.8        0.8       ]
 [0.736      0.736      0.736      0.736      0.736      0.73445278
  0.736      0.736      0.736      0.736      0.8        0.8
  0.8        0.8       ]
 [0.736      0.736      0.736      0.736      0.736      0.73445278
  0.736      0.736      0.736      0.736      0.8        0.8
  0.8        0.8       ]
 [0.736      0.736      0.736      0.736      0.736      0.73445278
  0.736      0.736      0.736      0.736      0.8        0.8
  0.8        0.8       ]
 [0.736      0.68902091 0.58164308 0.73317189 0.736      0.59557826
  0.736      0.736      0.736      0.736      0.72169632 0.72136521
  0.72181926 0.72305979]
 [0.736      0.68902091 0.58164308 0.73317189 0.736      0.59557826
  0.736      0.736      0.736      0.736      0.72169632 0.72136521
  0.72181926 0.72305979]
 [0.736      0.68902091 0.58164308 0.73317189 0.736      0.59557826
  0.736      0.736      0.736      0.736      0.72169632 0.72136521
  0.72181926 0.72305979]
 [0.736      0.68902091 0.58164308 0.73317189 0.736      0.59557826
  0.736      0.736      0.736      0.736      0.72169632 0.72136521
  0.72181926 0.72305979]
 [0.736      0.68902091 0.58164308 0.73317189 0.736      0.59557826
  0.736      0.736      0.736      0.736      0.72169632 0.72136521
  0.72181926 0.72305979]
 [0.736      0.68902091 0.58164308 0.73317189 0.736      0.59557826
  0.736      0.736      0.736      0.736      0.72169632 0.72136521
  0.72181926 0.72305979]
 [0.736      0.68902091 0.58164308 0.73317189 0.736      0.59557826
  0.736      0.736      0.736      0.736      0.72169632 0.72136521
  0.72181926 0.72305979]
 [0.736      0.68902091 0.58164308 0.73317189 0.736      0.59557826
  0.736      0.736      0.736      0.736      0.72169632 0.72136521
  0.72181926 0.72305979]
 [0.736      0.62189772 0.36213689 0.736      0.736      0.736
  0.736      0.69536616 0.71465466 0.6339483  0.53708343 0.52670369
  0.53361468 0.53883607]
 [0.736      0.62189772 0.36213689 0.736      0.736      0.736
  0.736      0.69536616 0.71465466 0.6339483  0.53708343 0.52670369
  0.53361468 0.53883607]
 [0.736      0.62189772 0.36213689 0.736      0.736      0.736
  0.736      0.69536616 0.71465466 0.6339483  0.53708343 0.52670369
  0.53361468 0.53883607]
 [0.736      0.62189772 0.36213689 0.736      0.736      0.736
  0.736      0.69536616 0.71465466 0.6339483  0.53708343 0.52670369
  0.53361468 0.53883607]
 [0.736      0.62189772 0.36213689 0.736      0.736      0.736
  0.736      0.69536616 0.71465466 0.6339483  0.53708343 0.52670369
  0.53361468 0.53883607]
 [0.736      0.62189772 0.36213689 0.736      0.736      0.736
  0.736      0.69536616 0.71465466 0.6339483  0.53708343 0.52670369
  0.53361468 0.53883607]
 [0.736      0.62189772 0.36213689 0.736      0.736      0.736
  0.736      0.69536616 0.71465466 0.6339483  0.53708343 0.52670369
  0.53361468 0.53883607]
 [0.736      0.62189772 0.36213689 0.736      0.736      0.736
  0.736      0.69536616 0.71465466 0.6339483  0.53708343 0.52670369
  0.53361468 0.53883607]
 [0.72679535 0.718735   0.44503212 0.736      0.68366986 0.736
  0.59171636 0.56471006 0.55990313 0.53800264 0.61039584 0.59475899
  0.60495636 0.61168725]
 [0.72679535 0.718735   0.44503212 0.736      0.68366986 0.736
  0.59171636 0.56471006 0.55990313 0.53800264 0.61039584 0.59475899
  0.60495636 0.61168725]
 [0.72679535 0.718735   0.44503212 0.736      0.68366986 0.736
  0.59171636 0.56471006 0.55990313 0.53800264 0.61039584 0.59475899
  0.60495636 0.61168725]
 [0.72679535 0.718735   0.44503212 0.736      0.68366986 0.736
  0.59171636 0.56471006 0.55990313 0.53800264 0.61039584 0.59475899
  0.60495636 0.61168725]
 [0.72679535 0.718735   0.44503212 0.736      0.68366986 0.736
  0.59171636 0.56471006 0.55990313 0.53800264 0.61039584 0.59475899
  0.60495636 0.61168725]
 [0.72679535 0.718735   0.44503212 0.736      0.68366986 0.736
  0.59171636 0.56471006 0.55990313 0.53800264 0.61039584 0.59475899
  0.60495636 0.61168725]
 [0.72679535 0.718735   0.44503212 0.736      0.68366986 0.736
  0.59171636 0.56471006 0.55990313 0.53800264 0.61039584 0.59475899
  0.60495636 0.61168725]
 [0.72679535 0.718735   0.44503212 0.736      0.68366986 0.736
  0.59171636 0.56471006 0.55990313 0.53800264 0.61039584 0.59475899
  0.60495636 0.61168725]
 [0.56946443 0.62678424 0.736      0.46760577 0.59673576 0.37655678
  0.68425441 0.72639901 0.70964879 0.736      0.8        0.8
  0.8        0.8       ]
 [0.56946443 0.62678424 0.736      0.46760577 0.59673576 0.37655678
  0.68425441 0.72639901 0.70964879 0.736      0.8        0.8
  0.8        0.8       ]
 [0.56946443 0.62678424 0.736      0.46760577 0.59673576 0.37655678
  0.68425441 0.72639901 0.70964879 0.736      0.8        0.8
  0.8        0.8       ]
 [0.56946443 0.62678424 0.736      0.46760577 0.59673576 0.37655678
  0.68425441 0.72639901 0.70964879 0.736      0.8        0.8
  0.8        0.8       ]
 [0.56946443 0.62678424 0.736      0.46760577 0.59673576 0.37655678
  0.68425441 0.72639901 0.70964879 0.736      0.8        0.8
  0.8        0.8       ]
 [0.56946443 0.62678424 0.736      0.46760577 0.59673576 0.37655678
  0.68425441 0.72639901 0.70964879 0.736      0.8        0.8
  0.8        0.8       ]
 [0.56946443 0.62678424 0.736      0.46760577 0.59673576 0.37655678
  0.68425441 0.72639901 0.70964879 0.736      0.8        0.8
  0.8        0.8       ]
 [0.56946443 0.62678424 0.736      0.46760577 0.59673576 0.37655678
  0.68425441 0.72639901 0.70964879 0.736      0.8        0.8
  0.8        0.8       ]
 [0.50944455 0.2986358  0.0836191  0.49995426 0.52430421 0.40298076
  0.49674625 0.46099552 0.48916032 0.39814149 0.2479019  0.24143691
  0.24583052 0.24959187]
 [0.50944455 0.2986358  0.0836191  0.49995426 0.52430421 0.40298076
  0.49674625 0.46099552 0.48916032 0.39814149 0.2479019  0.24143691
  0.24583052 0.24959187]
 [0.50944455 0.2986358  0.0836191  0.49995426 0.52430421 0.40298076
  0.49674625 0.46099552 0.48916032 0.39814149 0.2479019  0.24143691
  0.24583052 0.24959187]
 [0.50944455 0.2986358  0.0836191  0.49995426 0.52430421 0.40298076
  0.49674625 0.46099552 0.48916032 0.39814149 0.2479019  0.24143691
  0.24583052 0.24959187]
 [0.50944455 0.2986358  0.0836191  0.49995426 0.52430421 0.40298076
  0.49674625 0.46099552 0.48916032 0.39814149 0.2479019  0.24143691
  0.24583052 0.24959187]
 [0.50944455 0.2986358  0.0836191  0.49995426 0.52430421 0.40298076
  0.49674625 0.46099552 0.48916032 0.39814149 0.2479019  0.24143691
  0.24583052 0.24959187]
 [0.50944455 0.2986358  0.0836191  0.49995426 0.52430421 0.40298076
  0.49674625 0.46099552 0.48916032 0.39814149 0.2479019  0.24143691
  0.24583052 0.24959187]
 [0.50944455 0.2986358  0.0836191  0.49995426 0.52430421 0.40298076
  0.49674625 0.46099552 0.48916032 0.39814149 0.2479019  0.24143691
  0.24583052 0.24959187]
 [0.786      0.786      0.786      0.786      0.786      0.786
  0.786      0.786      0.786      0.786      0.85       0.85
  0.85       0.85      ]
 [0.786      0.786      0.786      0.786      0.786      0.786
  0.786      0.786      0.786      0.786      0.85       0.85
  0.85       0.85      ]
 [0.786      0.786      0.786      0.786      0.786      0.786
  0.786      0.786      0.786      0.786      0.85       0.85
  0.85       0.85      ]
 [0.786      0.786      0.786      0.786      0.786      0.786
  0.786      0.786      0.786      0.786      0.85       0.85
  0.85       0.85      ]
 [0.786      0.786      0.786      0.786      0.786      0.786
  0.786      0.786      0.786      0.786      0.85       0.85
  0.85       0.85      ]
 [0.786      0.786      0.786      0.786      0.786      0.786
  0.786      0.786      0.786      0.786      0.85       0.85
  0.85       0.85      ]
 [0.786      0.786      0.76553849 0.786      0.786      0.786
  0.786      0.786      0.786      0.786      0.85       0.85
  0.85       0.85      ]
 [0.786      0.786      0.76553849 0.786      0.786      0.786
  0.786      0.786      0.786      0.786      0.85       0.85
  0.85       0.85      ]
 [0.786      0.786      0.76553849 0.786      0.786      0.786
  0.786      0.786      0.786      0.786      0.85       0.85
  0.85       0.85      ]
 [0.786      0.786      0.76553849 0.786      0.786      0.786
  0.786      0.786      0.786      0.786      0.85       0.85
  0.85       0.85      ]
 [0.786      0.786      0.76553849 0.786      0.786      0.786
  0.786      0.786      0.786      0.786      0.85       0.85
  0.85       0.85      ]
 [0.786      0.786      0.76553849 0.786      0.786      0.786
  0.786      0.786      0.786      0.786      0.85       0.85
  0.85       0.85      ]
 [0.786      0.786      0.74106393 0.786      0.786      0.786
  0.786      0.786      0.786      0.78083889 0.83054766 0.82693245
  0.82929661 0.83089529]
 [0.786      0.786      0.74106393 0.786      0.786      0.786
  0.786      0.786      0.786      0.78083889 0.83054766 0.82693245
  0.82929661 0.83089529]]","[[0. 0. 0. 0. 0. 0. 0. 0. 0. 0. 0. 0. 0. 0.]
 [0. 0. 0. 0. 0. 0. 0. 0. 0. 0. 0. 0. 0. 0.]
 [0. 0. 0. 0. 0. 0. 0. 0. 0. 0. 0. 0. 0. 0.]
 [0. 0. 0. 0. 0. 0. 0. 0. 0. 0. 0. 0. 0. 0.]
 [0. 0. 0. 0. 0. 0. 0. 0. 0. 0. 0. 0. 0. 0.]
 [0. 0. 0. 0. 0. 0. 0. 0. 0. 0. 0. 0. 0. 0.]
 [0. 0. 0. 0. 0. 0. 0. 0. 0. 0. 0. 0. 0. 0.]
 [0. 0. 0. 0. 0. 0. 0. 0. 0. 0. 0. 0. 0. 0.]
 [0. 0. 0. 0. 0. 0. 0. 0. 0. 0. 0. 0. 0. 0.]
 [0. 0. 0. 0. 0. 0. 0. 0. 0. 0. 0. 0. 0. 0.]
 [0. 0. 0. 0. 0. 0. 0. 0. 0. 0. 0. 0. 0. 0.]
 [0. 0. 0. 0. 0. 0. 0. 0. 0. 0. 0. 0. 0. 0.]
 [0. 0. 0. 0. 0. 0. 0. 0. 0. 0. 0. 0. 0. 0.]
 [0. 0. 0. 0. 0. 0. 0. 0. 0. 0. 0. 0. 0. 0.]
 [0. 0. 0. 0. 0. 0. 0. 0. 0. 0. 0. 0. 0. 0.]
 [0. 0. 0. 0. 0. 0. 0. 0. 0. 0. 0. 0. 0. 0.]
 [0. 0. 0. 0. 0. 0. 0. 0. 0. 0. 0. 0. 0. 0.]
 [0. 0. 0. 0. 0. 0. 0. 0. 0. 0. 0. 0. 0. 0.]
 [0. 0. 0. 0. 0. 0. 0. 0. 0. 0. 0. 0. 0. 0.]
 [0. 0. 0. 0. 0. 0. 0. 0. 0. 0. 0. 0. 0. 0.]
 [0. 0. 0. 0. 0. 0. 0. 0. 0. 0. 0. 0. 0. 0.]
 [0. 0. 0. 0. 0. 0. 0. 0. 0. 0. 0. 0. 0. 0.]
 [0. 0. 0. 0. 0. 0. 0. 0. 0. 0. 0. 0. 0. 0.]
 [0. 0. 0. 0. 0. 0. 0. 0. 0. 0. 0. 0. 0. 0.]
 [0. 0. 0. 0. 0. 0. 0. 0. 0. 0. 0. 0. 0. 0.]
 [0. 0. 0. 0. 0. 0. 0. 0. 0. 0. 0. 0. 0. 0.]
 [0. 0. 0. 0. 0. 0. 0. 0. 0. 0. 0. 0. 0. 0.]
 [0. 0. 0. 0. 0. 0. 0. 0. 0. 0. 0. 0. 0. 0.]
 [0. 0. 0. 0. 0. 0. 0. 0. 0. 0. 0. 0. 0. 0.]
 [0. 0. 0. 0. 0. 0. 0. 0. 0. 0. 0. 0. 0. 0.]
 [0. 0. 0. 0. 0. 0. 0. 0. 0. 0. 0. 0. 0. 0.]
 [0. 0. 0. 0. 0. 0. 0. 0. 0. 0. 0. 0. 0. 0.]
 [0. 0. 0. 0. 0. 0. 0. 0. 0. 0. 0. 0. 0. 0.]
 [0. 0. 0. 0. 0. 0. 0. 0. 0. 0. 0. 0. 0. 0.]
 [0. 0. 0. 0. 0. 0. 0. 0. 0. 0. 0. 0. 0. 0.]
 [0. 0. 0. 0. 0. 0. 0. 0. 0. 0. 0. 0. 0. 0.]
 [0. 0. 0. 0. 0. 0. 0. 0. 0. 0. 0. 0. 0. 0.]
 [0. 0. 0. 0. 0. 0. 0. 0. 0. 0. 0. 0. 0. 0.]
 [0. 0. 0. 0. 0. 0. 0. 0. 0. 0. 0. 0. 0. 0.]
 [0. 0. 0. 0. 0. 0. 0. 0. 0. 0. 0. 0. 0. 0.]
 [0. 0. 0. 0. 0. 0. 0. 0. 0. 0. 0. 0. 0. 0.]
 [0. 0. 0. 0. 0. 0. 0. 0. 0. 0. 0. 0. 0. 0.]
 [0. 0. 0. 0. 0. 0. 0. 0. 0. 0. 0. 0. 0. 0.]
 [0. 0. 0. 0. 0. 0. 0. 0. 0. 0. 0. 0. 0. 0.]
 [0. 0. 0. 0. 0. 0. 0. 0. 0. 0. 0. 0. 0. 0.]
 [0. 0. 0. 0. 0. 0. 0. 0. 0. 0. 0. 0. 0. 0.]
 [0. 0. 0. 0. 0. 0. 0. 0. 0. 0. 0. 0. 0. 0.]
 [0. 0. 0. 0. 0. 0. 0. 0. 0. 0. 0. 0. 0. 0.]
 [1. 1. 1. 1. 1. 1. 1. 1. 1. 1. 1. 1. 1. 1.]
 [1. 1. 1. 1. 1. 1. 1. 1. 1. 1. 1. 1. 1. 1.]
 [1. 1. 1. 1. 1. 1. 1. 1. 1. 1. 1. 1. 1. 1.]
 [1. 1. 1. 1. 1. 1. 1. 1. 1. 1. 1. 1. 1. 1.]
 [1. 1. 1. 1. 1. 1. 1. 1. 1. 1. 1. 1. 1. 1.]
 [1. 1. 1. 1. 1. 1. 1. 1. 1. 1. 1. 1. 1. 1.]
 [1. 1. 1. 1. 1. 1. 1. 1. 1. 1. 1. 1. 1. 1.]
 [1. 1. 1. 1. 1. 1. 1. 1. 1. 1. 1. 1. 1. 1.]
 [1. 1. 1. 1. 1. 1. 1. 1. 1. 1. 1. 1. 1. 1.]
 [1. 1. 1. 1. 1. 1. 1. 1. 1. 1. 1. 1. 1. 1.]
 [1. 1. 1. 1. 1. 1. 1. 1. 1. 1. 1. 1. 1. 1.]
 [1. 1. 1. 1. 1. 1. 1. 1. 1. 1. 1. 1. 1. 1.]
 [1. 1. 1. 1. 1. 1. 1. 1. 1. 1. 1. 1. 1. 1.]
 [1. 1. 1. 1. 1. 1. 1. 1. 1. 1. 1. 1. 1. 1.]]","[[0.         0.         0.83629452]
 [0.83629452 0.         0.        ]
 [0.83629452 0.         0.        ]
 [0.         0.         0.83629452]
 [0.83629452 0.         0.        ]
 [0.83629452 0.         0.        ]
 [0.         0.         0.83629452]
 [0.         0.         0.83629452]
 [0.         0.         0.83629452]
 [0.         0.         0.83629452]
 [0.04       0.         0.        ]
 [0.04       0.         0.        ]
 [0.04       0.         0.        ]
 [0.04       0.         0.        ]]","[[80, 85, 90]]"
61,14,"[[0.44769067191951906, 0.49537959185037095, 0.4531539560544785, 0.4458341829061357, 0.5016353684993011, 0.4449643110131746, 0.5064356974640097, 0.5040801817608461, 0.5063294919049329, 0.5054992309949616, 0.10512833141180083, 0.10675204825799872, 0.10594112218818102, 0.10431474199248975]]","[[0.7014679  0.736      0.736      0.736      0.736      0.736
  0.72012525 0.736      0.736      0.736      0.8        0.8
  0.8        0.8       ]
 [0.7014679  0.736      0.736      0.736      0.736      0.736
  0.72012525 0.736      0.736      0.736      0.8        0.8
  0.8        0.8       ]
 [0.7014679  0.736      0.736      0.736      0.736      0.736
  0.72012525 0.736      0.736      0.736      0.8        0.8
  0.8        0.8       ]
 [0.7014679  0.736      0.736      0.736      0.736      0.736
  0.72012525 0.736      0.736      0.736      0.8        0.8
  0.8        0.8       ]
 [0.7014679  0.736      0.736      0.736      0.736      0.736
  0.72012525 0.736      0.736      0.736      0.8        0.8
  0.8        0.8       ]
 [0.7014679  0.736      0.736      0.736      0.736      0.736
  0.72012525 0.736      0.736      0.736      0.8        0.8
  0.8        0.8       ]
 [0.7014679  0.736      0.736      0.736      0.736      0.736
  0.72012525 0.736      0.736      0.736      0.8        0.8
  0.8        0.8       ]
 [0.7014679  0.736      0.736      0.736      0.736      0.736
  0.72012525 0.736      0.736      0.736      0.8        0.8
  0.8        0.8       ]
 [0.69313808 0.736      0.736      0.736      0.736      0.736
  0.64114475 0.736      0.67536366 0.736      0.8        0.8
  0.8        0.8       ]
 [0.69313808 0.736      0.736      0.736      0.736      0.736
  0.64114475 0.736      0.67536366 0.736      0.8        0.8
  0.8        0.8       ]
 [0.69313808 0.736      0.736      0.736      0.736      0.736
  0.64114475 0.736      0.67536366 0.736      0.8        0.8
  0.8        0.8       ]
 [0.69313808 0.736      0.736      0.736      0.736      0.736
  0.64114475 0.736      0.67536366 0.736      0.8        0.8
  0.8        0.8       ]
 [0.69313808 0.736      0.736      0.736      0.736      0.736
  0.64114475 0.736      0.67536366 0.736      0.8        0.8
  0.8        0.8       ]
 [0.69313808 0.736      0.736      0.736      0.736      0.736
  0.64114475 0.736      0.67536366 0.736      0.8        0.8
  0.8        0.8       ]
 [0.69313808 0.736      0.736      0.736      0.736      0.736
  0.64114475 0.736      0.67536366 0.736      0.8        0.8
  0.8        0.8       ]
 [0.69313808 0.736      0.736      0.736      0.736      0.736
  0.64114475 0.736      0.67536366 0.736      0.8        0.8
  0.8        0.8       ]
 [0.736      0.6882359  0.60423747 0.736      0.736      0.736
  0.736      0.736      0.736      0.736      0.8        0.8
  0.8        0.8       ]
 [0.736      0.6882359  0.60423747 0.736      0.736      0.736
  0.736      0.736      0.736      0.736      0.8        0.8
  0.8        0.8       ]
 [0.736      0.6882359  0.60423747 0.736      0.736      0.736
  0.736      0.736      0.736      0.736      0.8        0.8
  0.8        0.8       ]
 [0.736      0.6882359  0.60423747 0.736      0.736      0.736
  0.736      0.736      0.736      0.736      0.8        0.8
  0.8        0.8       ]
 [0.736      0.6882359  0.60423747 0.736      0.736      0.736
  0.736      0.736      0.736      0.736      0.8        0.8
  0.8        0.8       ]
 [0.736      0.6882359  0.60423747 0.736      0.736      0.736
  0.736      0.736      0.736      0.736      0.8        0.8
  0.8        0.8       ]
 [0.736      0.6882359  0.60423747 0.736      0.736      0.736
  0.736      0.736      0.736      0.736      0.8        0.8
  0.8        0.8       ]
 [0.736      0.6882359  0.60423747 0.736      0.736      0.736
  0.736      0.736      0.736      0.736      0.8        0.8
  0.8        0.8       ]
 [0.736      0.64408751 0.62520331 0.736      0.5897029  0.63339732
  0.736      0.73292266 0.736      0.736      0.77083384 0.76941449
  0.7707115  0.76989502]
 [0.736      0.64408751 0.62520331 0.736      0.5897029  0.63339732
  0.736      0.73292266 0.736      0.736      0.77083384 0.76941449
  0.7707115  0.76989502]
 [0.736      0.64408751 0.62520331 0.736      0.5897029  0.63339732
  0.736      0.73292266 0.736      0.736      0.77083384 0.76941449
  0.7707115  0.76989502]
 [0.736      0.64408751 0.62520331 0.736      0.5897029  0.63339732
  0.736      0.73292266 0.736      0.736      0.77083384 0.76941449
  0.7707115  0.76989502]
 [0.736      0.64408751 0.62520331 0.736      0.5897029  0.63339732
  0.736      0.73292266 0.736      0.736      0.77083384 0.76941449
  0.7707115  0.76989502]
 [0.736      0.64408751 0.62520331 0.736      0.5897029  0.63339732
  0.736      0.73292266 0.736      0.736      0.77083384 0.76941449
  0.7707115  0.76989502]
 [0.736      0.64408751 0.62520331 0.736      0.5897029  0.63339732
  0.736      0.73292266 0.736      0.736      0.77083384 0.76941449
  0.7707115  0.76989502]
 [0.736      0.64408751 0.62520331 0.736      0.5897029  0.63339732
  0.736      0.73292266 0.736      0.736      0.77083384 0.76941449
  0.7707115  0.76989502]
 [0.38453171 0.6923706  0.72547211 0.50147165 0.68425384 0.62720751
  0.37883728 0.56094452 0.41194136 0.47998653 0.68561305 0.68565912
  0.68484401 0.68744232]
 [0.38453171 0.6923706  0.72547211 0.50147165 0.68425384 0.62720751
  0.37883728 0.56094452 0.41194136 0.47998653 0.68561305 0.68565912
  0.68484401 0.68744232]
 [0.38453171 0.6923706  0.72547211 0.50147165 0.68425384 0.62720751
  0.37883728 0.56094452 0.41194136 0.47998653 0.68561305 0.68565912
  0.68484401 0.68744232]
 [0.38453171 0.6923706  0.72547211 0.50147165 0.68425384 0.62720751
  0.37883728 0.56094452 0.41194136 0.47998653 0.68561305 0.68565912
  0.68484401 0.68744232]
 [0.38453171 0.6923706  0.72547211 0.50147165 0.68425384 0.62720751
  0.37883728 0.56094452 0.41194136 0.47998653 0.68561305 0.68565912
  0.68484401 0.68744232]
 [0.38453171 0.6923706  0.72547211 0.50147165 0.68425384 0.62720751
  0.37883728 0.56094452 0.41194136 0.47998653 0.68561305 0.68565912
  0.68484401 0.68744232]
 [0.38453171 0.6923706  0.72547211 0.50147165 0.68425384 0.62720751
  0.37883728 0.56094452 0.41194136 0.47998653 0.68561305 0.68565912
  0.68484401 0.68744232]
 [0.38453171 0.6923706  0.72547211 0.50147165 0.68425384 0.62720751
  0.37883728 0.56094452 0.41194136 0.47998653 0.68561305 0.68565912
  0.68484401 0.68744232]
 [0.5511059  0.40649267 0.31405109 0.47640765 0.49860658 0.53577363
  0.47373036 0.51403493 0.48486912 0.55221124 0.50917753 0.51204528
  0.51123234 0.50684259]
 [0.5511059  0.40649267 0.31405109 0.47640765 0.49860658 0.53577363
  0.47373036 0.51403493 0.48486912 0.55221124 0.50917753 0.51204528
  0.51123234 0.50684259]
 [0.5511059  0.40649267 0.31405109 0.47640765 0.49860658 0.53577363
  0.47373036 0.51403493 0.48486912 0.55221124 0.50917753 0.51204528
  0.51123234 0.50684259]
 [0.5511059  0.40649267 0.31405109 0.47640765 0.49860658 0.53577363
  0.47373036 0.51403493 0.48486912 0.55221124 0.50917753 0.51204528
  0.51123234 0.50684259]
 [0.5511059  0.40649267 0.31405109 0.47640765 0.49860658 0.53577363
  0.47373036 0.51403493 0.48486912 0.55221124 0.50917753 0.51204528
  0.51123234 0.50684259]
 [0.5511059  0.40649267 0.31405109 0.47640765 0.49860658 0.53577363
  0.47373036 0.51403493 0.48486912 0.55221124 0.50917753 0.51204528
  0.51123234 0.50684259]
 [0.5511059  0.40649267 0.31405109 0.47640765 0.49860658 0.53577363
  0.47373036 0.51403493 0.48486912 0.55221124 0.50917753 0.51204528
  0.51123234 0.50684259]
 [0.5511059  0.40649267 0.31405109 0.47640765 0.49860658 0.53577363
  0.47373036 0.51403493 0.48486912 0.55221124 0.50917753 0.51204528
  0.51123234 0.50684259]
 [0.786      0.786      0.786      0.786      0.786      0.786
  0.786      0.786      0.786      0.786      0.85       0.85
  0.85       0.85      ]
 [0.786      0.786      0.786      0.786      0.786      0.786
  0.786      0.786      0.786      0.786      0.85       0.85
  0.85       0.85      ]
 [0.786      0.786      0.786      0.786      0.786      0.786
  0.786      0.786      0.786      0.786      0.85       0.85
  0.85       0.85      ]
 [0.786      0.786      0.786      0.786      0.786      0.786
  0.786      0.786      0.786      0.786      0.85       0.85
  0.85       0.85      ]
 [0.786      0.786      0.786      0.786      0.786      0.786
  0.786      0.786      0.786      0.786      0.85       0.85
  0.85       0.85      ]
 [0.786      0.786      0.786      0.786      0.786      0.786
  0.786      0.786      0.786      0.786      0.85       0.85
  0.85       0.85      ]
 [0.786      0.786      0.786      0.786      0.786      0.786
  0.786      0.786      0.786      0.786      0.85       0.85
  0.85       0.85      ]
 [0.786      0.786      0.786      0.786      0.786      0.786
  0.786      0.786      0.786      0.786      0.85       0.85
  0.85       0.85      ]
 [0.786      0.786      0.786      0.786      0.786      0.786
  0.786      0.786      0.786      0.786      0.85       0.85
  0.85       0.85      ]
 [0.786      0.786      0.786      0.786      0.786      0.786
  0.786      0.786      0.786      0.786      0.85       0.85
  0.85       0.85      ]
 [0.786      0.786      0.786      0.786      0.786      0.786
  0.786      0.786      0.786      0.786      0.85       0.85
  0.85       0.85      ]
 [0.786      0.786      0.786      0.786      0.786      0.786
  0.786      0.786      0.786      0.786      0.85       0.85
  0.85       0.85      ]
 [0.786      0.786      0.786      0.786      0.786      0.786
  0.786      0.786      0.786      0.786      0.85       0.85
  0.85       0.85      ]]","[[0. 0. 0. 0. 0. 0. 0. 0. 0. 0. 1. 0. 0. 1.]
 [0. 0. 0. 0. 0. 0. 0. 0. 0. 0. 1. 0. 0. 1.]
 [0. 0. 0. 0. 0. 0. 0. 0. 0. 0. 1. 0. 0. 1.]
 [0. 0. 0. 0. 0. 0. 0. 0. 0. 0. 1. 0. 0. 1.]
 [0. 0. 0. 0. 0. 0. 0. 0. 0. 0. 1. 0. 0. 1.]
 [0. 0. 0. 0. 0. 0. 0. 0. 0. 0. 1. 0. 0. 1.]
 [0. 0. 0. 0. 0. 0. 0. 0. 0. 0. 1. 0. 0. 1.]
 [0. 0. 0. 0. 0. 0. 0. 0. 0. 0. 1. 0. 0. 1.]
 [0. 0. 0. 0. 0. 0. 0. 0. 0. 0. 1. 0. 0. 1.]
 [0. 0. 0. 0. 0. 0. 0. 0. 0. 0. 1. 0. 0. 1.]
 [0. 0. 0. 0. 0. 0. 0. 0. 0. 0. 1. 0. 0. 1.]
 [0. 0. 0. 0. 0. 0. 0. 0. 0. 0. 1. 0. 0. 1.]
 [0. 0. 0. 0. 0. 0. 0. 0. 0. 0. 1. 0. 0. 1.]
 [0. 0. 0. 0. 0. 0. 0. 0. 0. 0. 1. 0. 0. 1.]
 [0. 0. 0. 0. 0. 0. 0. 0. 0. 0. 1. 0. 0. 1.]
 [0. 0. 0. 0. 0. 0. 0. 0. 0. 0. 1. 0. 0. 1.]
 [0. 0. 0. 0. 0. 0. 0. 0. 0. 0. 1. 0. 0. 1.]
 [0. 0. 0. 0. 0. 0. 0. 0. 0. 0. 1. 0. 0. 1.]
 [0. 0. 0. 0. 0. 0. 0. 0. 0. 0. 1. 0. 0. 1.]
 [0. 0. 0. 0. 0. 0. 0. 0. 0. 0. 1. 0. 0. 1.]
 [0. 0. 0. 0. 0. 0. 0. 0. 0. 0. 1. 0. 0. 1.]
 [0. 0. 0. 0. 0. 0. 0. 0. 0. 0. 1. 0. 0. 1.]
 [0. 0. 0. 0. 0. 0. 0. 0. 0. 0. 1. 0. 0. 1.]
 [0. 0. 0. 0. 0. 0. 0. 0. 0. 0. 1. 0. 0. 1.]
 [0. 0. 0. 0. 0. 0. 0. 0. 0. 0. 1. 0. 0. 1.]
 [0. 0. 0. 0. 0. 0. 0. 0. 0. 0. 1. 0. 0. 1.]
 [0. 0. 0. 0. 0. 0. 0. 0. 0. 0. 1. 0. 0. 1.]
 [0. 0. 0. 0. 0. 0. 0. 0. 0. 0. 1. 0. 0. 1.]
 [0. 0. 0. 0. 0. 0. 0. 0. 0. 0. 1. 0. 0. 1.]
 [0. 0. 0. 0. 0. 0. 0. 0. 0. 0. 1. 0. 0. 1.]
 [0. 0. 0. 0. 0. 0. 0. 0. 0. 0. 1. 0. 0. 1.]
 [0. 0. 0. 0. 0. 0. 0. 0. 0. 0. 1. 0. 0. 1.]
 [0. 0. 0. 0. 0. 0. 0. 0. 0. 0. 1. 0. 0. 1.]
 [0. 0. 0. 0. 0. 0. 0. 0. 0. 0. 1. 0. 0. 1.]
 [0. 0. 0. 0. 0. 0. 0. 0. 0. 0. 1. 0. 0. 1.]
 [0. 0. 0. 0. 0. 0. 0. 0. 0. 0. 1. 0. 0. 1.]
 [0. 0. 0. 0. 0. 0. 0. 0. 0. 0. 1. 0. 0. 1.]
 [0. 0. 0. 0. 0. 0. 0. 0. 0. 0. 1. 0. 0. 1.]
 [0. 0. 0. 0. 0. 0. 0. 0. 0. 0. 1. 0. 0. 1.]
 [0. 0. 0. 0. 0. 0. 0. 0. 0. 0. 1. 0. 0. 1.]
 [0. 0. 0. 0. 0. 0. 0. 0. 0. 0. 1. 0. 0. 1.]
 [0. 0. 0. 0. 0. 0. 0. 0. 0. 0. 1. 0. 0. 1.]
 [0. 0. 0. 0. 0. 0. 0. 0. 0. 0. 1. 0. 0. 1.]
 [0. 0. 0. 0. 0. 0. 0. 0. 0. 0. 1. 0. 0. 1.]
 [0. 0. 0. 0. 0. 0. 0. 0. 0. 0. 1. 0. 0. 1.]
 [0. 0. 0. 0. 0. 0. 0. 0. 0. 0. 1. 0. 0. 1.]
 [0. 0. 0. 0. 0. 0. 0. 0. 0. 0. 1. 0. 0. 1.]
 [0. 0. 0. 0. 0. 0. 0. 0. 0. 0. 1. 0. 0. 1.]
 [1. 1. 1. 1. 1. 1. 1. 1. 1. 1. 1. 1. 1. 1.]
 [1. 1. 1. 1. 1. 1. 1. 1. 1. 1. 1. 1. 1. 1.]
 [1. 1. 1. 1. 1. 1. 1. 1. 1. 1. 1. 1. 1. 1.]
 [1. 1. 1. 1. 1. 1. 1. 1. 1. 1. 1. 1. 1. 1.]
 [1. 1. 1. 1. 1. 1. 1. 1. 1. 1. 1. 1. 1. 1.]
 [1. 1. 1. 1. 1. 1. 1. 1. 1. 1. 1. 1. 1. 1.]
 [1. 1. 1. 1. 1. 1. 1. 1. 1. 1. 1. 1. 1. 1.]
 [1. 1. 1. 1. 1. 1. 1. 1. 1. 1. 1. 1. 1. 1.]
 [1. 1. 1. 1. 1. 1. 1. 1. 1. 1. 1. 1. 1. 1.]
 [1. 1. 1. 1. 1. 1. 1. 1. 1. 1. 1. 1. 1. 1.]
 [1. 1. 1. 1. 1. 1. 1. 1. 1. 1. 1. 1. 1. 1.]
 [1. 1. 1. 1. 1. 1. 1. 1. 1. 1. 1. 1. 1. 1.]
 [1. 1. 1. 1. 1. 1. 1. 1. 1. 1. 1. 1. 1. 1.]]","[[0.83629452 0.         0.        ]
 [0.         0.         0.83629452]
 [0.83629452 0.         0.        ]
 [0.83629452 0.         0.        ]
 [0.         0.         0.83629452]
 [0.83629452 0.         0.        ]
 [0.         0.         0.83629452]
 [0.         0.         0.83629452]
 [0.         0.         0.83629452]
 [0.         0.         0.83629452]
 [0.04       0.         0.        ]
 [0.04       0.         0.        ]
 [0.04       0.         0.        ]
 [0.04       0.         0.        ]]","[[80, 85, 90]]"
58,18,"[[0.4449053690061452, 0.5063060092710807, 0.48462695113338383, 0.44646590809760944, 0.5065240021531113, 0.5034660536387846, 0.4451859300243997, 0.44743907120320137, 0.44533598727672963, 0.44598883012124424, 0.3793633476219656, 0.37946608628409934, 0.3795609419325237, 0.37965414105941925, 0.08087693689971115, 0.08249760002158141, 0.08168741074876978, 0.080066374615194]]","[[0.736      0.65320799 0.736      ... 0.8        0.8        0.8       ]
 [0.736      0.65320799 0.736      ... 0.8        0.8        0.8       ]
 [0.736      0.65320799 0.736      ... 0.8        0.8        0.8       ]
 ...
 [0.786      0.786      0.786      ... 0.85       0.85       0.85      ]
 [0.786      0.786      0.786      ... 0.85       0.85       0.85      ]
 [0.786      0.786      0.786      ... 0.85       0.85       0.85      ]]","[[0. 0. 0. ... 1. 1. 1.]
 [0. 0. 0. ... 1. 1. 1.]
 [0. 0. 0. ... 1. 1. 1.]
 ...
 [1. 1. 1. ... 1. 1. 1.]
 [1. 1. 1. ... 1. 1. 1.]
 [1. 1. 1. ... 1. 1. 1.]]","[[0.83629452 0.         0.        ]
 [0.         0.         0.83629452]
 [0.         0.         0.83629452]
 [0.83629452 0.         0.        ]
 [0.         0.         0.83629452]
 [0.         0.         0.83629452]
 [0.83629452 0.         0.        ]
 [0.83629452 0.         0.        ]
 [0.83629452 0.         0.        ]
 [0.83629452 0.         0.        ]
 [0.         0.         0.22      ]
 [0.         0.         0.22      ]
 [0.         0.         0.22      ]
 [0.         0.         0.22      ]
 [0.04       0.         0.        ]
 [0.04       0.         0.        ]
 [0.04       0.         0.        ]
 [0.04       0.         0.        ]]","[[80, 85, 90]]"
58,14,"[[0.5050586865048371, 0.445599683603753, 0.4520441343812094, 0.5060227165289516, 0.44518273237789835, 0.4973117649835127, 0.5003812614199019, 0.4448993043638262, 0.49790170067226286, 0.4457023369511188, 0.37827590960338814, 0.37827590960338814, 0.37827590960338814, 0.37827590960338814]]","[[0.736      0.736      0.736      0.736      0.736      0.70368751
  0.736      0.736      0.736      0.736      0.8        0.8
  0.8        0.8       ]
 [0.736      0.736      0.736      0.736      0.736      0.70368751
  0.736      0.736      0.736      0.736      0.8        0.8
  0.8        0.8       ]
 [0.736      0.736      0.736      0.736      0.736      0.70368751
  0.736      0.736      0.736      0.736      0.8        0.8
  0.8        0.8       ]
 [0.736      0.736      0.736      0.736      0.736      0.70368751
  0.736      0.736      0.736      0.736      0.8        0.8
  0.8        0.8       ]
 [0.736      0.736      0.736      0.736      0.736      0.70368751
  0.736      0.736      0.736      0.736      0.8        0.8
  0.8        0.8       ]
 [0.736      0.736      0.736      0.736      0.736      0.70368751
  0.736      0.736      0.736      0.736      0.8        0.8
  0.8        0.8       ]
 [0.736      0.736      0.736      0.736      0.736      0.70368751
  0.736      0.736      0.736      0.736      0.8        0.8
  0.8        0.8       ]
 [0.736      0.736      0.736      0.736      0.736      0.70368751
  0.736      0.736      0.736      0.736      0.8        0.8
  0.8        0.8       ]
 [0.736      0.736      0.736      0.736      0.736      0.60012304
  0.736      0.736      0.736      0.736      0.8        0.8
  0.8        0.8       ]
 [0.736      0.736      0.736      0.736      0.736      0.60012304
  0.736      0.736      0.736      0.736      0.8        0.8
  0.8        0.8       ]
 [0.736      0.736      0.736      0.736      0.736      0.60012304
  0.736      0.736      0.736      0.736      0.8        0.8
  0.8        0.8       ]
 [0.736      0.736      0.736      0.736      0.736      0.60012304
  0.736      0.736      0.736      0.736      0.8        0.8
  0.8        0.8       ]
 [0.736      0.736      0.736      0.736      0.736      0.60012304
  0.736      0.736      0.736      0.736      0.8        0.8
  0.8        0.8       ]
 [0.736      0.736      0.736      0.736      0.736      0.60012304
  0.736      0.736      0.736      0.736      0.8        0.8
  0.8        0.8       ]
 [0.736      0.736      0.736      0.736      0.736      0.60012304
  0.736      0.736      0.736      0.736      0.8        0.8
  0.8        0.8       ]
 [0.736      0.736      0.736      0.736      0.736      0.60012304
  0.736      0.736      0.736      0.736      0.8        0.8
  0.8        0.8       ]
 [0.736      0.736      0.63420022 0.736      0.736      0.736
  0.72170312 0.70019279 0.69767419 0.62552437 0.8        0.8
  0.8        0.8       ]
 [0.736      0.736      0.63420022 0.736      0.736      0.736
  0.72170312 0.70019279 0.69767419 0.62552437 0.8        0.8
  0.8        0.8       ]
 [0.736      0.736      0.63420022 0.736      0.736      0.736
  0.72170312 0.70019279 0.69767419 0.62552437 0.8        0.8
  0.8        0.8       ]
 [0.736      0.736      0.63420022 0.736      0.736      0.736
  0.72170312 0.70019279 0.69767419 0.62552437 0.8        0.8
  0.8        0.8       ]
 [0.736      0.736      0.63420022 0.736      0.736      0.736
  0.72170312 0.70019279 0.69767419 0.62552437 0.8        0.8
  0.8        0.8       ]
 [0.736      0.736      0.63420022 0.736      0.736      0.736
  0.72170312 0.70019279 0.69767419 0.62552437 0.8        0.8
  0.8        0.8       ]
 [0.736      0.736      0.63420022 0.736      0.736      0.736
  0.72170312 0.70019279 0.69767419 0.62552437 0.8        0.8
  0.8        0.8       ]
 [0.736      0.736      0.63420022 0.736      0.736      0.736
  0.72170312 0.70019279 0.69767419 0.62552437 0.8        0.8
  0.8        0.8       ]
 [0.71159182 0.71601342 0.62488938 0.736      0.70698629 0.736
  0.56689622 0.5828489  0.534414   0.51043884 0.61117507 0.59207118
  0.57441664 0.55705631]
 [0.71159182 0.71601342 0.62488938 0.736      0.70698629 0.736
  0.56689622 0.5828489  0.534414   0.51043884 0.61117507 0.59207118
  0.57441664 0.55705631]
 [0.71159182 0.71601342 0.62488938 0.736      0.70698629 0.736
  0.56689622 0.5828489  0.534414   0.51043884 0.61117507 0.59207118
  0.57441664 0.55705631]
 [0.71159182 0.71601342 0.62488938 0.736      0.70698629 0.736
  0.56689622 0.5828489  0.534414   0.51043884 0.61117507 0.59207118
  0.57441664 0.55705631]
 [0.71159182 0.71601342 0.62488938 0.736      0.70698629 0.736
  0.56689622 0.5828489  0.534414   0.51043884 0.61117507 0.59207118
  0.57441664 0.55705631]
 [0.71159182 0.71601342 0.62488938 0.736      0.70698629 0.736
  0.56689622 0.5828489  0.534414   0.51043884 0.61117507 0.59207118
  0.57441664 0.55705631]
 [0.71159182 0.71601342 0.62488938 0.736      0.70698629 0.736
  0.56689622 0.5828489  0.534414   0.51043884 0.61117507 0.59207118
  0.57441664 0.55705631]
 [0.71159182 0.71601342 0.62488938 0.736      0.70698629 0.736
  0.56689622 0.5828489  0.534414   0.51043884 0.61117507 0.59207118
  0.57441664 0.55705631]
 [0.59217771 0.58897951 0.72377301 0.51018893 0.58164798 0.35321007
  0.70241627 0.7176688  0.7267961  0.736      0.71551031 0.72096532
  0.7253523  0.729036  ]
 [0.59217771 0.58897951 0.72377301 0.51018893 0.58164798 0.35321007
  0.70241627 0.7176688  0.7267961  0.736      0.71551031 0.72096532
  0.7253523  0.729036  ]
 [0.59217771 0.58897951 0.72377301 0.51018893 0.58164798 0.35321007
  0.70241627 0.7176688  0.7267961  0.736      0.71551031 0.72096532
  0.7253523  0.729036  ]
 [0.59217771 0.58897951 0.72377301 0.51018893 0.58164798 0.35321007
  0.70241627 0.7176688  0.7267961  0.736      0.71551031 0.72096532
  0.7253523  0.729036  ]
 [0.59217771 0.58897951 0.72377301 0.51018893 0.58164798 0.35321007
  0.70241627 0.7176688  0.7267961  0.736      0.71551031 0.72096532
  0.7253523  0.729036  ]
 [0.59217771 0.58897951 0.72377301 0.51018893 0.58164798 0.35321007
  0.70241627 0.7176688  0.7267961  0.736      0.71551031 0.72096532
  0.7253523  0.729036  ]
 [0.59217771 0.58897951 0.72377301 0.51018893 0.58164798 0.35321007
  0.70241627 0.7176688  0.7267961  0.736      0.71551031 0.72096532
  0.7253523  0.729036  ]
 [0.59217771 0.58897951 0.72377301 0.51018893 0.58164798 0.35321007
  0.70241627 0.7176688  0.7267961  0.736      0.71551031 0.72096532
  0.7253523  0.729036  ]
 [0.49454237 0.49334813 0.35078465 0.50741876 0.51754075 0.4394983
  0.49331741 0.45541144 0.48525541 0.4047954  0.6323499  0.63524516
  0.63733517 0.63883942]
 [0.49454237 0.49334813 0.35078465 0.50741876 0.51754075 0.4394983
  0.49331741 0.45541144 0.48525541 0.4047954  0.6323499  0.63524516
  0.63733517 0.63883942]
 [0.49454237 0.49334813 0.35078465 0.50741876 0.51754075 0.4394983
  0.49331741 0.45541144 0.48525541 0.4047954  0.6323499  0.63524516
  0.63733517 0.63883942]
 [0.49454237 0.49334813 0.35078465 0.50741876 0.51754075 0.4394983
  0.49331741 0.45541144 0.48525541 0.4047954  0.6323499  0.63524516
  0.63733517 0.63883942]
 [0.49454237 0.49334813 0.35078465 0.50741876 0.51754075 0.4394983
  0.49331741 0.45541144 0.48525541 0.4047954  0.6323499  0.63524516
  0.63733517 0.63883942]
 [0.49454237 0.49334813 0.35078465 0.50741876 0.51754075 0.4394983
  0.49331741 0.45541144 0.48525541 0.4047954  0.6323499  0.63524516
  0.63733517 0.63883942]
 [0.49454237 0.49334813 0.35078465 0.50741876 0.51754075 0.4394983
  0.49331741 0.45541144 0.48525541 0.4047954  0.6323499  0.63524516
  0.63733517 0.63883942]
 [0.49454237 0.49334813 0.35078465 0.50741876 0.51754075 0.4394983
  0.49331741 0.45541144 0.48525541 0.4047954  0.6323499  0.63524516
  0.63733517 0.63883942]
 [0.786      0.786      0.786      0.786      0.786      0.786
  0.786      0.786      0.786      0.786      0.85       0.85
  0.85       0.85      ]
 [0.786      0.786      0.786      0.786      0.786      0.786
  0.786      0.786      0.786      0.786      0.85       0.85
  0.85       0.85      ]
 [0.786      0.786      0.786      0.786      0.786      0.786
  0.786      0.786      0.786      0.786      0.85       0.85
  0.85       0.85      ]
 [0.786      0.786      0.786      0.786      0.786      0.786
  0.786      0.786      0.786      0.786      0.85       0.85
  0.85       0.85      ]
 [0.786      0.786      0.786      0.786      0.786      0.786
  0.786      0.786      0.786      0.786      0.85       0.85
  0.85       0.85      ]
 [0.786      0.786      0.786      0.786      0.786      0.786
  0.786      0.786      0.786      0.786      0.85       0.85
  0.85       0.85      ]
 [0.786      0.786      0.786      0.786      0.786      0.786
  0.786      0.786      0.786      0.786      0.85       0.85
  0.85       0.85      ]
 [0.786      0.786      0.786      0.786      0.786      0.786
  0.786      0.786      0.786      0.786      0.85       0.85
  0.85       0.85      ]
 [0.786      0.786      0.786      0.786      0.786      0.786
  0.786      0.786      0.786      0.786      0.85       0.85
  0.85       0.85      ]
 [0.786      0.786      0.786      0.786      0.786      0.786
  0.786      0.786      0.786      0.786      0.85       0.85
  0.85       0.85      ]]","[[0. 0. 0. 0. 0. 0. 0. 0. 0. 0. 1. 1. 1. 1.]
 [0. 0. 0. 0. 0. 0. 0. 0. 0. 0. 1. 1. 1. 1.]
 [0. 0. 0. 0. 0. 0. 0. 0. 0. 0. 1. 1. 1. 1.]
 [0. 0. 0. 0. 0. 0. 0. 0. 0. 0. 1. 1. 1. 1.]
 [0. 0. 0. 0. 0. 0. 0. 0. 0. 0. 1. 1. 1. 1.]
 [0. 0. 0. 0. 0. 0. 0. 0. 0. 0. 1. 1. 1. 1.]
 [0. 0. 0. 0. 0. 0. 0. 0. 0. 0. 1. 1. 1. 1.]
 [0. 0. 0. 0. 0. 0. 0. 0. 0. 0. 1. 1. 1. 1.]
 [0. 0. 0. 0. 0. 0. 0. 0. 0. 0. 1. 1. 0. 0.]
 [0. 0. 0. 0. 0. 0. 0. 0. 0. 0. 1. 1. 0. 0.]
 [0. 0. 0. 0. 0. 0. 0. 0. 0. 0. 1. 1. 0. 0.]
 [0. 0. 0. 0. 0. 0. 0. 0. 0. 0. 1. 1. 0. 0.]
 [0. 0. 0. 0. 0. 0. 0. 0. 0. 0. 1. 1. 0. 0.]
 [0. 0. 0. 0. 0. 0. 0. 0. 0. 0. 1. 1. 0. 0.]
 [0. 0. 0. 0. 0. 0. 0. 0. 0. 0. 1. 1. 0. 0.]
 [0. 0. 0. 0. 0. 0. 0. 0. 0. 0. 1. 1. 0. 0.]
 [0. 0. 0. 0. 0. 0. 0. 0. 0. 0. 1. 1. 1. 1.]
 [0. 0. 0. 0. 0. 0. 0. 0. 0. 0. 1. 1. 1. 1.]
 [0. 0. 0. 0. 0. 0. 0. 0. 0. 0. 1. 1. 1. 1.]
 [0. 0. 0. 0. 0. 0. 0. 0. 0. 0. 1. 1. 1. 1.]
 [0. 0. 0. 0. 0. 0. 0. 0. 0. 0. 1. 1. 1. 1.]
 [0. 0. 0. 0. 0. 0. 0. 0. 0. 0. 1. 1. 1. 1.]
 [0. 0. 0. 0. 0. 0. 0. 0. 0. 0. 1. 1. 1. 1.]
 [0. 0. 0. 0. 0. 0. 0. 0. 0. 0. 1. 1. 1. 1.]
 [0. 0. 0. 0. 0. 0. 0. 0. 0. 0. 1. 1. 1. 1.]
 [0. 0. 0. 0. 0. 0. 0. 0. 0. 0. 1. 1. 1. 1.]
 [0. 0. 0. 0. 0. 0. 0. 0. 0. 0. 1. 1. 1. 1.]
 [0. 0. 0. 0. 0. 0. 0. 0. 0. 0. 1. 1. 1. 1.]
 [0. 0. 0. 0. 0. 0. 0. 0. 0. 0. 1. 1. 1. 1.]
 [0. 0. 0. 0. 0. 0. 0. 0. 0. 0. 1. 1. 1. 1.]
 [0. 0. 0. 0. 0. 0. 0. 0. 0. 0. 1. 1. 1. 1.]
 [0. 0. 0. 0. 0. 0. 0. 0. 0. 0. 1. 1. 1. 1.]
 [0. 0. 0. 0. 0. 0. 0. 0. 0. 0. 1. 1. 1. 1.]
 [0. 0. 0. 0. 0. 0. 0. 0. 0. 0. 1. 1. 1. 1.]
 [0. 0. 0. 0. 0. 0. 0. 0. 0. 0. 1. 1. 1. 1.]
 [0. 0. 0. 0. 0. 0. 0. 0. 0. 0. 1. 1. 1. 1.]
 [0. 0. 0. 0. 0. 0. 0. 0. 0. 0. 1. 1. 1. 1.]
 [0. 0. 0. 0. 0. 0. 0. 0. 0. 0. 1. 1. 1. 1.]
 [0. 0. 0. 0. 0. 0. 0. 0. 0. 0. 1. 1. 1. 1.]
 [0. 0. 0. 0. 0. 0. 0. 0. 0. 0. 1. 1. 1. 1.]
 [0. 0. 0. 0. 0. 0. 0. 0. 0. 0. 1. 1. 1. 1.]
 [0. 0. 0. 0. 0. 0. 0. 0. 0. 0. 1. 1. 1. 1.]
 [0. 0. 0. 0. 0. 0. 0. 0. 0. 0. 1. 1. 1. 1.]
 [0. 0. 0. 0. 0. 0. 0. 0. 0. 0. 1. 1. 1. 1.]
 [0. 0. 0. 0. 0. 0. 0. 0. 0. 0. 1. 1. 1. 1.]
 [0. 0. 0. 0. 0. 0. 0. 0. 0. 0. 1. 1. 1. 1.]
 [0. 0. 0. 0. 0. 0. 0. 0. 0. 0. 1. 1. 1. 1.]
 [0. 0. 0. 0. 0. 0. 0. 0. 0. 0. 1. 1. 1. 1.]
 [1. 1. 1. 1. 1. 1. 1. 1. 1. 1. 1. 1. 1. 1.]
 [1. 1. 1. 1. 1. 1. 1. 1. 1. 1. 1. 1. 1. 1.]
 [1. 1. 1. 1. 1. 1. 1. 1. 1. 1. 1. 1. 1. 1.]
 [1. 1. 1. 1. 1. 1. 1. 1. 1. 1. 1. 1. 1. 1.]
 [1. 1. 1. 1. 1. 1. 1. 1. 1. 1. 1. 1. 1. 1.]
 [1. 1. 1. 1. 1. 1. 1. 1. 1. 1. 1. 1. 1. 1.]
 [1. 1. 1. 1. 1. 1. 1. 1. 1. 1. 1. 1. 1. 1.]
 [1. 1. 1. 1. 1. 1. 1. 1. 1. 1. 1. 1. 1. 1.]
 [1. 1. 1. 1. 1. 1. 1. 1. 1. 1. 1. 1. 1. 1.]
 [1. 1. 1. 1. 1. 1. 1. 1. 1. 1. 1. 1. 1. 1.]]","[[0.         0.         0.83629452]
 [0.83629452 0.         0.        ]
 [0.83629452 0.         0.        ]
 [0.         0.         0.83629452]
 [0.83629452 0.         0.        ]
 [0.         0.         0.83629452]
 [0.         0.         0.83629452]
 [0.83629452 0.         0.        ]
 [0.         0.         0.83629452]
 [0.83629452 0.         0.        ]
 [0.         0.         0.22      ]
 [0.         0.         0.22      ]
 [0.         0.         0.22      ]
 [0.         0.         0.22      ]]","[[80, 85, 90]]"
58,12,"[[0.5412890620776533, 0.5313990402062649, 0.45311082279507997, 0.4471524544170318, 0.44610145619388863, 0.4453293339171598, 0.5059383171310349, 0.5041136064644808, 0.49096411354084096, 0.5052193123680435, 0.37827590960338814, 0.37827590960338814]]","[[0.5532756  0.736      0.736      0.736      0.736      0.736
  0.736      0.736      0.736      0.736      0.8        0.8       ]
 [0.5532756  0.736      0.736      0.736      0.736      0.736
  0.736      0.736      0.736      0.736      0.8        0.8       ]
 [0.5532756  0.736      0.736      0.736      0.736      0.736
  0.736      0.736      0.736      0.736      0.8        0.8       ]
 [0.5532756  0.736      0.736      0.736      0.736      0.736
  0.736      0.736      0.736      0.736      0.8        0.8       ]
 [0.5532756  0.736      0.736      0.736      0.736      0.736
  0.736      0.736      0.736      0.736      0.8        0.8       ]
 [0.5532756  0.736      0.736      0.736      0.736      0.736
  0.736      0.736      0.736      0.736      0.8        0.8       ]
 [0.5532756  0.736      0.736      0.736      0.736      0.736
  0.736      0.736      0.736      0.736      0.8        0.8       ]
 [0.5532756  0.736      0.736      0.736      0.736      0.736
  0.736      0.736      0.736      0.736      0.8        0.8       ]
 [0.59668533 0.65533111 0.736      0.62540663 0.736      0.736
  0.6572922  0.736      0.736      0.736      0.7789614  0.79656741]
 [0.59668533 0.65533111 0.736      0.62540663 0.736      0.736
  0.6572922  0.736      0.736      0.736      0.7789614  0.79656741]
 [0.59668533 0.65533111 0.736      0.62540663 0.736      0.736
  0.6572922  0.736      0.736      0.736      0.7789614  0.79656741]
 [0.59668533 0.65533111 0.736      0.62540663 0.736      0.736
  0.6572922  0.736      0.736      0.736      0.7789614  0.79656741]
 [0.59668533 0.65533111 0.736      0.62540663 0.736      0.736
  0.6572922  0.736      0.736      0.736      0.7789614  0.79656741]
 [0.59668533 0.65533111 0.736      0.62540663 0.736      0.736
  0.6572922  0.736      0.736      0.736      0.7789614  0.79656741]
 [0.59668533 0.65533111 0.736      0.62540663 0.736      0.736
  0.6572922  0.736      0.736      0.736      0.7789614  0.79656741]
 [0.59668533 0.65533111 0.736      0.62540663 0.736      0.736
  0.6572922  0.736      0.736      0.736      0.7789614  0.79656741]
 [0.736      0.51748377 0.736      0.71300397 0.5876943  0.736
  0.736      0.736      0.72489039 0.736      0.8        0.8       ]
 [0.736      0.51748377 0.736      0.71300397 0.5876943  0.736
  0.736      0.736      0.72489039 0.736      0.8        0.8       ]
 [0.736      0.51748377 0.736      0.71300397 0.5876943  0.736
  0.736      0.736      0.72489039 0.736      0.8        0.8       ]
 [0.736      0.51748377 0.736      0.71300397 0.5876943  0.736
  0.736      0.736      0.72489039 0.736      0.8        0.8       ]
 [0.736      0.51748377 0.736      0.71300397 0.5876943  0.736
  0.736      0.736      0.72489039 0.736      0.8        0.8       ]
 [0.736      0.51748377 0.736      0.71300397 0.5876943  0.736
  0.736      0.736      0.72489039 0.736      0.8        0.8       ]
 [0.736      0.51748377 0.736      0.71300397 0.5876943  0.736
  0.736      0.736      0.72489039 0.736      0.8        0.8       ]
 [0.736      0.51748377 0.736      0.71300397 0.5876943  0.736
  0.736      0.736      0.72489039 0.736      0.8        0.8       ]
 [0.736      0.61478002 0.53969653 0.736      0.43237543 0.68296492
  0.736      0.69483848 0.66021225 0.736      0.8        0.8       ]
 [0.736      0.61478002 0.53969653 0.736      0.43237543 0.68296492
  0.736      0.69483848 0.66021225 0.736      0.8        0.8       ]
 [0.736      0.61478002 0.53969653 0.736      0.43237543 0.68296492
  0.736      0.69483848 0.66021225 0.736      0.8        0.8       ]
 [0.736      0.61478002 0.53969653 0.736      0.43237543 0.68296492
  0.736      0.69483848 0.66021225 0.736      0.8        0.8       ]
 [0.736      0.61478002 0.53969653 0.736      0.43237543 0.68296492
  0.736      0.69483848 0.66021225 0.736      0.8        0.8       ]
 [0.736      0.61478002 0.53969653 0.736      0.43237543 0.68296492
  0.736      0.69483848 0.66021225 0.736      0.8        0.8       ]
 [0.736      0.61478002 0.53969653 0.736      0.43237543 0.68296492
  0.736      0.69483848 0.66021225 0.736      0.8        0.8       ]
 [0.736      0.61478002 0.53969653 0.736      0.43237543 0.68296492
  0.736      0.69483848 0.66021225 0.736      0.8        0.8       ]
 [0.24363913 0.70716795 0.65098594 0.46238806 0.736      0.58857921
  0.42100947 0.61030037 0.66432958 0.53008757 0.5549333  0.56709443]
 [0.24363913 0.70716795 0.65098594 0.46238806 0.736      0.58857921
  0.42100947 0.61030037 0.66432958 0.53008757 0.5549333  0.56709443]
 [0.24363913 0.70716795 0.65098594 0.46238806 0.736      0.58857921
  0.42100947 0.61030037 0.66432958 0.53008757 0.5549333  0.56709443]
 [0.24363913 0.70716795 0.65098594 0.46238806 0.736      0.58857921
  0.42100947 0.61030037 0.66432958 0.53008757 0.5549333  0.56709443]
 [0.24363913 0.70716795 0.65098594 0.46238806 0.736      0.58857921
  0.42100947 0.61030037 0.66432958 0.53008757 0.5549333  0.56709443]
 [0.24363913 0.70716795 0.65098594 0.46238806 0.736      0.58857921
  0.42100947 0.61030037 0.66432958 0.53008757 0.5549333  0.56709443]
 [0.24363913 0.70716795 0.65098594 0.46238806 0.736      0.58857921
  0.42100947 0.61030037 0.66432958 0.53008757 0.5549333  0.56709443]
 [0.24363913 0.70716795 0.65098594 0.46238806 0.736      0.58857921
  0.42100947 0.61030037 0.66432958 0.53008757 0.5549333  0.56709443]
 [0.60664863 0.21159489 0.57263422 0.35448839 0.40807754 0.53653044
  0.44605022 0.48848704 0.4413406  0.53821059 0.51254716 0.52261761]
 [0.60664863 0.21159489 0.57263422 0.35448839 0.40807754 0.53653044
  0.44605022 0.48848704 0.4413406  0.53821059 0.51254716 0.52261761]
 [0.60664863 0.21159489 0.57263422 0.35448839 0.40807754 0.53653044
  0.44605022 0.48848704 0.4413406  0.53821059 0.51254716 0.52261761]
 [0.60664863 0.21159489 0.57263422 0.35448839 0.40807754 0.53653044
  0.44605022 0.48848704 0.4413406  0.53821059 0.51254716 0.52261761]
 [0.60664863 0.21159489 0.57263422 0.35448839 0.40807754 0.53653044
  0.44605022 0.48848704 0.4413406  0.53821059 0.51254716 0.52261761]
 [0.60664863 0.21159489 0.57263422 0.35448839 0.40807754 0.53653044
  0.44605022 0.48848704 0.4413406  0.53821059 0.51254716 0.52261761]
 [0.60664863 0.21159489 0.57263422 0.35448839 0.40807754 0.53653044
  0.44605022 0.48848704 0.4413406  0.53821059 0.51254716 0.52261761]
 [0.60664863 0.21159489 0.57263422 0.35448839 0.40807754 0.53653044
  0.44605022 0.48848704 0.4413406  0.53821059 0.51254716 0.52261761]
 [0.786      0.786      0.786      0.786      0.786      0.786
  0.786      0.786      0.786      0.786      0.85       0.85      ]
 [0.786      0.786      0.786      0.786      0.786      0.786
  0.786      0.786      0.786      0.786      0.85       0.85      ]
 [0.786      0.786      0.786      0.786      0.786      0.786
  0.786      0.786      0.786      0.786      0.85       0.85      ]
 [0.786      0.786      0.786      0.786      0.786      0.786
  0.786      0.786      0.786      0.786      0.85       0.85      ]
 [0.786      0.786      0.786      0.786      0.786      0.786
  0.786      0.786      0.786      0.786      0.85       0.85      ]
 [0.786      0.786      0.786      0.786      0.786      0.786
  0.786      0.786      0.786      0.786      0.85       0.85      ]
 [0.786      0.786      0.786      0.786      0.786      0.786
  0.786      0.786      0.786      0.786      0.85       0.85      ]
 [0.786      0.786      0.786      0.786      0.786      0.786
  0.786      0.786      0.786      0.786      0.85       0.85      ]
 [0.786      0.786      0.786      0.786      0.786      0.786
  0.786      0.786      0.786      0.786      0.85       0.85      ]
 [0.786      0.786      0.786      0.786      0.786      0.786
  0.786      0.786      0.786      0.786      0.85       0.85      ]]","[[0. 0. 0. 0. 0. 0. 0. 0. 0. 0. 1. 1.]
 [0. 0. 0. 0. 0. 0. 0. 0. 0. 0. 1. 1.]
 [0. 0. 0. 0. 0. 0. 0. 0. 0. 0. 1. 1.]
 [0. 0. 0. 0. 0. 0. 0. 0. 0. 0. 1. 1.]
 [0. 0. 0. 0. 0. 0. 0. 0. 0. 0. 1. 1.]
 [0. 0. 0. 0. 0. 0. 0. 0. 0. 0. 1. 1.]
 [0. 0. 0. 0. 0. 0. 0. 0. 0. 0. 1. 1.]
 [0. 0. 0. 0. 0. 0. 0. 0. 0. 0. 1. 1.]
 [0. 0. 0. 0. 0. 0. 0. 0. 0. 0. 1. 1.]
 [0. 0. 0. 0. 0. 0. 0. 0. 0. 0. 1. 1.]
 [0. 0. 0. 0. 0. 0. 0. 0. 0. 0. 1. 1.]
 [0. 0. 0. 0. 0. 0. 0. 0. 0. 0. 1. 1.]
 [0. 0. 0. 0. 0. 0. 0. 0. 0. 0. 1. 1.]
 [0. 0. 0. 0. 0. 0. 0. 0. 0. 0. 1. 1.]
 [0. 0. 0. 0. 0. 0. 0. 0. 0. 0. 1. 1.]
 [0. 0. 0. 0. 0. 0. 0. 0. 0. 0. 1. 1.]
 [0. 0. 0. 0. 0. 0. 0. 0. 0. 0. 1. 1.]
 [0. 0. 0. 0. 0. 0. 0. 0. 0. 0. 1. 1.]
 [0. 0. 0. 0. 0. 0. 0. 0. 0. 0. 1. 1.]
 [0. 0. 0. 0. 0. 0. 0. 0. 0. 0. 1. 1.]
 [0. 0. 0. 0. 0. 0. 0. 0. 0. 0. 1. 1.]
 [0. 0. 0. 0. 0. 0. 0. 0. 0. 0. 1. 1.]
 [0. 0. 0. 0. 0. 0. 0. 0. 0. 0. 1. 1.]
 [0. 0. 0. 0. 0. 0. 0. 0. 0. 0. 1. 1.]
 [0. 0. 0. 0. 0. 0. 0. 0. 0. 0. 1. 1.]
 [0. 0. 0. 0. 0. 0. 0. 0. 0. 0. 1. 1.]
 [0. 0. 0. 0. 0. 0. 0. 0. 0. 0. 1. 1.]
 [0. 0. 0. 0. 0. 0. 0. 0. 0. 0. 1. 1.]
 [0. 0. 0. 0. 0. 0. 0. 0. 0. 0. 1. 1.]
 [0. 0. 0. 0. 0. 0. 0. 0. 0. 0. 1. 1.]
 [0. 0. 0. 0. 0. 0. 0. 0. 0. 0. 1. 1.]
 [0. 0. 0. 0. 0. 0. 0. 0. 0. 0. 1. 1.]
 [0. 0. 0. 0. 0. 0. 0. 0. 0. 0. 1. 1.]
 [0. 0. 0. 0. 0. 0. 0. 0. 0. 0. 1. 1.]
 [0. 0. 0. 0. 0. 0. 0. 0. 0. 0. 1. 1.]
 [0. 0. 0. 0. 0. 0. 0. 0. 0. 0. 1. 1.]
 [0. 0. 0. 0. 0. 0. 0. 0. 0. 0. 1. 1.]
 [0. 0. 0. 0. 0. 0. 0. 0. 0. 0. 1. 1.]
 [0. 0. 0. 0. 0. 0. 0. 0. 0. 0. 1. 1.]
 [0. 0. 0. 0. 0. 0. 0. 0. 0. 0. 1. 1.]
 [0. 0. 0. 0. 0. 0. 0. 0. 0. 0. 1. 1.]
 [0. 0. 0. 0. 0. 0. 0. 0. 0. 0. 1. 1.]
 [0. 0. 0. 0. 0. 0. 0. 0. 0. 0. 1. 1.]
 [0. 0. 0. 0. 0. 0. 0. 0. 0. 0. 1. 1.]
 [0. 0. 0. 0. 0. 0. 0. 0. 0. 0. 1. 1.]
 [0. 0. 0. 0. 0. 0. 0. 0. 0. 0. 1. 1.]
 [0. 0. 0. 0. 0. 0. 0. 0. 0. 0. 1. 1.]
 [0. 0. 0. 0. 0. 0. 0. 0. 0. 0. 1. 1.]
 [1. 1. 1. 1. 1. 1. 1. 1. 1. 1. 1. 1.]
 [1. 1. 1. 1. 1. 1. 1. 1. 1. 1. 1. 1.]
 [1. 1. 1. 1. 1. 1. 1. 1. 1. 1. 1. 1.]
 [1. 1. 1. 1. 1. 1. 1. 1. 1. 1. 1. 1.]
 [1. 1. 1. 1. 1. 1. 1. 1. 1. 1. 1. 1.]
 [1. 1. 1. 1. 1. 1. 1. 1. 1. 1. 1. 1.]
 [1. 1. 1. 1. 1. 1. 1. 1. 1. 1. 1. 1.]
 [1. 1. 1. 1. 1. 1. 1. 1. 1. 1. 1. 1.]
 [1. 1. 1. 1. 1. 1. 1. 1. 1. 1. 1. 1.]
 [1. 1. 1. 1. 1. 1. 1. 1. 1. 1. 1. 1.]]","[[0.         0.83629452 0.        ]
 [0.         0.83629452 0.        ]
 [0.83629452 0.         0.        ]
 [0.83629452 0.         0.        ]
 [0.83629452 0.         0.        ]
 [0.83629452 0.         0.        ]
 [0.         0.         0.83629452]
 [0.         0.         0.83629452]
 [0.         0.         0.83629452]
 [0.         0.         0.83629452]
 [0.         0.         0.22      ]
 [0.         0.         0.22      ]]","[[80, 85, 90]]"
50,11,"[[0.44487800331602323, 0.4461590895101981, 0.44732516683350976, 0.4459868820317875, 0.44610145619388863, 0.4448101692107436, 0.4450770216647175, 0.4457250978768623, 0.4508851010027077, 0.44533045149953404, 0.350840821559209]]","[[0.24304354 0.736      0.548689   0.736      0.63877273 0.60843591
  0.45272916 0.58565631 0.68672155 0.53007277 0.62665642]
 [0.24304354 0.736      0.548689   0.736      0.63877273 0.60843591
  0.45272916 0.58565631 0.68672155 0.53007277 0.62665642]
 [0.24304354 0.736      0.548689   0.736      0.63877273 0.60843591
  0.45272916 0.58565631 0.68672155 0.53007277 0.62665642]
 [0.24304354 0.736      0.548689   0.736      0.63877273 0.60843591
  0.45272916 0.58565631 0.68672155 0.53007277 0.62665642]
 [0.24304354 0.736      0.548689   0.736      0.63877273 0.60843591
  0.45272916 0.58565631 0.68672155 0.53007277 0.62665642]
 [0.24304354 0.736      0.548689   0.736      0.63877273 0.60843591
  0.45272916 0.58565631 0.68672155 0.53007277 0.62665642]
 [0.24304354 0.736      0.548689   0.736      0.63877273 0.60843591
  0.45272916 0.58565631 0.68672155 0.53007277 0.62665642]
 [0.24304354 0.736      0.548689   0.736      0.63877273 0.60843591
  0.45272916 0.58565631 0.68672155 0.53007277 0.62665642]
 [0.38761879 0.37805433 0.736      0.736      0.71781821 0.736
  0.40247385 0.736      0.736      0.736      0.48133771]
 [0.38761879 0.37805433 0.736      0.736      0.71781821 0.736
  0.40247385 0.736      0.736      0.736      0.48133771]
 [0.38761879 0.37805433 0.736      0.736      0.71781821 0.736
  0.40247385 0.736      0.736      0.736      0.48133771]
 [0.38761879 0.37805433 0.736      0.736      0.71781821 0.736
  0.40247385 0.736      0.736      0.736      0.48133771]
 [0.38761879 0.37805433 0.736      0.736      0.71781821 0.736
  0.40247385 0.736      0.736      0.736      0.48133771]
 [0.38761879 0.37805433 0.736      0.736      0.71781821 0.736
  0.40247385 0.736      0.736      0.736      0.48133771]
 [0.38761879 0.37805433 0.736      0.736      0.71781821 0.736
  0.40247385 0.736      0.736      0.736      0.48133771]
 [0.38761879 0.37805433 0.736      0.736      0.71781821 0.736
  0.40247385 0.736      0.736      0.736      0.48133771]
 [0.736      0.21420092 0.66821441 0.68099746 0.29770555 0.67287988
  0.736      0.736      0.736      0.736      0.74568046]
 [0.736      0.21420092 0.66821441 0.68099746 0.29770555 0.67287988
  0.736      0.736      0.736      0.736      0.74568046]
 [0.736      0.21420092 0.66821441 0.68099746 0.29770555 0.67287988
  0.736      0.736      0.736      0.736      0.74568046]
 [0.736      0.21420092 0.66821441 0.68099746 0.29770555 0.67287988
  0.736      0.736      0.736      0.736      0.74568046]
 [0.736      0.21420092 0.66821441 0.68099746 0.29770555 0.67287988
  0.736      0.736      0.736      0.736      0.74568046]
 [0.736      0.21420092 0.66821441 0.68099746 0.29770555 0.67287988
  0.736      0.736      0.736      0.736      0.74568046]
 [0.736      0.21420092 0.66821441 0.68099746 0.29770555 0.67287988
  0.736      0.736      0.736      0.736      0.74568046]
 [0.736      0.21420092 0.66821441 0.68099746 0.29770555 0.67287988
  0.736      0.736      0.736      0.736      0.74568046]
 [0.         0.63215414 0.53663975 0.72465631 0.736      0.59322219
  0.10437047 0.39208648 0.50395239 0.34224069 0.25976335]
 [0.         0.63215414 0.53663975 0.72465631 0.736      0.59322219
  0.10437047 0.39208648 0.50395239 0.34224069 0.25976335]
 [0.         0.63215414 0.53663975 0.72465631 0.736      0.59322219
  0.10437047 0.39208648 0.50395239 0.34224069 0.25976335]
 [0.         0.63215414 0.53663975 0.72465631 0.736      0.59322219
  0.10437047 0.39208648 0.50395239 0.34224069 0.25976335]
 [0.         0.63215414 0.53663975 0.72465631 0.736      0.59322219
  0.10437047 0.39208648 0.50395239 0.34224069 0.25976335]
 [0.         0.63215414 0.53663975 0.72465631 0.736      0.59322219
  0.10437047 0.39208648 0.50395239 0.34224069 0.25976335]
 [0.         0.63215414 0.53663975 0.72465631 0.736      0.59322219
  0.10437047 0.39208648 0.50395239 0.34224069 0.25976335]
 [0.         0.63215414 0.53663975 0.72465631 0.736      0.59322219
  0.10437047 0.39208648 0.50395239 0.34224069 0.25976335]
 [0.68967028 0.         0.68100475 0.42247822 0.1934078  0.63953557
  0.42296262 0.736      0.70245288 0.736      0.38129921]
 [0.68967028 0.         0.68100475 0.42247822 0.1934078  0.63953557
  0.42296262 0.736      0.70245288 0.736      0.38129921]
 [0.68967028 0.         0.68100475 0.42247822 0.1934078  0.63953557
  0.42296262 0.736      0.70245288 0.736      0.38129921]
 [0.68967028 0.         0.68100475 0.42247822 0.1934078  0.63953557
  0.42296262 0.736      0.70245288 0.736      0.38129921]
 [0.68967028 0.         0.68100475 0.42247822 0.1934078  0.63953557
  0.42296262 0.736      0.70245288 0.736      0.38129921]
 [0.68967028 0.         0.68100475 0.42247822 0.1934078  0.63953557
  0.42296262 0.736      0.70245288 0.736      0.38129921]
 [0.68967028 0.         0.68100475 0.42247822 0.1934078  0.63953557
  0.42296262 0.736      0.70245288 0.736      0.38129921]
 [0.68967028 0.         0.68100475 0.42247822 0.1934078  0.63953557
  0.42296262 0.736      0.70245288 0.736      0.38129921]
 [0.786      0.786      0.786      0.786      0.786      0.786
  0.786      0.786      0.786      0.786      0.85      ]
 [0.786      0.786      0.786      0.786      0.786      0.786
  0.786      0.786      0.786      0.786      0.85      ]
 [0.786      0.786      0.786      0.786      0.786      0.786
  0.786      0.786      0.786      0.786      0.85      ]
 [0.786      0.786      0.786      0.786      0.786      0.786
  0.786      0.786      0.786      0.786      0.85      ]
 [0.786      0.786      0.786      0.786      0.786      0.786
  0.786      0.786      0.786      0.786      0.85      ]
 [0.786      0.786      0.786      0.786      0.786      0.786
  0.786      0.786      0.786      0.786      0.85      ]
 [0.786      0.72081353 0.786      0.786      0.786      0.786
  0.786      0.786      0.786      0.786      0.85      ]
 [0.786      0.72081353 0.786      0.786      0.786      0.786
  0.786      0.786      0.786      0.786      0.85      ]
 [0.786      0.72081353 0.786      0.786      0.786      0.786
  0.786      0.786      0.786      0.786      0.85      ]
 [0.786      0.72081353 0.786      0.786      0.786      0.786
  0.786      0.786      0.786      0.786      0.85      ]]","[[0. 0. 0. 0. 0. 0. 0. 0. 0. 0. 1.]
 [0. 0. 0. 0. 0. 0. 0. 0. 0. 0. 1.]
 [0. 0. 0. 0. 0. 0. 0. 0. 0. 0. 1.]
 [0. 0. 0. 0. 0. 0. 0. 0. 0. 0. 1.]
 [0. 0. 0. 0. 0. 0. 0. 0. 0. 0. 1.]
 [0. 0. 0. 0. 0. 0. 0. 0. 0. 0. 1.]
 [0. 0. 0. 0. 0. 0. 0. 0. 0. 0. 1.]
 [0. 0. 0. 0. 0. 0. 0. 0. 0. 0. 1.]
 [0. 0. 0. 0. 0. 0. 0. 0. 0. 0. 1.]
 [0. 0. 0. 0. 0. 0. 0. 0. 0. 0. 1.]
 [0. 0. 0. 0. 0. 0. 0. 0. 0. 0. 1.]
 [0. 0. 0. 0. 0. 0. 0. 0. 0. 0. 1.]
 [0. 0. 0. 0. 0. 0. 0. 0. 0. 0. 1.]
 [0. 0. 0. 0. 0. 0. 0. 0. 0. 0. 1.]
 [0. 0. 0. 0. 0. 0. 0. 0. 0. 0. 1.]
 [0. 0. 0. 0. 0. 0. 0. 0. 0. 0. 1.]
 [0. 0. 0. 0. 0. 0. 0. 0. 0. 0. 1.]
 [0. 0. 0. 0. 0. 0. 0. 0. 0. 0. 1.]
 [0. 0. 0. 0. 0. 0. 0. 0. 0. 0. 1.]
 [0. 0. 0. 0. 0. 0. 0. 0. 0. 0. 1.]
 [0. 0. 0. 0. 0. 0. 0. 0. 0. 0. 1.]
 [0. 0. 0. 0. 0. 0. 0. 0. 0. 0. 1.]
 [0. 0. 0. 0. 0. 0. 0. 0. 0. 0. 1.]
 [0. 0. 0. 0. 0. 0. 0. 0. 0. 0. 1.]
 [0. 0. 0. 0. 0. 0. 0. 0. 0. 0. 0.]
 [0. 0. 0. 0. 0. 0. 0. 0. 0. 0. 0.]
 [0. 0. 0. 0. 0. 0. 0. 0. 0. 0. 0.]
 [0. 0. 0. 0. 0. 0. 0. 0. 0. 0. 0.]
 [0. 0. 0. 0. 0. 0. 0. 0. 0. 0. 0.]
 [0. 0. 0. 0. 0. 0. 0. 0. 0. 0. 0.]
 [0. 0. 0. 0. 0. 0. 0. 0. 0. 0. 0.]
 [0. 0. 0. 0. 0. 0. 0. 0. 0. 0. 0.]
 [0. 0. 0. 0. 0. 0. 0. 0. 0. 0. 0.]
 [0. 0. 0. 0. 0. 0. 0. 0. 0. 0. 0.]
 [0. 0. 0. 0. 0. 0. 0. 0. 0. 0. 0.]
 [0. 0. 0. 0. 0. 0. 0. 0. 0. 0. 0.]
 [0. 0. 0. 0. 0. 0. 0. 0. 0. 0. 0.]
 [0. 0. 0. 0. 0. 0. 0. 0. 0. 0. 0.]
 [0. 0. 0. 0. 0. 0. 0. 0. 0. 0. 0.]
 [0. 0. 0. 0. 0. 0. 0. 0. 0. 0. 0.]
 [1. 1. 1. 1. 1. 1. 1. 1. 1. 1. 1.]
 [1. 1. 1. 1. 1. 1. 1. 1. 1. 1. 1.]
 [1. 1. 1. 1. 1. 1. 1. 1. 1. 1. 1.]
 [1. 1. 1. 1. 1. 1. 1. 1. 1. 1. 1.]
 [1. 1. 1. 1. 1. 1. 1. 1. 1. 1. 1.]
 [1. 1. 1. 1. 1. 1. 1. 1. 1. 1. 1.]
 [1. 1. 1. 1. 1. 1. 1. 1. 1. 1. 1.]
 [1. 1. 1. 1. 1. 1. 1. 1. 1. 1. 1.]
 [1. 1. 1. 1. 1. 1. 1. 1. 1. 1. 1.]
 [1. 1. 1. 1. 1. 1. 1. 1. 1. 1. 1.]]","[[0.83629452 0.         0.        ]
 [0.83629452 0.         0.        ]
 [0.83629452 0.         0.        ]
 [0.83629452 0.         0.        ]
 [0.83629452 0.         0.        ]
 [0.83629452 0.         0.        ]
 [0.83629452 0.         0.        ]
 [0.83629452 0.         0.        ]
 [0.83629452 0.         0.        ]
 [0.83629452 0.         0.        ]
 [0.         0.22       0.        ]]","[[80, 85, 90]]"
47,8,"[[0.4448101692107436, 0.4458828339581414, 0.444850330467796, 0.44500070560133376, 0.44487175960005276, 0.44511442680422886, 0.4448101692107436, 0.3506585027160232]]","[[0.16568669 0.70857267 0.65094811 0.35027728 0.37417957 0.46126939
  0.32862871 0.28787144]
 [0.16568669 0.70857267 0.65094811 0.35027728 0.37417957 0.46126939
  0.32862871 0.28787144]
 [0.16568669 0.70857267 0.65094811 0.35027728 0.37417957 0.46126939
  0.32862871 0.28787144]
 [0.16568669 0.70857267 0.65094811 0.35027728 0.37417957 0.46126939
  0.32862871 0.28787144]
 [0.16568669 0.70857267 0.65094811 0.35027728 0.37417957 0.46126939
  0.32862871 0.28787144]
 [0.16568669 0.70857267 0.65094811 0.35027728 0.37417957 0.46126939
  0.32862871 0.28787144]
 [0.16568669 0.70857267 0.65094811 0.35027728 0.37417957 0.46126939
  0.32862871 0.28787144]
 [0.16568669 0.70857267 0.65094811 0.35027728 0.37417957 0.46126939
  0.32862871 0.28787144]
 [0.45918841 0.41883623 0.736      0.48566574 0.736      0.736
  0.736      0.1597601 ]
 [0.45918841 0.41883623 0.736      0.48566574 0.736      0.736
  0.736      0.1597601 ]
 [0.45918841 0.41883623 0.736      0.48566574 0.736      0.736
  0.736      0.1597601 ]
 [0.45918841 0.41883623 0.736      0.48566574 0.736      0.736
  0.736      0.1597601 ]
 [0.45918841 0.41883623 0.736      0.48566574 0.736      0.736
  0.736      0.1597601 ]
 [0.45918841 0.41883623 0.736      0.48566574 0.736      0.736
  0.736      0.1597601 ]
 [0.45918841 0.41883623 0.736      0.48566574 0.736      0.736
  0.736      0.1597601 ]
 [0.45918841 0.41883623 0.736      0.48566574 0.736      0.736
  0.736      0.1597601 ]
 [0.736      0.12380678 0.56618089 0.736      0.65501822 0.64457949
  0.63662595 0.50403934]
 [0.736      0.12380678 0.56618089 0.736      0.65501822 0.64457949
  0.63662595 0.50403934]
 [0.736      0.12380678 0.56618089 0.736      0.65501822 0.64457949
  0.63662595 0.50403934]
 [0.736      0.12380678 0.56618089 0.736      0.65501822 0.64457949
  0.63662595 0.50403934]
 [0.736      0.12380678 0.56618089 0.736      0.65501822 0.64457949
  0.63662595 0.50403934]
 [0.736      0.12380678 0.56618089 0.736      0.65501822 0.64457949
  0.63662595 0.50403934]
 [0.736      0.12380678 0.56618089 0.736      0.65501822 0.64457949
  0.63662595 0.50403934]
 [0.736      0.12380678 0.56618089 0.736      0.65501822 0.64457949
  0.63662595 0.50403934]
 [0.         0.736      0.7125336  0.07192497 0.34284727 0.45459564
  0.29554403 0.        ]
 [0.         0.736      0.7125336  0.07192497 0.34284727 0.45459564
  0.29554403 0.        ]
 [0.         0.736      0.7125336  0.07192497 0.34284727 0.45459564
  0.29554403 0.        ]
 [0.         0.736      0.7125336  0.07192497 0.34284727 0.45459564
  0.29554403 0.        ]
 [0.         0.736      0.7125336  0.07192497 0.34284727 0.45459564
  0.29554403 0.        ]
 [0.         0.736      0.7125336  0.07192497 0.34284727 0.45459564
  0.29554403 0.        ]
 [0.         0.736      0.7125336  0.07192497 0.34284727 0.45459564
  0.29554403 0.        ]
 [0.         0.736      0.7125336  0.07192497 0.34284727 0.45459564
  0.29554403 0.        ]
 [0.736      0.         0.50587611 0.71566012 0.736      0.72870655
  0.736      0.19017444]
 [0.736      0.         0.50587611 0.71566012 0.736      0.72870655
  0.736      0.19017444]
 [0.736      0.         0.50587611 0.71566012 0.736      0.72870655
  0.736      0.19017444]
 [0.736      0.         0.50587611 0.71566012 0.736      0.72870655
  0.736      0.19017444]
 [0.736      0.         0.50587611 0.71566012 0.736      0.72870655
  0.736      0.19017444]
 [0.736      0.         0.50587611 0.71566012 0.736      0.72870655
  0.736      0.19017444]
 [0.736      0.         0.50587611 0.71566012 0.736      0.72870655
  0.736      0.19017444]
 [0.736      0.         0.50587611 0.71566012 0.736      0.72870655
  0.736      0.19017444]
 [0.786      0.786      0.786      0.786      0.786      0.786
  0.786      0.85      ]
 [0.786      0.786      0.786      0.786      0.786      0.786
  0.786      0.85      ]
 [0.786      0.786      0.786      0.786      0.786      0.786
  0.786      0.85      ]
 [0.786      0.786      0.786      0.786      0.786      0.786
  0.786      0.85      ]
 [0.786      0.786      0.786      0.786      0.786      0.786
  0.786      0.85      ]
 [0.786      0.786      0.786      0.786      0.786      0.786
  0.786      0.85      ]
 [0.786      0.72336289 0.786      0.786      0.786      0.786
  0.786      0.85      ]]","[[0. 0. 0. 0. 0. 0. 0. 0.]
 [0. 0. 0. 0. 0. 0. 0. 0.]
 [0. 0. 0. 0. 0. 0. 0. 0.]
 [0. 0. 0. 0. 0. 0. 0. 0.]
 [0. 0. 0. 0. 0. 0. 0. 0.]
 [0. 0. 0. 0. 0. 0. 0. 0.]
 [0. 0. 0. 0. 0. 0. 0. 0.]
 [0. 0. 0. 0. 0. 0. 0. 0.]
 [0. 0. 0. 0. 0. 0. 0. 0.]
 [0. 0. 0. 0. 0. 0. 0. 0.]
 [0. 0. 0. 0. 0. 0. 0. 0.]
 [0. 0. 0. 0. 0. 0. 0. 0.]
 [0. 0. 0. 0. 0. 0. 0. 0.]
 [0. 0. 0. 0. 0. 0. 0. 0.]
 [0. 0. 0. 0. 0. 0. 0. 0.]
 [0. 0. 0. 0. 0. 0. 0. 0.]
 [0. 0. 0. 0. 0. 0. 0. 1.]
 [0. 0. 0. 0. 0. 0. 0. 1.]
 [0. 0. 0. 0. 0. 0. 0. 1.]
 [0. 0. 0. 0. 0. 0. 0. 1.]
 [0. 0. 0. 0. 0. 0. 0. 1.]
 [0. 0. 0. 0. 0. 0. 0. 1.]
 [0. 0. 0. 0. 0. 0. 0. 1.]
 [0. 0. 0. 0. 0. 0. 0. 1.]
 [0. 0. 0. 0. 0. 0. 0. 0.]
 [0. 0. 0. 0. 0. 0. 0. 0.]
 [0. 0. 0. 0. 0. 0. 0. 0.]
 [0. 0. 0. 0. 0. 0. 0. 0.]
 [0. 0. 0. 0. 0. 0. 0. 0.]
 [0. 0. 0. 0. 0. 0. 0. 0.]
 [0. 0. 0. 0. 0. 0. 0. 0.]
 [0. 0. 0. 0. 0. 0. 0. 0.]
 [0. 0. 0. 0. 0. 0. 0. 0.]
 [0. 0. 0. 0. 0. 0. 0. 0.]
 [0. 0. 0. 0. 0. 0. 0. 0.]
 [0. 0. 0. 0. 0. 0. 0. 0.]
 [0. 0. 0. 0. 0. 0. 0. 0.]
 [0. 0. 0. 0. 0. 0. 0. 0.]
 [0. 0. 0. 0. 0. 0. 0. 0.]
 [0. 0. 0. 0. 0. 0. 0. 0.]
 [1. 1. 1. 1. 0. 1. 0. 1.]
 [1. 1. 1. 1. 0. 1. 0. 1.]
 [1. 1. 1. 1. 0. 1. 0. 1.]
 [1. 1. 1. 1. 0. 1. 0. 1.]
 [1. 1. 1. 1. 0. 1. 0. 1.]
 [1. 1. 1. 1. 0. 1. 0. 1.]
 [1. 1. 1. 1. 1. 1. 1. 1.]]","[[0.83629452 0.         0.        ]
 [0.83629452 0.         0.        ]
 [0.83629452 0.         0.        ]
 [0.83629452 0.         0.        ]
 [0.83629452 0.         0.        ]
 [0.83629452 0.         0.        ]
 [0.83629452 0.         0.        ]
 [0.         0.22       0.        ]]","[[80, 85, 90]]"
43,4,"[[0.4448101692107436, 0.44484623485328156, 0.4448101692107436, 0.15897254913267972]]","[[0.02339305 0.58538795 0.29919073 0.        ]
 [0.02339305 0.58538795 0.29919073 0.        ]
 [0.02339305 0.58538795 0.29919073 0.        ]
 [0.02339305 0.58538795 0.29919073 0.        ]
 [0.02339305 0.58538795 0.29919073 0.        ]
 [0.02339305 0.58538795 0.29919073 0.        ]
 [0.02339305 0.58538795 0.29919073 0.        ]
 [0.02339305 0.58538795 0.29919073 0.        ]
 [0.40904638 0.52632982 0.6112395  0.        ]
 [0.40904638 0.52632982 0.6112395  0.        ]
 [0.40904638 0.52632982 0.6112395  0.        ]
 [0.40904638 0.52632982 0.6112395  0.        ]
 [0.40904638 0.52632982 0.6112395  0.        ]
 [0.40904638 0.52632982 0.6112395  0.        ]
 [0.40904638 0.52632982 0.6112395  0.        ]
 [0.40904638 0.52632982 0.6112395  0.        ]
 [0.48227364 0.1283438  0.736      0.26295546]
 [0.48227364 0.1283438  0.736      0.26295546]
 [0.48227364 0.1283438  0.736      0.26295546]
 [0.48227364 0.1283438  0.736      0.26295546]
 [0.48227364 0.1283438  0.736      0.26295546]
 [0.48227364 0.1283438  0.736      0.26295546]
 [0.48227364 0.1283438  0.736      0.26295546]
 [0.48227364 0.1283438  0.736      0.26295546]
 [0.         0.736      0.13665636 0.        ]
 [0.         0.736      0.13665636 0.        ]
 [0.         0.736      0.13665636 0.        ]
 [0.         0.736      0.13665636 0.        ]
 [0.         0.736      0.13665636 0.        ]
 [0.         0.736      0.13665636 0.        ]
 [0.         0.736      0.13665636 0.        ]
 [0.         0.736      0.13665636 0.        ]
 [0.736      0.         0.736      0.00738111]
 [0.736      0.         0.736      0.00738111]
 [0.736      0.         0.736      0.00738111]
 [0.736      0.         0.736      0.00738111]
 [0.736      0.         0.736      0.00738111]
 [0.736      0.         0.736      0.00738111]
 [0.736      0.         0.736      0.00738111]
 [0.736      0.         0.736      0.00738111]
 [0.786      0.786      0.786      0.85      ]
 [0.786      0.786      0.786      0.85      ]
 [0.786      0.786      0.786      0.85      ]]","[[0. 0. 0. 0.]
 [0. 0. 0. 0.]
 [0. 0. 0. 0.]
 [0. 0. 0. 0.]
 [0. 0. 0. 0.]
 [0. 0. 0. 0.]
 [0. 0. 0. 0.]
 [0. 0. 0. 0.]
 [0. 0. 0. 0.]
 [0. 0. 0. 0.]
 [0. 0. 0. 0.]
 [0. 0. 0. 0.]
 [0. 0. 0. 0.]
 [0. 0. 0. 0.]
 [0. 0. 0. 0.]
 [0. 0. 0. 0.]
 [0. 0. 0. 0.]
 [0. 0. 0. 0.]
 [0. 0. 0. 0.]
 [0. 0. 0. 0.]
 [0. 0. 0. 0.]
 [0. 0. 0. 0.]
 [0. 0. 0. 0.]
 [0. 0. 0. 0.]
 [0. 0. 0. 0.]
 [0. 0. 0. 0.]
 [0. 0. 0. 0.]
 [0. 0. 0. 0.]
 [0. 0. 0. 0.]
 [0. 0. 0. 0.]
 [0. 0. 0. 0.]
 [0. 0. 0. 0.]
 [0. 0. 0. 0.]
 [0. 0. 0. 0.]
 [0. 0. 0. 0.]
 [0. 0. 0. 0.]
 [0. 0. 0. 0.]
 [0. 0. 0. 0.]
 [0. 0. 0. 0.]
 [0. 0. 0. 0.]
 [1. 1. 1. 1.]
 [1. 1. 1. 1.]
 [1. 1. 1. 1.]]","[[0.83629452 0.         0.        ]
 [0.83629452 0.         0.        ]
 [0.83629452 0.         0.        ]
 [0.22       0.         0.        ]]","[[80, 85, 90]]"
41,2,"[[0.4448101692107436, 0.1592642290610154]]","[[0.11866768 0.        ]
 [0.11866768 0.        ]
 [0.11866768 0.        ]
 [0.11866768 0.        ]
 [0.11866768 0.        ]
 [0.11866768 0.        ]
 [0.11866768 0.        ]
 [0.11866768 0.        ]
 [0.52015199 0.        ]
 [0.52015199 0.        ]
 [0.52015199 0.        ]
 [0.52015199 0.        ]
 [0.52015199 0.        ]
 [0.52015199 0.        ]
 [0.52015199 0.        ]
 [0.52015199 0.        ]
 [0.51257655 0.10204736]
 [0.51257655 0.10204736]
 [0.51257655 0.10204736]
 [0.51257655 0.10204736]
 [0.51257655 0.10204736]
 [0.51257655 0.10204736]
 [0.51257655 0.10204736]
 [0.51257655 0.10204736]
 [0.07931215 0.        ]
 [0.07931215 0.        ]
 [0.07931215 0.        ]
 [0.07931215 0.        ]
 [0.07931215 0.        ]
 [0.07931215 0.        ]
 [0.07931215 0.        ]
 [0.07931215 0.        ]
 [0.736      0.        ]
 [0.736      0.        ]
 [0.736      0.        ]
 [0.736      0.        ]
 [0.736      0.        ]
 [0.736      0.        ]
 [0.736      0.        ]
 [0.736      0.        ]
 [0.786      0.85      ]]","[[0. 0.]
 [0. 0.]
 [0. 0.]
 [0. 0.]
 [0. 0.]
 [0. 0.]
 [0. 0.]
 [0. 0.]
 [0. 0.]
 [0. 0.]
 [0. 0.]
 [0. 0.]
 [0. 0.]
 [0. 0.]
 [0. 0.]
 [0. 0.]
 [0. 0.]
 [0. 0.]
 [0. 0.]
 [0. 0.]
 [0. 0.]
 [0. 0.]
 [0. 0.]
 [0. 0.]
 [0. 0.]
 [0. 0.]
 [0. 0.]
 [0. 0.]
 [0. 0.]
 [0. 0.]
 [0. 0.]
 [0. 0.]
 [0. 0.]
 [0. 0.]
 [0. 0.]
 [0. 0.]
 [0. 0.]
 [0. 0.]
 [0. 0.]
 [0. 0.]
 [1. 1.]]","[[0.83629452 0.         0.        ]
 [0.22       0.         0.        ]]","[[80, 85, 90]]"
40,1,[[0.15955843873118042]],"[[0.]
 [0.]
 [0.]
 [0.]
 [0.]
 [0.]
 [0.]
 [0.]
 [0.]
 [0.]
 [0.]
 [0.]
 [0.]
 [0.]
 [0.]
 [0.]
 [0.]
 [0.]
 [0.]
 [0.]
 [0.]
 [0.]
 [0.]
 [0.]
 [0.]
 [0.]
 [0.]
 [0.]
 [0.]
 [0.]
 [0.]
 [0.]
 [0.]
 [0.]
 [0.]
 [0.]
 [0.]
 [0.]
 [0.]
 [0.]]","[[0.]
 [0.]
 [0.]
 [0.]
 [0.]
 [0.]
 [0.]
 [0.]
 [0.]
 [0.]
 [0.]
 [0.]
 [0.]
 [0.]
 [0.]
 [0.]
 [0.]
 [0.]
 [0.]
 [0.]
 [0.]
 [0.]
 [0.]
 [0.]
 [0.]
 [0.]
 [0.]
 [0.]
 [0.]
 [0.]
 [0.]
 [0.]
 [0.]
 [0.]
 [0.]
 [0.]
 [0.]
 [0.]
 [0.]
 [0.]]",[[0.22 0.   0.  ]],"[[80, 85, 90]]"
41,1,[[0.5464924715898872]],"[[0.34988032]
 [0.34988032]
 [0.34988032]
 [0.34988032]
 [0.34988032]
 [0.34988032]
 [0.34988032]
 [0.34988032]
 [0.75620779]
 [0.75620779]
 [0.75620779]
 [0.75620779]
 [0.75620779]
 [0.75620779]
 [0.75620779]
 [0.75620779]
 [0.48737576]
 [0.48737576]
 [0.48737576]
 [0.48737576]
 [0.48737576]
 [0.48737576]
 [0.48737576]
 [0.48737576]
 [0.42543843]
 [0.42543843]
 [0.42543843]
 [0.42543843]
 [0.42543843]
 [0.42543843]
 [0.42543843]
 [0.42543843]
 [0.63714229]
 [0.63714229]
 [0.63714229]
 [0.63714229]
 [0.63714229]
 [0.63714229]
 [0.63714229]
 [0.63714229]
 [0.818     ]]","[[0.]
 [0.]
 [0.]
 [0.]
 [0.]
 [0.]
 [0.]
 [0.]
 [0.]
 [0.]
 [0.]
 [0.]
 [0.]
 [0.]
 [0.]
 [0.]
 [0.]
 [0.]
 [0.]
 [0.]
 [0.]
 [0.]
 [0.]
 [0.]
 [0.]
 [0.]
 [0.]
 [0.]
 [0.]
 [0.]
 [0.]
 [0.]
 [0.]
 [0.]
 [0.]
 [0.]
 [0.]
 [0.]
 [0.]
 [0.]
 [0.]]",[[0.         0.         0.58837803]],"[[80, 85, 90]]"
42,2,"[[0.5500894866882765, 0.5501843015662379]]","[[0.45234756 0.45495398]
 [0.45234756 0.45495398]
 [0.45234756 0.45495398]
 [0.45234756 0.45495398]
 [0.45234756 0.45495398]
 [0.45234756 0.45495398]
 [0.45234756 0.45495398]
 [0.45234756 0.45495398]
 [0.768      0.768     ]
 [0.768      0.768     ]
 [0.768      0.768     ]
 [0.768      0.768     ]
 [0.768      0.768     ]
 [0.768      0.768     ]
 [0.768      0.768     ]
 [0.768      0.768     ]
 [0.61414753 0.6175035 ]
 [0.61414753 0.6175035 ]
 [0.61414753 0.6175035 ]
 [0.61414753 0.6175035 ]
 [0.61414753 0.6175035 ]
 [0.61414753 0.6175035 ]
 [0.61414753 0.6175035 ]
 [0.61414753 0.6175035 ]
 [0.47658307 0.47766343]
 [0.47658307 0.47766343]
 [0.47658307 0.47766343]
 [0.47658307 0.47766343]
 [0.47658307 0.47766343]
 [0.47658307 0.47766343]
 [0.47658307 0.47766343]
 [0.47658307 0.47766343]
 [0.72183814 0.72379613]
 [0.72183814 0.72379613]
 [0.72183814 0.72379613]
 [0.72183814 0.72379613]
 [0.72183814 0.72379613]
 [0.72183814 0.72379613]
 [0.72183814 0.72379613]
 [0.72183814 0.72379613]
 [0.818      0.818     ]
 [0.818      0.818     ]]","[[0. 0.]
 [0. 0.]
 [0. 0.]
 [0. 0.]
 [0. 0.]
 [0. 0.]
 [0. 0.]
 [0. 0.]
 [0. 0.]
 [0. 0.]
 [0. 0.]
 [0. 0.]
 [0. 0.]
 [0. 0.]
 [0. 0.]
 [0. 0.]
 [0. 0.]
 [0. 0.]
 [0. 0.]
 [0. 0.]
 [0. 0.]
 [0. 0.]
 [0. 0.]
 [0. 0.]
 [0. 0.]
 [0. 0.]
 [0. 0.]
 [0. 0.]
 [0. 0.]
 [0. 0.]
 [0. 0.]
 [0. 0.]
 [0. 0.]
 [0. 0.]
 [0. 0.]
 [0. 0.]
 [0. 0.]
 [0. 0.]
 [0. 0.]
 [0. 0.]
 [1. 1.]
 [1. 1.]]","[[0.         0.         0.58837803]
 [0.         0.         0.58837803]]","[[80, 85, 90]]"
42,2,"[[0.5522240171229859, 0.5522240171229859]]","[[0.54688839 0.54915085]
 [0.54688839 0.54915085]
 [0.54688839 0.54915085]
 [0.54688839 0.54915085]
 [0.54688839 0.54915085]
 [0.54688839 0.54915085]
 [0.54688839 0.54915085]
 [0.54688839 0.54915085]
 [0.768      0.768     ]
 [0.768      0.768     ]
 [0.768      0.768     ]
 [0.768      0.768     ]
 [0.768      0.768     ]
 [0.768      0.768     ]
 [0.768      0.768     ]
 [0.768      0.768     ]
 [0.74249816 0.74578683]
 [0.74249816 0.74578683]
 [0.74249816 0.74578683]
 [0.74249816 0.74578683]
 [0.74249816 0.74578683]
 [0.74249816 0.74578683]
 [0.74249816 0.74578683]
 [0.74249816 0.74578683]
 [0.50638684 0.50682101]
 [0.50638684 0.50682101]
 [0.50638684 0.50682101]
 [0.50638684 0.50682101]
 [0.50638684 0.50682101]
 [0.50638684 0.50682101]
 [0.50638684 0.50682101]
 [0.50638684 0.50682101]
 [0.768      0.768     ]
 [0.768      0.768     ]
 [0.768      0.768     ]
 [0.768      0.768     ]
 [0.768      0.768     ]
 [0.768      0.768     ]
 [0.768      0.768     ]
 [0.768      0.768     ]
 [0.818      0.818     ]
 [0.818      0.818     ]]","[[0. 0.]
 [0. 0.]
 [0. 0.]
 [0. 0.]
 [0. 0.]
 [0. 0.]
 [0. 0.]
 [0. 0.]
 [0. 0.]
 [0. 0.]
 [0. 0.]
 [0. 0.]
 [0. 0.]
 [0. 0.]
 [0. 0.]
 [0. 0.]
 [0. 0.]
 [0. 0.]
 [0. 0.]
 [0. 0.]
 [0. 0.]
 [0. 0.]
 [0. 0.]
 [0. 0.]
 [0. 0.]
 [0. 0.]
 [0. 0.]
 [0. 0.]
 [0. 0.]
 [0. 0.]
 [0. 0.]
 [0. 0.]
 [0. 0.]
 [0. 0.]
 [0. 0.]
 [0. 0.]
 [0. 0.]
 [0. 0.]
 [0. 0.]
 [0. 0.]
 [1. 1.]
 [1. 1.]]","[[0.         0.         0.58837803]
 [0.         0.         0.58837803]]","[[80, 85, 90]]"
42,2,"[[0.5522240171229859, 0.5522240171229859]]","[[0.62501991 0.6267602 ]
 [0.62501991 0.6267602 ]
 [0.62501991 0.6267602 ]
 [0.62501991 0.6267602 ]
 [0.62501991 0.6267602 ]
 [0.62501991 0.6267602 ]
 [0.62501991 0.6267602 ]
 [0.62501991 0.6267602 ]
 [0.768      0.768     ]
 [0.768      0.768     ]
 [0.768      0.768     ]
 [0.768      0.768     ]
 [0.768      0.768     ]
 [0.768      0.768     ]
 [0.768      0.768     ]
 [0.768      0.768     ]
 [0.768      0.768     ]
 [0.768      0.768     ]
 [0.768      0.768     ]
 [0.768      0.768     ]
 [0.768      0.768     ]
 [0.768      0.768     ]
 [0.768      0.768     ]
 [0.768      0.768     ]
 [0.51009794 0.50983637]
 [0.51009794 0.50983637]
 [0.51009794 0.50983637]
 [0.51009794 0.50983637]
 [0.51009794 0.50983637]
 [0.51009794 0.50983637]
 [0.51009794 0.50983637]
 [0.51009794 0.50983637]
 [0.768      0.768     ]
 [0.768      0.768     ]
 [0.768      0.768     ]
 [0.768      0.768     ]
 [0.768      0.768     ]
 [0.768      0.768     ]
 [0.768      0.768     ]
 [0.768      0.768     ]
 [0.818      0.818     ]
 [0.818      0.818     ]]","[[0. 0.]
 [0. 0.]
 [0. 0.]
 [0. 0.]
 [0. 0.]
 [0. 0.]
 [0. 0.]
 [0. 0.]
 [0. 0.]
 [0. 0.]
 [0. 0.]
 [0. 0.]
 [0. 0.]
 [0. 0.]
 [0. 0.]
 [0. 0.]
 [0. 0.]
 [0. 0.]
 [0. 0.]
 [0. 0.]
 [0. 0.]
 [0. 0.]
 [0. 0.]
 [0. 0.]
 [0. 0.]
 [0. 0.]
 [0. 0.]
 [0. 0.]
 [0. 0.]
 [0. 0.]
 [0. 0.]
 [0. 0.]
 [0. 0.]
 [0. 0.]
 [0. 0.]
 [0. 0.]
 [0. 0.]
 [0. 0.]
 [0. 0.]
 [0. 0.]
 [1. 1.]
 [1. 1.]]","[[0.         0.         0.58837803]
 [0.         0.         0.58837803]]","[[80, 85, 90]]"
42,2,"[[0.5522240171229859, 0.5522240171229859]]","[[0.68508021 0.68883047]
 [0.68508021 0.68883047]
 [0.68508021 0.68883047]
 [0.68508021 0.68883047]
 [0.68508021 0.68883047]
 [0.68508021 0.68883047]
 [0.68508021 0.68883047]
 [0.68508021 0.68883047]
 [0.768      0.768     ]
 [0.768      0.768     ]
 [0.768      0.768     ]
 [0.768      0.768     ]
 [0.768      0.768     ]
 [0.768      0.768     ]
 [0.768      0.768     ]
 [0.768      0.768     ]
 [0.768      0.768     ]
 [0.768      0.768     ]
 [0.768      0.768     ]
 [0.768      0.768     ]
 [0.768      0.768     ]
 [0.768      0.768     ]
 [0.768      0.768     ]
 [0.768      0.768     ]
 [0.49462968 0.49728622]
 [0.49462968 0.49728622]
 [0.49462968 0.49728622]
 [0.49462968 0.49728622]
 [0.49462968 0.49728622]
 [0.49462968 0.49728622]
 [0.49462968 0.49728622]
 [0.49462968 0.49728622]
 [0.76790167 0.76410033]
 [0.76790167 0.76410033]
 [0.76790167 0.76410033]
 [0.76790167 0.76410033]
 [0.76790167 0.76410033]
 [0.76790167 0.76410033]
 [0.76790167 0.76410033]
 [0.76790167 0.76410033]
 [0.818      0.818     ]
 [0.818      0.818     ]]","[[0. 0.]
 [0. 0.]
 [0. 0.]
 [0. 0.]
 [0. 0.]
 [0. 0.]
 [0. 0.]
 [0. 0.]
 [0. 0.]
 [0. 0.]
 [0. 0.]
 [0. 0.]
 [0. 0.]
 [0. 0.]
 [0. 0.]
 [0. 0.]
 [0. 0.]
 [0. 0.]
 [0. 0.]
 [0. 0.]
 [0. 0.]
 [0. 0.]
 [0. 0.]
 [0. 0.]
 [0. 0.]
 [0. 0.]
 [0. 0.]
 [0. 0.]
 [0. 0.]
 [0. 0.]
 [0. 0.]
 [0. 0.]
 [0. 0.]
 [0. 0.]
 [0. 0.]
 [0. 0.]
 [0. 0.]
 [0. 0.]
 [0. 0.]
 [0. 0.]
 [1. 1.]
 [1. 1.]]","[[0.         0.         0.58837803]
 [0.         0.         0.58837803]]","[[80, 85, 90]]"
42,2,"[[0.5124755556045008, 0.5124573015543822]]","[[0.69387877 0.69128192]
 [0.69387877 0.69128192]
 [0.69387877 0.69128192]
 [0.69387877 0.69128192]
 [0.69387877 0.69128192]
 [0.69387877 0.69128192]
 [0.69387877 0.69128192]
 [0.69387877 0.69128192]
 [0.768      0.768     ]
 [0.768      0.768     ]
 [0.768      0.768     ]
 [0.768      0.768     ]
 [0.768      0.768     ]
 [0.768      0.768     ]
 [0.768      0.768     ]
 [0.768      0.768     ]
 [0.768      0.768     ]
 [0.768      0.768     ]
 [0.768      0.768     ]
 [0.768      0.768     ]
 [0.768      0.768     ]
 [0.768      0.768     ]
 [0.768      0.768     ]
 [0.768      0.768     ]
 [0.55950045 0.56038051]
 [0.55950045 0.56038051]
 [0.55950045 0.56038051]
 [0.55950045 0.56038051]
 [0.55950045 0.56038051]
 [0.55950045 0.56038051]
 [0.55950045 0.56038051]
 [0.55950045 0.56038051]
 [0.7433252  0.74390459]
 [0.7433252  0.74390459]
 [0.7433252  0.74390459]
 [0.7433252  0.74390459]
 [0.7433252  0.74390459]
 [0.7433252  0.74390459]
 [0.7433252  0.74390459]
 [0.7433252  0.74390459]
 [0.818      0.818     ]
 [0.818      0.818     ]]","[[0. 0.]
 [0. 0.]
 [0. 0.]
 [0. 0.]
 [0. 0.]
 [0. 0.]
 [0. 0.]
 [0. 0.]
 [0. 0.]
 [0. 0.]
 [0. 0.]
 [0. 0.]
 [0. 0.]
 [0. 0.]
 [0. 0.]
 [0. 0.]
 [0. 0.]
 [0. 0.]
 [0. 0.]
 [0. 0.]
 [0. 0.]
 [0. 0.]
 [0. 0.]
 [0. 0.]
 [0. 0.]
 [0. 0.]
 [0. 0.]
 [0. 0.]
 [0. 0.]
 [0. 0.]
 [0. 0.]
 [0. 0.]
 [0. 0.]
 [0. 0.]
 [0. 0.]
 [0. 0.]
 [0. 0.]
 [0. 0.]
 [0. 0.]
 [0. 0.]
 [1. 1.]
 [1. 1.]]","[[0.58837803 0.         0.        ]
 [0.58837803 0.         0.        ]]","[[80, 85, 90]]"
42,2,"[[0.5119126655386287, 0.5118835637359224]]","[[0.61846791 0.61491995]
 [0.61846791 0.61491995]
 [0.61846791 0.61491995]
 [0.61846791 0.61491995]
 [0.61846791 0.61491995]
 [0.61846791 0.61491995]
 [0.61846791 0.61491995]
 [0.61846791 0.61491995]
 [0.768      0.768     ]
 [0.768      0.768     ]
 [0.768      0.768     ]
 [0.768      0.768     ]
 [0.768      0.768     ]
 [0.768      0.768     ]
 [0.768      0.768     ]
 [0.768      0.768     ]
 [0.76089693 0.75602256]
 [0.76089693 0.75602256]
 [0.76089693 0.75602256]
 [0.76089693 0.75602256]
 [0.76089693 0.75602256]
 [0.76089693 0.75602256]
 [0.76089693 0.75602256]
 [0.76089693 0.75602256]
 [0.56765263 0.56734252]
 [0.56765263 0.56734252]
 [0.56765263 0.56734252]
 [0.56765263 0.56734252]
 [0.56765263 0.56734252]
 [0.56765263 0.56734252]
 [0.56765263 0.56734252]
 [0.56765263 0.56734252]
 [0.73710353 0.73600068]
 [0.73710353 0.73600068]
 [0.73710353 0.73600068]
 [0.73710353 0.73600068]
 [0.73710353 0.73600068]
 [0.73710353 0.73600068]
 [0.73710353 0.73600068]
 [0.73710353 0.73600068]
 [0.818      0.818     ]
 [0.818      0.818     ]]","[[0. 0.]
 [0. 0.]
 [0. 0.]
 [0. 0.]
 [0. 0.]
 [0. 0.]
 [0. 0.]
 [0. 0.]
 [0. 0.]
 [0. 0.]
 [0. 0.]
 [0. 0.]
 [0. 0.]
 [0. 0.]
 [0. 0.]
 [0. 0.]
 [0. 0.]
 [0. 0.]
 [0. 0.]
 [0. 0.]
 [0. 0.]
 [0. 0.]
 [0. 0.]
 [0. 0.]
 [0. 0.]
 [0. 0.]
 [0. 0.]
 [0. 0.]
 [0. 0.]
 [0. 0.]
 [0. 0.]
 [0. 0.]
 [0. 0.]
 [0. 0.]
 [0. 0.]
 [0. 0.]
 [0. 0.]
 [0. 0.]
 [0. 0.]
 [0. 0.]
 [1. 1.]
 [1. 1.]]","[[0.58837803 0.         0.        ]
 [0.58837803 0.         0.        ]]","[[80, 85, 90]]"
42,2,"[[0.5110876964652332, 0.5110481607811023]]","[[0.52410438 0.51995955]
 [0.52410438 0.51995955]
 [0.52410438 0.51995955]
 [0.52410438 0.51995955]
 [0.52410438 0.51995955]
 [0.52410438 0.51995955]
 [0.52410438 0.51995955]
 [0.52410438 0.51995955]
 [0.768      0.768     ]
 [0.768      0.768     ]
 [0.768      0.768     ]
 [0.768      0.768     ]
 [0.768      0.768     ]
 [0.768      0.768     ]
 [0.768      0.768     ]
 [0.768      0.768     ]
 [0.63801405 0.63291042]
 [0.63801405 0.63291042]
 [0.63801405 0.63291042]
 [0.63801405 0.63291042]
 [0.63801405 0.63291042]
 [0.63801405 0.63291042]
 [0.63801405 0.63291042]
 [0.63801405 0.63291042]
 [0.54672409 0.54526498]
 [0.54672409 0.54526498]
 [0.54672409 0.54526498]
 [0.54672409 0.54526498]
 [0.54672409 0.54526498]
 [0.54672409 0.54526498]
 [0.54672409 0.54526498]
 [0.54672409 0.54526498]
 [0.69216815 0.68965805]
 [0.69216815 0.68965805]
 [0.69216815 0.68965805]
 [0.69216815 0.68965805]
 [0.69216815 0.68965805]
 [0.69216815 0.68965805]
 [0.69216815 0.68965805]
 [0.69216815 0.68965805]
 [0.818      0.818     ]
 [0.818      0.818     ]]","[[0. 0.]
 [0. 0.]
 [0. 0.]
 [0. 0.]
 [0. 0.]
 [0. 0.]
 [0. 0.]
 [0. 0.]
 [0. 0.]
 [0. 0.]
 [0. 0.]
 [0. 0.]
 [0. 0.]
 [0. 0.]
 [0. 0.]
 [0. 0.]
 [0. 0.]
 [0. 0.]
 [0. 0.]
 [0. 0.]
 [0. 0.]
 [0. 0.]
 [0. 0.]
 [0. 0.]
 [0. 0.]
 [0. 0.]
 [0. 0.]
 [0. 0.]
 [0. 0.]
 [0. 0.]
 [0. 0.]
 [0. 0.]
 [0. 0.]
 [0. 0.]
 [0. 0.]
 [0. 0.]
 [0. 0.]
 [0. 0.]
 [0. 0.]
 [0. 0.]
 [1. 1.]
 [1. 1.]]","[[0.58837803 0.         0.        ]
 [0.58837803 0.         0.        ]]","[[80, 85, 90]]"
42,2,"[[0.5100122033988027, 0.5099627650551793]]","[[0.41790728 0.41338966]
 [0.41790728 0.41338966]
 [0.41790728 0.41338966]
 [0.41790728 0.41338966]
 [0.41790728 0.41338966]
 [0.41790728 0.41338966]
 [0.41790728 0.41338966]
 [0.41790728 0.41338966]
 [0.768      0.768     ]
 [0.768      0.768     ]
 [0.768      0.768     ]
 [0.768      0.768     ]
 [0.768      0.768     ]
 [0.768      0.768     ]
 [0.768      0.768     ]
 [0.768      0.768     ]
 [0.51114497 0.50592936]
 [0.51114497 0.50592936]
 [0.51114497 0.50592936]
 [0.51114497 0.50592936]
 [0.51114497 0.50592936]
 [0.51114497 0.50592936]
 [0.51114497 0.50592936]
 [0.51114497 0.50592936]
 [0.4994403  0.49700825]
 [0.4994403  0.49700825]
 [0.4994403  0.49700825]
 [0.4994403  0.49700825]
 [0.4994403  0.49700825]
 [0.4994403  0.49700825]
 [0.4994403  0.49700825]
 [0.4994403  0.49700825]
 [0.61792616 0.61444809]
 [0.61792616 0.61444809]
 [0.61792616 0.61444809]
 [0.61792616 0.61444809]
 [0.61792616 0.61444809]
 [0.61792616 0.61444809]
 [0.61792616 0.61444809]
 [0.61792616 0.61444809]
 [0.818      0.818     ]
 [0.818      0.818     ]]","[[0. 0.]
 [0. 0.]
 [0. 0.]
 [0. 0.]
 [0. 0.]
 [0. 0.]
 [0. 0.]
 [0. 0.]
 [0. 0.]
 [0. 0.]
 [0. 0.]
 [0. 0.]
 [0. 0.]
 [0. 0.]
 [0. 0.]
 [0. 0.]
 [0. 0.]
 [0. 0.]
 [0. 0.]
 [0. 0.]
 [0. 0.]
 [0. 0.]
 [0. 0.]
 [0. 0.]
 [0. 0.]
 [0. 0.]
 [0. 0.]
 [0. 0.]
 [0. 0.]
 [0. 0.]
 [0. 0.]
 [0. 0.]
 [0. 0.]
 [0. 0.]
 [0. 0.]
 [0. 0.]
 [0. 0.]
 [0. 0.]
 [0. 0.]
 [0. 0.]
 [1. 1.]
 [1. 1.]]","[[0.58837803 0.         0.        ]
 [0.58837803 0.         0.        ]]","[[80, 85, 90]]"
2,2,"[[0.8769637514487852, 0.8783399248288054]]","[[0.818 0.818]
 [0.818 0.818]]","[[1. 1.]
 [1. 1.]]","[[1. 0. 0.]
 [1. 0. 0.]]","[[80, 85, 90]]"
2,2,"[[0.8734173092388507, 0.874984791057256]]","[[0.818 0.818]
 [0.818 0.818]]","[[1. 1.]
 [1. 1.]]","[[1. 0. 0.]
 [1. 0. 0.]]","[[80, 85, 90]]"
2,2,"[[0.8694511900181728, 0.8711928534128125]]","[[0.818 0.818]
 [0.818 0.818]]","[[1. 1.]
 [1. 1.]]","[[1. 0. 0.]
 [1. 0. 0.]]","[[80, 85, 90]]"
2,2,"[[0.8651049260039384, 0.8670040522680557]]","[[0.818 0.818]
 [0.818 0.818]]","[[1. 1.]
 [1. 1.]]","[[1. 0. 0.]
 [1. 0. 0.]]","[[80, 85, 90]]"
2,2,"[[0.8604163540031257, 0.8624570588724912]]","[[0.818 0.818]
 [0.818 0.818]]","[[1. 1.]
 [1. 1.]]","[[1. 0. 0.]
 [1. 0. 0.]]","[[80, 85, 90]]"
5,5,"[[0.5936390695841136, 0.593871036196477, 0.5934340940171621, 0.5934087435317541, 0.5942007209215219]]","[[0.6932 0.6932 0.6932 0.6932 0.6932]
 [0.6932 0.6932 0.6932 0.6932 0.6932]
 [0.6932 0.6932 0.6932 0.6932 0.6932]
 [0.6932 0.6932 0.6932 0.6932 0.6932]
 [0.6932 0.6932 0.6932 0.6932 0.6932]]","[[1. 1. 1. 1. 1.]
 [1. 1. 1. 1. 1.]
 [1. 1. 1. 1. 1.]
 [1. 1. 1. 1. 1.]
 [1. 1. 1. 1. 1.]]","[[1. 0. 0.]
 [1. 0. 0.]
 [1. 0. 0.]
 [1. 0. 0.]
 [1. 0. 0.]]","[[80, 85, 90]]"
7,7,"[[0.4461654481376665, 0.5241626511055089, 0.5241626511055089, 0.4354552245957746, 0.4363727824171764, 0.43820802180027846, 0.4372903844422669]]","[[0.786      0.786      0.786      0.85       0.85       0.85
  0.85      ]
 [0.786      0.786      0.786      0.85       0.85       0.85
  0.85      ]
 [0.786      0.786      0.786      0.85       0.85       0.85
  0.85      ]
 [0.786      0.786      0.786      0.85       0.85       0.85
  0.85      ]
 [0.786      0.786      0.786      0.85       0.85       0.85
  0.85      ]
 [0.786      0.786      0.786      0.85       0.85       0.85
  0.85      ]
 [0.70450806 0.75457533 0.75718233 0.7466933  0.74695231 0.74747602
  0.74721335]]","[[1. 1. 1. 1. 1. 1. 1.]
 [1. 1. 1. 1. 1. 1. 1.]
 [1. 1. 1. 1. 1. 1. 1.]
 [1. 1. 1. 1. 1. 1. 1.]
 [1. 1. 1. 1. 1. 1. 1.]
 [1. 1. 1. 1. 1. 1. 1.]
 [1. 1. 1. 1. 1. 1. 1.]]","[[0.83629452 0.         0.        ]
 [0.83629452 0.         0.        ]
 [0.83629452 0.         0.        ]
 [0.04       0.         0.        ]
 [0.04       0.         0.        ]
 [0.04       0.         0.        ]
 [0.04       0.         0.        ]]","[[80, 85, 90]]"
1,1,[[0.4066543378792196]],[[0.818]],[[1.]],[[0.         0.61488563 0.        ]],"[[80, 85, 90]]"
1,1,[[0.5098783864165028]],[[0.6932]],[[1.]],[[1. 0. 0.]],"[[80, 85, 90]]"
1,1,[[0.41235955607084074]],[[0.818]],[[1.]],[[0.61488563 0.         0.        ]],"[[80, 85, 90]]"
7,7,"[[0.35789347020307755, 0.4121649288884213, 0.3813588811432727, 0.38138827472652276, 0.38133654854611804, 0.3813268257876024, 0.4066543378792196]]","[[0.7320049  0.68553246 0.85       0.85       0.85       0.85
  0.818     ]
 [0.7320049  0.68553246 0.85       0.85       0.85       0.85
  0.818     ]
 [0.7320049  0.68553246 0.85       0.85       0.85       0.85
  0.818     ]
 [0.7320049  0.68553246 0.85       0.85       0.85       0.85
  0.818     ]
 [0.7320049  0.68553246 0.85       0.85       0.85       0.85
  0.818     ]
 [0.818      0.818      0.73794352 0.74178253 0.73501764 0.73372583
  0.818     ]
 [0.818      0.818      0.73794352 0.74178253 0.73501764 0.73372583
  0.818     ]]","[[1. 1. 1. 1. 1. 1. 1.]
 [1. 1. 1. 1. 1. 1. 1.]
 [1. 1. 1. 1. 1. 1. 1.]
 [1. 1. 1. 1. 1. 1. 1.]
 [1. 1. 1. 1. 1. 1. 1.]
 [1. 1. 1. 1. 1. 1. 1.]
 [1. 1. 1. 1. 1. 1. 1.]]","[[0.61488563 0.         0.        ]
 [0.61488563 0.         0.        ]
 [0.22       0.         0.        ]
 [0.22       0.         0.        ]
 [0.22       0.         0.        ]
 [0.22       0.         0.        ]
 [0.         0.61488563 0.        ]]","[[80, 85, 90]]"
6,6,"[[0.40493255624206803, 0.38022748537277457, 0.38025686142717247, 0.3802051637484461, 0.3801954505951138, 0.41364480246014146]]","[[0.818      0.57540738 0.57990414 0.57197988 0.57048937 0.81256979]
 [0.818      0.57540738 0.57990414 0.57197988 0.57048937 0.81256979]
 [0.818      0.57540738 0.57990414 0.57197988 0.57048937 0.81256979]
 [0.818      0.57540738 0.57990414 0.57197988 0.57048937 0.81256979]
 [0.818      0.57540738 0.57990414 0.57197988 0.57048937 0.81256979]
 [0.818      0.57540738 0.57990414 0.57197988 0.57048937 0.81256979]]","[[1. 1. 1. 1. 1. 1.]
 [1. 1. 1. 1. 1. 1.]
 [1. 1. 1. 1. 1. 1.]
 [1. 1. 1. 1. 1. 1.]
 [1. 1. 1. 1. 1. 1.]
 [1. 1. 1. 1. 1. 1.]]","[[0.         0.61488563 0.        ]
 [0.22       0.         0.        ]
 [0.22       0.         0.        ]
 [0.22       0.         0.        ]
 [0.22       0.         0.        ]
 [0.61488563 0.         0.        ]]","[[80, 85, 90]]"
2,2,"[[0.40330651224117486, 0.43977397505909666]]","[[0.8121232  0.818     ]
 [0.818      0.72911357]]","[[1. 1.]
 [1. 1.]]","[[0.         0.61488563 0.        ]
 [0.         0.         0.61488563]]","[[80, 85, 90]]"
5,5,"[[0.4448101692107436, 0.4448101692107436, 0.4448101692107436, 0.4644341029062745, 0.463504482455444]]","[[0.786 0.786 0.786 0.818 0.818]
 [0.786 0.786 0.786 0.818 0.818]
 [0.786 0.786 0.786 0.818 0.818]
 [0.786 0.786 0.786 0.818 0.818]
 [0.786 0.786 0.786 0.818 0.818]]","[[1. 1. 1. 1. 1.]
 [1. 1. 1. 1. 1.]
 [1. 1. 1. 1. 1.]
 [1. 1. 1. 1. 1.]
 [1. 1. 1. 1. 1.]]","[[0.83629452 0.         0.        ]
 [0.83629452 0.         0.        ]
 [0.83629452 0.         0.        ]
 [0.61488563 0.         0.        ]
 [0.61488563 0.         0.        ]]","[[80, 85, 90]]"
2,2,"[[0.4448101692107436, 0.4579451139569092]]","[[0.786 0.818]
 [0.786 0.818]]","[[1. 1.]
 [1. 1.]]","[[0.83629452 0.         0.        ]
 [0.61488563 0.         0.        ]]","[[80, 85, 90]]"
1,1,[[0.4568934318521059]],[[0.818]],[[1.]],[[0.61488563 0.         0.        ]],"[[80, 85, 90]]"
16,16,"[[0.5942204611746136, 0.5942133957736465, 0.5941321229344674, 0.5941321229344674, 0.5185051769896938, 0.5941716034629092, 0.5896601224425891, 0.5505321325635033, 0.5354258586925951, 0.5175911615643297, 0.5015851959936856, 0.5175388828069145, 0.5877610552181922, 0.553808271230238, 0.553808271230238, 0.5940653811251028]]","[[0.66238004 0.67039613 0.68530449 0.68530449 0.77464596 0.68309857
  0.69250433 0.6932     0.6932     0.71132919 0.38440019 0.7104262
  0.67332315 0.6932     0.6932     0.60783937]
 [0.66238004 0.67039613 0.68530449 0.68530449 0.77464596 0.68309857
  0.69250433 0.6932     0.6932     0.71132919 0.38440019 0.7104262
  0.67332315 0.6932     0.6932     0.60783937]
 [0.66238004 0.67039613 0.68530449 0.68530449 0.77464596 0.68309857
  0.69250433 0.6932     0.6932     0.71132919 0.38440019 0.7104262
  0.67332315 0.6932     0.6932     0.60783937]
 [0.66238004 0.67039613 0.68530449 0.68530449 0.77464596 0.68309857
  0.69250433 0.6932     0.6932     0.71132919 0.38440019 0.7104262
  0.67332315 0.6932     0.6932     0.60783937]
 [0.66238004 0.67039613 0.68530449 0.68530449 0.77464596 0.68309857
  0.69250433 0.6932     0.6932     0.71132919 0.38440019 0.7104262
  0.67332315 0.6932     0.6932     0.60783937]
 [0.66238004 0.67039613 0.68530449 0.68530449 0.77464596 0.68309857
  0.69250433 0.6932     0.6932     0.71132919 0.38440019 0.7104262
  0.67332315 0.6932     0.6932     0.60783937]
 [0.6932     0.6932     0.6932     0.6932     0.786      0.6932
  0.6932     0.6852463  0.68779128 0.786      0.64045442 0.786
  0.6932     0.66691869 0.66329194 0.6932    ]
 [0.6932     0.6932     0.6932     0.6932     0.786      0.6932
  0.6932     0.6852463  0.68779128 0.786      0.64045442 0.786
  0.6932     0.66691869 0.66329194 0.6932    ]
 [0.6932     0.6932     0.6932     0.6932     0.786      0.6932
  0.6932     0.6852463  0.68779128 0.786      0.64045442 0.786
  0.6932     0.66691869 0.66329194 0.6932    ]
 [0.6932     0.6932     0.6932     0.6932     0.786      0.6932
  0.6932     0.6852463  0.68779128 0.786      0.64045442 0.786
  0.6932     0.66691869 0.66329194 0.6932    ]
 [0.6932     0.6932     0.6932     0.6932     0.786      0.6932
  0.6932     0.6932     0.6932     0.786      0.6932     0.786
  0.6932     0.6932     0.6932     0.6932    ]
 [0.6932     0.6932     0.6932     0.6932     0.786      0.6932
  0.6932     0.6932     0.6932     0.786      0.6932     0.786
  0.6932     0.6932     0.6932     0.6932    ]
 [0.6932     0.6932     0.6932     0.6932     0.786      0.6932
  0.6932     0.6932     0.6932     0.786      0.6932     0.786
  0.6932     0.6932     0.6932     0.6932    ]
 [0.6932     0.6932     0.6932     0.6932     0.786      0.6932
  0.6932     0.6932     0.6932     0.786      0.6932     0.786
  0.6932     0.6932     0.6932     0.6932    ]
 [0.6932     0.6932     0.6932     0.6932     0.786      0.6932
  0.6932     0.6932     0.6932     0.786      0.6932     0.786
  0.6932     0.6932     0.6932     0.6932    ]
 [0.6932     0.6932     0.6932     0.6932     0.786      0.6932
  0.6932     0.6932     0.6932     0.786      0.6932     0.786
  0.6932     0.6932     0.6932     0.6932    ]]","[[1. 1. 1. 1. 1. 1. 1. 1. 1. 1. 0. 1. 1. 1. 1. 1.]
 [1. 1. 1. 1. 1. 1. 1. 1. 1. 1. 0. 1. 1. 1. 1. 1.]
 [1. 1. 1. 1. 1. 1. 1. 1. 1. 1. 0. 1. 1. 1. 1. 1.]
 [1. 1. 1. 1. 1. 1. 1. 1. 1. 1. 0. 1. 1. 1. 1. 1.]
 [1. 1. 1. 1. 1. 1. 1. 1. 1. 1. 0. 1. 1. 1. 1. 1.]
 [1. 1. 1. 1. 1. 1. 1. 1. 1. 1. 0. 1. 1. 1. 1. 1.]
 [1. 1. 1. 1. 1. 1. 1. 1. 1. 1. 1. 1. 1. 1. 1. 1.]
 [1. 1. 1. 1. 1. 1. 1. 1. 1. 1. 1. 1. 1. 1. 1. 1.]
 [1. 1. 1. 1. 1. 1. 1. 1. 1. 1. 1. 1. 1. 1. 1. 1.]
 [1. 1. 1. 1. 1. 1. 1. 1. 1. 1. 1. 1. 1. 1. 1. 1.]
 [1. 1. 1. 1. 1. 1. 1. 1. 1. 1. 1. 1. 1. 1. 1. 1.]
 [1. 1. 1. 1. 1. 1. 1. 1. 1. 1. 1. 1. 1. 1. 1. 1.]
 [1. 1. 1. 1. 1. 1. 1. 1. 1. 1. 1. 1. 1. 1. 1. 1.]
 [1. 1. 1. 1. 1. 1. 1. 1. 1. 1. 1. 1. 1. 1. 1. 1.]
 [1. 1. 1. 1. 1. 1. 1. 1. 1. 1. 1. 1. 1. 1. 1. 1.]
 [1. 1. 1. 1. 1. 1. 1. 1. 1. 1. 1. 1. 1. 1. 1. 1.]]","[[0.         1.         0.        ]
 [0.         1.         0.        ]
 [0.         1.         0.        ]
 [0.         1.         0.        ]
 [0.83629452 0.         0.        ]
 [0.         1.         0.        ]
 [0.         0.         1.        ]
 [0.         1.         0.        ]
 [0.         1.         0.        ]
 [0.83629452 0.         0.        ]
 [0.         0.         1.        ]
 [0.83629452 0.         0.        ]
 [0.         0.         1.        ]
 [0.         1.         0.        ]
 [0.         1.         0.        ]
 [0.         1.         0.        ]]","[[80, 85, 90]]"
26,25,"[[0.5941397255482956, 0.5941062127785137, 0.5939243360612214, 0.5939243360612214, 0.5208261706261305, 0.5940015969719241, 0.5939646146615629, 0.5942760026406084, 0.5943095509168304, 0.5201002472332458, 0.5927793411749034, 0.5200610238330268, 0.5938449958376877, 0.594179911621423, 0.5941791068176838, 0.5192015628662405, 0.5196313877770178, 0.588082329141685, 0.5877610552181922, 0.5941766020937184, 0.5890268258028803, 0.4357551122103349, 0.506088917795519, 0.4353436488910456, 0.3824106606613185]]","[[0.6432     0.6432     0.6432     0.6432     0.736      0.6432
  0.6432     0.6432     0.6432     0.736      0.6432     0.736
  0.6432     0.6432     0.6432     0.736      0.736      0.6432
  0.6432     0.6432     0.6432     0.6432     0.736      0.6432
  0.672     ]
 [0.6932     0.6932     0.6932     0.6932     0.786      0.6932
  0.6932     0.6932     0.6932     0.786      0.51917681 0.786
  0.6932     0.6932     0.6932     0.786      0.786      0.6932
  0.6932     0.6932     0.6932     0.33790623 0.43147213 0.36602497
  0.62793215]
 [0.6932     0.6932     0.6932     0.6932     0.786      0.6932
  0.6932     0.6932     0.6932     0.786      0.51917681 0.786
  0.6932     0.6932     0.6932     0.786      0.786      0.6932
  0.6932     0.6932     0.6932     0.33790623 0.43147213 0.36602497
  0.62793215]
 [0.6932     0.6932     0.6932     0.6932     0.786      0.6932
  0.6932     0.6932     0.6932     0.786      0.51917681 0.786
  0.6932     0.6932     0.6932     0.786      0.786      0.6932
  0.6932     0.6932     0.6932     0.33790623 0.43147213 0.36602497
  0.62793215]
 [0.6932     0.6932     0.6932     0.6932     0.786      0.6932
  0.6932     0.6932     0.6932     0.786      0.51917681 0.786
  0.6932     0.6932     0.6932     0.786      0.786      0.6932
  0.6932     0.6932     0.6932     0.33790623 0.43147213 0.36602497
  0.62793215]
 [0.6932     0.6932     0.6932     0.6932     0.786      0.6932
  0.6932     0.6932     0.6932     0.786      0.51917681 0.786
  0.6932     0.6932     0.6932     0.786      0.786      0.6932
  0.6932     0.6932     0.6932     0.33790623 0.43147213 0.36602497
  0.62793215]
 [0.6932     0.6932     0.6932     0.6932     0.786      0.6932
  0.6932     0.6932     0.6932     0.786      0.51917681 0.786
  0.6932     0.6932     0.6932     0.786      0.786      0.6932
  0.6932     0.6932     0.6932     0.33790623 0.43147213 0.36602497
  0.62793215]
 [0.6932     0.6932     0.6932     0.6932     0.786      0.6932
  0.6932     0.6932     0.6932     0.786      0.6932     0.786
  0.6932     0.6932     0.6932     0.786      0.786      0.6932
  0.6932     0.6932     0.6932     0.57493878 0.66962942 0.59836926
  0.722     ]
 [0.6932     0.6932     0.6932     0.6932     0.786      0.6932
  0.6932     0.6932     0.6932     0.786      0.6932     0.786
  0.6932     0.6932     0.6932     0.786      0.786      0.6932
  0.6932     0.6932     0.6932     0.57493878 0.66962942 0.59836926
  0.722     ]
 [0.6932     0.6932     0.6932     0.6932     0.786      0.6932
  0.6932     0.6932     0.6932     0.786      0.6932     0.786
  0.6932     0.6932     0.6932     0.786      0.786      0.6932
  0.6932     0.6932     0.6932     0.57493878 0.66962942 0.59836926
  0.722     ]
 [0.6932     0.6932     0.6932     0.6932     0.786      0.6932
  0.6932     0.6932     0.6932     0.786      0.6932     0.786
  0.6932     0.6932     0.6932     0.786      0.786      0.6932
  0.6932     0.6932     0.6932     0.57493878 0.66962942 0.59836926
  0.722     ]
 [0.6932     0.6932     0.6932     0.6932     0.786      0.6932
  0.6932     0.6932     0.6932     0.786      0.6932     0.786
  0.6932     0.6932     0.6932     0.786      0.786      0.6932
  0.6932     0.6932     0.6932     0.57493878 0.66962942 0.59836926
  0.722     ]
 [0.6932     0.6932     0.6932     0.6932     0.786      0.6932
  0.6932     0.6932     0.6932     0.786      0.6932     0.786
  0.6932     0.6932     0.6932     0.786      0.786      0.6932
  0.6932     0.6932     0.6932     0.57493878 0.66962942 0.59836926
  0.722     ]
 [0.64102722 0.63847159 0.63667496 0.63667496 0.786      0.63545925
  0.6932     0.6932     0.6932     0.786      0.41720663 0.786
  0.6932     0.6932     0.6932     0.786      0.786      0.6932
  0.6932     0.6932     0.6932     0.37399087 0.4660181  0.40367493
  0.69583911]
 [0.64102722 0.63847159 0.63667496 0.63667496 0.786      0.63545925
  0.6932     0.6932     0.6932     0.786      0.41720663 0.786
  0.6932     0.6932     0.6932     0.786      0.786      0.6932
  0.6932     0.6932     0.6932     0.37399087 0.4660181  0.40367493
  0.69583911]
 [0.64102722 0.63847159 0.63667496 0.63667496 0.786      0.63545925
  0.6932     0.6932     0.6932     0.786      0.41720663 0.786
  0.6932     0.6932     0.6932     0.786      0.786      0.6932
  0.6932     0.6932     0.6932     0.37399087 0.4660181  0.40367493
  0.69583911]
 [0.64102722 0.63847159 0.63667496 0.63667496 0.786      0.63545925
  0.6932     0.6932     0.6932     0.786      0.41720663 0.786
  0.6932     0.6932     0.6932     0.786      0.786      0.6932
  0.6932     0.6932     0.6932     0.37399087 0.4660181  0.40367493
  0.69583911]
 [0.64102722 0.63847159 0.63667496 0.63667496 0.786      0.63545925
  0.6932     0.6932     0.6932     0.786      0.41720663 0.786
  0.6932     0.6932     0.6932     0.786      0.786      0.6932
  0.6932     0.6932     0.6932     0.37399087 0.4660181  0.40367493
  0.69583911]
 [0.64102722 0.63847159 0.63667496 0.63667496 0.786      0.63545925
  0.6932     0.6932     0.6932     0.786      0.41720663 0.786
  0.6932     0.6932     0.6932     0.786      0.786      0.6932
  0.6932     0.6932     0.6932     0.37399087 0.4660181  0.40367493
  0.69583911]
 [0.6932     0.6932     0.6932     0.6932     0.786      0.6932
  0.6932     0.6932     0.6932     0.786      0.63534222 0.786
  0.6932     0.6932     0.6932     0.786      0.786      0.6932
  0.6932     0.6932     0.6932     0.6253376  0.71743543 0.65506359
  0.722     ]
 [0.6932     0.6932     0.6932     0.6932     0.786      0.6932
  0.6932     0.6932     0.6932     0.786      0.63534222 0.786
  0.6932     0.6932     0.6932     0.786      0.786      0.6932
  0.6932     0.6932     0.6932     0.6253376  0.71743543 0.65506359
  0.722     ]
 [0.6932     0.6932     0.6932     0.6932     0.786      0.6932
  0.6932     0.6932     0.6932     0.786      0.63534222 0.786
  0.6932     0.6932     0.6932     0.786      0.786      0.6932
  0.6932     0.6932     0.6932     0.6253376  0.71743543 0.65506359
  0.722     ]
 [0.6932     0.6932     0.6932     0.6932     0.786      0.6932
  0.6932     0.6932     0.6932     0.786      0.63534222 0.786
  0.6932     0.6932     0.6932     0.786      0.786      0.6932
  0.6932     0.6932     0.6932     0.6253376  0.71743543 0.65506359
  0.722     ]
 [0.6932     0.6932     0.6932     0.6932     0.786      0.6932
  0.6932     0.6932     0.6932     0.786      0.63534222 0.786
  0.6932     0.6932     0.6932     0.786      0.786      0.6932
  0.6932     0.6932     0.6932     0.6253376  0.71743543 0.65506359
  0.722     ]
 [0.6932     0.6932     0.6932     0.6932     0.786      0.6932
  0.6932     0.6932     0.6932     0.786      0.63534222 0.786
  0.6932     0.6932     0.6932     0.786      0.786      0.6932
  0.6932     0.6932     0.6932     0.6253376  0.71743543 0.65506359
  0.722     ]
 [0.6932     0.6932     0.6932     0.6932     0.786      0.6932
  0.6932     0.6932     0.6932     0.786      0.6932     0.786
  0.6932     0.6932     0.6932     0.786      0.786      0.6932
  0.6932     0.6932     0.6932     0.6932     0.786      0.6932
  0.722     ]]","[[1. 1. 1. 1. 1. 1. 1. 1. 1. 1. 1. 1. 1. 1. 1. 1. 1. 1. 1. 1. 1. 1. 1. 1.
  1.]
 [1. 1. 1. 1. 1. 1. 1. 1. 1. 1. 1. 1. 1. 1. 1. 1. 1. 1. 1. 1. 1. 0. 1. 0.
  1.]
 [1. 1. 1. 1. 1. 1. 1. 1. 1. 1. 1. 1. 1. 1. 1. 1. 1. 1. 1. 1. 1. 0. 1. 0.
  1.]
 [1. 1. 1. 1. 1. 1. 1. 1. 1. 1. 1. 1. 1. 1. 1. 1. 1. 1. 1. 1. 1. 0. 1. 0.
  1.]
 [1. 1. 1. 1. 1. 1. 1. 1. 1. 1. 1. 1. 1. 1. 1. 1. 1. 1. 1. 1. 1. 0. 1. 0.
  1.]
 [1. 1. 1. 1. 1. 1. 1. 1. 1. 1. 1. 1. 1. 1. 1. 1. 1. 1. 1. 1. 1. 0. 1. 0.
  1.]
 [1. 1. 1. 1. 1. 1. 1. 1. 1. 1. 1. 1. 1. 1. 1. 1. 1. 1. 1. 1. 1. 0. 1. 0.
  1.]
 [0. 0. 0. 0. 1. 0. 1. 1. 1. 1. 1. 1. 1. 1. 1. 1. 1. 1. 1. 1. 1. 1. 1. 1.
  1.]
 [0. 0. 0. 0. 1. 0. 1. 1. 1. 1. 1. 1. 1. 1. 1. 1. 1. 1. 1. 1. 1. 1. 1. 1.
  1.]
 [0. 0. 0. 0. 1. 0. 1. 1. 1. 1. 1. 1. 1. 1. 1. 1. 1. 1. 1. 1. 1. 1. 1. 1.
  1.]
 [0. 0. 0. 0. 1. 0. 1. 1. 1. 1. 1. 1. 1. 1. 1. 1. 1. 1. 1. 1. 1. 1. 1. 1.
  1.]
 [0. 0. 0. 0. 1. 0. 1. 1. 1. 1. 1. 1. 1. 1. 1. 1. 1. 1. 1. 1. 1. 1. 1. 1.
  1.]
 [0. 0. 0. 0. 1. 0. 1. 1. 1. 1. 1. 1. 1. 1. 1. 1. 1. 1. 1. 1. 1. 1. 1. 1.
  1.]
 [1. 1. 1. 1. 1. 1. 1. 1. 1. 1. 0. 1. 1. 1. 1. 1. 1. 1. 1. 1. 1. 0. 0. 0.
  1.]
 [1. 1. 1. 1. 1. 1. 1. 1. 1. 1. 0. 1. 1. 1. 1. 1. 1. 1. 1. 1. 1. 0. 0. 0.
  1.]
 [1. 1. 1. 1. 1. 1. 1. 1. 1. 1. 0. 1. 1. 1. 1. 1. 1. 1. 1. 1. 1. 0. 0. 0.
  1.]
 [1. 1. 1. 1. 1. 1. 1. 1. 1. 1. 0. 1. 1. 1. 1. 1. 1. 1. 1. 1. 1. 0. 0. 0.
  1.]
 [1. 1. 1. 1. 1. 1. 1. 1. 1. 1. 0. 1. 1. 1. 1. 1. 1. 1. 1. 1. 1. 0. 0. 0.
  1.]
 [1. 1. 1. 1. 1. 1. 1. 1. 1. 1. 0. 1. 1. 1. 1. 1. 1. 1. 1. 1. 1. 0. 0. 0.
  1.]
 [1. 1. 1. 1. 1. 1. 1. 1. 1. 1. 1. 1. 1. 1. 1. 1. 1. 1. 1. 1. 1. 1. 1. 1.
  1.]
 [1. 1. 1. 1. 1. 1. 1. 1. 1. 1. 1. 1. 1. 1. 1. 1. 1. 1. 1. 1. 1. 1. 1. 1.
  1.]
 [1. 1. 1. 1. 1. 1. 1. 1. 1. 1. 1. 1. 1. 1. 1. 1. 1. 1. 1. 1. 1. 1. 1. 1.
  1.]
 [1. 1. 1. 1. 1. 1. 1. 1. 1. 1. 1. 1. 1. 1. 1. 1. 1. 1. 1. 1. 1. 1. 1. 1.
  1.]
 [1. 1. 1. 1. 1. 1. 1. 1. 1. 1. 1. 1. 1. 1. 1. 1. 1. 1. 1. 1. 1. 1. 1. 1.
  1.]
 [1. 1. 1. 1. 1. 1. 1. 1. 1. 1. 1. 1. 1. 1. 1. 1. 1. 1. 1. 1. 1. 1. 1. 1.
  1.]
 [1. 1. 1. 1. 1. 1. 1. 1. 1. 1. 1. 1. 1. 1. 1. 1. 1. 1. 1. 1. 1. 1. 1. 1.
  1.]]","[[0.         1.         0.        ]
 [0.         1.         0.        ]
 [0.         1.         0.        ]
 [0.         1.         0.        ]
 [0.83629452 0.         0.        ]
 [0.         1.         0.        ]
 [0.         1.         0.        ]
 [1.         0.         0.        ]
 [1.         0.         0.        ]
 [0.83629452 0.         0.        ]
 [0.         0.         1.        ]
 [0.83629452 0.         0.        ]
 [0.         1.         0.        ]
 [0.         1.         0.        ]
 [0.         1.         0.        ]
 [0.83629452 0.         0.        ]
 [0.83629452 0.         0.        ]
 [0.         0.         1.        ]
 [0.         0.         1.        ]
 [1.         0.         0.        ]
 [0.         0.         1.        ]
 [0.         0.         1.        ]
 [0.         0.         0.83629452]
 [0.         0.         1.        ]
 [0.         0.23182635 0.        ]]","[[80, 85, 90]]"
34,32,"[[0.5895151958591017, 0.5877613269983395, 0.5877613269983395, 0.5877613269983395, 0.5226628123208609, 0.5877613269983395, 0.5937170913783081, 0.5940871598142553, 0.5942114107314891, 0.506703234239082, 0.5923068610544979, 0.506703234239082, 0.5935409661985207, 0.5939751900159149, 0.593962150049987, 0.5213689664768428, 0.5217155165813945, 0.5942034502422242, 0.5940045444684874, 0.5899485312896473, 0.5941580382964174, 0.5927771508940286, 0.506703234239082, 0.5917685904575583, 0.506703234239082, 0.5930875207049165, 0.43335218583747503, 0.5064375025591804, 1, 0.3845053361203381, 0.3817676926991297, 0.3817676926991297]]","[[0.6432     0.6432     0.6432     ... 0.672      0.672      0.672     ]
 [0.6432     0.6432     0.6432     ... 0.672      0.672      0.672     ]
 [0.6432     0.6432     0.6432     ... 0.672      0.672      0.672     ]
 ...
 [0.58105605 0.57189752 0.55784272 ... 0.722      0.722      0.722     ]
 [0.58105605 0.57189752 0.55784272 ... 0.722      0.722      0.722     ]
 [0.58105605 0.57189752 0.55784272 ... 0.722      0.722      0.722     ]]","[[1. 1. 1. ... 1. 1. 1.]
 [1. 1. 1. ... 1. 1. 1.]
 [1. 1. 1. ... 1. 1. 1.]
 ...
 [1. 1. 1. ... 1. 1. 1.]
 [1. 1. 1. ... 1. 1. 1.]
 [1. 1. 1. ... 1. 1. 1.]]","[[0.         0.         1.        ]
 [0.         0.         1.        ]
 [0.         0.         1.        ]
 [0.         0.         1.        ]
 [0.83629452 0.         0.        ]
 [0.         0.         1.        ]
 [0.         1.         0.        ]
 [1.         0.         0.        ]
 [1.         0.         0.        ]
 [0.         0.         0.83629452]
 [0.         0.         1.        ]
 [0.         0.         0.83629452]
 [0.         1.         0.        ]
 [1.         0.         0.        ]
 [1.         0.         0.        ]
 [0.83629452 0.         0.        ]
 [0.83629452 0.         0.        ]
 [0.         1.         0.        ]
 [0.         1.         0.        ]
 [0.         1.         0.        ]
 [0.         1.         0.        ]
 [0.         0.         1.        ]
 [0.         0.         0.83629452]
 [0.         0.         1.        ]
 [0.         0.         0.83629452]
 [0.         0.         1.        ]
 [0.         0.         1.        ]
 [0.         0.         0.83629452]
 [1.         0.         0.        ]
 [0.         0.23182635 0.        ]
 [0.         0.23182635 0.        ]
 [0.         0.23182635 0.        ]]","[[80, 85, 90]]"
38,36,"[[0.5240766526828806, 0.5935086466789601, 0.5938464959233264, 0.5940362800831273, 0.5236565943783338, 0.5918798943705263, 0.5236352965008115, 0.593295860076067, 0.5936797823883234, 0.5936597194564408, 0.5230736770152768, 0.5233457481331116, 0.5941361337411669, 0.5938318312864149, 0.594280298766961, 0.5940446101002738, 0.592242928161319, 0.506703234239082, 0.5909570081428249, 0.506703234239082, 0.5926551315706701, 0.5923185464833808, 0.506703234239082, 0.506703234239082, 0.506703234239082, 1, 1, 1, 1, 1, 0.4118524783594394, 0.38362718354061154, 0.38362718354061154, 0.4066586436053916, 0.42450117569944634, 0.42311585840015054]]","[[0.736      0.6432     0.6432     ... 0.768      0.768      0.768     ]
 [0.736      0.6432     0.6432     ... 0.768      0.768      0.768     ]
 [0.736      0.6432     0.6432     ... 0.768      0.768      0.768     ]
 ...
 [0.57992045 0.37352515 0.35966441 ... 0.818      0.818      0.818     ]
 [0.57992045 0.37352515 0.35966441 ... 0.818      0.818      0.818     ]
 [0.57992045 0.37352515 0.35966441 ... 0.818      0.818      0.818     ]]","[[1. 1. 1. ... 1. 1. 1.]
 [1. 1. 1. ... 1. 1. 1.]
 [1. 1. 1. ... 1. 1. 1.]
 ...
 [1. 0. 0. ... 1. 1. 1.]
 [1. 0. 0. ... 1. 1. 1.]
 [1. 0. 0. ... 1. 1. 1.]]","[[0.83629452 0.         0.        ]
 [0.         1.         0.        ]
 [1.         0.         0.        ]
 [1.         0.         0.        ]
 [0.83629452 0.         0.        ]
 [0.         0.         1.        ]
 [0.83629452 0.         0.        ]
 [0.         1.         0.        ]
 [1.         0.         0.        ]
 [1.         0.         0.        ]
 [0.83629452 0.         0.        ]
 [0.83629452 0.         0.        ]
 [0.         1.         0.        ]
 [0.         1.         0.        ]
 [1.         0.         0.        ]
 [0.         1.         0.        ]
 [0.         0.         1.        ]
 [0.         0.         0.83629452]
 [0.         0.         1.        ]
 [0.         0.         0.83629452]
 [0.         0.         1.        ]
 [0.         0.         1.        ]
 [0.         0.         0.83629452]
 [0.         0.         0.83629452]
 [0.         0.         0.83629452]
 [1.         0.         0.        ]
 [1.         0.         0.        ]
 [1.         0.         0.        ]
 [1.         0.         0.        ]
 [1.         0.         0.        ]
 [0.         0.         0.23182635]
 [0.         0.23182635 0.        ]
 [0.         0.23182635 0.        ]
 [0.         0.61488563 0.        ]
 [0.61488563 0.         0.        ]
 [0.61488563 0.         0.        ]]","[[80, 85, 90]]"
39,34,"[[0.5241626511055089, 0.5241626511055089, 0.5241626511055089, 0.5432424875421069, 0.5917358536779163, 0.506703234239082, 0.5902496172915113, 0.506703234239082, 0.592202116281275, 0.5917020826621329, 0.506703234239082, 0.506703234239082, 0.506703234239082, 0.506703234239082, 0.506703234239082, 0.506703234239082, 0.506703234239082, 0.506703234239082, 1, 1, 1, 1, 1, 0.38834429179634317, 0.42581901437372227, 0.42581901437372227, 1, 0.4066586436053916, 0.4066589775773912, 0.4280260694275321, 0.42810781152931454, 0.4392028218986668, 0.43739380566120634, 0.45309018245985083]]","[[0.736      0.736      0.736      ... 0.768      0.768      0.8       ]
 [0.736      0.736      0.736      ... 0.768      0.768      0.8       ]
 [0.736      0.736      0.736      ... 0.768      0.768      0.8       ]
 ...
 [0.44227573 0.44443519 0.5249189  ... 0.818      0.818      0.55347236]
 [0.44227573 0.44443519 0.5249189  ... 0.818      0.818      0.55347236]
 [0.44227573 0.44443519 0.5249189  ... 0.818      0.818      0.55347236]]","[[1. 1. 1. ... 1. 1. 1.]
 [1. 1. 1. ... 1. 1. 1.]
 [1. 1. 1. ... 1. 1. 1.]
 ...
 [1. 1. 1. ... 0. 1. 1.]
 [1. 1. 1. ... 0. 1. 1.]
 [1. 1. 1. ... 0. 1. 1.]]","[[0.83629452 0.         0.        ]
 [0.83629452 0.         0.        ]
 [0.83629452 0.         0.        ]
 [0.         0.83629452 0.        ]
 [0.         0.         1.        ]
 [0.         0.         0.83629452]
 [0.         0.         1.        ]
 [0.         0.         0.83629452]
 [0.         0.         1.        ]
 [0.         0.         1.        ]
 [0.         0.         0.83629452]
 [0.         0.         0.83629452]
 [0.         0.         0.83629452]
 [0.         0.         0.83629452]
 [0.         0.         0.83629452]
 [0.         0.         0.83629452]
 [0.         0.         0.83629452]
 [0.         0.         0.83629452]
 [1.         0.         0.        ]
 [1.         0.         0.        ]
 [1.         0.         0.        ]
 [1.         0.         0.        ]
 [1.         0.         0.        ]
 [0.         0.23182635 0.        ]
 [0.         0.         0.23182635]
 [0.         0.         0.23182635]
 [1.         0.         0.        ]
 [0.         0.61488563 0.        ]
 [0.         0.61488563 0.        ]
 [0.61488563 0.         0.        ]
 [0.         0.61488563 0.        ]
 [0.         0.         0.61488563]
 [0.         0.         0.61488563]
 [0.         0.04       0.        ]]","[[80, 85, 90]]"
37,34,"[[0.5098788185064299, 0.5098788185064299, 0.506703234239082, 0.506703234239082, 0.5911663198111486, 0.506703234239082, 0.506703234239082, 0.506703234239082, 0.506703234239082, 0.506703234239082, 0.506703234239082, 0.506703234239082, 0.506703234239082, 0.41557869733213915, 1, 1, 1, 1, 1, 0.48031258864503595, 1, 0.4066584766364285, 0.40592914517881956, 0.40503336924188893, 0.3826428172275898, 0.3826428172275898, 0.3826428172275898, 0.3826428172275898, 0.38064466831879656, 0.38048812590272846, 0.4066589775773912, 0.43979683720082524, 0.3803821411842448, 0.3802816023416247]]","[[0.6432     0.6432     0.736      ... 0.768      0.8        0.8       ]
 [0.6432     0.6432     0.736      ... 0.768      0.8        0.8       ]
 [0.6432     0.6432     0.736      ... 0.768      0.8        0.8       ]
 ...
 [0.65340128 0.65340128 0.51805636 ... 0.818      0.85       0.85      ]
 [0.65340128 0.65340128 0.51805636 ... 0.818      0.85       0.85      ]
 [0.65340128 0.65340128 0.51805636 ... 0.818      0.85       0.85      ]]","[[1. 1. 1. ... 1. 1. 1.]
 [1. 1. 1. ... 1. 1. 1.]
 [1. 1. 1. ... 1. 1. 1.]
 ...
 [1. 1. 1. ... 1. 1. 1.]
 [1. 1. 1. ... 1. 1. 1.]
 [1. 1. 1. ... 1. 1. 1.]]","[[1.         0.         0.        ]
 [1.         0.         0.        ]
 [0.         0.         0.83629452]
 [0.         0.         0.83629452]
 [0.         0.         1.        ]
 [0.         0.         0.83629452]
 [0.         0.         0.83629452]
 [0.         0.         0.83629452]
 [0.         0.         0.83629452]
 [0.         0.         0.83629452]
 [0.         0.         0.83629452]
 [0.         0.         0.83629452]
 [0.         0.         0.83629452]
 [0.         0.         0.2       ]
 [1.         0.         0.        ]
 [1.         0.         0.        ]
 [1.         0.         0.        ]
 [1.         0.         0.        ]
 [1.         0.         0.        ]
 [0.23182635 0.         0.        ]
 [1.         0.         0.        ]
 [0.         0.61488563 0.        ]
 [0.         0.         0.61488563]
 [0.         0.61488563 0.        ]
 [0.         0.         0.22      ]
 [0.         0.         0.22      ]
 [0.         0.         0.22      ]
 [0.         0.         0.22      ]
 [0.         0.         0.22      ]
 [0.         0.         0.22      ]
 [0.         0.61488563 0.        ]
 [0.         0.         0.61488563]
 [0.         0.         0.22      ]
 [0.         0.         0.22      ]]","[[80, 85, 90]]"
41,41,"[[0.5098783864165028, 0.5098783864165028, 0.5098785190825658, 0.5098784192837592, 0.5098783864165028, 0.506703234239082, 0.506703234239082, 0.506703234239082, 0.506703234239082, 0.506703234239082, 0.506703234239082, 0.506703234239082, 0.8447503330713969, 0.41557869733213915, 0.41557869733213915, 0.41557869733213915, 1, 1, 1, 1, 1, 0.48031258864503595, 0.48031258864503595, 0.48031258864503595, 1, 0.47256682212655254, 0.47250995762584697, 0.37593468151459014, 0.37581088477871966, 0.376085984173439, 0.3760488801109783, 0.3826428172275898, 0.3826428172275898, 0.4066593115948252, 0.41265661923090047, 0.3826428172275898, 0.3826428172275898, 0.379137441514998, 0.3793001113925141, 0.3791539230149726, 0.37919693592807185]]","[[0.6432     0.6432     0.6432     ... 0.8        0.8        0.8       ]
 [0.6432     0.6432     0.6432     ... 0.8        0.8        0.8       ]
 [0.6432     0.6432     0.6432     ... 0.8        0.8        0.8       ]
 ...
 [0.6932     0.6932     0.60799518 ... 0.85       0.85       0.85      ]
 [0.46827448 0.46827448 0.6932     ... 0.53203953 0.52834111 0.52692497]
 [0.46827448 0.46827448 0.6932     ... 0.53203953 0.52834111 0.52692497]]","[[1. 1. 1. ... 1. 1. 1.]
 [1. 1. 1. ... 1. 1. 1.]
 [1. 1. 1. ... 1. 1. 1.]
 ...
 [1. 1. 1. ... 1. 1. 1.]
 [1. 1. 1. ... 1. 1. 1.]
 [1. 1. 1. ... 1. 1. 1.]]","[[1.         0.         0.        ]
 [1.         0.         0.        ]
 [1.         0.         0.        ]
 [1.         0.         0.        ]
 [1.         0.         0.        ]
 [0.         0.         0.83629452]
 [0.         0.         0.83629452]
 [0.         0.         0.83629452]
 [0.         0.         0.83629452]
 [0.         0.         0.83629452]
 [0.         0.         0.83629452]
 [0.         0.         0.83629452]
 [1.         0.         0.        ]
 [0.         0.         0.2       ]
 [0.         0.         0.2       ]
 [0.         0.         0.2       ]
 [1.         0.         0.        ]
 [1.         0.         0.        ]
 [1.         0.         0.        ]
 [1.         0.         0.        ]
 [1.         0.         0.        ]
 [0.23182635 0.         0.        ]
 [0.23182635 0.         0.        ]
 [0.23182635 0.         0.        ]
 [1.         0.         0.        ]
 [0.61488563 0.         0.        ]
 [0.61488563 0.         0.        ]
 [0.22       0.         0.        ]
 [0.22       0.         0.        ]
 [0.22       0.         0.        ]
 [0.22       0.         0.        ]
 [0.         0.         0.22      ]
 [0.         0.         0.22      ]
 [0.         0.61488563 0.        ]
 [0.61488563 0.         0.        ]
 [0.         0.         0.22      ]
 [0.         0.         0.22      ]
 [0.         0.22       0.        ]
 [0.         0.22       0.        ]
 [0.         0.22       0.        ]
 [0.         0.22       0.        ]]","[[80, 85, 90]]"
46,46,"[[0.5098784192837592, 0.5098783864165028, 0.5098783864165028, 0.5098786188859463, 0.5098784192837592, 0.5098783864165028, 0.5098786188859463, 0.5098785190825658, 0.5098784192837592, 0.5098784192837592, 0.506703234239082, 0.506703234239082, 0.506703234239082, 0.506703234239082, 0.8427251764863412, 0.3991274484790336, 0.3991274484790336, 0.3991274484790336, 1, 1, 1, 1, 1, 0.48031258864503595, 0.48031258864503595, 0.48031258864503595, 1, 0.3595828804667356, 0.47256551695971194, 0.380056739000084, 0.3799561687340685, 0.3801929178347763, 0.38014825876677044, 0.3826428172275898, 0.3826428172275898, 0.4066586436053916, 0.40489146416863686, 0.3826428172275898, 0.3826428172275898, 0.3826428172275889, 0.3826428172275889, 0.3826428172275889, 0.3826428172275889, 0.07971172648527164, 0.09291489687125681, 0.07978569100827754]]","[[0.6432     0.6432     0.6432     ... 0.8        0.8        0.8       ]
 [0.6432     0.6432     0.6432     ... 0.8        0.8        0.8       ]
 [0.6432     0.6432     0.6432     ... 0.8        0.8        0.8       ]
 ...
 [0.6932     0.2502118  0.2502118  ... 0.6139103  0.56611515 0.58930511]
 [0.6932     0.36988073 0.36988073 ... 0.58213981 0.51161943 0.5465348 ]
 [0.6932     0.36988073 0.36988073 ... 0.58213981 0.51161943 0.5465348 ]]","[[1. 1. 1. ... 1. 1. 1.]
 [1. 1. 1. ... 1. 1. 1.]
 [1. 1. 1. ... 1. 1. 1.]
 ...
 [1. 0. 0. ... 1. 1. 1.]
 [1. 0. 0. ... 1. 1. 1.]
 [1. 0. 0. ... 1. 1. 1.]]","[[1.         0.         0.        ]
 [1.         0.         0.        ]
 [1.         0.         0.        ]
 [1.         0.         0.        ]
 [1.         0.         0.        ]
 [1.         0.         0.        ]
 [1.         0.         0.        ]
 [1.         0.         0.        ]
 [1.         0.         0.        ]
 [1.         0.         0.        ]
 [0.         0.         0.83629452]
 [0.         0.         0.83629452]
 [0.         0.         0.83629452]
 [0.         0.         0.83629452]
 [1.         0.         0.        ]
 [0.         0.2        0.        ]
 [0.         0.2        0.        ]
 [0.         0.2        0.        ]
 [1.         0.         0.        ]
 [1.         0.         0.        ]
 [1.         0.         0.        ]
 [1.         0.         0.        ]
 [1.         0.         0.        ]
 [0.23182635 0.         0.        ]
 [0.23182635 0.         0.        ]
 [0.23182635 0.         0.        ]
 [1.         0.         0.        ]
 [0.61488563 0.         0.        ]
 [0.61488563 0.         0.        ]
 [0.22       0.         0.        ]
 [0.22       0.         0.        ]
 [0.22       0.         0.        ]
 [0.22       0.         0.        ]
 [0.         0.         0.22      ]
 [0.         0.         0.22      ]
 [0.         0.61488563 0.        ]
 [0.         0.61488563 0.        ]
 [0.         0.         0.22      ]
 [0.         0.         0.22      ]
 [0.22       0.         0.        ]
 [0.22       0.         0.        ]
 [0.22       0.         0.        ]
 [0.22       0.         0.        ]
 [0.         0.         0.01      ]
 [0.         0.         0.01      ]
 [0.         0.         0.01      ]]","[[80, 85, 90]]"
38,38,"[[0.5098783864165028, 0.5098784192837592, 0.5098783864165028, 0.5098783864165028, 0.5098783864165028, 0.5098783864165028, 0.5098783864165028, 0.5098783864165028, 0.5098783864165028, 0.5098783864165028, 0.5098786188859463, 0.5098786188859463, 0.4850004304337631, 0.4850004304337631, 0.4850004304337631, 1, 1, 1, 1, 1, 0.48031258864503595, 0.48031258864503595, 1, 0.38825034164925465, 0.382177235377581, 0.3821968260514646, 0.38216235138139704, 0.3821558700061503, 0.38217923808716275, 0.3821963714254966, 0.4066584766364285, 0.4047522627076737, 0.3822121901799896, 0.38222773169037755, 0.3819963464786125, 0.3819889225190623, 0.38200305145002084, 0.382008582740256]]","[[0.6432     0.6432     0.6432     ... 0.8        0.8        0.8       ]
 [0.6432     0.6432     0.6432     ... 0.8        0.8        0.8       ]
 [0.6432     0.6432     0.6432     ... 0.8        0.8        0.8       ]
 ...
 [0.43674791 0.6932     0.6932     ... 0.80480172 0.80741532 0.80839958]
 [0.43674791 0.6932     0.6932     ... 0.80480172 0.80741532 0.80839958]
 [0.43674791 0.6932     0.6932     ... 0.80480172 0.80741532 0.80839958]]","[[1. 1. 1. ... 1. 1. 1.]
 [1. 1. 1. ... 1. 1. 1.]
 [1. 1. 1. ... 1. 1. 1.]
 ...
 [1. 1. 1. ... 1. 1. 1.]
 [1. 1. 1. ... 1. 1. 1.]
 [1. 1. 1. ... 1. 1. 1.]]","[[1.         0.         0.        ]
 [1.         0.         0.        ]
 [1.         0.         0.        ]
 [1.         0.         0.        ]
 [1.         0.         0.        ]
 [1.         0.         0.        ]
 [1.         0.         0.        ]
 [1.         0.         0.        ]
 [1.         0.         0.        ]
 [1.         0.         0.        ]
 [1.         0.         0.        ]
 [1.         0.         0.        ]
 [0.2        0.         0.        ]
 [0.2        0.         0.        ]
 [0.2        0.         0.        ]
 [0.         1.         0.        ]
 [0.         1.         0.        ]
 [0.         1.         0.        ]
 [0.         1.         0.        ]
 [0.         1.         0.        ]
 [0.23182635 0.         0.        ]
 [0.23182635 0.         0.        ]
 [1.         0.         0.        ]
 [0.61488563 0.         0.        ]
 [0.22       0.         0.        ]
 [0.22       0.         0.        ]
 [0.22       0.         0.        ]
 [0.22       0.         0.        ]
 [0.         0.         0.22      ]
 [0.         0.         0.22      ]
 [0.         0.61488563 0.        ]
 [0.         0.61488563 0.        ]
 [0.         0.         0.22      ]
 [0.         0.         0.22      ]
 [0.         0.22       0.        ]
 [0.         0.22       0.        ]
 [0.         0.22       0.        ]
 [0.         0.22       0.        ]]","[[80, 85, 90]]"
29,23,"[[0.5098786188859463, 0.5098783864165028, 0.5098783864165028, 0.5098783864165028, 0.5098783864165028, 0.5098783864165028, 0.5098783864165028, 0.5098783864165028, 0.5098783864165028, 0.5098787186939011, 0.5098789183235337, 0.4850004304337631, 1, 1, 1, 1, 1, 1, 0.36775834703836363, 0.381086133228878, 0.3810749979144857, 0.3810961854982691, 0.38110447758992777]]","[[0.6432     0.6432     0.6432     0.6432     0.6432     0.6432
  0.6432     0.6432     0.6432     0.6432     0.6432     0.736
  0.768      0.768      0.768      0.768      0.768      0.768
  0.768      0.8        0.8        0.8        0.8       ]
 [0.6432     0.6432     0.6432     0.6432     0.6432     0.6432
  0.6432     0.6432     0.6432     0.6432     0.6432     0.736
  0.768      0.768      0.768      0.768      0.768      0.768
  0.768      0.8        0.8        0.8        0.8       ]
 [0.6432     0.6432     0.6432     0.6432     0.6432     0.6432
  0.6432     0.6432     0.6432     0.6432     0.6432     0.736
  0.768      0.768      0.768      0.768      0.768      0.768
  0.768      0.8        0.8        0.8        0.8       ]
 [0.6432     0.6432     0.6432     0.6432     0.6432     0.6432
  0.6432     0.6432     0.6432     0.6432     0.6432     0.736
  0.768      0.768      0.768      0.768      0.768      0.768
  0.768      0.8        0.8        0.8        0.8       ]
 [0.6432     0.6432     0.6432     0.6432     0.6432     0.6432
  0.6432     0.6432     0.6432     0.6432     0.6432     0.736
  0.768      0.768      0.768      0.768      0.768      0.768
  0.768      0.8        0.8        0.8        0.8       ]
 [0.6432     0.6432     0.6432     0.6432     0.6432     0.6432
  0.6432     0.6432     0.6432     0.6432     0.6432     0.736
  0.768      0.768      0.768      0.768      0.768      0.768
  0.768      0.8        0.8        0.8        0.8       ]
 [0.6932     0.62823204 0.64296085 0.6932     0.6932     0.448395
  0.6932     0.52773504 0.52845652 0.51884308 0.49296704 0.786
  0.818      0.818      0.818      0.818      0.818      0.818
  0.818      0.85       0.85       0.85       0.85      ]
 [0.6932     0.62823204 0.64296085 0.6932     0.6932     0.448395
  0.6932     0.52773504 0.52845652 0.51884308 0.49296704 0.786
  0.818      0.818      0.818      0.818      0.818      0.818
  0.818      0.85       0.85       0.85       0.85      ]
 [0.6932     0.62823204 0.64296085 0.6932     0.6932     0.448395
  0.6932     0.52773504 0.52845652 0.51884308 0.49296704 0.786
  0.818      0.818      0.818      0.818      0.818      0.818
  0.818      0.85       0.85       0.85       0.85      ]
 [0.6932     0.62823204 0.64296085 0.6932     0.6932     0.448395
  0.6932     0.52773504 0.52845652 0.51884308 0.49296704 0.786
  0.818      0.818      0.818      0.818      0.818      0.818
  0.818      0.85       0.85       0.85       0.85      ]
 [0.6932     0.62823204 0.64296085 0.6932     0.6932     0.448395
  0.6932     0.52773504 0.52845652 0.51884308 0.49296704 0.786
  0.818      0.818      0.818      0.818      0.818      0.818
  0.818      0.85       0.85       0.85       0.85      ]
 [0.6932     0.62823204 0.64296085 0.6932     0.6932     0.448395
  0.6932     0.52773504 0.52845652 0.51884308 0.49296704 0.786
  0.818      0.818      0.818      0.818      0.818      0.818
  0.818      0.85       0.85       0.85       0.85      ]
 [0.6932     0.6932     0.6932     0.6932     0.6932     0.6932
  0.6932     0.6932     0.6932     0.6932     0.6932     0.7155328
  0.818      0.72157887 0.72454228 0.72099261 0.72099261 0.79796949
  0.818      0.85       0.85       0.85       0.85      ]
 [0.6932     0.6932     0.6932     0.6932     0.6932     0.6932
  0.6932     0.6932     0.6932     0.6932     0.6932     0.7155328
  0.818      0.72157887 0.72454228 0.72099261 0.72099261 0.79796949
  0.818      0.85       0.85       0.85       0.85      ]
 [0.6932     0.6932     0.6932     0.6932     0.6932     0.6932
  0.6932     0.6932     0.6932     0.6932     0.6932     0.7155328
  0.818      0.72157887 0.72454228 0.72099261 0.72099261 0.79796949
  0.818      0.85       0.85       0.85       0.85      ]
 [0.6932     0.6932     0.6932     0.6932     0.6932     0.6932
  0.6932     0.6932     0.6932     0.6932     0.6932     0.7155328
  0.818      0.72157887 0.72454228 0.72099261 0.72099261 0.79796949
  0.818      0.85       0.85       0.85       0.85      ]
 [0.6932     0.6932     0.6932     0.6932     0.6932     0.6932
  0.6932     0.6932     0.6932     0.6932     0.6932     0.7155328
  0.818      0.72157887 0.72454228 0.72099261 0.72099261 0.79796949
  0.818      0.85       0.85       0.85       0.85      ]
 [0.6932     0.6932     0.6932     0.6932     0.6932     0.6932
  0.6932     0.6932     0.6932     0.6932     0.6932     0.7155328
  0.818      0.72157887 0.72454228 0.72099261 0.72099261 0.79796949
  0.818      0.85       0.85       0.85       0.85      ]
 [0.53868137 0.66484404 0.65871738 0.6932     0.6932     0.42576283
  0.6932     0.3514131  0.35662478 0.26920758 0.26296099 0.786
  0.77726922 0.60049074 0.61846658 0.60797512 0.60797512 0.67645675
  0.818      0.66584538 0.66389225 0.6676121  0.66907003]
 [0.53868137 0.66484404 0.65871738 0.6932     0.6932     0.42576283
  0.6932     0.3514131  0.35662478 0.26920758 0.26296099 0.786
  0.77726922 0.60049074 0.61846658 0.60797512 0.60797512 0.67645675
  0.818      0.66584538 0.66389225 0.6676121  0.66907003]
 [0.53868137 0.66484404 0.65871738 0.6932     0.6932     0.42576283
  0.6932     0.3514131  0.35662478 0.26920758 0.26296099 0.786
  0.77726922 0.60049074 0.61846658 0.60797512 0.60797512 0.67645675
  0.818      0.66584538 0.66389225 0.6676121  0.66907003]
 [0.53868137 0.66484404 0.65871738 0.6932     0.6932     0.42576283
  0.6932     0.3514131  0.35662478 0.26920758 0.26296099 0.786
  0.77726922 0.60049074 0.61846658 0.60797512 0.60797512 0.67645675
  0.818      0.66584538 0.66389225 0.6676121  0.66907003]
 [0.53868137 0.66484404 0.65871738 0.6932     0.6932     0.42576283
  0.6932     0.3514131  0.35662478 0.26920758 0.26296099 0.786
  0.77726922 0.60049074 0.61846658 0.60797512 0.60797512 0.67645675
  0.818      0.66584538 0.66389225 0.6676121  0.66907003]
 [0.69257931 0.6932     0.6932     0.6932     0.6932     0.6932
  0.65392498 0.6932     0.6932     0.52353406 0.55908726 0.786
  0.59147027 0.45042771 0.45739319 0.45181055 0.45181055 0.53294598
  0.67737156 0.64928333 0.64759623 0.65079404 0.65203683]
 [0.69257931 0.6932     0.6932     0.6932     0.6932     0.6932
  0.65392498 0.6932     0.6932     0.52353406 0.55908726 0.786
  0.59147027 0.45042771 0.45739319 0.45181055 0.45181055 0.53294598
  0.67737156 0.64928333 0.64759623 0.65079404 0.65203683]
 [0.69257931 0.6932     0.6932     0.6932     0.6932     0.6932
  0.65392498 0.6932     0.6932     0.52353406 0.55908726 0.786
  0.59147027 0.45042771 0.45739319 0.45181055 0.45181055 0.53294598
  0.67737156 0.64928333 0.64759623 0.65079404 0.65203683]
 [0.69257931 0.6932     0.6932     0.6932     0.6932     0.6932
  0.65392498 0.6932     0.6932     0.52353406 0.55908726 0.786
  0.59147027 0.45042771 0.45739319 0.45181055 0.45181055 0.53294598
  0.67737156 0.64928333 0.64759623 0.65079404 0.65203683]
 [0.69257931 0.6932     0.6932     0.6932     0.6932     0.6932
  0.65392498 0.6932     0.6932     0.52353406 0.55908726 0.786
  0.59147027 0.45042771 0.45739319 0.45181055 0.45181055 0.53294598
  0.67737156 0.64928333 0.64759623 0.65079404 0.65203683]
 [0.69257931 0.6932     0.6932     0.6932     0.6932     0.6932
  0.65392498 0.6932     0.6932     0.52353406 0.55908726 0.786
  0.59147027 0.45042771 0.45739319 0.45181055 0.45181055 0.53294598
  0.67737156 0.64928333 0.64759623 0.65079404 0.65203683]]","[[1. 1. 1. 1. 1. 1. 1. 1. 1. 1. 1. 1. 1. 1. 1. 1. 1. 1. 1. 1. 1. 1. 1.]
 [1. 1. 1. 1. 1. 1. 1. 1. 1. 1. 1. 1. 1. 1. 1. 1. 1. 1. 1. 1. 1. 1. 1.]
 [1. 1. 1. 1. 1. 1. 1. 1. 1. 1. 1. 1. 1. 1. 1. 1. 1. 1. 1. 1. 1. 1. 1.]
 [1. 1. 1. 1. 1. 1. 1. 1. 1. 1. 1. 1. 1. 1. 1. 1. 1. 1. 1. 1. 1. 1. 1.]
 [1. 1. 1. 1. 1. 1. 1. 1. 1. 1. 1. 1. 1. 1. 1. 1. 1. 1. 1. 1. 1. 1. 1.]
 [1. 1. 1. 1. 1. 1. 1. 1. 1. 1. 1. 1. 1. 1. 1. 1. 1. 1. 1. 1. 1. 1. 1.]
 [1. 1. 1. 1. 1. 1. 1. 1. 1. 1. 1. 1. 1. 1. 1. 1. 1. 1. 1. 1. 1. 1. 1.]
 [1. 1. 1. 1. 1. 1. 1. 1. 1. 1. 1. 1. 1. 1. 1. 1. 1. 1. 1. 1. 1. 1. 1.]
 [1. 1. 1. 1. 1. 1. 1. 1. 1. 1. 1. 1. 1. 1. 1. 1. 1. 1. 1. 1. 1. 1. 1.]
 [1. 1. 1. 1. 1. 1. 1. 1. 1. 1. 1. 1. 1. 1. 1. 1. 1. 1. 1. 1. 1. 1. 1.]
 [1. 1. 1. 1. 1. 1. 1. 1. 1. 1. 1. 1. 1. 1. 1. 1. 1. 1. 1. 1. 1. 1. 1.]
 [1. 1. 1. 1. 1. 1. 1. 1. 1. 1. 1. 1. 1. 1. 1. 1. 1. 1. 1. 1. 1. 1. 1.]
 [1. 1. 1. 1. 1. 1. 1. 1. 1. 1. 1. 1. 1. 1. 1. 1. 1. 1. 1. 1. 1. 1. 1.]
 [1. 1. 1. 1. 1. 1. 1. 1. 1. 1. 1. 1. 1. 1. 1. 1. 1. 1. 1. 1. 1. 1. 1.]
 [1. 1. 1. 1. 1. 1. 1. 1. 1. 1. 1. 1. 1. 1. 1. 1. 1. 1. 1. 1. 1. 1. 1.]
 [1. 1. 1. 1. 1. 1. 1. 1. 1. 1. 1. 1. 1. 1. 1. 1. 1. 1. 1. 1. 1. 1. 1.]
 [1. 1. 1. 1. 1. 1. 1. 1. 1. 1. 1. 1. 1. 1. 1. 1. 1. 1. 1. 1. 1. 1. 1.]
 [1. 1. 1. 1. 1. 1. 1. 1. 1. 1. 1. 1. 1. 1. 1. 1. 1. 1. 1. 1. 1. 1. 1.]
 [1. 1. 1. 1. 1. 0. 1. 0. 0. 0. 0. 1. 1. 1. 1. 1. 1. 1. 1. 1. 1. 1. 1.]
 [1. 1. 1. 1. 1. 0. 1. 0. 0. 0. 0. 1. 1. 1. 1. 1. 1. 1. 1. 1. 1. 1. 1.]
 [1. 1. 1. 1. 1. 0. 1. 0. 0. 0. 0. 1. 1. 1. 1. 1. 1. 1. 1. 1. 1. 1. 1.]
 [1. 1. 1. 1. 1. 0. 1. 0. 0. 0. 0. 1. 1. 1. 1. 1. 1. 1. 1. 1. 1. 1. 1.]
 [1. 1. 1. 1. 1. 0. 1. 0. 0. 0. 0. 1. 1. 1. 1. 1. 1. 1. 1. 1. 1. 1. 1.]
 [1. 1. 0. 1. 1. 1. 1. 1. 1. 1. 1. 1. 1. 0. 1. 0. 0. 1. 1. 1. 1. 1. 1.]
 [1. 1. 0. 1. 1. 1. 1. 1. 1. 1. 1. 1. 1. 0. 1. 0. 0. 1. 1. 1. 1. 1. 1.]
 [1. 1. 0. 1. 1. 1. 1. 1. 1. 1. 1. 1. 1. 0. 1. 0. 0. 1. 1. 1. 1. 1. 1.]
 [1. 1. 0. 1. 1. 1. 1. 1. 1. 1. 1. 1. 1. 0. 1. 0. 0. 1. 1. 1. 1. 1. 1.]
 [1. 1. 0. 1. 1. 1. 1. 1. 1. 1. 1. 1. 1. 0. 1. 0. 0. 1. 1. 1. 1. 1. 1.]
 [1. 1. 0. 1. 1. 1. 1. 1. 1. 1. 1. 1. 1. 0. 1. 0. 0. 1. 1. 1. 1. 1. 1.]]","[[1.         0.         0.        ]
 [1.         0.         0.        ]
 [1.         0.         0.        ]
 [1.         0.         0.        ]
 [1.         0.         0.        ]
 [1.         0.         0.        ]
 [1.         0.         0.        ]
 [1.         0.         0.        ]
 [1.         0.         0.        ]
 [1.         0.         0.        ]
 [1.         0.         0.        ]
 [0.2        0.         0.        ]
 [1.         0.         0.        ]
 [0.         1.         0.        ]
 [1.         0.         0.        ]
 [0.         1.         0.        ]
 [0.         1.         0.        ]
 [1.         0.         0.        ]
 [0.         0.         0.61488563]
 [0.         0.22       0.        ]
 [0.         0.22       0.        ]
 [0.         0.22       0.        ]
 [0.         0.22       0.        ]]","[[80, 85, 90]]"
20,14,"[[0.5098783864165028, 0.5098783864165028, 0.5098783864165028, 0.5098783864165028, 0.5098783864165028, 0.5098783864165028, 0.5098783864165028, 1, 1, 1, 1, 1, 1, 0.38345194619349554]]","[[0.6432     0.6432     0.6432     0.6432     0.6432     0.6432
  0.6432     0.768      0.768      0.768      0.768      0.768
  0.768      0.768     ]
 [0.6432     0.6432     0.6432     0.6432     0.6432     0.6432
  0.6432     0.768      0.768      0.768      0.768      0.768
  0.768      0.768     ]
 [0.6432     0.6432     0.6432     0.6432     0.6432     0.6432
  0.6432     0.768      0.768      0.768      0.768      0.768
  0.768      0.768     ]
 [0.6432     0.6432     0.6432     0.6432     0.6432     0.6432
  0.6432     0.768      0.768      0.768      0.768      0.768
  0.768      0.768     ]
 [0.6432     0.6432     0.6432     0.6432     0.6432     0.6432
  0.6432     0.768      0.768      0.768      0.768      0.768
  0.768      0.768     ]
 [0.6432     0.6432     0.6432     0.6432     0.6432     0.6432
  0.6432     0.768      0.768      0.768      0.768      0.768
  0.768      0.768     ]
 [0.6932     0.6932     0.6932     0.48934135 0.48505615 0.55968447
  0.52708004 0.818      0.818      0.818      0.818      0.818
  0.818      0.818     ]
 [0.6932     0.6932     0.6932     0.48934135 0.48505615 0.55968447
  0.52708004 0.818      0.818      0.818      0.818      0.818
  0.818      0.818     ]
 [0.6932     0.6932     0.6932     0.48934135 0.48505615 0.55968447
  0.52708004 0.818      0.818      0.818      0.818      0.818
  0.818      0.818     ]
 [0.6932     0.6932     0.6932     0.48934135 0.48505615 0.55968447
  0.52708004 0.818      0.818      0.818      0.818      0.818
  0.818      0.818     ]
 [0.6932     0.6932     0.6932     0.48934135 0.48505615 0.55968447
  0.52708004 0.818      0.818      0.818      0.818      0.818
  0.818      0.818     ]
 [0.6932     0.6932     0.6932     0.48934135 0.48505615 0.55968447
  0.52708004 0.818      0.818      0.818      0.818      0.818
  0.818      0.818     ]
 [0.6932     0.6932     0.6932     0.6932     0.6932     0.6932
  0.6932     0.67177581 0.818      0.818      0.818      0.818
  0.818      0.77620161]
 [0.6932     0.6932     0.6932     0.6932     0.6932     0.6932
  0.6932     0.67177581 0.818      0.818      0.818      0.818
  0.818      0.77620161]
 [0.6932     0.6932     0.6932     0.6932     0.6932     0.6932
  0.6932     0.67177581 0.818      0.818      0.818      0.818
  0.818      0.77620161]
 [0.6932     0.6932     0.6932     0.6932     0.6932     0.6932
  0.6932     0.67177581 0.818      0.818      0.818      0.818
  0.818      0.77620161]
 [0.6932     0.6932     0.6932     0.6932     0.6932     0.6932
  0.6932     0.67177581 0.818      0.818      0.818      0.818
  0.818      0.77620161]
 [0.6932     0.6932     0.6932     0.6932     0.6932     0.6932
  0.6932     0.67177581 0.818      0.818      0.818      0.818
  0.818      0.77620161]
 [0.65238406 0.52171546 0.6932     0.42223939 0.42345827 0.39184206
  0.38366227 0.58849199 0.70488178 0.6752676  0.68831159 0.68831159
  0.818      0.78381156]
 [0.65238406 0.52171546 0.6932     0.42223939 0.42345827 0.39184206
  0.38366227 0.58849199 0.70488178 0.6752676  0.68831159 0.68831159
  0.818      0.78381156]]","[[1. 1. 1. 1. 1. 1. 1. 1. 1. 1. 1. 1. 1. 1.]
 [1. 1. 1. 1. 1. 1. 1. 1. 1. 1. 1. 1. 1. 1.]
 [1. 1. 1. 1. 1. 1. 1. 1. 1. 1. 1. 1. 1. 1.]
 [1. 1. 1. 1. 1. 1. 1. 1. 1. 1. 1. 1. 1. 1.]
 [1. 1. 1. 1. 1. 1. 1. 1. 1. 1. 1. 1. 1. 1.]
 [1. 1. 1. 1. 1. 1. 1. 1. 1. 1. 1. 1. 1. 1.]
 [1. 1. 1. 1. 1. 1. 1. 1. 1. 1. 1. 1. 1. 1.]
 [1. 1. 1. 1. 1. 1. 1. 1. 1. 1. 1. 1. 1. 1.]
 [1. 1. 1. 1. 1. 1. 1. 1. 1. 1. 1. 1. 1. 1.]
 [1. 1. 1. 1. 1. 1. 1. 1. 1. 1. 1. 1. 1. 1.]
 [1. 1. 1. 1. 1. 1. 1. 1. 1. 1. 1. 1. 1. 1.]
 [1. 1. 1. 1. 1. 1. 1. 1. 1. 1. 1. 1. 1. 1.]
 [1. 1. 1. 1. 1. 1. 1. 1. 1. 1. 1. 1. 1. 1.]
 [1. 1. 1. 1. 1. 1. 1. 1. 1. 1. 1. 1. 1. 1.]
 [1. 1. 1. 1. 1. 1. 1. 1. 1. 1. 1. 1. 1. 1.]
 [1. 1. 1. 1. 1. 1. 1. 1. 1. 1. 1. 1. 1. 1.]
 [1. 1. 1. 1. 1. 1. 1. 1. 1. 1. 1. 1. 1. 1.]
 [1. 1. 1. 1. 1. 1. 1. 1. 1. 1. 1. 1. 1. 1.]
 [1. 1. 1. 0. 0. 0. 0. 1. 1. 1. 1. 1. 1. 1.]
 [1. 1. 1. 0. 0. 0. 0. 1. 1. 1. 1. 1. 1. 1.]]","[[1.         0.         0.        ]
 [1.         0.         0.        ]
 [1.         0.         0.        ]
 [1.         0.         0.        ]
 [1.         0.         0.        ]
 [1.         0.         0.        ]
 [1.         0.         0.        ]
 [0.         1.         0.        ]
 [1.         0.         0.        ]
 [1.         0.         0.        ]
 [1.         0.         0.        ]
 [1.         0.         0.        ]
 [1.         0.         0.        ]
 [0.61488563 0.         0.        ]]","[[80, 85, 90]]"
22,16,"[[0.4194838541250169, 0.4195435901679131, 0.5098783864165028, 0.5098783864165028, 0.5098783864165028, 0.4425238295638127, 0.4395457872089374, 0.5098783864165028, 0.5098783864165028, 1, 1, 1, 1, 1, 1, 0.4123499202111403]]","[[0.768      0.768      0.6432     0.6432     0.6432     0.6432
  0.6432     0.6432     0.6432     0.768      0.768      0.768
  0.768      0.768      0.768      0.768     ]
 [0.768      0.768      0.6432     0.6432     0.6432     0.6432
  0.6432     0.6432     0.6432     0.768      0.768      0.768
  0.768      0.768      0.768      0.768     ]
 [0.768      0.768      0.6432     0.6432     0.6432     0.6432
  0.6432     0.6432     0.6432     0.768      0.768      0.768
  0.768      0.768      0.768      0.768     ]
 [0.768      0.768      0.6432     0.6432     0.6432     0.6432
  0.6432     0.6432     0.6432     0.768      0.768      0.768
  0.768      0.768      0.768      0.768     ]
 [0.768      0.768      0.6432     0.6432     0.6432     0.6432
  0.6432     0.6432     0.6432     0.768      0.768      0.768
  0.768      0.768      0.768      0.768     ]
 [0.768      0.768      0.6432     0.6432     0.6432     0.6432
  0.6432     0.6432     0.6432     0.768      0.768      0.768
  0.768      0.768      0.768      0.768     ]
 [0.64223849 0.64279184 0.5751035  0.6932     0.6932     0.3644197
  0.35749436 0.48898357 0.45546717 0.818      0.818      0.818
  0.818      0.818      0.818      0.818     ]
 [0.64223849 0.64279184 0.5751035  0.6932     0.6932     0.3644197
  0.35749436 0.48898357 0.45546717 0.818      0.818      0.818
  0.818      0.818      0.818      0.818     ]
 [0.64223849 0.64279184 0.5751035  0.6932     0.6932     0.3644197
  0.35749436 0.48898357 0.45546717 0.818      0.818      0.818
  0.818      0.818      0.818      0.818     ]
 [0.64223849 0.64279184 0.5751035  0.6932     0.6932     0.3644197
  0.35749436 0.48898357 0.45546717 0.818      0.818      0.818
  0.818      0.818      0.818      0.818     ]
 [0.64223849 0.64279184 0.5751035  0.6932     0.6932     0.3644197
  0.35749436 0.48898357 0.45546717 0.818      0.818      0.818
  0.818      0.818      0.818      0.818     ]
 [0.64223849 0.64279184 0.5751035  0.6932     0.6932     0.3644197
  0.35749436 0.48898357 0.45546717 0.818      0.818      0.818
  0.818      0.818      0.818      0.818     ]
 [0.818      0.818      0.6932     0.6932     0.6932     0.59879174
  0.58973014 0.6932     0.6932     0.7122987  0.818      0.818
  0.818      0.818      0.818      0.67124065]
 [0.818      0.818      0.6932     0.6932     0.6932     0.59879174
  0.58973014 0.6932     0.6932     0.7122987  0.818      0.818
  0.818      0.818      0.818      0.67124065]
 [0.818      0.818      0.6932     0.6932     0.6932     0.59879174
  0.58973014 0.6932     0.6932     0.7122987  0.818      0.818
  0.818      0.818      0.818      0.67124065]
 [0.818      0.818      0.6932     0.6932     0.6932     0.59879174
  0.58973014 0.6932     0.6932     0.7122987  0.818      0.818
  0.818      0.818      0.818      0.67124065]
 [0.818      0.818      0.6932     0.6932     0.6932     0.59879174
  0.58973014 0.6932     0.6932     0.7122987  0.818      0.818
  0.818      0.818      0.818      0.67124065]
 [0.818      0.818      0.6932     0.6932     0.6932     0.59879174
  0.58973014 0.6932     0.6932     0.7122987  0.818      0.818
  0.818      0.818      0.818      0.67124065]
 [0.70223909 0.70239756 0.63921613 0.6932     0.59483508 0.39981624
  0.39662207 0.43582516 0.42615486 0.75087456 0.818      0.818
  0.818      0.818      0.818      0.69846375]
 [0.818      0.818      0.6932     0.67736091 0.52712404 0.6932
  0.6932     0.6932     0.6932     0.48928548 0.7705658  0.74909877
  0.75876825 0.75876825 0.81222699 0.43982851]
 [0.818      0.818      0.6932     0.67736091 0.52712404 0.6932
  0.6932     0.6932     0.6932     0.48928548 0.7705658  0.74909877
  0.75876825 0.75876825 0.81222699 0.43982851]
 [0.818      0.818      0.6932     0.67736091 0.52712404 0.6932
  0.6932     0.6932     0.6932     0.48928548 0.7705658  0.74909877
  0.75876825 0.75876825 0.81222699 0.43982851]]","[[1. 1. 1. 1. 1. 1. 1. 1. 1. 1. 1. 1. 1. 1. 1. 1.]
 [1. 1. 1. 1. 1. 1. 1. 1. 1. 1. 1. 1. 1. 1. 1. 1.]
 [1. 1. 1. 1. 1. 1. 1. 1. 1. 1. 1. 1. 1. 1. 1. 1.]
 [1. 1. 1. 1. 1. 1. 1. 1. 1. 1. 1. 1. 1. 1. 1. 1.]
 [1. 1. 1. 1. 1. 1. 1. 1. 1. 1. 1. 1. 1. 1. 1. 1.]
 [1. 1. 1. 1. 1. 1. 1. 1. 1. 1. 1. 1. 1. 1. 1. 1.]
 [1. 1. 1. 1. 1. 0. 0. 1. 1. 1. 1. 1. 1. 1. 1. 1.]
 [1. 1. 1. 1. 1. 0. 0. 1. 1. 1. 1. 1. 1. 1. 1. 1.]
 [1. 1. 1. 1. 1. 0. 0. 1. 1. 1. 1. 1. 1. 1. 1. 1.]
 [1. 1. 1. 1. 1. 0. 0. 1. 1. 1. 1. 1. 1. 1. 1. 1.]
 [1. 1. 1. 1. 1. 0. 0. 1. 1. 1. 1. 1. 1. 1. 1. 1.]
 [1. 1. 1. 1. 1. 0. 0. 1. 1. 1. 1. 1. 1. 1. 1. 1.]
 [1. 1. 1. 1. 1. 1. 1. 1. 1. 1. 1. 1. 1. 1. 1. 1.]
 [1. 1. 1. 1. 1. 1. 1. 1. 1. 1. 1. 1. 1. 1. 1. 1.]
 [1. 1. 1. 1. 1. 1. 1. 1. 1. 1. 1. 1. 1. 1. 1. 1.]
 [1. 1. 1. 1. 1. 1. 1. 1. 1. 1. 1. 1. 1. 1. 1. 1.]
 [1. 1. 1. 1. 1. 1. 1. 1. 1. 1. 1. 1. 1. 1. 1. 1.]
 [1. 1. 1. 1. 1. 1. 1. 1. 1. 1. 1. 1. 1. 1. 1. 1.]
 [1. 1. 1. 1. 1. 0. 0. 0. 0. 1. 1. 1. 1. 1. 1. 1.]
 [1. 1. 1. 1. 1. 1. 1. 1. 1. 1. 1. 1. 1. 1. 1. 1.]
 [1. 1. 1. 1. 1. 1. 1. 1. 1. 1. 1. 1. 1. 1. 1. 1.]
 [1. 1. 1. 1. 1. 1. 1. 1. 1. 1. 1. 1. 1. 1. 1. 1.]]","[[0.         0.         0.58837803]
 [0.         0.         0.58837803]
 [1.         0.         0.        ]
 [1.         0.         0.        ]
 [1.         0.         0.        ]
 [1.         0.         0.        ]
 [1.         0.         0.        ]
 [1.         0.         0.        ]
 [1.         0.         0.        ]
 [1.         0.         0.        ]
 [1.         0.         0.        ]
 [1.         0.         0.        ]
 [1.         0.         0.        ]
 [1.         0.         0.        ]
 [1.         0.         0.        ]
 [0.61488563 0.         0.        ]]","[[80, 85, 90]]"
19,13,"[[0.4252439902883308, 0.4253037235522127, 0.4167945761533205, 0.5098783864165028, 0.5098783864165028, 0.49764937160216205, 0.4345810909060357, 1, 1, 1, 1, 1, 1]]","[[0.768      0.768      0.6432     0.6432     0.6432     0.6432
  0.6432     0.768      0.768      0.768      0.768      0.768
  0.768     ]
 [0.768      0.768      0.6432     0.6432     0.6432     0.6432
  0.6432     0.768      0.768      0.768      0.768      0.768
  0.768     ]
 [0.768      0.768      0.6432     0.6432     0.6432     0.6432
  0.6432     0.768      0.768      0.768      0.768      0.768
  0.768     ]
 [0.768      0.768      0.6432     0.6432     0.6432     0.6432
  0.6432     0.768      0.768      0.768      0.768      0.768
  0.768     ]
 [0.768      0.768      0.6432     0.6432     0.6432     0.6432
  0.6432     0.768      0.768      0.768      0.768      0.768
  0.768     ]
 [0.768      0.768      0.6432     0.6432     0.6432     0.6432
  0.6432     0.768      0.768      0.768      0.768      0.768
  0.768     ]
 [0.69246131 0.6929459  0.63790602 0.6932     0.6932     0.6932
  0.3488651  0.818      0.818      0.818      0.818      0.818
  0.818     ]
 [0.69246131 0.6929459  0.63790602 0.6932     0.6932     0.6932
  0.3488651  0.818      0.818      0.818      0.818      0.818
  0.818     ]
 [0.69246131 0.6929459  0.63790602 0.6932     0.6932     0.6932
  0.3488651  0.818      0.818      0.818      0.818      0.818
  0.818     ]
 [0.69246131 0.6929459  0.63790602 0.6932     0.6932     0.6932
  0.3488651  0.818      0.818      0.818      0.818      0.818
  0.818     ]
 [0.69246131 0.6929459  0.63790602 0.6932     0.6932     0.6932
  0.3488651  0.818      0.818      0.818      0.818      0.818
  0.818     ]
 [0.69246131 0.6929459  0.63790602 0.6932     0.6932     0.6932
  0.3488651  0.818      0.818      0.818      0.818      0.818
  0.818     ]
 [0.818      0.818      0.68678044 0.6932     0.6932     0.6932
  0.57850066 0.76779986 0.818      0.818      0.818      0.818
  0.7728396 ]
 [0.818      0.818      0.39210968 0.6932     0.6932     0.48996405
  0.6932     0.6188483  0.818      0.818      0.818      0.818
  0.818     ]
 [0.818      0.818      0.39210968 0.6932     0.6932     0.48996405
  0.6932     0.6188483  0.818      0.818      0.818      0.818
  0.818     ]
 [0.818      0.818      0.39210968 0.6932     0.6932     0.48996405
  0.6932     0.6188483  0.818      0.818      0.818      0.818
  0.818     ]
 [0.818      0.818      0.39210968 0.6932     0.6932     0.48996405
  0.6932     0.6188483  0.818      0.818      0.818      0.818
  0.818     ]
 [0.818      0.818      0.39210968 0.6932     0.6932     0.48996405
  0.6932     0.6188483  0.818      0.818      0.818      0.818
  0.818     ]
 [0.818      0.818      0.39210968 0.6932     0.6932     0.48996405
  0.6932     0.6188483  0.818      0.818      0.818      0.818
  0.818     ]]","[[1. 1. 1. 1. 1. 1. 1. 1. 1. 1. 1. 1. 1.]
 [1. 1. 1. 1. 1. 1. 1. 1. 1. 1. 1. 1. 1.]
 [1. 1. 1. 1. 1. 1. 1. 1. 1. 1. 1. 1. 1.]
 [1. 1. 1. 1. 1. 1. 1. 1. 1. 1. 1. 1. 1.]
 [1. 1. 1. 1. 1. 1. 1. 1. 1. 1. 1. 1. 1.]
 [1. 1. 1. 1. 1. 1. 1. 1. 1. 1. 1. 1. 1.]
 [1. 1. 1. 1. 1. 1. 0. 1. 1. 1. 1. 1. 1.]
 [1. 1. 1. 1. 1. 1. 0. 1. 1. 1. 1. 1. 1.]
 [1. 1. 1. 1. 1. 1. 0. 1. 1. 1. 1. 1. 1.]
 [1. 1. 1. 1. 1. 1. 0. 1. 1. 1. 1. 1. 1.]
 [1. 1. 1. 1. 1. 1. 0. 1. 1. 1. 1. 1. 1.]
 [1. 1. 1. 1. 1. 1. 0. 1. 1. 1. 1. 1. 1.]
 [1. 1. 1. 1. 1. 1. 1. 1. 1. 1. 1. 1. 1.]
 [1. 1. 0. 1. 1. 1. 1. 1. 1. 1. 1. 1. 1.]
 [1. 1. 0. 1. 1. 1. 1. 1. 1. 1. 1. 1. 1.]
 [1. 1. 0. 1. 1. 1. 1. 1. 1. 1. 1. 1. 1.]
 [1. 1. 0. 1. 1. 1. 1. 1. 1. 1. 1. 1. 1.]
 [1. 1. 0. 1. 1. 1. 1. 1. 1. 1. 1. 1. 1.]
 [1. 1. 0. 1. 1. 1. 1. 1. 1. 1. 1. 1. 1.]]","[[0.         0.         0.58837803]
 [0.         0.         0.58837803]
 [1.         0.         0.        ]
 [1.         0.         0.        ]
 [1.         0.         0.        ]
 [1.         0.         0.        ]
 [1.         0.         0.        ]
 [1.         0.         0.        ]
 [1.         0.         0.        ]
 [1.         0.         0.        ]
 [1.         0.         0.        ]
 [1.         0.         0.        ]
 [1.         0.         0.        ]]","[[80, 85, 90]]"
18,13,"[[0.4335613369924166, 0.4336608860699739, 0.4448101692107436, 0.4157539903253905, 0.5098783864165028, 0.4448101692107436, 0.4157539903253905, 1, 1, 1, 1, 1, 0.4578181229487885]]","[[0.768      0.768      0.736      0.6432     0.6432     0.736
  0.6432     0.768      0.768      0.768      0.768      0.768
  0.768     ]
 [0.768      0.768      0.736      0.6432     0.6432     0.736
  0.6432     0.768      0.768      0.768      0.768      0.768
  0.768     ]
 [0.768      0.768      0.736      0.6432     0.6432     0.736
  0.6432     0.768      0.768      0.768      0.768      0.768
  0.768     ]
 [0.768      0.768      0.736      0.6432     0.6432     0.736
  0.6432     0.768      0.768      0.768      0.768      0.768
  0.768     ]
 [0.768      0.768      0.736      0.6432     0.6432     0.736
  0.6432     0.768      0.768      0.768      0.768      0.768
  0.768     ]
 [0.73513742 0.73553347 0.786      0.6932     0.6932     0.78418319
  0.6932     0.818      0.818      0.818      0.818      0.818
  0.818     ]
 [0.73513742 0.73553347 0.786      0.6932     0.6932     0.78418319
  0.6932     0.818      0.818      0.818      0.818      0.818
  0.818     ]
 [0.73513742 0.73553347 0.786      0.6932     0.6932     0.78418319
  0.6932     0.818      0.818      0.818      0.818      0.818
  0.818     ]
 [0.73513742 0.73553347 0.786      0.6932     0.6932     0.78418319
  0.6932     0.818      0.818      0.818      0.818      0.818
  0.818     ]
 [0.73513742 0.73553347 0.786      0.6932     0.6932     0.78418319
  0.6932     0.818      0.818      0.818      0.818      0.818
  0.818     ]
 [0.73513742 0.73553347 0.786      0.6932     0.6932     0.78418319
  0.6932     0.818      0.818      0.818      0.818      0.818
  0.818     ]
 [0.818      0.818      0.75623591 0.6932     0.6932     0.72324705
  0.6932     0.7331337  0.77649811 0.80159373 0.79067261 0.79067261
  0.64859946]
 [0.818      0.818      0.46454983 0.59904365 0.6932     0.43024788
  0.69191147 0.69434567 0.818      0.818      0.818      0.818
  0.51266931]
 [0.818      0.818      0.46454983 0.59904365 0.6932     0.43024788
  0.69191147 0.69434567 0.818      0.818      0.818      0.818
  0.51266931]
 [0.818      0.818      0.46454983 0.59904365 0.6932     0.43024788
  0.69191147 0.69434567 0.818      0.818      0.818      0.818
  0.51266931]
 [0.818      0.818      0.46454983 0.59904365 0.6932     0.43024788
  0.69191147 0.69434567 0.818      0.818      0.818      0.818
  0.51266931]
 [0.818      0.818      0.46454983 0.59904365 0.6932     0.43024788
  0.69191147 0.69434567 0.818      0.818      0.818      0.818
  0.51266931]
 [0.818      0.818      0.46454983 0.59904365 0.6932     0.43024788
  0.69191147 0.69434567 0.818      0.818      0.818      0.818
  0.51266931]]","[[1. 1. 1. 1. 1. 1. 1. 1. 1. 1. 1. 1. 1.]
 [1. 1. 1. 1. 1. 1. 1. 1. 1. 1. 1. 1. 1.]
 [1. 1. 1. 1. 1. 1. 1. 1. 1. 1. 1. 1. 1.]
 [1. 1. 1. 1. 1. 1. 1. 1. 1. 1. 1. 1. 1.]
 [1. 1. 1. 1. 1. 1. 1. 1. 1. 1. 1. 1. 1.]
 [1. 1. 1. 1. 1. 1. 1. 1. 1. 1. 1. 1. 1.]
 [1. 1. 1. 1. 1. 1. 1. 1. 1. 1. 1. 1. 1.]
 [1. 1. 1. 1. 1. 1. 1. 1. 1. 1. 1. 1. 1.]
 [1. 1. 1. 1. 1. 1. 1. 1. 1. 1. 1. 1. 1.]
 [1. 1. 1. 1. 1. 1. 1. 1. 1. 1. 1. 1. 1.]
 [1. 1. 1. 1. 1. 1. 1. 1. 1. 1. 1. 1. 1.]
 [1. 1. 1. 1. 1. 1. 1. 1. 1. 1. 1. 1. 1.]
 [1. 1. 1. 1. 1. 1. 1. 1. 1. 1. 1. 1. 1.]
 [1. 1. 1. 1. 1. 1. 1. 1. 1. 1. 1. 1. 1.]
 [1. 1. 1. 1. 1. 1. 1. 1. 1. 1. 1. 1. 1.]
 [1. 1. 1. 1. 1. 1. 1. 1. 1. 1. 1. 1. 1.]
 [1. 1. 1. 1. 1. 1. 1. 1. 1. 1. 1. 1. 1.]
 [1. 1. 1. 1. 1. 1. 1. 1. 1. 1. 1. 1. 1.]]","[[0.         0.         0.58837803]
 [0.         0.         0.58837803]
 [0.83629452 0.         0.        ]
 [1.         0.         0.        ]
 [1.         0.         0.        ]
 [0.83629452 0.         0.        ]
 [1.         0.         0.        ]
 [1.         0.         0.        ]
 [1.         0.         0.        ]
 [1.         0.         0.        ]
 [1.         0.         0.        ]
 [1.         0.         0.        ]
 [0.61488563 0.         0.        ]]","[[80, 85, 90]]"
19,19,"[[0.443160322274044, 0.44325986272814555, 0.4448101692107436, 0.4157539903253905, 0.4448101692107436, 0.4448101692107436, 0.4448101692107436, 0.4448101692107436, 0.4157539903253905, 0.4448101692107436, 0.4448101692107436, 0.4448101692107436, 0.4448101692107436, 0.4448101692107436, 0.4448101692107436, 0.4448101692107436, 0.4448101692107436, 0.4448101692107436, 0.4567679376919941]]","[[0.76822737 0.76851276 0.786      0.6932     0.786      0.786
  0.786      0.786      0.6932     0.50613436 0.65296883 0.63402523
  0.63001251 0.69865542 0.6375412  0.58925655 0.60432562 0.58633671
  0.818     ]
 [0.76822737 0.76851276 0.786      0.6932     0.786      0.786
  0.786      0.786      0.6932     0.50613436 0.65296883 0.63402523
  0.63001251 0.69865542 0.6375412  0.58925655 0.60432562 0.58633671
  0.818     ]
 [0.76822737 0.76851276 0.786      0.6932     0.786      0.786
  0.786      0.786      0.6932     0.50613436 0.65296883 0.63402523
  0.63001251 0.69865542 0.6375412  0.58925655 0.60432562 0.58633671
  0.818     ]
 [0.76822737 0.76851276 0.786      0.6932     0.786      0.786
  0.786      0.786      0.6932     0.50613436 0.65296883 0.63402523
  0.63001251 0.69865542 0.6375412  0.58925655 0.60432562 0.58633671
  0.818     ]
 [0.76822737 0.76851276 0.786      0.6932     0.786      0.786
  0.786      0.786      0.6932     0.50613436 0.65296883 0.63402523
  0.63001251 0.69865542 0.6375412  0.58925655 0.60432562 0.58633671
  0.818     ]
 [0.76822737 0.76851276 0.786      0.6932     0.786      0.786
  0.786      0.786      0.6932     0.50613436 0.65296883 0.63402523
  0.63001251 0.69865542 0.6375412  0.58925655 0.60432562 0.58633671
  0.818     ]
 [0.818      0.818      0.786      0.6932     0.786      0.786
  0.75581856 0.786      0.6932     0.72945321 0.77849795 0.786
  0.786      0.786      0.786      0.786      0.786      0.786
  0.62411749]
 [0.818      0.818      0.786      0.6932     0.786      0.786
  0.75581856 0.786      0.6932     0.72945321 0.77849795 0.786
  0.786      0.786      0.786      0.786      0.786      0.786
  0.62411749]
 [0.818      0.818      0.786      0.6932     0.786      0.786
  0.75581856 0.786      0.6932     0.72945321 0.77849795 0.786
  0.786      0.786      0.786      0.786      0.786      0.786
  0.62411749]
 [0.818      0.818      0.786      0.6932     0.786      0.786
  0.75581856 0.786      0.6932     0.72945321 0.77849795 0.786
  0.786      0.786      0.786      0.786      0.786      0.786
  0.62411749]
 [0.818      0.818      0.786      0.6932     0.786      0.786
  0.75581856 0.786      0.6932     0.72945321 0.77849795 0.786
  0.786      0.786      0.786      0.786      0.786      0.786
  0.62411749]
 [0.818      0.818      0.786      0.6932     0.786      0.786
  0.75581856 0.786      0.6932     0.72945321 0.77849795 0.786
  0.786      0.786      0.786      0.786      0.786      0.786
  0.62411749]
 [0.69565197 0.69544895 0.68950296 0.66720763 0.60370528 0.64367255
  0.56492044 0.6565615  0.6932     0.2485369  0.36088239 0.39260489
  0.36454018 0.44649334 0.39334265 0.33610257 0.34778135 0.33503076
  0.818     ]
 [0.69565197 0.69544895 0.68950296 0.66720763 0.60370528 0.64367255
  0.56492044 0.6565615  0.6932     0.2485369  0.36088239 0.39260489
  0.36454018 0.44649334 0.39334265 0.33610257 0.34778135 0.33503076
  0.818     ]
 [0.69565197 0.69544895 0.68950296 0.66720763 0.60370528 0.64367255
  0.56492044 0.6565615  0.6932     0.2485369  0.36088239 0.39260489
  0.36454018 0.44649334 0.39334265 0.33610257 0.34778135 0.33503076
  0.818     ]
 [0.69565197 0.69544895 0.68950296 0.66720763 0.60370528 0.64367255
  0.56492044 0.6565615  0.6932     0.2485369  0.36088239 0.39260489
  0.36454018 0.44649334 0.39334265 0.33610257 0.34778135 0.33503076
  0.818     ]
 [0.818      0.818      0.6700288  0.6932     0.61323831 0.61352856
  0.47324414 0.63657264 0.6932     0.5089464  0.49852972 0.65646325
  0.58111389 0.67110843 0.6511778  0.58881549 0.58999689 0.59212722
  0.57967601]
 [0.818      0.818      0.6700288  0.6932     0.61323831 0.61352856
  0.47324414 0.63657264 0.6932     0.5089464  0.49852972 0.65646325
  0.58111389 0.67110843 0.6511778  0.58881549 0.58999689 0.59212722
  0.57967601]
 [0.818      0.818      0.6700288  0.6932     0.61323831 0.61352856
  0.47324414 0.63657264 0.6932     0.5089464  0.49852972 0.65646325
  0.58111389 0.67110843 0.6511778  0.58881549 0.58999689 0.59212722
  0.57967601]]","[[1. 1. 1. 1. 1. 1. 1. 1. 1. 1. 1. 1. 1. 1. 1. 1. 1. 1. 1.]
 [1. 1. 1. 1. 1. 1. 1. 1. 1. 1. 1. 1. 1. 1. 1. 1. 1. 1. 1.]
 [1. 1. 1. 1. 1. 1. 1. 1. 1. 1. 1. 1. 1. 1. 1. 1. 1. 1. 1.]
 [1. 1. 1. 1. 1. 1. 1. 1. 1. 1. 1. 1. 1. 1. 1. 1. 1. 1. 1.]
 [1. 1. 1. 1. 1. 1. 1. 1. 1. 1. 1. 1. 1. 1. 1. 1. 1. 1. 1.]
 [1. 1. 1. 1. 1. 1. 1. 1. 1. 1. 1. 1. 1. 1. 1. 1. 1. 1. 1.]
 [1. 1. 1. 1. 1. 1. 1. 1. 1. 1. 1. 1. 1. 1. 1. 1. 1. 1. 1.]
 [1. 1. 1. 1. 1. 1. 1. 1. 1. 1. 1. 1. 1. 1. 1. 1. 1. 1. 1.]
 [1. 1. 1. 1. 1. 1. 1. 1. 1. 1. 1. 1. 1. 1. 1. 1. 1. 1. 1.]
 [1. 1. 1. 1. 1. 1. 1. 1. 1. 1. 1. 1. 1. 1. 1. 1. 1. 1. 1.]
 [1. 1. 1. 1. 1. 1. 1. 1. 1. 1. 1. 1. 1. 1. 1. 1. 1. 1. 1.]
 [1. 1. 1. 1. 1. 1. 1. 1. 1. 1. 1. 1. 1. 1. 1. 1. 1. 1. 1.]
 [1. 1. 1. 1. 1. 1. 1. 1. 1. 0. 0. 0. 0. 1. 0. 0. 0. 0. 1.]
 [1. 1. 1. 1. 1. 1. 1. 1. 1. 0. 0. 0. 0. 1. 0. 0. 0. 0. 1.]
 [1. 1. 1. 1. 1. 1. 1. 1. 1. 0. 0. 0. 0. 1. 0. 0. 0. 0. 1.]
 [1. 1. 1. 1. 1. 1. 1. 1. 1. 0. 0. 0. 0. 1. 0. 0. 0. 0. 1.]
 [1. 1. 1. 1. 1. 1. 1. 1. 1. 1. 1. 1. 1. 1. 1. 1. 1. 1. 1.]
 [1. 1. 1. 1. 1. 1. 1. 1. 1. 1. 1. 1. 1. 1. 1. 1. 1. 1. 1.]
 [1. 1. 1. 1. 1. 1. 1. 1. 1. 1. 1. 1. 1. 1. 1. 1. 1. 1. 1.]]","[[0.         0.         0.58837803]
 [0.         0.         0.58837803]
 [0.83629452 0.         0.        ]
 [1.         0.         0.        ]
 [0.83629452 0.         0.        ]
 [0.83629452 0.         0.        ]
 [0.83629452 0.         0.        ]
 [0.83629452 0.         0.        ]
 [1.         0.         0.        ]
 [0.83629452 0.         0.        ]
 [0.83629452 0.         0.        ]
 [0.83629452 0.         0.        ]
 [0.83629452 0.         0.        ]
 [0.83629452 0.         0.        ]
 [0.83629452 0.         0.        ]
 [0.83629452 0.         0.        ]
 [0.83629452 0.         0.        ]
 [0.83629452 0.         0.        ]
 [0.61488563 0.         0.        ]]","[[80, 85, 90]]"
20,20,"[[0.45275833889332995, 0.4528578676927614, 0.4448101692107436, 0.4157539903253905, 0.4448101692107436, 0.4448101692107436, 0.4448101692107436, 0.4448101692107436, 0.4157539903253905, 0.4448101692107436, 0.4448101692107436, 0.4448101692107436, 0.4448101692107436, 0.4448101692107436, 0.4448101692107436, 0.4448101692107436, 0.4448101692107436, 0.4448101692107436, 0.4448101692107436, 0.4559225695894528]]","[[0.78962729 0.78978137 0.786      0.6932     0.786      0.786
  0.786      0.786      0.6932     0.58438829 0.72833264 0.65415428
  0.67853598 0.7048288  0.65888623 0.58315214 0.6378605  0.65220051
  0.63493658 0.818     ]
 [0.78962729 0.78978137 0.786      0.6932     0.786      0.786
  0.786      0.786      0.6932     0.58438829 0.72833264 0.65415428
  0.67853598 0.7048288  0.65888623 0.58315214 0.6378605  0.65220051
  0.63493658 0.818     ]
 [0.78962729 0.78978137 0.786      0.6932     0.786      0.786
  0.786      0.786      0.6932     0.58438829 0.72833264 0.65415428
  0.67853598 0.7048288  0.65888623 0.58315214 0.6378605  0.65220051
  0.63493658 0.818     ]
 [0.78962729 0.78978137 0.786      0.6932     0.786      0.786
  0.786      0.786      0.6932     0.58438829 0.72833264 0.65415428
  0.67853598 0.7048288  0.65888623 0.58315214 0.6378605  0.65220051
  0.63493658 0.818     ]
 [0.78962729 0.78978137 0.786      0.6932     0.786      0.786
  0.786      0.786      0.6932     0.58438829 0.72833264 0.65415428
  0.67853598 0.7048288  0.65888623 0.58315214 0.6378605  0.65220051
  0.63493658 0.818     ]
 [0.78962729 0.78978137 0.786      0.6932     0.786      0.786
  0.786      0.786      0.6932     0.58438829 0.72833264 0.65415428
  0.67853598 0.7048288  0.65888623 0.58315214 0.6378605  0.65220051
  0.63493658 0.818     ]
 [0.818      0.818      0.786      0.6932     0.786      0.786
  0.786      0.786      0.6932     0.786      0.786      0.786
  0.786      0.786      0.786      0.786      0.786      0.786
  0.786      0.61663546]
 [0.818      0.818      0.786      0.6932     0.786      0.786
  0.786      0.786      0.6932     0.786      0.786      0.786
  0.786      0.786      0.786      0.786      0.786      0.786
  0.786      0.61663546]
 [0.818      0.818      0.786      0.6932     0.786      0.786
  0.786      0.786      0.6932     0.786      0.786      0.786
  0.786      0.786      0.786      0.786      0.786      0.786
  0.786      0.61663546]
 [0.818      0.818      0.786      0.6932     0.786      0.786
  0.786      0.786      0.6932     0.786      0.786      0.786
  0.786      0.786      0.786      0.786      0.786      0.786
  0.786      0.61663546]
 [0.818      0.818      0.786      0.6932     0.786      0.786
  0.786      0.786      0.6932     0.786      0.786      0.786
  0.786      0.786      0.786      0.786      0.786      0.786
  0.786      0.61663546]
 [0.818      0.818      0.786      0.6932     0.786      0.786
  0.786      0.786      0.6932     0.786      0.786      0.786
  0.786      0.786      0.786      0.786      0.786      0.786
  0.786      0.61663546]
 [0.67091134 0.67060247 0.786      0.6932     0.76513967 0.786
  0.74135029 0.786      0.6932     0.37564923 0.47994663 0.48412757
  0.47229907 0.52869927 0.48540889 0.35076858 0.44498975 0.45616305
  0.44431559 0.818     ]
 [0.67091134 0.67060247 0.786      0.6932     0.76513967 0.786
  0.74135029 0.786      0.6932     0.37564923 0.47994663 0.48412757
  0.47229907 0.52869927 0.48540889 0.35076858 0.44498975 0.45616305
  0.44431559 0.818     ]
 [0.818      0.818      0.786      0.6932     0.786      0.786
  0.73095605 0.786      0.6932     0.53655055 0.59456023 0.66465876
  0.62681278 0.7001756  0.66342097 0.49283921 0.61267082 0.6203889
  0.61375402 0.80356055]
 [0.818      0.818      0.786      0.6932     0.786      0.786
  0.73095605 0.786      0.6932     0.53655055 0.59456023 0.66465876
  0.62681278 0.7001756  0.66342097 0.49283921 0.61267082 0.6203889
  0.61375402 0.80356055]
 [0.818      0.818      0.786      0.6932     0.786      0.786
  0.73095605 0.786      0.6932     0.53655055 0.59456023 0.66465876
  0.62681278 0.7001756  0.66342097 0.49283921 0.61267082 0.6203889
  0.61375402 0.80356055]
 [0.818      0.818      0.786      0.6932     0.786      0.786
  0.73095605 0.786      0.6932     0.53655055 0.59456023 0.66465876
  0.62681278 0.7001756  0.66342097 0.49283921 0.61267082 0.6203889
  0.61375402 0.80356055]
 [0.818      0.818      0.786      0.6932     0.786      0.786
  0.73095605 0.786      0.6932     0.53655055 0.59456023 0.66465876
  0.62681278 0.7001756  0.66342097 0.49283921 0.61267082 0.6203889
  0.61375402 0.80356055]
 [0.818      0.818      0.786      0.6932     0.786      0.786
  0.73095605 0.786      0.6932     0.53655055 0.59456023 0.66465876
  0.62681278 0.7001756  0.66342097 0.49283921 0.61267082 0.6203889
  0.61375402 0.80356055]]","[[1. 1. 1. 1. 1. 1. 1. 1. 1. 1. 1. 1. 1. 1. 1. 1. 1. 1. 1. 1.]
 [1. 1. 1. 1. 1. 1. 1. 1. 1. 1. 1. 1. 1. 1. 1. 1. 1. 1. 1. 1.]
 [1. 1. 1. 1. 1. 1. 1. 1. 1. 1. 1. 1. 1. 1. 1. 1. 1. 1. 1. 1.]
 [1. 1. 1. 1. 1. 1. 1. 1. 1. 1. 1. 1. 1. 1. 1. 1. 1. 1. 1. 1.]
 [1. 1. 1. 1. 1. 1. 1. 1. 1. 1. 1. 1. 1. 1. 1. 1. 1. 1. 1. 1.]
 [1. 1. 1. 1. 1. 1. 1. 1. 1. 1. 1. 1. 1. 1. 1. 1. 1. 1. 1. 1.]
 [1. 1. 1. 1. 1. 1. 1. 1. 1. 1. 1. 1. 1. 1. 1. 1. 1. 1. 1. 1.]
 [1. 1. 1. 1. 1. 1. 1. 1. 1. 1. 1. 1. 1. 1. 1. 1. 1. 1. 1. 1.]
 [1. 1. 1. 1. 1. 1. 1. 1. 1. 1. 1. 1. 1. 1. 1. 1. 1. 1. 1. 1.]
 [1. 1. 1. 1. 1. 1. 1. 1. 1. 1. 1. 1. 1. 1. 1. 1. 1. 1. 1. 1.]
 [1. 1. 1. 1. 1. 1. 1. 1. 1. 1. 1. 1. 1. 1. 1. 1. 1. 1. 1. 1.]
 [1. 1. 1. 1. 1. 1. 1. 1. 1. 1. 1. 1. 1. 1. 1. 1. 1. 1. 1. 1.]
 [1. 1. 1. 1. 1. 1. 1. 1. 1. 0. 1. 0. 1. 1. 0. 0. 0. 0. 0. 1.]
 [1. 1. 1. 1. 1. 1. 1. 1. 1. 0. 1. 0. 1. 1. 0. 0. 0. 0. 0. 1.]
 [1. 1. 1. 1. 1. 1. 1. 1. 1. 1. 1. 1. 1. 1. 1. 1. 1. 1. 1. 1.]
 [1. 1. 1. 1. 1. 1. 1. 1. 1. 1. 1. 1. 1. 1. 1. 1. 1. 1. 1. 1.]
 [1. 1. 1. 1. 1. 1. 1. 1. 1. 1. 1. 1. 1. 1. 1. 1. 1. 1. 1. 1.]
 [1. 1. 1. 1. 1. 1. 1. 1. 1. 1. 1. 1. 1. 1. 1. 1. 1. 1. 1. 1.]
 [1. 1. 1. 1. 1. 1. 1. 1. 1. 1. 1. 1. 1. 1. 1. 1. 1. 1. 1. 1.]
 [1. 1. 1. 1. 1. 1. 1. 1. 1. 1. 1. 1. 1. 1. 1. 1. 1. 1. 1. 1.]]","[[0.         0.         0.58837803]
 [0.         0.         0.58837803]
 [0.83629452 0.         0.        ]
 [1.         0.         0.        ]
 [0.83629452 0.         0.        ]
 [0.83629452 0.         0.        ]
 [0.83629452 0.         0.        ]
 [0.83629452 0.         0.        ]
 [1.         0.         0.        ]
 [0.83629452 0.         0.        ]
 [0.83629452 0.         0.        ]
 [0.83629452 0.         0.        ]
 [0.83629452 0.         0.        ]
 [0.83629452 0.         0.        ]
 [0.83629452 0.         0.        ]
 [0.83629452 0.         0.        ]
 [0.83629452 0.         0.        ]
 [0.83629452 0.         0.        ]
 [0.83629452 0.         0.        ]
 [0.61488563 0.         0.        ]]","[[80, 85, 90]]"
18,18,"[[0.46235504401006844, 0.4624545569876707, 0.4448101692107436, 0.4157539903253905, 0.4448101692107436, 0.4448101692107436, 0.4448101692107436, 0.4448101692107436, 0.4448101692107436, 0.4448101692107436, 0.4448101692107436, 0.4448101692107436, 0.4448101692107436, 0.4448101692107436, 0.4448101692107436, 0.4448101692107436, 0.4448101692107436, 0.4448101692107436]]","[[0.79764877 0.79765828 0.786      0.60585248 0.786      0.786
  0.786      0.786      0.59586203 0.71652345 0.5968576  0.64582549
  0.62803342 0.60213061 0.61622018 0.61071585 0.62245245 0.60815442]
 [0.79764877 0.79765828 0.786      0.60585248 0.786      0.786
  0.786      0.786      0.59586203 0.71652345 0.5968576  0.64582549
  0.62803342 0.60213061 0.61622018 0.61071585 0.62245245 0.60815442]
 [0.79764877 0.79765828 0.786      0.60585248 0.786      0.786
  0.786      0.786      0.59586203 0.71652345 0.5968576  0.64582549
  0.62803342 0.60213061 0.61622018 0.61071585 0.62245245 0.60815442]
 [0.79764877 0.79765828 0.786      0.60585248 0.786      0.786
  0.786      0.786      0.59586203 0.71652345 0.5968576  0.64582549
  0.62803342 0.60213061 0.61622018 0.61071585 0.62245245 0.60815442]
 [0.79764877 0.79765828 0.786      0.60585248 0.786      0.786
  0.786      0.786      0.59586203 0.71652345 0.5968576  0.64582549
  0.62803342 0.60213061 0.61622018 0.61071585 0.62245245 0.60815442]
 [0.79764877 0.79765828 0.786      0.60585248 0.786      0.786
  0.786      0.786      0.59586203 0.71652345 0.5968576  0.64582549
  0.62803342 0.60213061 0.61622018 0.61071585 0.62245245 0.60815442]
 [0.818      0.818      0.786      0.6932     0.786      0.786
  0.786      0.786      0.786      0.786      0.786      0.786
  0.786      0.786      0.786      0.786      0.786      0.786     ]
 [0.818      0.818      0.786      0.6932     0.786      0.786
  0.786      0.786      0.786      0.786      0.786      0.786
  0.786      0.786      0.786      0.786      0.786      0.786     ]
 [0.818      0.818      0.786      0.6932     0.786      0.786
  0.786      0.786      0.786      0.786      0.786      0.786
  0.786      0.786      0.786      0.786      0.786      0.786     ]
 [0.818      0.818      0.786      0.6932     0.786      0.786
  0.786      0.786      0.786      0.786      0.786      0.786
  0.786      0.786      0.786      0.786      0.786      0.786     ]
 [0.818      0.818      0.786      0.6932     0.786      0.786
  0.786      0.786      0.786      0.786      0.786      0.786
  0.786      0.786      0.786      0.786      0.786      0.786     ]
 [0.818      0.818      0.786      0.6932     0.786      0.786
  0.786      0.786      0.786      0.786      0.786      0.786
  0.786      0.786      0.786      0.786      0.786      0.786     ]
 [0.8086853  0.80805719 0.786      0.6932     0.786      0.786
  0.786      0.786      0.66876197 0.7267081  0.74938248 0.73833126
  0.77668029 0.74965775 0.63898203 0.72209476 0.7301366  0.72315727]
 [0.8086853  0.80805719 0.786      0.6932     0.786      0.786
  0.786      0.786      0.66876197 0.7267081  0.74938248 0.73833126
  0.77668029 0.74965775 0.63898203 0.72209476 0.7301366  0.72315727]
 [0.8086853  0.80805719 0.786      0.6932     0.786      0.786
  0.786      0.786      0.66876197 0.7267081  0.74938248 0.73833126
  0.77668029 0.74965775 0.63898203 0.72209476 0.7301366  0.72315727]
 [0.8086853  0.80805719 0.786      0.6932     0.786      0.786
  0.786      0.786      0.66876197 0.7267081  0.74938248 0.73833126
  0.77668029 0.74965775 0.63898203 0.72209476 0.7301366  0.72315727]
 [0.8086853  0.80805719 0.786      0.6932     0.786      0.786
  0.786      0.786      0.66876197 0.7267081  0.74938248 0.73833126
  0.77668029 0.74965775 0.63898203 0.72209476 0.7301366  0.72315727]
 [0.8086853  0.80805719 0.786      0.6932     0.786      0.786
  0.786      0.786      0.66876197 0.7267081  0.74938248 0.73833126
  0.77668029 0.74965775 0.63898203 0.72209476 0.7301366  0.72315727]]","[[1. 1. 1. 1. 1. 1. 1. 1. 1. 1. 1. 1. 1. 1. 1. 1. 1. 1.]
 [1. 1. 1. 1. 1. 1. 1. 1. 1. 1. 1. 1. 1. 1. 1. 1. 1. 1.]
 [1. 1. 1. 1. 1. 1. 1. 1. 1. 1. 1. 1. 1. 1. 1. 1. 1. 1.]
 [1. 1. 1. 1. 1. 1. 1. 1. 1. 1. 1. 1. 1. 1. 1. 1. 1. 1.]
 [1. 1. 1. 1. 1. 1. 1. 1. 1. 1. 1. 1. 1. 1. 1. 1. 1. 1.]
 [1. 1. 1. 1. 1. 1. 1. 1. 1. 1. 1. 1. 1. 1. 1. 1. 1. 1.]
 [1. 1. 1. 1. 1. 1. 1. 1. 1. 1. 1. 1. 1. 1. 1. 1. 1. 1.]
 [1. 1. 1. 1. 1. 1. 1. 1. 1. 1. 1. 1. 1. 1. 1. 1. 1. 1.]
 [1. 1. 1. 1. 1. 1. 1. 1. 1. 1. 1. 1. 1. 1. 1. 1. 1. 1.]
 [1. 1. 1. 1. 1. 1. 1. 1. 1. 1. 1. 1. 1. 1. 1. 1. 1. 1.]
 [1. 1. 1. 1. 1. 1. 1. 1. 1. 1. 1. 1. 1. 1. 1. 1. 1. 1.]
 [1. 1. 1. 1. 1. 1. 1. 1. 1. 1. 1. 1. 1. 1. 1. 1. 1. 1.]
 [1. 1. 1. 1. 1. 1. 1. 1. 1. 1. 1. 1. 1. 1. 1. 1. 1. 1.]
 [1. 1. 1. 1. 1. 1. 1. 1. 1. 1. 1. 1. 1. 1. 1. 1. 1. 1.]
 [1. 1. 1. 1. 1. 1. 1. 1. 1. 1. 1. 1. 1. 1. 1. 1. 1. 1.]
 [1. 1. 1. 1. 1. 1. 1. 1. 1. 1. 1. 1. 1. 1. 1. 1. 1. 1.]
 [1. 1. 1. 1. 1. 1. 1. 1. 1. 1. 1. 1. 1. 1. 1. 1. 1. 1.]
 [1. 1. 1. 1. 1. 1. 1. 1. 1. 1. 1. 1. 1. 1. 1. 1. 1. 1.]]","[[0.         0.         0.58837803]
 [0.         0.         0.58837803]
 [0.83629452 0.         0.        ]
 [1.         0.         0.        ]
 [0.83629452 0.         0.        ]
 [0.83629452 0.         0.        ]
 [0.83629452 0.         0.        ]
 [0.83629452 0.         0.        ]
 [0.83629452 0.         0.        ]
 [0.83629452 0.         0.        ]
 [0.83629452 0.         0.        ]
 [0.83629452 0.         0.        ]
 [0.83629452 0.         0.        ]
 [0.83629452 0.         0.        ]
 [0.83629452 0.         0.        ]
 [0.83629452 0.         0.        ]
 [0.83629452 0.         0.        ]
 [0.83629452 0.         0.        ]]","[[80, 85, 90]]"
17,17,"[[0.4719499584360397, 0.47204944967532236, 0.4448101692107436, 0.4448101692107436, 0.4448101692107436, 0.4448101692107436, 0.4448101692107436, 0.4448101692107436, 0.4448101692107436, 0.4448101692107436, 0.4448101692107436, 0.4448101692107436, 0.4448101692107436, 0.4448101692107436, 0.4448101692107436, 0.4448101692107436, 0.4448101692107436]]","[[0.79157802 0.79144208 0.68755054 0.75406961 0.74290809 0.786
  0.72125115 0.53715012 0.62279979 0.48017776 0.54375979 0.49453283
  0.48542849 0.57597114 0.51668311 0.5251427  0.51466594]
 [0.79157802 0.79144208 0.68755054 0.75406961 0.74290809 0.786
  0.72125115 0.53715012 0.62279979 0.48017776 0.54375979 0.49453283
  0.48542849 0.57597114 0.51668311 0.5251427  0.51466594]
 [0.79157802 0.79144208 0.68755054 0.75406961 0.74290809 0.786
  0.72125115 0.53715012 0.62279979 0.48017776 0.54375979 0.49453283
  0.48542849 0.57597114 0.51668311 0.5251427  0.51466594]
 [0.79157802 0.79144208 0.68755054 0.75406961 0.74290809 0.786
  0.72125115 0.53715012 0.62279979 0.48017776 0.54375979 0.49453283
  0.48542849 0.57597114 0.51668311 0.5251427  0.51466594]
 [0.79157802 0.79144208 0.68755054 0.75406961 0.74290809 0.786
  0.72125115 0.53715012 0.62279979 0.48017776 0.54375979 0.49453283
  0.48542849 0.57597114 0.51668311 0.5251427  0.51466594]
 [0.79157802 0.79144208 0.68755054 0.75406961 0.74290809 0.786
  0.72125115 0.53715012 0.62279979 0.48017776 0.54375979 0.49453283
  0.48542849 0.57597114 0.51668311 0.5251427  0.51466594]
 [0.818      0.818      0.77432894 0.786      0.786      0.786
  0.786      0.786      0.786      0.72913846 0.786      0.74307025
  0.73605789 0.786      0.77994688 0.786      0.77638853]
 [0.818      0.818      0.77432894 0.786      0.786      0.786
  0.786      0.786      0.786      0.72913846 0.786      0.74307025
  0.73605789 0.786      0.77994688 0.786      0.77638853]
 [0.818      0.818      0.77432894 0.786      0.786      0.786
  0.786      0.786      0.786      0.72913846 0.786      0.74307025
  0.73605789 0.786      0.77994688 0.786      0.77638853]
 [0.818      0.818      0.77432894 0.786      0.786      0.786
  0.786      0.786      0.786      0.72913846 0.786      0.74307025
  0.73605789 0.786      0.77994688 0.786      0.77638853]
 [0.818      0.818      0.77432894 0.786      0.786      0.786
  0.786      0.786      0.786      0.72913846 0.786      0.74307025
  0.73605789 0.786      0.77994688 0.786      0.77638853]
 [0.74546726 0.74478716 0.786      0.786      0.786      0.786
  0.786      0.73866448 0.786      0.74456685 0.76888965 0.75692143
  0.74656482 0.73288417 0.75278205 0.7598448  0.75363277]
 [0.74546726 0.74478716 0.786      0.786      0.786      0.786
  0.786      0.73866448 0.786      0.74456685 0.76888965 0.75692143
  0.74656482 0.73288417 0.75278205 0.7598448  0.75363277]
 [0.74546726 0.74478716 0.786      0.786      0.786      0.786
  0.786      0.73866448 0.786      0.74456685 0.76888965 0.75692143
  0.74656482 0.73288417 0.75278205 0.7598448  0.75363277]
 [0.74546726 0.74478716 0.786      0.786      0.786      0.786
  0.786      0.73866448 0.786      0.74456685 0.76888965 0.75692143
  0.74656482 0.73288417 0.75278205 0.7598448  0.75363277]
 [0.74546726 0.74478716 0.786      0.786      0.786      0.786
  0.786      0.73866448 0.786      0.74456685 0.76888965 0.75692143
  0.74656482 0.73288417 0.75278205 0.7598448  0.75363277]
 [0.74546726 0.74478716 0.786      0.786      0.786      0.786
  0.786      0.73866448 0.786      0.74456685 0.76888965 0.75692143
  0.74656482 0.73288417 0.75278205 0.7598448  0.75363277]]","[[1. 1. 1. 1. 1. 1. 1. 1. 1. 1. 1. 1. 1. 1. 1. 1. 1.]
 [1. 1. 1. 1. 1. 1. 1. 1. 1. 1. 1. 1. 1. 1. 1. 1. 1.]
 [1. 1. 1. 1. 1. 1. 1. 1. 1. 1. 1. 1. 1. 1. 1. 1. 1.]
 [1. 1. 1. 1. 1. 1. 1. 1. 1. 1. 1. 1. 1. 1. 1. 1. 1.]
 [1. 1. 1. 1. 1. 1. 1. 1. 1. 1. 1. 1. 1. 1. 1. 1. 1.]
 [1. 1. 1. 1. 1. 1. 1. 1. 1. 1. 1. 1. 1. 1. 1. 1. 1.]
 [1. 1. 1. 1. 1. 1. 1. 1. 1. 1. 1. 1. 1. 1. 1. 1. 1.]
 [1. 1. 1. 1. 1. 1. 1. 1. 1. 1. 1. 1. 1. 1. 1. 1. 1.]
 [1. 1. 1. 1. 1. 1. 1. 1. 1. 1. 1. 1. 1. 1. 1. 1. 1.]
 [1. 1. 1. 1. 1. 1. 1. 1. 1. 1. 1. 1. 1. 1. 1. 1. 1.]
 [1. 1. 1. 1. 1. 1. 1. 1. 1. 1. 1. 1. 1. 1. 1. 1. 1.]
 [1. 1. 1. 1. 1. 1. 1. 1. 1. 1. 1. 1. 1. 1. 1. 1. 1.]
 [1. 1. 1. 1. 1. 1. 1. 1. 1. 1. 1. 1. 1. 1. 1. 1. 1.]
 [1. 1. 1. 1. 1. 1. 1. 1. 1. 1. 1. 1. 1. 1. 1. 1. 1.]
 [1. 1. 1. 1. 1. 1. 1. 1. 1. 1. 1. 1. 1. 1. 1. 1. 1.]
 [1. 1. 1. 1. 1. 1. 1. 1. 1. 1. 1. 1. 1. 1. 1. 1. 1.]
 [1. 1. 1. 1. 1. 1. 1. 1. 1. 1. 1. 1. 1. 1. 1. 1. 1.]]","[[0.         0.         0.58837803]
 [0.         0.         0.58837803]
 [0.83629452 0.         0.        ]
 [0.83629452 0.         0.        ]
 [0.83629452 0.         0.        ]
 [0.83629452 0.         0.        ]
 [0.83629452 0.         0.        ]
 [0.83629452 0.         0.        ]
 [0.83629452 0.         0.        ]
 [0.83629452 0.         0.        ]
 [0.83629452 0.         0.        ]
 [0.83629452 0.         0.        ]
 [0.83629452 0.         0.        ]
 [0.83629452 0.         0.        ]
 [0.83629452 0.         0.        ]
 [0.83629452 0.         0.        ]
 [0.83629452 0.         0.        ]]","[[80, 85, 90]]"
4,4,"[[0.4815423893462073, 0.48164185012837046, 0.4448101692107436, 0.4448101692107436]]","[[0.818      0.818      0.7222944  0.72161891]
 [0.818      0.818      0.7222944  0.72161891]
 [0.818      0.818      0.7222944  0.72161891]
 [0.818      0.818      0.7222944  0.72161891]]","[[1. 1. 1. 1.]
 [1. 1. 1. 1.]
 [1. 1. 1. 1.]
 [1. 1. 1. 1.]]","[[0.         0.         0.58837803]
 [0.         0.         0.58837803]
 [0.83629452 0.         0.        ]
 [0.83629452 0.         0.        ]]","[[80, 85, 90]]"
3,3,"[[0.33639517429323484, 0.4911312937652367, 0.4912307107133612]]","[[0.818      0.49160091 0.49101664]
 [0.818      0.49160091 0.49101664]
 [0.818      0.49160091 0.49101664]]","[[1. 1. 1.]
 [1. 1. 1.]
 [1. 1. 1.]]","[[0.         0.         0.69722469]
 [0.         0.         0.58837803]
 [0.         0.         0.58837803]]","[[80, 85, 90]]"
2,2,"[[0.5007150223297513, 0.5008143736741472]]","[[0.818 0.818]
 [0.818 0.818]]","[[1. 1.]
 [1. 1.]]","[[0.         0.         0.58837803]
 [0.         0.         0.58837803]]","[[80, 85, 90]]"
2,2,"[[0.5102907996846516, 0.5103900475995301]]","[[0.818 0.818]
 [0.818 0.818]]","[[1. 1.]
 [1. 1.]]","[[0.         0.         0.58837803]
 [0.         0.         0.58837803]]","[[80, 85, 90]]"
2,2,"[[0.48891173201113014, 0.48879833746764]]","[[0.818 0.818]
 [0.818 0.818]]","[[1. 1.]
 [1. 1.]]","[[0.58837803 0.         0.        ]
 [0.58837803 0.         0.        ]]","[[80, 85, 90]]"
2,2,"[[0.4817162846934243, 0.4815948358534795]]","[[0.818 0.818]
 [0.818 0.818]]","[[1. 1.]
 [1. 1.]]","[[0.58837803 0.         0.        ]
 [0.58837803 0.         0.        ]]","[[80, 85, 90]]"
1,1,[[0.5915244394311304]],[[0.6932]],[[1.]],[[0. 0. 1.]],"[[80, 85, 90]]"
3,3,"[[0.5913277933463414, 0.5897112431618917, 0.5918094472902707]]","[[0.6932 0.6932 0.6932]
 [0.6932 0.6932 0.6932]
 [0.6932 0.6932 0.6932]]","[[1. 1. 1.]
 [1. 1. 1.]
 [1. 1. 1.]]","[[0. 0. 1.]
 [0. 0. 1.]
 [0. 0. 1.]]","[[80, 85, 90]]"
5,5,"[[0.5098786188859463, 0.506703234239082, 0.506703234239082, 0.5907438765463398, 0.506703234239082]]","[[0.6932 0.786  0.786  0.6932 0.786 ]
 [0.6932 0.786  0.786  0.6932 0.786 ]
 [0.6932 0.786  0.786  0.6932 0.786 ]
 [0.6932 0.786  0.786  0.6932 0.786 ]
 [0.6932 0.786  0.786  0.6932 0.786 ]]","[[1. 1. 1. 1. 1.]
 [1. 1. 1. 1. 1.]
 [1. 1. 1. 1. 1.]
 [1. 1. 1. 1. 1.]
 [1. 1. 1. 1. 1.]]","[[1.         0.         0.        ]
 [0.         0.         0.83629452]
 [0.         0.         0.83629452]
 [0.         0.         1.        ]
 [0.         0.         0.83629452]]","[[80, 85, 90]]"
6,6,"[[0.5098787186939011, 0.5098787186939011, 0.506703234239082, 0.506703234239082, 0.506703234239082, 0.506703234239082]]","[[0.6932 0.6932 0.786  0.786  0.786  0.786 ]
 [0.6932 0.6932 0.786  0.786  0.786  0.786 ]
 [0.6932 0.6932 0.786  0.786  0.786  0.786 ]
 [0.6932 0.6932 0.786  0.786  0.786  0.786 ]
 [0.6932 0.6932 0.786  0.786  0.786  0.786 ]
 [0.6932 0.6932 0.786  0.786  0.786  0.786 ]]","[[1. 1. 1. 1. 1. 1.]
 [1. 1. 1. 1. 1. 1.]
 [1. 1. 1. 1. 1. 1.]
 [1. 1. 1. 1. 1. 1.]
 [1. 1. 1. 1. 1. 1.]
 [1. 1. 1. 1. 1. 1.]]","[[1.         0.         0.        ]
 [1.         0.         0.        ]
 [0.         0.         0.83629452]
 [0.         0.         0.83629452]
 [0.         0.         0.83629452]
 [0.         0.         0.83629452]]","[[80, 85, 90]]"
7,7,"[[0.5098786188859463, 0.5098787186939011, 0.506703234239082, 0.506703234239082, 0.506703234239082, 0.506703234239082, 0.506703234239082]]","[[0.6932 0.6932 0.786  0.786  0.786  0.786  0.786 ]
 [0.6932 0.6932 0.786  0.786  0.786  0.786  0.786 ]
 [0.6932 0.6932 0.786  0.786  0.786  0.786  0.786 ]
 [0.6932 0.6932 0.786  0.786  0.786  0.786  0.786 ]
 [0.6932 0.6932 0.786  0.786  0.786  0.786  0.786 ]
 [0.6932 0.6932 0.786  0.786  0.786  0.786  0.786 ]
 [0.6932 0.6932 0.786  0.786  0.786  0.786  0.786 ]]","[[1. 1. 1. 1. 1. 1. 1.]
 [1. 1. 1. 1. 1. 1. 1.]
 [1. 1. 1. 1. 1. 1. 1.]
 [1. 1. 1. 1. 1. 1. 1.]
 [1. 1. 1. 1. 1. 1. 1.]
 [1. 1. 1. 1. 1. 1. 1.]
 [1. 1. 1. 1. 1. 1. 1.]]","[[1.         0.         0.        ]
 [1.         0.         0.        ]
 [0.         0.         0.83629452]
 [0.         0.         0.83629452]
 [0.         0.         0.83629452]
 [0.         0.         0.83629452]
 [0.         0.         0.83629452]]","[[80, 85, 90]]"
4,4,"[[0.3813609786772108, 0.3813866794664867, 0.3814104070847791, 0.38143371945623056]]","[[0.85 0.85 0.85 0.85]
 [0.85 0.85 0.85 0.85]
 [0.85 0.85 0.85 0.85]
 [0.85 0.85 0.85 0.85]]","[[1. 0. 0. 0.]
 [1. 0. 0. 0.]
 [1. 0. 0. 0.]
 [1. 0. 0. 0.]]","[[0.   0.   0.22]
 [0.   0.   0.22]
 [0.   0.   0.22]
 [0.   0.   0.22]]","[[80, 85, 90]]"
4,4,"[[0.3802287280732593, 0.38025442413403493, 0.38027814728566917, 0.38030145569795387]]","[[0.85 0.85 0.85 0.85]
 [0.85 0.85 0.85 0.85]
 [0.85 0.85 0.85 0.85]
 [0.85 0.85 0.85 0.85]]","[[1. 1. 1. 1.]
 [1. 1. 1. 1.]
 [1. 1. 1. 1.]
 [1. 1. 1. 1.]]","[[0.   0.   0.22]
 [0.   0.   0.22]
 [0.   0.   0.22]
 [0.   0.   0.22]]","[[80, 85, 90]]"
2,2,"[[0.4448915167500219, 0.4448101692107436]]","[[0.786 0.786]
 [0.786 0.786]]","[[1. 1.]
 [1. 1.]]","[[0.83629452 0.         0.        ]
 [0.83629452 0.         0.        ]]","[[80, 85, 90]]"
9,9,"[[0.4448101692107436, 0.4448101692107436, 0.4448101692107436, 0.4448101692107436, 0.4448101692107436, 0.4448101692107436, 0.4448101692107436, 0.4448101692107436, 0.4448101692107436]]","[[0.786      0.786      0.786      0.786      0.786      0.786
  0.786      0.786      0.786     ]
 [0.786      0.786      0.786      0.786      0.786      0.786
  0.786      0.786      0.786     ]
 [0.786      0.786      0.786      0.786      0.786      0.786
  0.786      0.786      0.786     ]
 [0.786      0.786      0.786      0.786      0.786      0.786
  0.786      0.786      0.786     ]
 [0.786      0.786      0.786      0.786      0.786      0.786
  0.786      0.786      0.786     ]
 [0.786      0.786      0.786      0.786      0.786      0.786
  0.786      0.786      0.786     ]
 [0.75421968 0.786      0.786      0.786      0.786      0.69332413
  0.786      0.786      0.786     ]
 [0.75421968 0.786      0.786      0.786      0.786      0.69332413
  0.786      0.786      0.786     ]
 [0.786      0.786      0.786      0.786      0.786      0.786
  0.786      0.786      0.786     ]]","[[1. 1. 1. 1. 1. 1. 1. 1. 1.]
 [1. 1. 1. 1. 1. 1. 1. 1. 1.]
 [1. 1. 1. 1. 1. 1. 1. 1. 1.]
 [1. 1. 1. 1. 1. 1. 1. 1. 1.]
 [1. 1. 1. 1. 1. 1. 1. 1. 1.]
 [1. 1. 1. 1. 1. 1. 1. 1. 1.]
 [1. 1. 1. 1. 1. 1. 1. 1. 1.]
 [1. 1. 1. 1. 1. 1. 1. 1. 1.]
 [1. 1. 1. 1. 1. 1. 1. 1. 1.]]","[[0.83629452 0.         0.        ]
 [0.83629452 0.         0.        ]
 [0.83629452 0.         0.        ]
 [0.83629452 0.         0.        ]
 [0.83629452 0.         0.        ]
 [0.83629452 0.         0.        ]
 [0.83629452 0.         0.        ]
 [0.83629452 0.         0.        ]
 [0.83629452 0.         0.        ]]","[[80, 85, 90]]"
1,1,[[0.4448101692107436]],[[0.786]],[[1.]],[[0.83629452 0.         0.        ]],"[[80, 85, 90]]"
2,2,"[[0.5198535624822765, 0.5199526348326072]]","[[0.818 0.818]
 [0.818 0.818]]","[[1. 1.]
 [1. 1.]]","[[0.         0.         0.58837803]
 [0.         0.         0.58837803]]","[[80, 85, 90]]"
2,2,"[[0.5293929918456198, 0.5294917324258476]]","[[0.818 0.818]
 [0.818 0.818]]","[[1. 1.]
 [1. 1.]]","[[0.         0.         0.58837803]
 [0.         0.         0.58837803]]","[[80, 85, 90]]"
2,2,"[[0.5388843625371583, 0.538982361834582]]","[[0.818 0.818]
 [0.818 0.818]]","[[1. 1.]
 [1. 1.]]","[[0.         0.         0.58837803]
 [0.         0.         0.58837803]]","[[80, 85, 90]]"
2,2,"[[0.50632378039989, 0.5062523872556403]]","[[0.818 0.818]
 [0.818 0.818]]","[[1. 1.]
 [1. 1.]]","[[0.58837803 0.         0.        ]
 [0.58837803 0.         0.        ]]","[[80, 85, 90]]"
2,2,"[[0.5014135680504003, 0.5013244860358318]]","[[0.818 0.818]
 [0.818 0.818]]","[[1. 1.]
 [1. 1.]]","[[0.58837803 0.         0.        ]
 [0.58837803 0.         0.        ]]","[[80, 85, 90]]"
2,2,"[[0.49553603260858503, 0.49543318381843926]]","[[0.818 0.818]
 [0.818 0.818]]","[[1. 1.]
 [1. 1.]]","[[0.58837803 0.         0.        ]
 [0.58837803 0.         0.        ]]","[[80, 85, 90]]"
1,1,[[0.8594429609772595]],[[0.818]],[[1.]],[[0. 0. 1.]],"[[80, 85, 90]]"
2,2,"[[0.8660240301306258, 0.8632357790708637]]","[[0.818 0.818]
 [0.818 0.818]]","[[1. 1.]
 [1. 1.]]","[[0. 0. 1.]
 [0. 0. 1.]]","[[80, 85, 90]]"
2,2,"[[0.8170282849118434, 0.8112856435869714]]","[[0.768 0.768]
 [0.768 0.768]]","[[1. 1.]
 [1. 1.]]","[[1. 0. 0.]
 [1. 0. 0.]]","[[80, 85, 90]]"
2,2,"[[0.8448995247733405, 0.8394964272719155]]","[[0.768 0.768]
 [0.768 0.768]]","[[1. 1.]
 [1. 1.]]","[[1. 0. 0.]
 [1. 0. 0.]]","[[80, 85, 90]]"
3,3,"[[0.31055840932478895, 0.8573339394949974, 0.8547249929165778]]","[[0.768 0.768 0.768]
 [0.768 0.768 0.768]
 [0.768 0.768 0.768]]","[[1. 1. 1.]
 [1. 1. 1.]
 [1. 1. 1.]]","[[0.         0.69722469 0.        ]
 [1.         0.         0.        ]
 [1.         0.         0.        ]]","[[80, 85, 90]]"
3,3,"[[0.3102875132895958, 0.8690377261543366, 0.8666216387362601]]","[[0.768 0.768 0.768]
 [0.768 0.768 0.768]
 [0.768 0.768 0.768]]","[[1. 1. 1.]
 [1. 1. 1.]
 [1. 1. 1.]]","[[0.69722469 0.         0.        ]
 [1.         0.         0.        ]
 [1.         0.         0.        ]]","[[80, 85, 90]]"
9,6,"[[0.3248573350454661, 0.8796730416232469, 0.8775094659838641, 0.41557869733213915, 0.41557869733213915, 0.41557869733213915]]","[[0.768      0.768      0.768      0.736      0.736      0.736     ]
 [0.768      0.768      0.768      0.736      0.736      0.736     ]
 [0.768      0.768      0.768      0.736      0.736      0.736     ]
 [0.56392792 0.42841809 0.43113025 0.30036176 0.29985273 0.34942177]
 [0.56392792 0.42841809 0.43113025 0.30036176 0.29985273 0.34942177]
 [0.768      0.74615935 0.75661701 0.736      0.736      0.736     ]
 [0.768      0.74615935 0.75661701 0.736      0.736      0.736     ]
 [0.768      0.74615935 0.75661701 0.736      0.736      0.736     ]
 [0.768      0.74615935 0.75661701 0.736      0.736      0.736     ]]","[[1. 1. 1. 1. 1. 1.]
 [1. 1. 1. 1. 1. 1.]
 [1. 1. 1. 1. 1. 1.]
 [1. 0. 0. 0. 0. 0.]
 [1. 0. 0. 0. 0. 0.]
 [1. 1. 1. 0. 0. 0.]
 [1. 1. 1. 0. 0. 0.]
 [1. 1. 1. 0. 0. 0.]
 [1. 1. 1. 0. 0. 0.]]","[[0.69722469 0.         0.        ]
 [1.         0.         0.        ]
 [1.         0.         0.        ]
 [0.         0.         0.2       ]
 [0.         0.         0.2       ]
 [0.         0.         0.2       ]]","[[80, 85, 90]]"
11,7,"[[0.333781430068702, 0.8826380812657012, 0.8835817775211202, 0.41557869733213915, 0.41557869733213915, 0.41557869733213915, 0.41557869733213915]]","[[0.768      0.768      0.768      0.736      0.736      0.736
  0.736     ]
 [0.768      0.768      0.768      0.736      0.736      0.736
  0.736     ]
 [0.768      0.768      0.768      0.736      0.736      0.736
  0.736     ]
 [0.768      0.768      0.768      0.736      0.736      0.736
  0.736     ]
 [0.61051836 0.44561882 0.43776643 0.36066652 0.3601603  0.36238637
  0.40965379]
 [0.61051836 0.44561882 0.43776643 0.36066652 0.3601603  0.36238637
  0.40965379]
 [0.61051836 0.44561882 0.43776643 0.36066652 0.3601603  0.36238637
  0.40965379]
 [0.768      0.75847648 0.74546302 0.736      0.736      0.736
  0.736     ]
 [0.768      0.75847648 0.74546302 0.736      0.736      0.736
  0.736     ]
 [0.768      0.75847648 0.74546302 0.736      0.736      0.736
  0.736     ]
 [0.768      0.75847648 0.74546302 0.736      0.736      0.736
  0.736     ]]","[[1. 1. 1. 1. 1. 1. 1.]
 [1. 1. 1. 1. 1. 1. 1.]
 [1. 1. 1. 1. 1. 1. 1.]
 [1. 1. 1. 1. 1. 1. 1.]
 [1. 1. 1. 0. 0. 0. 0.]
 [1. 1. 1. 0. 0. 0. 0.]
 [1. 1. 1. 0. 0. 0. 0.]
 [1. 1. 1. 0. 0. 0. 0.]
 [1. 1. 1. 0. 0. 0. 0.]
 [1. 1. 1. 0. 0. 0. 0.]
 [1. 1. 1. 0. 0. 0. 0.]]","[[0.69722469 0.         0.        ]
 [1.         0.         0.        ]
 [1.         0.         0.        ]
 [0.         0.         0.2       ]
 [0.         0.         0.2       ]
 [0.         0.         0.2       ]
 [0.         0.         0.2       ]]","[[80, 85, 90]]"
21,11,"[[0.32506258156633316, 0.46146335343073086, 0.46176360846176634, 0.48439741525862323, 0.48730002346415713, 0.4618781829763606, 0.41557869733213915, 0.41557869733213915, 0.41557869733213915, 0.41557869733213915, 0.41557869733213915]]","[[0.768      0.6432     0.6432     0.6432     0.6432     0.6432
  0.736      0.736      0.736      0.736      0.736     ]
 [0.768      0.6432     0.6432     0.6432     0.6432     0.6432
  0.736      0.736      0.736      0.736      0.736     ]
 [0.768      0.6432     0.6432     0.6432     0.6432     0.6432
  0.736      0.736      0.736      0.736      0.736     ]
 [0.768      0.6432     0.6432     0.6432     0.6432     0.6432
  0.736      0.736      0.736      0.736      0.736     ]
 [0.768      0.6432     0.6432     0.6432     0.6432     0.6432
  0.736      0.736      0.736      0.736      0.736     ]
 [0.768      0.6432     0.6432     0.6432     0.6432     0.6432
  0.736      0.736      0.736      0.736      0.736     ]
 [0.768      0.6432     0.6432     0.6432     0.6432     0.6432
  0.736      0.736      0.736      0.736      0.736     ]
 [0.768      0.6432     0.6432     0.6432     0.6432     0.6432
  0.736      0.736      0.736      0.736      0.736     ]
 [0.768      0.6432     0.6432     0.6432     0.6432     0.6432
  0.736      0.736      0.736      0.736      0.736     ]
 [0.768      0.6432     0.6432     0.6432     0.6432     0.6432
  0.736      0.736      0.736      0.736      0.736     ]
 [0.63897372 0.49570708 0.49866235 0.48691269 0.48529926 0.48290881
  0.42059693 0.42009428 0.42342472 0.46946886 0.42356111]
 [0.63897372 0.49570708 0.49866235 0.48691269 0.48529926 0.48290881
  0.42059693 0.42009428 0.42342472 0.46946886 0.42356111]
 [0.63897372 0.49570708 0.49866235 0.48691269 0.48529926 0.48290881
  0.42059693 0.42009428 0.42342472 0.46946886 0.42356111]
 [0.63897372 0.49570708 0.49866235 0.48691269 0.48529926 0.48290881
  0.42059693 0.42009428 0.42342472 0.46946886 0.42356111]
 [0.67942882 0.4737345  0.47135417 0.46740883 0.46590223 0.43946353
  0.58207579 0.5816493  0.54399926 0.61416249 0.50486195]
 [0.67942882 0.4737345  0.47135417 0.46740883 0.46590223 0.43946353
  0.58207579 0.5816493  0.54399926 0.61416249 0.50486195]
 [0.67942882 0.4737345  0.47135417 0.46740883 0.46590223 0.43946353
  0.58207579 0.5816493  0.54399926 0.61416249 0.50486195]
 [0.768      0.6432     0.6432     0.6432     0.6432     0.6432
  0.736      0.736      0.736      0.736      0.736     ]
 [0.768      0.6432     0.6432     0.6432     0.6432     0.6432
  0.736      0.736      0.736      0.736      0.736     ]
 [0.768      0.6432     0.6432     0.6432     0.6432     0.6432
  0.736      0.736      0.736      0.736      0.736     ]
 [0.768      0.6432     0.6432     0.6432     0.6432     0.6432
  0.736      0.736      0.736      0.736      0.736     ]]","[[1. 1. 1. 1. 1. 1. 1. 1. 1. 1. 1.]
 [1. 1. 1. 1. 1. 1. 1. 1. 1. 1. 1.]
 [1. 1. 1. 1. 1. 1. 1. 1. 1. 1. 1.]
 [1. 1. 1. 1. 1. 1. 1. 1. 1. 1. 1.]
 [1. 1. 1. 1. 1. 1. 1. 1. 1. 1. 1.]
 [1. 1. 1. 1. 1. 1. 1. 1. 1. 1. 1.]
 [1. 1. 1. 1. 1. 1. 1. 1. 1. 1. 1.]
 [1. 1. 1. 1. 1. 1. 1. 1. 1. 1. 1.]
 [1. 1. 1. 1. 1. 1. 1. 1. 1. 1. 1.]
 [1. 1. 1. 1. 1. 1. 1. 1. 1. 1. 1.]
 [1. 0. 0. 0. 0. 0. 0. 0. 0. 0. 0.]
 [1. 0. 0. 0. 0. 0. 0. 0. 0. 0. 0.]
 [1. 0. 0. 0. 0. 0. 0. 0. 0. 0. 0.]
 [1. 0. 0. 0. 0. 0. 0. 0. 0. 0. 0.]
 [1. 0. 0. 0. 0. 0. 0. 0. 0. 0. 0.]
 [1. 0. 0. 0. 0. 0. 0. 0. 0. 0. 0.]
 [1. 0. 0. 0. 0. 0. 0. 0. 0. 0. 0.]
 [1. 0. 0. 0. 0. 0. 0. 0. 0. 0. 0.]
 [1. 0. 0. 0. 0. 0. 0. 0. 0. 0. 0.]
 [1. 0. 0. 0. 0. 0. 0. 0. 0. 0. 0.]
 [1. 0. 0. 0. 0. 0. 0. 0. 0. 0. 0.]]","[[0.69722469 0.         0.        ]
 [1.         0.         0.        ]
 [1.         0.         0.        ]
 [0.         1.         0.        ]
 [0.         1.         0.        ]
 [0.         0.         1.        ]
 [0.         0.         0.2       ]
 [0.         0.         0.2       ]
 [0.         0.         0.2       ]
 [0.         0.         0.2       ]
 [0.         0.         0.2       ]]","[[80, 85, 90]]"
24,12,"[[0.4699441076416269, 0.41557869733213915, 0.41557869733213915, 0.41557869733213915, 0.41557869733213915, 0.41557869733213915, 1, 1, 1, 1, 1, 1]]","[[0.6432     0.736      0.736      0.736      0.736      0.736
  0.768      0.768      0.768      0.768      0.768      0.768     ]
 [0.6432     0.736      0.736      0.736      0.736      0.736
  0.768      0.768      0.768      0.768      0.768      0.768     ]
 [0.6432     0.736      0.736      0.736      0.736      0.736
  0.768      0.768      0.768      0.768      0.768      0.768     ]
 [0.6432     0.736      0.736      0.736      0.736      0.736
  0.768      0.768      0.768      0.768      0.768      0.768     ]
 [0.6432     0.736      0.736      0.736      0.736      0.736
  0.768      0.768      0.768      0.768      0.768      0.768     ]
 [0.6432     0.736      0.736      0.736      0.736      0.736
  0.768      0.768      0.768      0.768      0.768      0.768     ]
 [0.6432     0.736      0.736      0.736      0.736      0.736
  0.768      0.768      0.768      0.768      0.768      0.768     ]
 [0.6432     0.736      0.736      0.736      0.736      0.736
  0.768      0.768      0.768      0.768      0.768      0.768     ]
 [0.6432     0.736      0.736      0.736      0.736      0.736
  0.768      0.768      0.768      0.768      0.768      0.768     ]
 [0.6432     0.736      0.736      0.736      0.736      0.736
  0.768      0.768      0.768      0.768      0.768      0.768     ]
 [0.6432     0.736      0.736      0.736      0.736      0.736
  0.768      0.768      0.768      0.768      0.768      0.768     ]
 [0.6432     0.736      0.736      0.736      0.736      0.736
  0.768      0.768      0.768      0.768      0.768      0.768     ]
 [0.61165314 0.48004929 0.47955123 0.48417812 0.52873703 0.48528744
  0.5807313  0.53921049 0.53932824 0.54111603 0.54111603 0.47449878]
 [0.61165314 0.48004929 0.47955123 0.48417812 0.52873703 0.48528744
  0.5807313  0.53921049 0.53932824 0.54111603 0.54111603 0.47449878]
 [0.61165314 0.48004929 0.47955123 0.48417812 0.52873703 0.48528744
  0.5807313  0.53921049 0.53932824 0.54111603 0.54111603 0.47449878]
 [0.61165314 0.48004929 0.47955123 0.48417812 0.52873703 0.48528744
  0.5807313  0.53921049 0.53932824 0.54111603 0.54111603 0.47449878]
 [0.62367618 0.63130283 0.6308997  0.59099543 0.66041863 0.54975212
  0.64050646 0.56935721 0.55713184 0.56299804 0.56299804 0.48708398]
 [0.62367618 0.63130283 0.6308997  0.59099543 0.66041863 0.54975212
  0.64050646 0.56935721 0.55713184 0.56299804 0.56299804 0.48708398]
 [0.62367618 0.63130283 0.6308997  0.59099543 0.66041863 0.54975212
  0.64050646 0.56935721 0.55713184 0.56299804 0.56299804 0.48708398]
 [0.62367618 0.63130283 0.6308997  0.59099543 0.66041863 0.54975212
  0.64050646 0.56935721 0.55713184 0.56299804 0.56299804 0.48708398]
 [0.6432     0.736      0.736      0.736      0.736      0.736
  0.768      0.768      0.768      0.768      0.768      0.768     ]
 [0.6432     0.736      0.736      0.736      0.736      0.736
  0.768      0.768      0.768      0.768      0.768      0.768     ]
 [0.6432     0.736      0.736      0.736      0.736      0.736
  0.768      0.768      0.768      0.768      0.768      0.768     ]
 [0.6432     0.736      0.736      0.736      0.736      0.736
  0.768      0.768      0.768      0.768      0.768      0.768     ]]","[[1. 1. 1. 1. 1. 1. 1. 1. 1. 1. 1. 1.]
 [1. 1. 1. 1. 1. 1. 1. 1. 1. 1. 1. 1.]
 [1. 1. 1. 1. 1. 1. 1. 1. 1. 1. 1. 1.]
 [1. 1. 1. 1. 1. 1. 1. 1. 1. 1. 1. 1.]
 [1. 1. 1. 1. 1. 1. 1. 1. 1. 1. 1. 1.]
 [1. 1. 1. 1. 1. 1. 1. 1. 1. 1. 1. 1.]
 [1. 1. 1. 1. 1. 1. 1. 1. 1. 1. 1. 1.]
 [1. 1. 1. 1. 1. 1. 1. 1. 1. 1. 1. 1.]
 [1. 1. 1. 1. 1. 1. 1. 1. 1. 1. 1. 1.]
 [1. 1. 1. 1. 1. 1. 1. 1. 1. 1. 1. 1.]
 [1. 1. 1. 1. 1. 1. 1. 1. 1. 1. 1. 1.]
 [1. 1. 1. 1. 1. 1. 1. 1. 1. 1. 1. 1.]
 [0. 0. 0. 0. 0. 0. 1. 1. 1. 1. 1. 1.]
 [0. 0. 0. 0. 0. 0. 1. 1. 1. 1. 1. 1.]
 [0. 0. 0. 0. 0. 0. 1. 1. 1. 1. 1. 1.]
 [0. 0. 0. 0. 0. 0. 1. 1. 1. 1. 1. 1.]
 [0. 0. 0. 0. 0. 0. 1. 1. 1. 1. 1. 1.]
 [0. 0. 0. 0. 0. 0. 1. 1. 1. 1. 1. 1.]
 [0. 0. 0. 0. 0. 0. 1. 1. 1. 1. 1. 1.]
 [0. 0. 0. 0. 0. 0. 1. 1. 1. 1. 1. 1.]
 [0. 0. 0. 0. 0. 0. 1. 1. 1. 1. 1. 1.]
 [0. 0. 0. 0. 0. 0. 1. 1. 1. 1. 1. 1.]
 [0. 0. 0. 0. 0. 0. 1. 1. 1. 1. 1. 1.]
 [0. 0. 0. 0. 0. 0. 1. 1. 1. 1. 1. 1.]]","[[0.  1.  0. ]
 [0.  0.  0.2]
 [0.  0.  0.2]
 [0.  0.  0.2]
 [0.  0.  0.2]
 [0.  0.  0.2]
 [0.  1.  0. ]
 [0.  1.  0. ]
 [0.  1.  0. ]
 [0.  1.  0. ]
 [0.  1.  0. ]
 [0.  1.  0. ]]","[[80, 85, 90]]"
23,13,"[[0.30965977470246153, 0.41557869733213915, 0.41557869733213915, 0.41557869733213915, 0.41557869733213915, 0.41557869733213915, 1, 1, 1, 1, 1, 0.41565972531044393, 0.4173374596348473]]","[[0.768      0.736      0.736      0.736      0.736      0.736
  0.768      0.768      0.768      0.768      0.768      0.768
  0.768     ]
 [0.768      0.736      0.736      0.736      0.736      0.736
  0.768      0.768      0.768      0.768      0.768      0.768
  0.768     ]
 [0.768      0.736      0.736      0.736      0.736      0.736
  0.768      0.768      0.768      0.768      0.768      0.768
  0.768     ]
 [0.768      0.736      0.736      0.736      0.736      0.736
  0.768      0.768      0.768      0.768      0.768      0.768
  0.768     ]
 [0.768      0.736      0.736      0.736      0.736      0.736
  0.768      0.768      0.768      0.768      0.768      0.768
  0.768     ]
 [0.768      0.736      0.736      0.736      0.736      0.736
  0.768      0.768      0.768      0.768      0.768      0.768
  0.768     ]
 [0.768      0.736      0.736      0.736      0.736      0.736
  0.768      0.768      0.768      0.768      0.768      0.768
  0.768     ]
 [0.768      0.736      0.736      0.736      0.736      0.736
  0.768      0.768      0.768      0.768      0.768      0.768
  0.768     ]
 [0.768      0.736      0.736      0.736      0.736      0.736
  0.768      0.768      0.768      0.768      0.768      0.768
  0.768     ]
 [0.768      0.736      0.736      0.736      0.736      0.736
  0.768      0.768      0.768      0.768      0.768      0.768
  0.768     ]
 [0.58588365 0.53887915 0.53838712 0.5445574  0.58729234 0.54683123
  0.6565077  0.65906591 0.65959498 0.65959498 0.6088775  0.67525118
  0.65777817]
 [0.58588365 0.53887915 0.53838712 0.5445574  0.58729234 0.54683123
  0.6565077  0.65906591 0.65959498 0.65959498 0.6088775  0.67525118
  0.65777817]
 [0.58588365 0.53887915 0.53838712 0.5445574  0.58729234 0.54683123
  0.6565077  0.65906591 0.65959498 0.65959498 0.6088775  0.67525118
  0.65777817]
 [0.58588365 0.53887915 0.53838712 0.5445574  0.58729234 0.54683123
  0.6565077  0.65906591 0.65959498 0.65959498 0.6088775  0.67525118
  0.65777817]
 [0.5780974  0.67731367 0.67694156 0.63460788 0.70261145 0.59116249
  0.7639123  0.75151953 0.75737665 0.75737665 0.68316385 0.72905516
  0.7047112 ]
 [0.5780974  0.67731367 0.67694156 0.63460788 0.70261145 0.59116249
  0.7639123  0.75151953 0.75737665 0.75737665 0.68316385 0.72905516
  0.7047112 ]
 [0.5780974  0.67731367 0.67694156 0.63460788 0.70261145 0.59116249
  0.7639123  0.75151953 0.75737665 0.75737665 0.68316385 0.72905516
  0.7047112 ]
 [0.5780974  0.67731367 0.67694156 0.63460788 0.70261145 0.59116249
  0.7639123  0.75151953 0.75737665 0.75737665 0.68316385 0.72905516
  0.7047112 ]
 [0.768      0.736      0.736      0.736      0.736      0.736
  0.768      0.768      0.768      0.768      0.768      0.768
  0.768     ]
 [0.768      0.736      0.736      0.736      0.736      0.736
  0.768      0.768      0.768      0.768      0.768      0.768
  0.768     ]
 [0.768      0.736      0.736      0.736      0.736      0.736
  0.768      0.768      0.768      0.768      0.768      0.768
  0.768     ]
 [0.768      0.736      0.736      0.736      0.736      0.736
  0.768      0.768      0.768      0.768      0.768      0.768
  0.768     ]
 [0.768      0.736      0.736      0.736      0.736      0.736
  0.768      0.768      0.768      0.768      0.768      0.768
  0.768     ]]","[[1. 1. 1. 1. 1. 1. 1. 1. 1. 1. 1. 1. 1.]
 [1. 1. 1. 1. 1. 1. 1. 1. 1. 1. 1. 1. 1.]
 [1. 1. 1. 1. 1. 1. 1. 1. 1. 1. 1. 1. 1.]
 [1. 1. 1. 1. 1. 1. 1. 1. 1. 1. 1. 1. 1.]
 [1. 1. 1. 1. 1. 1. 1. 1. 1. 1. 1. 1. 1.]
 [1. 1. 1. 1. 1. 1. 1. 1. 1. 1. 1. 1. 1.]
 [1. 1. 1. 1. 1. 1. 1. 1. 1. 1. 1. 1. 1.]
 [1. 1. 1. 1. 1. 1. 1. 1. 1. 1. 1. 1. 1.]
 [1. 1. 1. 1. 1. 1. 1. 1. 1. 1. 1. 1. 1.]
 [1. 1. 1. 1. 1. 1. 1. 1. 1. 1. 1. 1. 1.]
 [1. 0. 0. 0. 0. 0. 1. 1. 1. 1. 1. 1. 1.]
 [1. 0. 0. 0. 0. 0. 1. 1. 1. 1. 1. 1. 1.]
 [1. 0. 0. 0. 0. 0. 1. 1. 1. 1. 1. 1. 1.]
 [1. 0. 0. 0. 0. 0. 1. 1. 1. 1. 1. 1. 1.]
 [1. 0. 0. 0. 0. 0. 1. 1. 1. 1. 1. 1. 1.]
 [1. 0. 0. 0. 0. 0. 1. 1. 1. 1. 1. 1. 1.]
 [1. 0. 0. 0. 0. 0. 1. 1. 1. 1. 1. 1. 1.]
 [1. 0. 0. 0. 0. 0. 1. 1. 1. 1. 1. 1. 1.]
 [1. 0. 0. 0. 0. 0. 1. 1. 1. 1. 1. 1. 1.]
 [1. 0. 0. 0. 0. 0. 1. 1. 1. 1. 1. 1. 1.]
 [1. 0. 0. 0. 0. 0. 1. 1. 1. 1. 1. 1. 1.]
 [1. 0. 0. 0. 0. 0. 1. 1. 1. 1. 1. 1. 1.]
 [1. 0. 0. 0. 0. 0. 1. 1. 1. 1. 1. 1. 1.]]","[[0.69722469 0.         0.        ]
 [0.         0.         0.2       ]
 [0.         0.         0.2       ]
 [0.         0.         0.2       ]
 [0.         0.         0.2       ]
 [0.         0.         0.2       ]
 [0.         1.         0.        ]
 [0.         1.         0.        ]
 [0.         1.         0.        ]
 [0.         1.         0.        ]
 [0.         1.         0.        ]
 [0.         0.61488563 0.        ]
 [0.61488563 0.         0.        ]]","[[80, 85, 90]]"
17,12,"[[0.30477480685278857, 0.8514987993214914, 0.8528672619186762, 0.41557869733213915, 0.41557869733213915, 0.41557869733213915, 0.41557869733213915, 0.41557869733213915, 0.36874001855967015, 0.3689225470263589, 0.36874019302947186, 0.36877030995814014]]","[[0.768      0.768      0.768      0.736      0.736      0.736
  0.736      0.736      0.8        0.8        0.8        0.8       ]
 [0.768      0.768      0.768      0.736      0.736      0.736
  0.736      0.736      0.8        0.8        0.8        0.8       ]
 [0.768      0.768      0.768      0.736      0.736      0.736
  0.736      0.736      0.8        0.8        0.8        0.8       ]
 [0.768      0.768      0.768      0.736      0.736      0.736
  0.736      0.736      0.8        0.8        0.8        0.8       ]
 [0.768      0.768      0.768      0.736      0.736      0.736
  0.736      0.736      0.8        0.8        0.8        0.8       ]
 [0.50094777 0.55655064 0.55269349 0.59688005 0.59639614 0.60442728
  0.64486936 0.60812699 0.63469763 0.6353381  0.63402584 0.63345537]
 [0.50094777 0.55655064 0.55269349 0.59688005 0.59639614 0.60442728
  0.64486936 0.60812699 0.63469763 0.6353381  0.63402584 0.63345537]
 [0.50094777 0.55655064 0.55269349 0.59688005 0.59639614 0.60442728
  0.64486936 0.60812699 0.63469763 0.6353381  0.63402584 0.63345537]
 [0.50094777 0.55655064 0.55269349 0.59688005 0.59639614 0.60442728
  0.64486936 0.60812699 0.63469763 0.6353381  0.63402584 0.63345537]
 [0.768      0.768      0.768      0.736      0.736      0.736
  0.736      0.736      0.8        0.8        0.8        0.8       ]
 [0.768      0.768      0.768      0.736      0.736      0.736
  0.736      0.736      0.8        0.8        0.8        0.8       ]
 [0.768      0.768      0.768      0.736      0.736      0.736
  0.736      0.736      0.8        0.8        0.8        0.8       ]
 [0.768      0.768      0.768      0.736      0.736      0.736
  0.736      0.736      0.8        0.8        0.8        0.8       ]
 [0.768      0.768      0.768      0.736      0.736      0.736
  0.736      0.736      0.8        0.8        0.8        0.8       ]
 [0.768      0.768      0.768      0.736      0.736      0.736
  0.736      0.736      0.8        0.8        0.8        0.8       ]
 [0.768      0.768      0.768      0.736      0.736      0.736
  0.736      0.736      0.8        0.8        0.8        0.8       ]
 [0.768      0.768      0.768      0.736      0.736      0.736
  0.736      0.736      0.8        0.8        0.8        0.8       ]]","[[1. 1. 1. 1. 1. 1. 1. 1. 1. 1. 1. 1.]
 [1. 1. 1. 1. 1. 1. 1. 1. 1. 1. 1. 1.]
 [1. 1. 1. 1. 1. 1. 1. 1. 1. 1. 1. 1.]
 [1. 1. 1. 1. 1. 1. 1. 1. 1. 1. 1. 1.]
 [1. 1. 1. 1. 1. 1. 1. 1. 1. 1. 1. 1.]
 [1. 1. 1. 0. 0. 0. 0. 0. 1. 1. 1. 1.]
 [1. 1. 1. 0. 0. 0. 0. 0. 1. 1. 1. 1.]
 [1. 1. 1. 0. 0. 0. 0. 0. 1. 1. 1. 1.]
 [1. 1. 1. 0. 0. 0. 0. 0. 1. 1. 1. 1.]
 [1. 1. 1. 0. 0. 0. 0. 0. 1. 1. 1. 1.]
 [1. 1. 1. 0. 0. 0. 0. 0. 1. 1. 1. 1.]
 [1. 1. 1. 0. 0. 0. 0. 0. 1. 1. 1. 1.]
 [1. 1. 1. 0. 0. 0. 0. 0. 1. 1. 1. 1.]
 [1. 1. 1. 0. 0. 0. 0. 0. 1. 1. 1. 1.]
 [1. 1. 1. 0. 0. 0. 0. 0. 1. 1. 1. 1.]
 [1. 1. 1. 0. 0. 0. 0. 0. 1. 1. 1. 1.]
 [1. 1. 1. 0. 0. 0. 0. 0. 1. 1. 1. 1.]]","[[0.69722469 0.         0.        ]
 [1.         0.         0.        ]
 [1.         0.         0.        ]
 [0.         0.         0.2       ]
 [0.         0.         0.2       ]
 [0.         0.         0.2       ]
 [0.         0.         0.2       ]
 [0.         0.         0.2       ]
 [0.         0.22       0.        ]
 [0.         0.22       0.        ]
 [0.         0.22       0.        ]
 [0.         0.22       0.        ]]","[[80, 85, 90]]"
7,5,"[[0.29842350376607507, 0.8462334523601006, 0.41557869733213915, 0.41557869733213915, 0.4066543378792196]]","[[0.768 0.768 0.736 0.736 0.768]
 [0.768 0.768 0.736 0.736 0.768]
 [0.768 0.768 0.736 0.736 0.768]
 [0.768 0.768 0.736 0.736 0.768]
 [0.768 0.768 0.736 0.736 0.768]
 [0.768 0.768 0.736 0.736 0.768]
 [0.768 0.768 0.736 0.736 0.768]]","[[1. 1. 1. 1. 1.]
 [1. 1. 1. 1. 1.]
 [1. 1. 0. 0. 1.]
 [1. 1. 0. 0. 1.]
 [1. 1. 0. 0. 1.]
 [1. 1. 0. 0. 1.]
 [1. 1. 0. 0. 1.]]","[[0.69722469 0.         0.        ]
 [1.         0.         0.        ]
 [0.         0.         0.2       ]
 [0.         0.         0.2       ]
 [0.         0.61488563 0.        ]]","[[80, 85, 90]]"
9,7,"[[0.29345701335461294, 0.8375332046858309, 0.839107535176756, 0.4850004304337631, 0.4850004304337631, 0.4352882459618256, 0.43977397505909666]]","[[0.768      0.768      0.768      0.736      0.736      0.768
  0.768     ]
 [0.768      0.768      0.768      0.736      0.736      0.768
  0.768     ]
 [0.41129042 0.5790521  0.57787675 0.66095641 0.66760414 0.42396824
  0.42439473]
 [0.41129042 0.5790521  0.57787675 0.66095641 0.66760414 0.42396824
  0.42439473]
 [0.41129042 0.5790521  0.57787675 0.66095641 0.66760414 0.42396824
  0.42439473]
 [0.768      0.768      0.768      0.736      0.736      0.768
  0.768     ]
 [0.768      0.768      0.768      0.736      0.736      0.768
  0.768     ]
 [0.768      0.768      0.768      0.736      0.736      0.768
  0.768     ]
 [0.768      0.768      0.768      0.736      0.736      0.768
  0.768     ]]","[[1. 1. 1. 1. 1. 1. 1.]
 [1. 1. 1. 1. 1. 1. 1.]
 [0. 1. 1. 0. 0. 1. 1.]
 [0. 1. 1. 0. 0. 1. 1.]
 [0. 1. 1. 0. 0. 1. 1.]
 [1. 1. 1. 0. 0. 1. 1.]
 [1. 1. 1. 0. 0. 1. 1.]
 [1. 1. 1. 0. 0. 1. 1.]
 [1. 1. 1. 0. 0. 1. 1.]]","[[0.69722469 0.         0.        ]
 [1.         0.         0.        ]
 [1.         0.         0.        ]
 [0.2        0.         0.        ]
 [0.2        0.         0.        ]
 [0.61488563 0.         0.        ]
 [0.         0.         0.61488563]]","[[80, 85, 90]]"
19,12,"[[0.4239182483920566, 0.4246064806201848, 0.8299420901061806, 0.8315894393672222, 0.4850004304337631, 0.4850004304337631, 0.4850004304337631, 0.4850004304337631, 0.4850004304337631, 0.41364480246014146, 0.43977397505909666, 0.4121645317677545]]","[[0.6432     0.6432     0.768      0.768      0.736      0.736
  0.736      0.736      0.736      0.768      0.768      0.768     ]
 [0.6432     0.6432     0.768      0.768      0.736      0.736
  0.736      0.736      0.736      0.768      0.768      0.768     ]
 [0.6432     0.6432     0.768      0.768      0.736      0.736
  0.736      0.736      0.736      0.768      0.768      0.768     ]
 [0.6432     0.6432     0.768      0.768      0.736      0.736
  0.736      0.736      0.736      0.768      0.768      0.768     ]
 [0.6432     0.6432     0.768      0.768      0.736      0.736
  0.736      0.736      0.736      0.768      0.768      0.768     ]
 [0.6432     0.6432     0.768      0.768      0.736      0.736
  0.736      0.736      0.736      0.768      0.768      0.768     ]
 [0.6432     0.6432     0.768      0.768      0.736      0.736
  0.736      0.736      0.736      0.768      0.768      0.768     ]
 [0.587144   0.58798757 0.58051653 0.58076697 0.58117292 0.58334786
  0.59066335 0.63380062 0.59509725 0.29721835 0.42439473 0.46738055]
 [0.587144   0.58798757 0.58051653 0.58076697 0.58117292 0.58334786
  0.59066335 0.63380062 0.59509725 0.29721835 0.42439473 0.46738055]
 [0.587144   0.58798757 0.58051653 0.58076697 0.58117292 0.58334786
  0.59066335 0.63380062 0.59509725 0.29721835 0.42439473 0.46738055]
 [0.587144   0.58798757 0.58051653 0.58076697 0.58117292 0.58334786
  0.59066335 0.63380062 0.59509725 0.29721835 0.42439473 0.46738055]
 [0.60939537 0.61085301 0.72791658 0.74036129 0.7191255  0.72070735
  0.67574489 0.736      0.63080484 0.768      0.768      0.768     ]
 [0.60939537 0.61085301 0.72791658 0.74036129 0.7191255  0.72070735
  0.67574489 0.736      0.63080484 0.768      0.768      0.768     ]
 [0.60939537 0.61085301 0.72791658 0.74036129 0.7191255  0.72070735
  0.67574489 0.736      0.63080484 0.768      0.768      0.768     ]
 [0.60939537 0.61085301 0.72791658 0.74036129 0.7191255  0.72070735
  0.67574489 0.736      0.63080484 0.768      0.768      0.768     ]
 [0.6432     0.6432     0.768      0.768      0.736      0.736
  0.736      0.736      0.736      0.54818183 0.768      0.768     ]
 [0.6432     0.6432     0.768      0.768      0.736      0.736
  0.736      0.736      0.736      0.54818183 0.768      0.768     ]
 [0.6432     0.6432     0.768      0.768      0.736      0.736
  0.736      0.736      0.736      0.54818183 0.768      0.768     ]
 [0.6432     0.6432     0.768      0.768      0.736      0.736
  0.736      0.736      0.736      0.54818183 0.768      0.768     ]]","[[1. 1. 1. 1. 1. 1. 1. 1. 1. 1. 1. 1.]
 [1. 1. 1. 1. 1. 1. 1. 1. 1. 1. 1. 1.]
 [1. 1. 1. 1. 1. 1. 1. 1. 1. 1. 1. 1.]
 [1. 1. 1. 1. 1. 1. 1. 1. 1. 1. 1. 1.]
 [1. 1. 1. 1. 1. 1. 1. 1. 1. 1. 1. 1.]
 [1. 1. 1. 1. 1. 1. 1. 1. 1. 1. 1. 1.]
 [1. 1. 1. 1. 1. 1. 1. 1. 1. 1. 1. 1.]
 [0. 0. 1. 1. 0. 0. 0. 0. 0. 0. 1. 1.]
 [0. 0. 1. 1. 0. 0. 0. 0. 0. 0. 1. 1.]
 [0. 0. 1. 1. 0. 0. 0. 0. 0. 0. 1. 1.]
 [0. 0. 1. 1. 0. 0. 0. 0. 0. 0. 1. 1.]
 [0. 0. 1. 1. 0. 0. 0. 0. 0. 1. 1. 1.]
 [0. 0. 1. 1. 0. 0. 0. 0. 0. 1. 1. 1.]
 [0. 0. 1. 1. 0. 0. 0. 0. 0. 1. 1. 1.]
 [0. 0. 1. 1. 0. 0. 0. 0. 0. 1. 1. 1.]
 [0. 0. 1. 1. 0. 0. 0. 0. 0. 1. 1. 1.]
 [0. 0. 1. 1. 0. 0. 0. 0. 0. 1. 1. 1.]
 [0. 0. 1. 1. 0. 0. 0. 0. 0. 1. 1. 1.]
 [0. 0. 1. 1. 0. 0. 0. 0. 0. 1. 1. 1.]]","[[1.         0.         0.        ]
 [1.         0.         0.        ]
 [1.         0.         0.        ]
 [1.         0.         0.        ]
 [0.2        0.         0.        ]
 [0.2        0.         0.        ]
 [0.2        0.         0.        ]
 [0.2        0.         0.        ]
 [0.2        0.         0.        ]
 [0.61488563 0.         0.        ]
 [0.         0.         0.61488563]
 [0.61488563 0.         0.        ]]","[[80, 85, 90]]"
22,14,"[[0.4157539903253905, 0.4157539903253905, 0.4157539903253905, 0.8220481422570328, 0.8237554379549733, 0.4850004304337631, 0.4850004304337631, 0.4850004304337631, 0.4850004304337631, 0.4850004304337631, 0.46179088030792403, 0.46352847662474583, 0.463459058438626, 0.4618690746975353]]","[[0.6432     0.6432     0.6432     0.768      0.768      0.736
  0.736      0.736      0.736      0.736      0.768      0.768
  0.768      0.768     ]
 [0.6432     0.6432     0.6432     0.768      0.768      0.736
  0.736      0.736      0.736      0.736      0.768      0.768
  0.768      0.768     ]
 [0.6432     0.6432     0.6432     0.768      0.768      0.736
  0.736      0.736      0.736      0.736      0.768      0.768
  0.768      0.768     ]
 [0.6432     0.6432     0.6432     0.768      0.768      0.736
  0.736      0.736      0.736      0.736      0.768      0.768
  0.768      0.768     ]
 [0.6432     0.6432     0.6432     0.768      0.768      0.736
  0.736      0.736      0.736      0.736      0.768      0.768
  0.768      0.768     ]
 [0.6432     0.6432     0.6432     0.768      0.768      0.736
  0.736      0.736      0.736      0.736      0.768      0.768
  0.768      0.768     ]
 [0.6432     0.6432     0.6432     0.768      0.768      0.736
  0.736      0.736      0.736      0.736      0.768      0.768
  0.768      0.768     ]
 [0.6432     0.6432     0.6432     0.768      0.768      0.736
  0.736      0.736      0.736      0.736      0.768      0.768
  0.768      0.768     ]
 [0.45836766 0.45957046 0.5398056  0.57526504 0.57695075 0.51196539
  0.5141853  0.51927941 0.56524258 0.52200831 0.41377149 0.33338209
  0.41556975 0.46377613]
 [0.45836766 0.45957046 0.5398056  0.57526504 0.57695075 0.51196539
  0.5141853  0.51927941 0.56524258 0.52200831 0.41377149 0.33338209
  0.41556975 0.46377613]
 [0.45836766 0.45957046 0.5398056  0.57526504 0.57695075 0.51196539
  0.5141853  0.51927941 0.56524258 0.52200831 0.41377149 0.33338209
  0.41556975 0.46377613]
 [0.45836766 0.45957046 0.5398056  0.57526504 0.57695075 0.51196539
  0.5141853  0.51927941 0.56524258 0.52200831 0.41377149 0.33338209
  0.41556975 0.46377613]
 [0.42099306 0.42252223 0.53326624 0.66896663 0.68162419 0.66601552
  0.66780001 0.62581673 0.69718158 0.58362565 0.768      0.768
  0.768      0.768     ]
 [0.42099306 0.42252223 0.53326624 0.66896663 0.68162419 0.66601552
  0.66780001 0.62581673 0.69718158 0.58362565 0.768      0.768
  0.768      0.768     ]
 [0.42099306 0.42252223 0.53326624 0.66896663 0.68162419 0.66601552
  0.66780001 0.62581673 0.69718158 0.58362565 0.768      0.768
  0.768      0.768     ]
 [0.42099306 0.42252223 0.53326624 0.66896663 0.68162419 0.66601552
  0.66780001 0.62581673 0.69718158 0.58362565 0.768      0.768
  0.768      0.768     ]
 [0.63365515 0.63509639 0.6432     0.768      0.768      0.736
  0.736      0.736      0.736      0.736      0.768      0.768
  0.768      0.768     ]
 [0.63365515 0.63509639 0.6432     0.768      0.768      0.736
  0.736      0.736      0.736      0.736      0.768      0.768
  0.768      0.768     ]
 [0.6432     0.6432     0.6432     0.768      0.768      0.736
  0.736      0.736      0.736      0.736      0.67853406 0.60353347
  0.7654186  0.768     ]
 [0.6432     0.6432     0.6432     0.768      0.768      0.736
  0.736      0.736      0.736      0.736      0.67853406 0.60353347
  0.7654186  0.768     ]
 [0.6432     0.6432     0.6432     0.768      0.768      0.736
  0.736      0.736      0.736      0.736      0.67853406 0.60353347
  0.7654186  0.768     ]
 [0.6432     0.6432     0.6432     0.768      0.768      0.736
  0.736      0.736      0.736      0.736      0.67853406 0.60353347
  0.7654186  0.768     ]]","[[1. 1. 1. 1. 1. 1. 1. 1. 1. 1. 1. 1. 1. 1.]
 [1. 1. 1. 1. 1. 1. 1. 1. 1. 1. 1. 1. 1. 1.]
 [1. 1. 1. 1. 1. 1. 1. 1. 1. 1. 1. 1. 1. 1.]
 [1. 1. 1. 1. 1. 1. 1. 1. 1. 1. 1. 1. 1. 1.]
 [1. 1. 1. 1. 1. 1. 1. 1. 1. 1. 1. 1. 1. 1.]
 [1. 1. 1. 1. 1. 1. 1. 1. 1. 1. 1. 1. 1. 1.]
 [1. 1. 1. 1. 1. 1. 1. 1. 1. 1. 1. 1. 1. 1.]
 [1. 1. 1. 1. 1. 1. 1. 1. 1. 1. 1. 1. 1. 1.]
 [0. 0. 0. 1. 1. 0. 0. 0. 0. 0. 0. 0. 0. 0.]
 [0. 0. 0. 1. 1. 0. 0. 0. 0. 0. 0. 0. 0. 0.]
 [0. 0. 0. 1. 1. 0. 0. 0. 0. 0. 0. 0. 0. 0.]
 [0. 0. 0. 1. 1. 0. 0. 0. 0. 0. 0. 0. 0. 0.]
 [0. 0. 0. 1. 1. 0. 0. 0. 0. 0. 1. 1. 1. 1.]
 [0. 0. 0. 1. 1. 0. 0. 0. 0. 0. 1. 1. 1. 1.]
 [0. 0. 0. 1. 1. 0. 0. 0. 0. 0. 1. 1. 1. 1.]
 [0. 0. 0. 1. 1. 0. 0. 0. 0. 0. 1. 1. 1. 1.]
 [0. 0. 0. 1. 1. 0. 0. 0. 0. 0. 1. 1. 1. 1.]
 [0. 0. 0. 1. 1. 0. 0. 0. 0. 0. 1. 1. 1. 1.]
 [0. 0. 0. 1. 1. 0. 0. 0. 0. 0. 1. 1. 1. 1.]
 [0. 0. 0. 1. 1. 0. 0. 0. 0. 0. 1. 1. 1. 1.]
 [0. 0. 0. 1. 1. 0. 0. 0. 0. 0. 1. 1. 1. 1.]
 [0. 0. 0. 1. 1. 0. 0. 0. 0. 0. 1. 1. 1. 1.]]","[[1.         0.         0.        ]
 [1.         0.         0.        ]
 [1.         0.         0.        ]
 [1.         0.         0.        ]
 [1.         0.         0.        ]
 [0.2        0.         0.        ]
 [0.2        0.         0.        ]
 [0.2        0.         0.        ]
 [0.2        0.         0.        ]
 [0.2        0.         0.        ]
 [0.61488563 0.         0.        ]
 [0.61488563 0.         0.        ]
 [0.61488563 0.         0.        ]
 [0.61488563 0.         0.        ]]","[[80, 85, 90]]"
35,21,"[[0.3032577397718027, 0.4157539903253905, 0.4173200986035712, 0.4157539903253905, 0.8361167128552379, 0.835735522611395, 0.4850004304337631, 0.4850004304337631, 0.4850004304337631, 0.4850004304337631, 0.4850004304337631, 1, 1, 1, 1, 1, 1, 0.4565725551198177, 0.45676676194398036, 0.45674035051281825, 0.45658930459116837]]","[[0.768      0.6432     0.6432     0.6432     0.768      0.768
  0.736      0.736      0.736      0.736      0.736      0.768
  0.768      0.768      0.768      0.768      0.768      0.768
  0.768      0.768      0.768     ]
 [0.768      0.6432     0.6432     0.6432     0.768      0.768
  0.736      0.736      0.736      0.736      0.736      0.768
  0.768      0.768      0.768      0.768      0.768      0.768
  0.768      0.768      0.768     ]
 [0.768      0.6432     0.6432     0.6432     0.768      0.768
  0.736      0.736      0.736      0.736      0.736      0.768
  0.768      0.768      0.768      0.768      0.768      0.768
  0.768      0.768      0.768     ]
 [0.768      0.6432     0.6432     0.6432     0.768      0.768
  0.736      0.736      0.736      0.736      0.736      0.768
  0.768      0.768      0.768      0.768      0.768      0.768
  0.768      0.768      0.768     ]
 [0.768      0.6432     0.6432     0.6432     0.768      0.768
  0.736      0.736      0.736      0.736      0.736      0.768
  0.768      0.768      0.768      0.768      0.768      0.768
  0.768      0.768      0.768     ]
 [0.768      0.6432     0.6432     0.6432     0.768      0.768
  0.736      0.736      0.736      0.736      0.736      0.768
  0.768      0.768      0.768      0.768      0.768      0.768
  0.768      0.768      0.768     ]
 [0.768      0.6432     0.6432     0.6432     0.768      0.768
  0.736      0.736      0.736      0.736      0.736      0.768
  0.768      0.768      0.768      0.768      0.768      0.768
  0.768      0.768      0.768     ]
 [0.768      0.6432     0.6432     0.6432     0.768      0.768
  0.736      0.736      0.736      0.736      0.736      0.768
  0.768      0.768      0.768      0.768      0.768      0.768
  0.768      0.768      0.768     ]
 [0.768      0.6432     0.6432     0.6432     0.768      0.768
  0.736      0.736      0.736      0.736      0.736      0.768
  0.768      0.768      0.768      0.768      0.768      0.768
  0.768      0.768      0.768     ]
 [0.768      0.6432     0.6432     0.6432     0.768      0.768
  0.736      0.736      0.736      0.736      0.736      0.768
  0.768      0.768      0.768      0.768      0.768      0.768
  0.768      0.768      0.768     ]
 [0.768      0.6432     0.6432     0.6432     0.768      0.768
  0.736      0.736      0.736      0.736      0.736      0.768
  0.768      0.768      0.768      0.768      0.768      0.768
  0.768      0.768      0.768     ]
 [0.768      0.6432     0.6432     0.6432     0.768      0.768
  0.736      0.736      0.736      0.736      0.736      0.768
  0.768      0.768      0.768      0.768      0.768      0.768
  0.768      0.768      0.768     ]
 [0.768      0.6432     0.6432     0.6432     0.768      0.768
  0.736      0.736      0.736      0.736      0.736      0.768
  0.768      0.768      0.768      0.768      0.768      0.768
  0.768      0.768      0.768     ]
 [0.768      0.6432     0.6432     0.6432     0.768      0.768
  0.736      0.736      0.736      0.736      0.736      0.768
  0.768      0.768      0.768      0.768      0.768      0.768
  0.768      0.768      0.768     ]
 [0.55077889 0.53776239 0.57977249 0.39504453 0.60669227 0.59628997
  0.4420466  0.44429838 0.460656   0.49526096 0.47207394 0.63223608
  0.67228109 0.6807123  0.6770685  0.6770685  0.60271919 0.45813198
  0.38816849 0.42595386 0.45275678]
 [0.55077889 0.53776239 0.57977249 0.39504453 0.60669227 0.59628997
  0.4420466  0.44429838 0.460656   0.49526096 0.47207394 0.63223608
  0.67228109 0.6807123  0.6770685  0.6770685  0.60271919 0.45813198
  0.38816849 0.42595386 0.45275678]
 [0.55077889 0.53776239 0.57977249 0.39504453 0.60669227 0.59628997
  0.4420466  0.44429838 0.460656   0.49526096 0.47207394 0.63223608
  0.67228109 0.6807123  0.6770685  0.6770685  0.60271919 0.45813198
  0.38816849 0.42595386 0.45275678]
 [0.55077889 0.53776239 0.57977249 0.39504453 0.60669227 0.59628997
  0.4420466  0.44429838 0.460656   0.49526096 0.47207394 0.63223608
  0.67228109 0.6807123  0.6770685  0.6770685  0.60271919 0.45813198
  0.38816849 0.42595386 0.45275678]
 [0.56090623 0.53005503 0.59664203 0.34201849 0.64159699 0.64473091
  0.607974   0.60989947 0.58102842 0.64308896 0.54822823 0.768
  0.68932649 0.7028368  0.69686789 0.69686789 0.62097669 0.768
  0.768      0.768      0.768     ]
 [0.56090623 0.53005503 0.59664203 0.34201849 0.64159699 0.64473091
  0.607974   0.60989947 0.58102842 0.64308896 0.54822823 0.768
  0.68932649 0.7028368  0.69686789 0.69686789 0.62097669 0.768
  0.768      0.768      0.768     ]
 [0.56090623 0.53005503 0.59664203 0.34201849 0.64159699 0.64473091
  0.607974   0.60989947 0.58102842 0.64308896 0.54822823 0.768
  0.68932649 0.7028368  0.69686789 0.69686789 0.62097669 0.768
  0.768      0.768      0.768     ]
 [0.56090623 0.53005503 0.59664203 0.34201849 0.64159699 0.64473091
  0.607974   0.60989947 0.58102842 0.64308896 0.54822823 0.768
  0.68932649 0.7028368  0.69686789 0.69686789 0.62097669 0.768
  0.768      0.768      0.768     ]
 [0.768      0.6432     0.6432     0.55817824 0.768      0.768
  0.736      0.736      0.736      0.736      0.736      0.768
  0.768      0.768      0.768      0.768      0.768      0.768
  0.768      0.768      0.768     ]
 [0.768      0.6432     0.6432     0.55817824 0.768      0.768
  0.736      0.736      0.736      0.736      0.736      0.768
  0.768      0.768      0.768      0.768      0.768      0.768
  0.768      0.768      0.768     ]
 [0.768      0.6432     0.6432     0.55817824 0.768      0.768
  0.736      0.736      0.736      0.736      0.736      0.768
  0.768      0.768      0.768      0.768      0.768      0.768
  0.768      0.768      0.768     ]
 [0.768      0.6432     0.6432     0.55817824 0.768      0.768
  0.736      0.736      0.736      0.736      0.736      0.768
  0.768      0.768      0.768      0.768      0.768      0.768
  0.768      0.768      0.768     ]
 [0.768      0.6432     0.6432     0.6432     0.768      0.768
  0.736      0.736      0.736      0.736      0.736      0.768
  0.768      0.768      0.768      0.768      0.768      0.768
  0.75917666 0.768      0.768     ]
 [0.768      0.6432     0.6432     0.6432     0.768      0.768
  0.736      0.736      0.736      0.736      0.736      0.768
  0.768      0.768      0.768      0.768      0.768      0.768
  0.75917666 0.768      0.768     ]
 [0.768      0.6432     0.6432     0.6432     0.768      0.768
  0.736      0.736      0.736      0.736      0.736      0.768
  0.768      0.768      0.768      0.768      0.768      0.768
  0.75917666 0.768      0.768     ]
 [0.768      0.6432     0.6432     0.6432     0.768      0.768
  0.736      0.736      0.736      0.736      0.736      0.768
  0.768      0.768      0.768      0.768      0.768      0.768
  0.75917666 0.768      0.768     ]
 [0.768      0.6432     0.6432     0.57387845 0.768      0.768
  0.736      0.736      0.736      0.736      0.736      0.768
  0.768      0.768      0.768      0.768      0.768      0.768
  0.768      0.768      0.768     ]
 [0.768      0.6432     0.6432     0.57387845 0.768      0.768
  0.736      0.736      0.736      0.736      0.736      0.768
  0.768      0.768      0.768      0.768      0.768      0.768
  0.768      0.768      0.768     ]
 [0.768      0.6432     0.6432     0.57387845 0.768      0.768
  0.736      0.736      0.736      0.736      0.736      0.768
  0.768      0.768      0.768      0.768      0.768      0.768
  0.768      0.768      0.768     ]
 [0.768      0.6432     0.6432     0.57387845 0.768      0.768
  0.736      0.736      0.736      0.736      0.736      0.768
  0.768      0.768      0.768      0.768      0.768      0.768
  0.768      0.768      0.768     ]
 [0.768      0.6432     0.6432     0.57471085 0.768      0.768
  0.736      0.736      0.736      0.736      0.72988937 0.768
  0.768      0.768      0.768      0.768      0.768      0.768
  0.72807694 0.768      0.768     ]]","[[1. 1. 1. 1. 1. 1. 1. 1. 1. 1. 1. 1. 1. 1. 1. 1. 1. 1. 1. 1. 1.]
 [1. 1. 1. 1. 1. 1. 1. 1. 1. 1. 1. 1. 1. 1. 1. 1. 1. 1. 1. 1. 1.]
 [1. 1. 1. 1. 1. 1. 1. 1. 1. 1. 1. 1. 1. 1. 1. 1. 1. 1. 1. 1. 1.]
 [1. 1. 1. 1. 1. 1. 1. 1. 1. 1. 1. 1. 1. 1. 1. 1. 1. 1. 1. 1. 1.]
 [1. 1. 1. 1. 1. 1. 1. 1. 1. 1. 1. 1. 1. 1. 1. 1. 1. 1. 1. 1. 1.]
 [1. 1. 1. 1. 1. 1. 1. 1. 1. 1. 1. 1. 1. 1. 1. 1. 1. 1. 1. 1. 1.]
 [1. 1. 1. 1. 1. 1. 1. 1. 1. 1. 1. 1. 1. 1. 1. 1. 1. 1. 1. 1. 1.]
 [1. 1. 1. 1. 1. 1. 1. 1. 1. 1. 1. 1. 1. 1. 1. 1. 1. 1. 1. 1. 1.]
 [1. 1. 1. 1. 1. 1. 1. 1. 1. 1. 1. 1. 1. 1. 1. 1. 1. 1. 1. 1. 1.]
 [1. 1. 1. 1. 1. 1. 1. 1. 1. 1. 1. 1. 1. 1. 1. 1. 1. 1. 1. 1. 1.]
 [1. 1. 1. 1. 1. 1. 1. 1. 1. 1. 1. 1. 1. 1. 1. 1. 1. 1. 1. 1. 1.]
 [1. 1. 1. 1. 1. 1. 1. 1. 1. 1. 1. 1. 1. 1. 1. 1. 1. 1. 1. 1. 1.]
 [1. 1. 1. 1. 1. 1. 1. 1. 1. 1. 1. 1. 1. 1. 1. 1. 1. 1. 1. 1. 1.]
 [1. 1. 1. 1. 1. 1. 1. 1. 1. 1. 1. 1. 1. 1. 1. 1. 1. 1. 1. 1. 1.]
 [1. 0. 0. 0. 1. 1. 0. 0. 0. 0. 0. 1. 1. 1. 1. 1. 1. 0. 0. 0. 0.]
 [1. 0. 0. 0. 1. 1. 0. 0. 0. 0. 0. 1. 1. 1. 1. 1. 1. 0. 0. 0. 0.]
 [1. 0. 0. 0. 1. 1. 0. 0. 0. 0. 0. 1. 1. 1. 1. 1. 1. 0. 0. 0. 0.]
 [1. 0. 0. 0. 1. 1. 0. 0. 0. 0. 0. 1. 1. 1. 1. 1. 1. 0. 0. 0. 0.]
 [1. 0. 0. 0. 1. 1. 0. 0. 0. 0. 0. 1. 1. 1. 1. 1. 1. 1. 1. 1. 1.]
 [1. 0. 0. 0. 1. 1. 0. 0. 0. 0. 0. 1. 1. 1. 1. 1. 1. 1. 1. 1. 1.]
 [1. 0. 0. 0. 1. 1. 0. 0. 0. 0. 0. 1. 1. 1. 1. 1. 1. 1. 1. 1. 1.]
 [1. 0. 0. 0. 1. 1. 0. 0. 0. 0. 0. 1. 1. 1. 1. 1. 1. 1. 1. 1. 1.]
 [1. 0. 0. 0. 1. 1. 0. 0. 0. 0. 0. 1. 1. 1. 1. 1. 1. 1. 1. 1. 1.]
 [1. 0. 0. 0. 1. 1. 0. 0. 0. 0. 0. 1. 1. 1. 1. 1. 1. 1. 1. 1. 1.]
 [1. 0. 0. 0. 1. 1. 0. 0. 0. 0. 0. 1. 1. 1. 1. 1. 1. 1. 1. 1. 1.]
 [1. 0. 0. 0. 1. 1. 0. 0. 0. 0. 0. 1. 1. 1. 1. 1. 1. 1. 1. 1. 1.]
 [1. 0. 0. 0. 1. 1. 0. 0. 0. 0. 0. 1. 1. 1. 1. 1. 1. 1. 1. 1. 1.]
 [1. 0. 0. 0. 1. 1. 0. 0. 0. 0. 0. 1. 1. 1. 1. 1. 1. 1. 1. 1. 1.]
 [1. 0. 0. 0. 1. 1. 0. 0. 0. 0. 0. 1. 1. 1. 1. 1. 1. 1. 1. 1. 1.]
 [1. 0. 0. 0. 1. 1. 0. 0. 0. 0. 0. 1. 1. 1. 1. 1. 1. 1. 1. 1. 1.]
 [1. 0. 0. 0. 1. 1. 0. 0. 0. 0. 0. 1. 1. 1. 1. 1. 1. 1. 1. 1. 1.]
 [1. 0. 0. 0. 1. 1. 0. 0. 0. 0. 0. 1. 1. 1. 1. 1. 1. 1. 1. 1. 1.]
 [1. 0. 0. 0. 1. 1. 0. 0. 0. 0. 0. 1. 1. 1. 1. 1. 1. 1. 1. 1. 1.]
 [1. 0. 0. 0. 1. 1. 0. 0. 0. 0. 0. 1. 1. 1. 1. 1. 1. 1. 1. 1. 1.]
 [1. 0. 0. 0. 1. 1. 0. 0. 0. 0. 0. 1. 1. 1. 1. 1. 1. 1. 1. 1. 1.]]","[[0.         0.         0.69722469]
 [1.         0.         0.        ]
 [1.         0.         0.        ]
 [1.         0.         0.        ]
 [0.         1.         0.        ]
 [0.         1.         0.        ]
 [0.2        0.         0.        ]
 [0.2        0.         0.        ]
 [0.2        0.         0.        ]
 [0.2        0.         0.        ]
 [0.2        0.         0.        ]
 [1.         0.         0.        ]
 [1.         0.         0.        ]
 [1.         0.         0.        ]
 [1.         0.         0.        ]
 [1.         0.         0.        ]
 [1.         0.         0.        ]
 [0.61488563 0.         0.        ]
 [0.61488563 0.         0.        ]
 [0.61488563 0.         0.        ]
 [0.61488563 0.         0.        ]]","[[80, 85, 90]]"
33,21,"[[0.3167767864660517, 0.4157539903253905, 0.4157539903253905, 0.8373548001416123, 0.8371681609576432, 0.4850004304337631, 0.4850004304337631, 0.4850004304337631, 0.4850004304337631, 0.4850004304337631, 1, 1, 1, 1, 1, 0.4547712570277642, 0.4549238477700455, 0.45488416143576116, 0.4547864836762613, 0.4550455825559025, 0.4549290655674663]]","[[0.768      0.6432     0.6432     0.768      0.768      0.736
  0.736      0.736      0.736      0.736      0.768      0.768
  0.768      0.768      0.768      0.768      0.768      0.768
  0.768      0.768      0.768     ]
 [0.768      0.6432     0.6432     0.768      0.768      0.736
  0.736      0.736      0.736      0.736      0.768      0.768
  0.768      0.768      0.768      0.768      0.768      0.768
  0.768      0.768      0.768     ]
 [0.768      0.6432     0.6432     0.768      0.768      0.736
  0.736      0.736      0.736      0.736      0.768      0.768
  0.768      0.768      0.768      0.768      0.768      0.768
  0.768      0.768      0.768     ]
 [0.768      0.6432     0.6432     0.768      0.768      0.736
  0.736      0.736      0.736      0.736      0.768      0.768
  0.768      0.768      0.768      0.768      0.768      0.768
  0.768      0.768      0.768     ]
 [0.768      0.6432     0.6432     0.768      0.768      0.736
  0.736      0.736      0.736      0.736      0.768      0.768
  0.768      0.768      0.768      0.768      0.768      0.768
  0.768      0.768      0.768     ]
 [0.768      0.6432     0.6432     0.768      0.768      0.736
  0.736      0.736      0.736      0.736      0.768      0.768
  0.768      0.768      0.768      0.768      0.768      0.768
  0.768      0.768      0.768     ]
 [0.768      0.6432     0.6432     0.768      0.768      0.736
  0.736      0.736      0.736      0.736      0.768      0.768
  0.768      0.768      0.768      0.768      0.768      0.768
  0.768      0.768      0.768     ]
 [0.768      0.6432     0.6432     0.768      0.768      0.736
  0.736      0.736      0.736      0.736      0.768      0.768
  0.768      0.768      0.768      0.768      0.768      0.768
  0.768      0.768      0.768     ]
 [0.768      0.6432     0.6432     0.768      0.768      0.736
  0.736      0.736      0.736      0.736      0.768      0.768
  0.768      0.768      0.768      0.768      0.768      0.768
  0.768      0.768      0.768     ]
 [0.768      0.6432     0.6432     0.768      0.768      0.736
  0.736      0.736      0.736      0.736      0.768      0.768
  0.768      0.768      0.768      0.768      0.768      0.768
  0.768      0.768      0.768     ]
 [0.768      0.6432     0.6432     0.768      0.768      0.736
  0.736      0.736      0.736      0.736      0.768      0.768
  0.768      0.768      0.768      0.768      0.768      0.768
  0.768      0.768      0.768     ]
 [0.768      0.6432     0.6432     0.768      0.768      0.736
  0.736      0.736      0.736      0.736      0.768      0.768
  0.768      0.768      0.768      0.768      0.768      0.768
  0.768      0.768      0.768     ]
 [0.6046708  0.39241903 0.44793384 0.65363177 0.64389345 0.4420466
  0.4419369  0.460656   0.45040144 0.47207394 0.53374636 0.5352136
  0.5464023  0.54151369 0.54151369 0.44781415 0.39379617 0.38389529
  0.38894889 0.57913011 0.54453157]
 [0.6046708  0.39241903 0.44793384 0.65363177 0.64389345 0.4420466
  0.4419369  0.460656   0.45040144 0.47207394 0.53374636 0.5352136
  0.5464023  0.54151369 0.54151369 0.44781415 0.39379617 0.38389529
  0.38894889 0.57913011 0.54453157]
 [0.6046708  0.39241903 0.44793384 0.65363177 0.64389345 0.4420466
  0.4419369  0.460656   0.45040144 0.47207394 0.53374636 0.5352136
  0.5464023  0.54151369 0.54151369 0.44781415 0.39379617 0.38389529
  0.38894889 0.57913011 0.54453157]
 [0.6046708  0.39241903 0.44793384 0.65363177 0.64389345 0.4420466
  0.4419369  0.460656   0.45040144 0.47207394 0.53374636 0.5352136
  0.5464023  0.54151369 0.54151369 0.44781415 0.39379617 0.38389529
  0.38894889 0.57913011 0.54453157]
 [0.6561263  0.33872636 0.40766299 0.62278195 0.62735183 0.607974
  0.60788427 0.58102842 0.60618655 0.54822823 0.59899846 0.49757993
  0.51153237 0.50536965 0.50536965 0.768      0.768      0.65787794
  0.60215819 0.768      0.70232775]
 [0.6561263  0.33872636 0.40766299 0.62278195 0.62735183 0.607974
  0.60788427 0.58102842 0.60618655 0.54822823 0.59899846 0.49757993
  0.51153237 0.50536965 0.50536965 0.768      0.768      0.65787794
  0.60215819 0.768      0.70232775]
 [0.6561263  0.33872636 0.40766299 0.62278195 0.62735183 0.607974
  0.60788427 0.58102842 0.60618655 0.54822823 0.59899846 0.49757993
  0.51153237 0.50536965 0.50536965 0.768      0.768      0.65787794
  0.60215819 0.768      0.70232775]
 [0.6561263  0.33872636 0.40766299 0.62278195 0.62735183 0.607974
  0.60788427 0.58102842 0.60618655 0.54822823 0.59899846 0.49757993
  0.51153237 0.50536965 0.50536965 0.768      0.768      0.65787794
  0.60215819 0.768      0.70232775]
 [0.768      0.55498785 0.62103706 0.768      0.768      0.736
  0.736      0.736      0.736      0.736      0.768      0.71404342
  0.72744997 0.72152792 0.72152792 0.768      0.768      0.768
  0.768      0.768      0.768     ]
 [0.768      0.55498785 0.62103706 0.768      0.768      0.736
  0.736      0.736      0.736      0.736      0.768      0.71404342
  0.72744997 0.72152792 0.72152792 0.768      0.768      0.768
  0.768      0.768      0.768     ]
 [0.768      0.55498785 0.62103706 0.768      0.768      0.736
  0.736      0.736      0.736      0.736      0.768      0.71404342
  0.72744997 0.72152792 0.72152792 0.768      0.768      0.768
  0.768      0.768      0.768     ]
 [0.768      0.55498785 0.62103706 0.768      0.768      0.736
  0.736      0.736      0.736      0.736      0.768      0.71404342
  0.72744997 0.72152792 0.72152792 0.768      0.768      0.768
  0.768      0.768      0.768     ]
 [0.768      0.6432     0.6432     0.768      0.768      0.736
  0.736      0.736      0.736      0.736      0.768      0.768
  0.768      0.768      0.768      0.768      0.768      0.768
  0.768      0.768      0.768     ]
 [0.768      0.6432     0.6432     0.768      0.768      0.736
  0.736      0.736      0.736      0.736      0.768      0.768
  0.768      0.768      0.768      0.768      0.768      0.768
  0.768      0.768      0.768     ]
 [0.768      0.6432     0.6432     0.768      0.768      0.736
  0.736      0.736      0.736      0.736      0.768      0.768
  0.768      0.768      0.768      0.768      0.768      0.768
  0.768      0.768      0.768     ]
 [0.768      0.6432     0.6432     0.768      0.768      0.736
  0.736      0.736      0.736      0.736      0.768      0.768
  0.768      0.768      0.768      0.768      0.768      0.768
  0.768      0.768      0.768     ]
 [0.768      0.57090881 0.63117567 0.768      0.768      0.736
  0.736      0.736      0.736      0.736      0.768      0.72942975
  0.74166876 0.73626292 0.73626292 0.768      0.768      0.768
  0.768      0.768      0.768     ]
 [0.768      0.57090881 0.63117567 0.768      0.768      0.736
  0.736      0.736      0.736      0.736      0.768      0.72942975
  0.74166876 0.73626292 0.73626292 0.768      0.768      0.768
  0.768      0.768      0.768     ]
 [0.768      0.57090881 0.63117567 0.768      0.768      0.736
  0.736      0.736      0.736      0.736      0.768      0.72942975
  0.74166876 0.73626292 0.73626292 0.768      0.768      0.768
  0.768      0.768      0.768     ]
 [0.768      0.57090881 0.63117567 0.768      0.768      0.736
  0.736      0.736      0.736      0.736      0.768      0.72942975
  0.74166876 0.73626292 0.73626292 0.768      0.768      0.768
  0.768      0.768      0.768     ]
 [0.768      0.57136572 0.64236584 0.768      0.768      0.736
  0.736      0.736      0.736      0.72988937 0.768      0.72694695
  0.74128593 0.73496786 0.73496786 0.768      0.74629005 0.71245414
  0.69762556 0.768      0.768     ]]","[[1. 1. 1. 1. 1. 1. 1. 1. 1. 1. 1. 1. 1. 1. 1. 1. 1. 1. 1. 1. 1.]
 [1. 1. 1. 1. 1. 1. 1. 1. 1. 1. 1. 1. 1. 1. 1. 1. 1. 1. 1. 1. 1.]
 [1. 1. 1. 1. 1. 1. 1. 1. 1. 1. 1. 1. 1. 1. 1. 1. 1. 1. 1. 1. 1.]
 [1. 1. 1. 1. 1. 1. 1. 1. 1. 1. 1. 1. 1. 1. 1. 1. 1. 1. 1. 1. 1.]
 [1. 1. 1. 1. 1. 1. 1. 1. 1. 1. 1. 1. 1. 1. 1. 1. 1. 1. 1. 1. 1.]
 [1. 1. 1. 1. 1. 1. 1. 1. 1. 1. 1. 1. 1. 1. 1. 1. 1. 1. 1. 1. 1.]
 [1. 1. 1. 1. 1. 1. 1. 1. 1. 1. 1. 1. 1. 1. 1. 1. 1. 1. 1. 1. 1.]
 [1. 1. 1. 1. 1. 1. 1. 1. 1. 1. 1. 1. 1. 1. 1. 1. 1. 1. 1. 1. 1.]
 [1. 1. 1. 1. 1. 1. 1. 1. 1. 1. 1. 1. 1. 1. 1. 1. 1. 1. 1. 1. 1.]
 [1. 1. 1. 1. 1. 1. 1. 1. 1. 1. 1. 1. 1. 1. 1. 1. 1. 1. 1. 1. 1.]
 [1. 1. 1. 1. 1. 1. 1. 1. 1. 1. 1. 1. 1. 1. 1. 1. 1. 1. 1. 1. 1.]
 [1. 1. 1. 1. 1. 1. 1. 1. 1. 1. 1. 1. 1. 1. 1. 1. 1. 1. 1. 1. 1.]
 [1. 0. 0. 1. 1. 0. 0. 0. 0. 0. 1. 1. 1. 1. 1. 0. 0. 0. 0. 1. 1.]
 [1. 0. 0. 1. 1. 0. 0. 0. 0. 0. 1. 1. 1. 1. 1. 0. 0. 0. 0. 1. 1.]
 [1. 0. 0. 1. 1. 0. 0. 0. 0. 0. 1. 1. 1. 1. 1. 0. 0. 0. 0. 1. 1.]
 [1. 0. 0. 1. 1. 0. 0. 0. 0. 0. 1. 1. 1. 1. 1. 0. 0. 0. 0. 1. 1.]
 [1. 0. 0. 1. 1. 0. 0. 0. 0. 0. 1. 1. 1. 1. 1. 1. 1. 1. 1. 1. 1.]
 [1. 0. 0. 1. 1. 0. 0. 0. 0. 0. 1. 1. 1. 1. 1. 1. 1. 1. 1. 1. 1.]
 [1. 0. 0. 1. 1. 0. 0. 0. 0. 0. 1. 1. 1. 1. 1. 1. 1. 1. 1. 1. 1.]
 [1. 0. 0. 1. 1. 0. 0. 0. 0. 0. 1. 1. 1. 1. 1. 1. 1. 1. 1. 1. 1.]
 [1. 0. 0. 1. 1. 0. 0. 0. 0. 0. 1. 1. 1. 1. 1. 1. 1. 1. 1. 1. 1.]
 [1. 0. 0. 1. 1. 0. 0. 0. 0. 0. 1. 1. 1. 1. 1. 1. 1. 1. 1. 1. 1.]
 [1. 0. 0. 1. 1. 0. 0. 0. 0. 0. 1. 1. 1. 1. 1. 1. 1. 1. 1. 1. 1.]
 [1. 0. 0. 1. 1. 0. 0. 0. 0. 0. 1. 1. 1. 1. 1. 1. 1. 1. 1. 1. 1.]
 [1. 0. 0. 1. 1. 0. 0. 0. 0. 0. 1. 1. 1. 1. 1. 1. 1. 1. 1. 1. 1.]
 [1. 0. 0. 1. 1. 0. 0. 0. 0. 0. 1. 1. 1. 1. 1. 1. 1. 1. 1. 1. 1.]
 [1. 0. 0. 1. 1. 0. 0. 0. 0. 0. 1. 1. 1. 1. 1. 1. 1. 1. 1. 1. 1.]
 [1. 0. 0. 1. 1. 0. 0. 0. 0. 0. 1. 1. 1. 1. 1. 1. 1. 1. 1. 1. 1.]
 [1. 0. 0. 1. 1. 0. 0. 0. 0. 0. 1. 1. 1. 1. 1. 1. 1. 1. 1. 1. 1.]
 [1. 0. 0. 1. 1. 0. 0. 0. 0. 0. 1. 1. 1. 1. 1. 1. 1. 1. 1. 1. 1.]
 [1. 0. 0. 1. 1. 0. 0. 0. 0. 0. 1. 1. 1. 1. 1. 1. 1. 1. 1. 1. 1.]
 [1. 0. 0. 1. 1. 0. 0. 0. 0. 0. 1. 1. 1. 1. 1. 1. 1. 1. 1. 1. 1.]
 [1. 0. 0. 1. 1. 0. 0. 0. 0. 0. 1. 1. 1. 1. 1. 1. 1. 1. 1. 1. 1.]]","[[0.         0.         0.69722469]
 [1.         0.         0.        ]
 [1.         0.         0.        ]
 [0.         1.         0.        ]
 [0.         1.         0.        ]
 [0.2        0.         0.        ]
 [0.2        0.         0.        ]
 [0.2        0.         0.        ]
 [0.2        0.         0.        ]
 [0.2        0.         0.        ]
 [1.         0.         0.        ]
 [1.         0.         0.        ]
 [1.         0.         0.        ]
 [1.         0.         0.        ]
 [1.         0.         0.        ]
 [0.61488563 0.         0.        ]
 [0.61488563 0.         0.        ]
 [0.61488563 0.         0.        ]
 [0.61488563 0.         0.        ]
 [0.61488563 0.         0.        ]
 [0.61488563 0.         0.        ]]","[[80, 85, 90]]"
9,7,"[[0.35003199889944037, 0.4850004304337631, 0.4850004304337631, 0.45342504635828573, 0.4535278346653765, 0.453625869619155, 0.4535314109286705]]","[[0.768      0.736      0.736      0.768      0.768      0.768
  0.768     ]
 [0.768      0.736      0.736      0.768      0.768      0.768
  0.768     ]
 [0.64650041 0.4419369  0.45040144 0.38497448 0.34924874 0.49193337
  0.43303136]
 [0.64650041 0.4419369  0.45040144 0.38497448 0.34924874 0.49193337
  0.43303136]
 [0.64650041 0.4419369  0.45040144 0.38497448 0.34924874 0.49193337
  0.43303136]
 [0.768      0.736      0.736      0.768      0.768      0.768
  0.768     ]
 [0.768      0.736      0.736      0.768      0.768      0.768
  0.768     ]
 [0.768      0.736      0.736      0.768      0.768      0.768
  0.768     ]
 [0.768      0.736      0.736      0.768      0.768      0.768
  0.768     ]]","[[1. 1. 1. 1. 1. 1. 1.]
 [1. 1. 1. 1. 1. 1. 1.]
 [1. 0. 0. 0. 0. 1. 1.]
 [1. 0. 0. 0. 0. 1. 1.]
 [1. 0. 0. 0. 0. 1. 1.]
 [1. 0. 0. 1. 1. 1. 1.]
 [1. 0. 0. 1. 1. 1. 1.]
 [1. 0. 0. 1. 1. 1. 1.]
 [1. 0. 0. 1. 1. 1. 1.]]","[[0.         0.69722469 0.        ]
 [0.2        0.         0.        ]
 [0.2        0.         0.        ]
 [0.61488563 0.         0.        ]
 [0.61488563 0.         0.        ]
 [0.61488563 0.         0.        ]
 [0.61488563 0.         0.        ]]","[[80, 85, 90]]"
1,1,[[0.33825567973364323]],[[0.768]],[[1.]],[[0.69722469 0.         0.        ]],"[[80, 85, 90]]"
1,1,[[0.3284802957257481]],[[0.768]],[[1.]],[[0.69722469 0.         0.        ]],"[[80, 85, 90]]"
1,1,[[0.3176082152191574]],[[0.768]],[[1.]],[[0.69722469 0.         0.        ]],"[[80, 85, 90]]"
1,1,[[0.30763418540383947]],[[0.768]],[[1.]],[[0.69722469 0.         0.        ]],"[[80, 85, 90]]"
1,1,[[0.2971910376700263]],[[0.768]],[[1.]],[[0.69722469 0.         0.        ]],"[[80, 85, 90]]"
1,1,[[0.2889685552471283]],[[0.768]],[[1.]],[[0.         0.         0.69722469]],"[[80, 85, 90]]"
27,21,"[[0.48025877012638263, 0.4800090135719606, 0.4795566791545912, 0.4795566791545912, 0.4583386309832799, 0.47966074371668777, 0.505139793316698, 0.4597351498333391, 0.4432686471570702, 0.4596427534390756, 0.49292291376957004, 0.46104032365276837, 0.46046116868010867, 0.4527512994404735, 0.5008569009651325, 0.4703756752358551, 0.4513194305620838, 0.45081601389790704, 0.4507332196539542, 0.4509793892398253, 0.4524792586698717]]","[[0.6432     0.6432     0.6432     0.6432     0.736      0.6432
  0.6432     0.736      0.6432     0.736      0.6432     0.736
  0.736      0.6432     0.6432     0.6432     0.6432     0.736
  0.6432     0.736      0.6432    ]
 [0.6432     0.6432     0.6432     0.6432     0.736      0.6432
  0.6432     0.736      0.6432     0.736      0.6432     0.736
  0.736      0.6432     0.6432     0.6432     0.6432     0.736
  0.6432     0.736      0.6432    ]
 [0.6432     0.6432     0.6432     0.6432     0.736      0.6432
  0.6432     0.736      0.6432     0.736      0.6432     0.736
  0.736      0.6432     0.6432     0.6432     0.6432     0.736
  0.6432     0.736      0.6432    ]
 [0.6432     0.6432     0.6432     0.6432     0.736      0.6432
  0.6432     0.736      0.6432     0.736      0.6432     0.736
  0.736      0.6432     0.6432     0.6432     0.6432     0.736
  0.6432     0.736      0.6432    ]
 [0.6432     0.6432     0.6432     0.6432     0.736      0.6432
  0.6432     0.736      0.6432     0.736      0.6432     0.736
  0.736      0.6432     0.6432     0.6432     0.6432     0.736
  0.6432     0.736      0.6432    ]
 [0.6432     0.6432     0.6432     0.6432     0.736      0.6432
  0.6432     0.736      0.6432     0.736      0.6432     0.736
  0.736      0.6432     0.6432     0.6432     0.6432     0.736
  0.6432     0.736      0.6432    ]
 [0.61705379 0.62030277 0.62401444 0.62401444 0.69068563 0.62433338
  0.56923991 0.65701416 0.596569   0.6548319  0.55865821 0.6255681
  0.64170601 0.54186932 0.53257455 0.52215526 0.45802377 0.55238767
  0.46360032 0.54921964 0.43152467]
 [0.61705379 0.62030277 0.62401444 0.62401444 0.69068563 0.62433338
  0.56923991 0.65701416 0.596569   0.6548319  0.55865821 0.6255681
  0.64170601 0.54186932 0.53257455 0.52215526 0.45802377 0.55238767
  0.46360032 0.54921964 0.43152467]
 [0.61705379 0.62030277 0.62401444 0.62401444 0.69068563 0.62433338
  0.56923991 0.65701416 0.596569   0.6548319  0.55865821 0.6255681
  0.64170601 0.54186932 0.53257455 0.52215526 0.45802377 0.55238767
  0.46360032 0.54921964 0.43152467]
 [0.61705379 0.62030277 0.62401444 0.62401444 0.69068563 0.62433338
  0.56923991 0.65701416 0.596569   0.6548319  0.55865821 0.6255681
  0.64170601 0.54186932 0.53257455 0.52215526 0.45802377 0.55238767
  0.46360032 0.54921964 0.43152467]
 [0.6432     0.6432     0.6432     0.6432     0.736      0.6432
  0.6432     0.736      0.6432     0.736      0.6432     0.736
  0.736      0.6432     0.6432     0.6432     0.62747641 0.72184337
  0.63175074 0.71873979 0.60131046]
 [0.6432     0.6432     0.6432     0.6432     0.736      0.6432
  0.6432     0.736      0.6432     0.736      0.6432     0.736
  0.736      0.6432     0.6432     0.6432     0.62747641 0.72184337
  0.63175074 0.71873979 0.60131046]
 [0.6432     0.6432     0.6432     0.6432     0.736      0.6432
  0.6432     0.736      0.6432     0.736      0.6432     0.736
  0.736      0.6432     0.6432     0.6432     0.62747641 0.72184337
  0.63175074 0.71873979 0.60131046]
 [0.6432     0.6432     0.6432     0.6432     0.736      0.6432
  0.6432     0.736      0.6432     0.736      0.6432     0.736
  0.736      0.6432     0.6432     0.6432     0.62747641 0.72184337
  0.63175074 0.71873979 0.60131046]
 [0.6432     0.6432     0.6432     0.6432     0.736      0.6432
  0.6432     0.736      0.6432     0.736      0.6432     0.736
  0.736      0.6432     0.6432     0.6432     0.6432     0.736
  0.6432     0.736      0.6432    ]
 [0.6432     0.6432     0.6432     0.6432     0.736      0.6432
  0.6432     0.736      0.6432     0.736      0.6432     0.736
  0.736      0.6432     0.6432     0.6432     0.6432     0.736
  0.6432     0.736      0.6432    ]
 [0.6432     0.6432     0.6432     0.6432     0.736      0.6432
  0.6432     0.736      0.6432     0.736      0.6432     0.736
  0.736      0.6432     0.6432     0.6432     0.6432     0.736
  0.6432     0.736      0.6432    ]
 [0.6432     0.6432     0.6432     0.6432     0.736      0.6432
  0.6432     0.736      0.6432     0.736      0.6432     0.736
  0.736      0.6432     0.6432     0.6432     0.6432     0.736
  0.6432     0.736      0.6432    ]
 [0.6432     0.6432     0.6432     0.6432     0.736      0.6432
  0.6432     0.736      0.6432     0.736      0.6432     0.736
  0.736      0.6432     0.6432     0.6432     0.6432     0.736
  0.6432     0.736      0.6432    ]
 [0.6432     0.6432     0.6432     0.6432     0.736      0.6432
  0.6432     0.736      0.6432     0.736      0.6432     0.736
  0.736      0.6432     0.6432     0.6432     0.6432     0.736
  0.6432     0.736      0.6432    ]
 [0.6432     0.6432     0.6432     0.6432     0.736      0.6432
  0.6432     0.736      0.6432     0.736      0.6432     0.736
  0.736      0.6432     0.6432     0.6432     0.6432     0.736
  0.6432     0.736      0.6432    ]
 [0.6432     0.6432     0.6432     0.6432     0.736      0.6432
  0.6432     0.736      0.6432     0.736      0.6432     0.736
  0.736      0.6432     0.6432     0.6432     0.6432     0.736
  0.6432     0.736      0.6432    ]
 [0.36098355 0.36327271 0.3645828  0.3645828  0.41828061 0.36557377
  0.29122641 0.38819076 0.38643804 0.38550447 0.28083096 0.36566732
  0.37827779 0.27082036 0.25981816 0.25197711 0.25577751 0.35007159
  0.2540787  0.34747655 0.23286969]
 [0.36098355 0.36327271 0.3645828  0.3645828  0.41828061 0.36557377
  0.29122641 0.38819076 0.38643804 0.38550447 0.28083096 0.36566732
  0.37827779 0.27082036 0.25981816 0.25197711 0.25577751 0.35007159
  0.2540787  0.34747655 0.23286969]
 [0.36098355 0.36327271 0.3645828  0.3645828  0.41828061 0.36557377
  0.29122641 0.38819076 0.38643804 0.38550447 0.28083096 0.36566732
  0.37827779 0.27082036 0.25981816 0.25197711 0.25577751 0.35007159
  0.2540787  0.34747655 0.23286969]
 [0.36098355 0.36327271 0.3645828  0.3645828  0.41828061 0.36557377
  0.29122641 0.38819076 0.38643804 0.38550447 0.28083096 0.36566732
  0.37827779 0.27082036 0.25981816 0.25197711 0.25577751 0.35007159
  0.2540787  0.34747655 0.23286969]
 [0.6432     0.6432     0.6432     0.6432     0.70457754 0.6432
  0.57435693 0.68242478 0.6432     0.67943676 0.56537265 0.67190982
  0.67962284 0.56497999 0.55299462 0.54896174 0.60198157 0.69619417
  0.59729249 0.69391498 0.58113394]]","[[1. 1. 1. 1. 1. 1. 1. 1. 1. 1. 1. 1. 1. 1. 1. 1. 1. 1. 1. 1. 1.]
 [1. 1. 1. 1. 1. 1. 1. 1. 1. 1. 1. 1. 1. 1. 1. 1. 1. 1. 1. 1. 1.]
 [1. 1. 1. 1. 1. 1. 1. 1. 1. 1. 1. 1. 1. 1. 1. 1. 1. 1. 1. 1. 1.]
 [1. 1. 1. 1. 1. 1. 1. 1. 1. 1. 1. 1. 1. 1. 1. 1. 1. 1. 1. 1. 1.]
 [1. 1. 1. 1. 1. 1. 1. 1. 1. 1. 1. 1. 1. 1. 1. 1. 1. 1. 1. 1. 1.]
 [1. 1. 1. 1. 1. 1. 1. 1. 1. 1. 1. 1. 1. 1. 1. 1. 1. 1. 1. 1. 1.]
 [0. 0. 0. 0. 1. 0. 0. 1. 0. 1. 0. 1. 1. 0. 0. 0. 0. 1. 0. 1. 0.]
 [0. 0. 0. 0. 1. 0. 0. 1. 0. 1. 0. 1. 1. 0. 0. 0. 0. 1. 0. 1. 0.]
 [0. 0. 0. 0. 1. 0. 0. 1. 0. 1. 0. 1. 1. 0. 0. 0. 0. 1. 0. 1. 0.]
 [0. 0. 0. 0. 1. 0. 0. 1. 0. 1. 0. 1. 1. 0. 0. 0. 0. 1. 0. 1. 0.]
 [0. 0. 0. 0. 1. 0. 0. 1. 0. 1. 0. 1. 1. 0. 0. 0. 0. 1. 0. 1. 0.]
 [0. 0. 0. 0. 1. 0. 0. 1. 0. 1. 0. 1. 1. 0. 0. 0. 0. 1. 0. 1. 0.]
 [0. 0. 0. 0. 1. 0. 0. 1. 0. 1. 0. 1. 1. 0. 0. 0. 0. 1. 0. 1. 0.]
 [0. 0. 0. 0. 1. 0. 0. 1. 0. 1. 0. 1. 1. 0. 0. 0. 0. 1. 0. 1. 0.]
 [0. 0. 0. 0. 1. 0. 0. 1. 0. 1. 0. 1. 1. 0. 0. 0. 0. 1. 0. 1. 0.]
 [0. 0. 0. 0. 1. 0. 0. 1. 0. 1. 0. 1. 1. 0. 0. 0. 0. 1. 0. 1. 0.]
 [0. 0. 0. 0. 1. 0. 0. 1. 0. 1. 0. 1. 1. 0. 0. 0. 0. 1. 0. 1. 0.]
 [0. 0. 0. 0. 1. 0. 0. 1. 0. 1. 0. 1. 1. 0. 0. 0. 0. 1. 0. 1. 0.]
 [0. 0. 0. 0. 1. 0. 0. 1. 0. 1. 0. 1. 1. 0. 0. 0. 0. 1. 0. 1. 0.]
 [0. 0. 0. 0. 1. 0. 0. 1. 0. 1. 0. 1. 1. 0. 0. 0. 0. 1. 0. 1. 0.]
 [0. 0. 0. 0. 1. 0. 0. 1. 0. 1. 0. 1. 1. 0. 0. 0. 0. 1. 0. 1. 0.]
 [0. 0. 0. 0. 1. 0. 0. 1. 0. 1. 0. 1. 1. 0. 0. 0. 0. 1. 0. 1. 0.]
 [0. 0. 0. 0. 1. 0. 0. 0. 0. 0. 0. 0. 0. 0. 0. 0. 0. 0. 0. 0. 0.]
 [0. 0. 0. 0. 1. 0. 0. 0. 0. 0. 0. 0. 0. 0. 0. 0. 0. 0. 0. 0. 0.]
 [0. 0. 0. 0. 1. 0. 0. 0. 0. 0. 0. 0. 0. 0. 0. 0. 0. 0. 0. 0. 0.]
 [0. 0. 0. 0. 1. 0. 0. 0. 0. 0. 0. 0. 0. 0. 0. 0. 0. 0. 0. 0. 0.]
 [0. 0. 0. 0. 1. 0. 0. 1. 0. 1. 0. 1. 1. 0. 0. 0. 0. 1. 0. 1. 0.]]","[[0.         1.         0.        ]
 [0.         1.         0.        ]
 [0.         1.         0.        ]
 [0.         1.         0.        ]
 [0.83629452 0.         0.        ]
 [0.         1.         0.        ]
 [0.         0.         1.        ]
 [0.83629452 0.         0.        ]
 [0.         0.         1.        ]
 [0.83629452 0.         0.        ]
 [0.         0.         1.        ]
 [0.83629452 0.         0.        ]
 [0.83629452 0.         0.        ]
 [0.         0.         1.        ]
 [0.         0.         1.        ]
 [0.         0.         1.        ]
 [0.         0.         1.        ]
 [0.         0.         0.83629452]
 [0.         0.         1.        ]
 [0.         0.         0.83629452]
 [0.         0.         1.        ]]","[[80, 85, 90]]"
23,19,"[[0.31516277369583656, 0.46927848564135305, 0.46892501633152506, 0.5942149204778784, 0.5941240208035552, 0.4407110130781375, 0.4450726776369982, 0.440217247092533, 0.4451934260424527, 0.441602977109806, 0.4443151212617451, 0.44739218513396195, 0.44692976213742064, 0.44930065534239244, 0.4499468161367474, 0.4519447039595921, 0.37999637383347484, 0.3772415805092574, 0.3772415805092574]]","[[0.768      0.736      0.736      0.6432     0.6432     0.6432
  0.736      0.6432     0.736      0.6432     0.6432     0.736
  0.736      0.736      0.736      0.736      0.672      0.672
  0.672     ]
 [0.768      0.736      0.736      0.6432     0.6432     0.6432
  0.736      0.6432     0.736      0.6432     0.6432     0.736
  0.736      0.736      0.736      0.736      0.672      0.672
  0.672     ]
 [0.768      0.736      0.736      0.6432     0.6432     0.6432
  0.736      0.6432     0.736      0.6432     0.6432     0.736
  0.736      0.736      0.736      0.736      0.672      0.672
  0.672     ]
 [0.768      0.736      0.736      0.6432     0.6432     0.6432
  0.736      0.6432     0.736      0.6432     0.6432     0.736
  0.736      0.736      0.736      0.736      0.672      0.672
  0.672     ]
 [0.6923274  0.736      0.736      0.6432     0.6432     0.6432
  0.736      0.6432     0.736      0.63106107 0.5917625  0.6599752
  0.67363059 0.60245619 0.57043346 0.52299623 0.672      0.61444636
  0.61444636]
 [0.6923274  0.736      0.736      0.6432     0.6432     0.6432
  0.736      0.6432     0.736      0.63106107 0.5917625  0.6599752
  0.67363059 0.60245619 0.57043346 0.52299623 0.672      0.61444636
  0.61444636]
 [0.6923274  0.736      0.736      0.6432     0.6432     0.6432
  0.736      0.6432     0.736      0.63106107 0.5917625  0.6599752
  0.67363059 0.60245619 0.57043346 0.52299623 0.672      0.61444636
  0.61444636]
 [0.6923274  0.736      0.736      0.6432     0.6432     0.6432
  0.736      0.6432     0.736      0.63106107 0.5917625  0.6599752
  0.67363059 0.60245619 0.57043346 0.52299623 0.672      0.61444636
  0.61444636]
 [0.768      0.736      0.736      0.6432     0.6432     0.6432
  0.736      0.6432     0.736      0.6432     0.6432     0.736
  0.736      0.736      0.736      0.69182247 0.672      0.672
  0.672     ]
 [0.768      0.736      0.736      0.6432     0.6432     0.6432
  0.736      0.6432     0.736      0.6432     0.6432     0.736
  0.736      0.736      0.736      0.69182247 0.672      0.672
  0.672     ]
 [0.768      0.736      0.736      0.6432     0.6432     0.6432
  0.736      0.6432     0.736      0.6432     0.6432     0.736
  0.736      0.736      0.736      0.69182247 0.672      0.672
  0.672     ]
 [0.768      0.736      0.736      0.6432     0.6432     0.6432
  0.736      0.6432     0.736      0.6432     0.6432     0.736
  0.736      0.736      0.736      0.69182247 0.672      0.672
  0.672     ]
 [0.768      0.736      0.736      0.6432     0.6432     0.6432
  0.736      0.6432     0.736      0.6432     0.6432     0.736
  0.736      0.736      0.736      0.736      0.672      0.672
  0.672     ]
 [0.768      0.736      0.736      0.6432     0.6432     0.6432
  0.736      0.6432     0.736      0.6432     0.6432     0.736
  0.736      0.736      0.736      0.736      0.672      0.672
  0.672     ]
 [0.768      0.736      0.736      0.6432     0.6432     0.6432
  0.736      0.6432     0.736      0.6432     0.6432     0.736
  0.736      0.736      0.736      0.736      0.672      0.672
  0.672     ]
 [0.768      0.736      0.736      0.6432     0.6432     0.6432
  0.736      0.6432     0.736      0.6432     0.6432     0.736
  0.736      0.736      0.736      0.736      0.672      0.672
  0.672     ]
 [0.768      0.736      0.736      0.6432     0.6432     0.6432
  0.736      0.6432     0.736      0.6432     0.6432     0.736
  0.736      0.736      0.736      0.736      0.672      0.672
  0.672     ]
 [0.768      0.736      0.736      0.6432     0.6432     0.6432
  0.736      0.6432     0.736      0.6432     0.6432     0.736
  0.736      0.736      0.736      0.736      0.672      0.672
  0.672     ]
 [0.768      0.736      0.736      0.6432     0.6432     0.6432
  0.736      0.6432     0.736      0.6432     0.6432     0.736
  0.736      0.736      0.736      0.736      0.672      0.672
  0.672     ]
 [0.768      0.736      0.736      0.6432     0.6432     0.6432
  0.736      0.6432     0.736      0.6432     0.6432     0.736
  0.736      0.736      0.736      0.736      0.672      0.672
  0.672     ]
 [0.40475834 0.51753177 0.52795132 0.42958787 0.42154796 0.4400112
  0.53454684 0.43797581 0.53208866 0.41823507 0.37801303 0.45199269
  0.45731577 0.3947566  0.36928496 0.31862443 0.42469605 0.36100756
  0.36100756]
 [0.40475834 0.51753177 0.52795132 0.42958787 0.42154796 0.4400112
  0.53454684 0.43797581 0.53208866 0.41823507 0.37801303 0.45199269
  0.45731577 0.3947566  0.36928496 0.31862443 0.42469605 0.36100756
  0.36100756]
 [0.40475834 0.51753177 0.52795132 0.42958787 0.42154796 0.4400112
  0.53454684 0.43797581 0.53208866 0.41823507 0.37801303 0.45199269
  0.45731577 0.3947566  0.36928496 0.31862443 0.42469605 0.36100756
  0.36100756]]","[[1. 1. 1. 1. 1. 1. 1. 1. 1. 1. 1. 1. 1. 1. 1. 1. 1. 1. 1.]
 [1. 1. 1. 1. 1. 1. 1. 1. 1. 1. 1. 1. 1. 1. 1. 1. 1. 1. 1.]
 [1. 1. 1. 1. 1. 1. 1. 1. 1. 1. 1. 1. 1. 1. 1. 1. 1. 1. 1.]
 [1. 1. 1. 1. 1. 1. 1. 1. 1. 1. 1. 1. 1. 1. 1. 1. 1. 1. 1.]
 [1. 1. 1. 0. 0. 0. 1. 0. 1. 0. 0. 1. 1. 1. 1. 1. 1. 1. 1.]
 [1. 1. 1. 0. 0. 0. 1. 0. 1. 0. 0. 1. 1. 1. 1. 1. 1. 1. 1.]
 [1. 1. 1. 0. 0. 0. 1. 0. 1. 0. 0. 1. 1. 1. 1. 1. 1. 1. 1.]
 [1. 1. 1. 0. 0. 0. 1. 0. 1. 0. 0. 1. 1. 1. 1. 1. 1. 1. 1.]
 [1. 1. 1. 0. 0. 0. 1. 0. 1. 0. 0. 1. 1. 1. 1. 1. 1. 1. 1.]
 [1. 1. 1. 0. 0. 0. 1. 0. 1. 0. 0. 1. 1. 1. 1. 1. 1. 1. 1.]
 [1. 1. 1. 0. 0. 0. 1. 0. 1. 0. 0. 1. 1. 1. 1. 1. 1. 1. 1.]
 [1. 1. 1. 0. 0. 0. 1. 0. 1. 0. 0. 1. 1. 1. 1. 1. 1. 1. 1.]
 [1. 1. 1. 0. 0. 0. 1. 0. 1. 0. 0. 1. 1. 1. 1. 1. 1. 1. 1.]
 [1. 1. 1. 0. 0. 0. 1. 0. 1. 0. 0. 1. 1. 1. 1. 1. 1. 1. 1.]
 [1. 1. 1. 0. 0. 0. 1. 0. 1. 0. 0. 1. 1. 1. 1. 1. 1. 1. 1.]
 [1. 1. 1. 0. 0. 0. 1. 0. 1. 0. 0. 1. 1. 1. 1. 1. 1. 1. 1.]
 [1. 1. 1. 0. 0. 0. 1. 0. 1. 0. 0. 1. 1. 1. 1. 1. 1. 1. 1.]
 [1. 1. 1. 0. 0. 0. 1. 0. 1. 0. 0. 1. 1. 1. 1. 1. 1. 1. 1.]
 [1. 1. 1. 0. 0. 0. 1. 0. 1. 0. 0. 1. 1. 1. 1. 1. 1. 1. 1.]
 [1. 1. 1. 0. 0. 0. 1. 0. 1. 0. 0. 1. 1. 1. 1. 1. 1. 1. 1.]
 [0. 1. 1. 0. 0. 0. 1. 0. 1. 0. 0. 1. 1. 0. 0. 0. 1. 0. 0.]
 [0. 1. 1. 0. 0. 0. 1. 0. 1. 0. 0. 1. 1. 0. 0. 0. 1. 0. 0.]
 [0. 1. 1. 0. 0. 0. 1. 0. 1. 0. 0. 1. 1. 0. 0. 0. 1. 0. 0.]]","[[0.69722469 0.         0.        ]
 [0.         0.83629452 0.        ]
 [0.         0.83629452 0.        ]
 [0.         1.         0.        ]
 [0.         1.         0.        ]
 [0.         0.         1.        ]
 [0.         0.         0.83629452]
 [0.         0.         1.        ]
 [0.         0.         0.83629452]
 [0.         0.         1.        ]
 [0.         0.         1.        ]
 [0.         0.         0.83629452]
 [0.         0.         0.83629452]
 [0.         0.         0.83629452]
 [0.         0.         0.83629452]
 [0.         0.         0.83629452]
 [0.         0.23182635 0.        ]
 [0.         0.23182635 0.        ]
 [0.         0.23182635 0.        ]]","[[80, 85, 90]]"
16,16,"[[0.5063098742559979, 0.44392673251283876, 0.4444140242817781, 0.4458475139001625, 0.446122487385084, 0.44592958076950406, 0.44588852565451254, 0.4239045028803893, 0.4175507705095484, 0.35098818730254916, 0.3507770098429522, 0.35120615654209036, 0.35119954994857144, 0.3600389991296789, 0.3598228532029775, 0.4282718817690217]]","[[0.736      0.736      0.736      0.71923681 0.71347359 0.71515038
  0.7225721  0.768      0.71839904 0.65299861 0.65069675 0.65471858
  0.65551591 0.65379057 0.65162931 0.73567769]
 [0.736      0.736      0.736      0.71923681 0.71347359 0.71515038
  0.7225721  0.768      0.71839904 0.65299861 0.65069675 0.65471858
  0.65551591 0.65379057 0.65162931 0.73567769]
 [0.736      0.736      0.736      0.71923681 0.71347359 0.71515038
  0.7225721  0.768      0.71839904 0.65299861 0.65069675 0.65471858
  0.65551591 0.65379057 0.65162931 0.73567769]
 [0.736      0.736      0.736      0.71923681 0.71347359 0.71515038
  0.7225721  0.768      0.71839904 0.65299861 0.65069675 0.65471858
  0.65551591 0.65379057 0.65162931 0.73567769]
 [0.736      0.736      0.736      0.736      0.736      0.736
  0.736      0.768      0.768      0.78983766 0.78780359 0.79133781
  0.79206353 0.8        0.8        0.768     ]
 [0.736      0.736      0.736      0.736      0.736      0.736
  0.736      0.768      0.768      0.78983766 0.78780359 0.79133781
  0.79206353 0.8        0.8        0.768     ]
 [0.736      0.736      0.736      0.736      0.736      0.736
  0.736      0.768      0.768      0.78983766 0.78780359 0.79133781
  0.79206353 0.8        0.8        0.768     ]
 [0.736      0.736      0.736      0.736      0.736      0.736
  0.736      0.768      0.768      0.78983766 0.78780359 0.79133781
  0.79206353 0.8        0.8        0.768     ]
 [0.736      0.736      0.736      0.736      0.736      0.736
  0.736      0.768      0.768      0.8        0.8        0.8
  0.8        0.8        0.8        0.768     ]
 [0.736      0.736      0.736      0.736      0.736      0.736
  0.736      0.768      0.768      0.8        0.8        0.8
  0.8        0.8        0.8        0.768     ]
 [0.736      0.736      0.736      0.736      0.736      0.736
  0.736      0.768      0.768      0.8        0.8        0.8
  0.8        0.8        0.8        0.768     ]
 [0.736      0.736      0.736      0.736      0.736      0.736
  0.736      0.768      0.768      0.8        0.8        0.8
  0.8        0.8        0.8        0.768     ]
 [0.736      0.736      0.736      0.736      0.736      0.736
  0.736      0.768      0.768      0.79382279 0.79224719 0.79495752
  0.79554851 0.8        0.8        0.768     ]
 [0.736      0.736      0.736      0.736      0.736      0.736
  0.736      0.768      0.768      0.79382279 0.79224719 0.79495752
  0.79554851 0.8        0.8        0.768     ]
 [0.736      0.736      0.736      0.736      0.736      0.736
  0.736      0.768      0.768      0.79382279 0.79224719 0.79495752
  0.79554851 0.8        0.8        0.768     ]
 [0.736      0.736      0.736      0.736      0.736      0.736
  0.736      0.768      0.768      0.79382279 0.79224719 0.79495752
  0.79554851 0.8        0.8        0.768     ]]","[[1. 1. 1. 1. 1. 1. 1. 1. 1. 1. 1. 1. 1. 1. 1. 1.]
 [1. 1. 1. 1. 1. 1. 1. 1. 1. 1. 1. 1. 1. 1. 1. 1.]
 [1. 1. 1. 1. 1. 1. 1. 1. 1. 1. 1. 1. 1. 1. 1. 1.]
 [1. 1. 1. 1. 1. 1. 1. 1. 1. 1. 1. 1. 1. 1. 1. 1.]
 [1. 1. 1. 1. 1. 1. 1. 1. 1. 1. 1. 1. 1. 1. 1. 1.]
 [1. 1. 1. 1. 1. 1. 1. 1. 1. 1. 1. 1. 1. 1. 1. 1.]
 [1. 1. 1. 1. 1. 1. 1. 1. 1. 1. 1. 1. 1. 1. 1. 1.]
 [1. 1. 1. 1. 1. 1. 1. 1. 1. 1. 1. 1. 1. 1. 1. 1.]
 [1. 1. 1. 1. 1. 1. 1. 1. 1. 1. 1. 1. 1. 1. 1. 1.]
 [1. 1. 1. 1. 1. 1. 1. 1. 1. 1. 1. 1. 1. 1. 1. 1.]
 [1. 1. 1. 1. 1. 1. 1. 1. 1. 1. 1. 1. 1. 1. 1. 1.]
 [1. 1. 1. 1. 1. 1. 1. 1. 1. 1. 1. 1. 1. 1. 1. 1.]
 [1. 1. 1. 1. 1. 1. 1. 1. 1. 1. 1. 1. 1. 1. 1. 1.]
 [1. 1. 1. 1. 1. 1. 1. 1. 1. 1. 1. 1. 1. 1. 1. 1.]
 [1. 1. 1. 1. 1. 1. 1. 1. 1. 1. 1. 1. 1. 1. 1. 1.]
 [1. 1. 1. 1. 1. 1. 1. 1. 1. 1. 1. 1. 1. 1. 1. 1.]]","[[0.         0.         0.83629452]
 [0.         0.         0.83629452]
 [0.         0.         0.83629452]
 [0.         0.         0.83629452]
 [0.         0.         0.83629452]
 [0.         0.         0.83629452]
 [0.         0.         0.83629452]
 [0.         0.61488563 0.        ]
 [0.         0.61488563 0.        ]
 [0.22       0.         0.        ]
 [0.22       0.         0.        ]
 [0.22       0.         0.        ]
 [0.22       0.         0.        ]
 [0.         0.         0.22      ]
 [0.         0.         0.22      ]
 [0.         0.         0.61488563]]","[[80, 85, 90]]"
10,10,"[[0.3791596526623996, 0.3792193923493853, 0.36516006109112503, 0.3649943070006541, 0.3653445536402589, 0.3653236279102155, 0.37468696770668025, 0.3745102337288589, 0.3743850896268946, 0.374266161207832]]","[[0.63891121 0.63929799 0.8        0.8        0.8        0.8
  0.8        0.8        0.8        0.8       ]
 [0.63891121 0.63929799 0.8        0.8        0.8        0.8
  0.8        0.8        0.8        0.8       ]
 [0.63891121 0.63929799 0.8        0.8        0.8        0.8
  0.8        0.8        0.8        0.8       ]
 [0.63891121 0.63929799 0.8        0.8        0.8        0.8
  0.8        0.8        0.8        0.8       ]
 [0.768      0.768      0.8        0.8        0.8        0.8
  0.8        0.8        0.8        0.8       ]
 [0.768      0.768      0.8        0.8        0.8        0.8
  0.8        0.8        0.8        0.8       ]
 [0.768      0.768      0.8        0.8        0.8        0.8
  0.8        0.8        0.8        0.8       ]
 [0.768      0.768      0.8        0.8        0.8        0.8
  0.8        0.8        0.8        0.8       ]
 [0.768      0.768      0.8        0.8        0.8        0.8
  0.8        0.8        0.8        0.8       ]
 [0.768      0.768      0.8        0.8        0.8        0.8
  0.8        0.8        0.8        0.8       ]]","[[1. 1. 1. 1. 1. 1. 1. 1. 1. 1.]
 [1. 1. 1. 1. 1. 1. 1. 1. 1. 1.]
 [1. 1. 1. 1. 1. 1. 1. 1. 1. 1.]
 [1. 1. 1. 1. 1. 1. 1. 1. 1. 1.]
 [1. 1. 1. 1. 1. 1. 1. 1. 1. 1.]
 [1. 1. 1. 1. 1. 1. 1. 1. 1. 1.]
 [1. 1. 1. 1. 1. 1. 1. 1. 1. 1.]
 [1. 1. 1. 1. 1. 1. 1. 1. 1. 1.]
 [1. 1. 1. 1. 1. 1. 1. 1. 1. 1.]
 [1. 1. 1. 1. 1. 1. 1. 1. 1. 1.]]","[[0.         0.         0.58837803]
 [0.         0.         0.58837803]
 [0.22       0.         0.        ]
 [0.22       0.         0.        ]
 [0.22       0.         0.        ]
 [0.22       0.         0.        ]
 [0.         0.         0.22      ]
 [0.         0.         0.22      ]
 [0.         0.         0.22      ]
 [0.         0.         0.22      ]]","[[80, 85, 90]]"
2,2,"[[0.3906809757079811, 0.390740716229382]]","[[0.768 0.768]
 [0.768 0.768]]","[[1. 1.]
 [1. 1.]]","[[0.         0.         0.58837803]
 [0.         0.         0.58837803]]","[[80, 85, 90]]"
8,5,"[[0.40220234891268924, 0.40226208904939165, 0.48295143165679644, 0.48295143165679644, 0.48031258864503595]]","[[0.768  0.768  0.6432 0.6432 0.672 ]
 [0.768  0.768  0.6432 0.6432 0.672 ]
 [0.768  0.768  0.6432 0.6432 0.672 ]
 [0.768  0.768  0.6432 0.6432 0.672 ]
 [0.768  0.768  0.6432 0.6432 0.672 ]
 [0.768  0.768  0.6432 0.6432 0.672 ]
 [0.768  0.768  0.6432 0.6432 0.672 ]
 [0.768  0.768  0.6432 0.6432 0.672 ]]","[[1. 1. 1. 1. 1.]
 [1. 1. 1. 1. 1.]
 [1. 1. 1. 1. 1.]
 [1. 1. 0. 0. 1.]
 [1. 1. 0. 0. 1.]
 [1. 1. 0. 0. 1.]
 [1. 1. 0. 0. 1.]
 [1. 1. 0. 0. 1.]]","[[0.         0.         0.58837803]
 [0.         0.         0.58837803]
 [1.         0.         0.        ]
 [1.         0.         0.        ]
 [0.23182635 0.         0.        ]]","[[80, 85, 90]]"
16,13,"[[0.41372349104460093, 0.4137832290550788, 0.5098783864165028, 0.4157539903253905, 0.4157539903253905, 0.5098783864165028, 0.41967430861305377, 0.41595182656488505, 0.42004416340072526, 0.4258273409812266, 0.48031258864503595, 0.48031258864503595, 0.48031258864503595]]","[[0.768      0.768      0.6432     0.6432     0.6432     0.6432
  0.6432     0.6432     0.6432     0.6432     0.672      0.672
  0.672     ]
 [0.768      0.768      0.6432     0.6432     0.6432     0.6432
  0.6432     0.6432     0.6432     0.6432     0.672      0.672
  0.672     ]
 [0.768      0.768      0.6432     0.6432     0.6432     0.6432
  0.6432     0.6432     0.6432     0.6432     0.672      0.672
  0.672     ]
 [0.768      0.768      0.6432     0.49160882 0.49160882 0.6432
  0.6432     0.58020766 0.59508074 0.60552719 0.52645111 0.61077236
  0.61077236]
 [0.768      0.768      0.6432     0.49160882 0.49160882 0.6432
  0.6432     0.58020766 0.59508074 0.60552719 0.52645111 0.61077236
  0.61077236]
 [0.768      0.768      0.6432     0.49160882 0.49160882 0.6432
  0.6432     0.58020766 0.59508074 0.60552719 0.52645111 0.61077236
  0.61077236]
 [0.768      0.768      0.6432     0.49160882 0.49160882 0.6432
  0.6432     0.58020766 0.59508074 0.60552719 0.52645111 0.61077236
  0.61077236]
 [0.768      0.768      0.6432     0.6432     0.6432     0.6432
  0.6432     0.6432     0.6432     0.6432     0.672      0.672
  0.672     ]
 [0.768      0.768      0.6432     0.6432     0.6432     0.6432
  0.6432     0.6432     0.6432     0.6432     0.672      0.672
  0.672     ]
 [0.768      0.768      0.6432     0.6432     0.6432     0.6432
  0.6432     0.6432     0.6432     0.6432     0.672      0.672
  0.672     ]
 [0.768      0.768      0.6432     0.6432     0.6432     0.6432
  0.6432     0.6432     0.6432     0.6432     0.672      0.672
  0.672     ]
 [0.768      0.768      0.6432     0.6432     0.6432     0.6432
  0.6432     0.6432     0.6432     0.6432     0.672      0.672
  0.672     ]
 [0.768      0.768      0.6432     0.6432     0.6432     0.6432
  0.6432     0.6432     0.6432     0.6432     0.672      0.672
  0.672     ]
 [0.768      0.768      0.6432     0.6432     0.6432     0.6432
  0.6432     0.6432     0.6432     0.6432     0.672      0.672
  0.672     ]
 [0.768      0.768      0.6432     0.6432     0.6432     0.6432
  0.6432     0.6432     0.6432     0.6432     0.672      0.672
  0.672     ]
 [0.768      0.768      0.6432     0.6432     0.6432     0.6432
  0.6432     0.6432     0.6432     0.6432     0.672      0.672
  0.672     ]]","[[1. 1. 1. 1. 1. 1. 1. 1. 1. 1. 1. 1. 1.]
 [1. 1. 1. 1. 1. 1. 1. 1. 1. 1. 1. 1. 1.]
 [1. 1. 1. 1. 1. 1. 1. 1. 1. 1. 1. 1. 1.]
 [1. 1. 0. 0. 0. 0. 0. 0. 0. 0. 1. 1. 1.]
 [1. 1. 0. 0. 0. 0. 0. 0. 0. 0. 1. 1. 1.]
 [1. 1. 0. 0. 0. 0. 0. 0. 0. 0. 1. 1. 1.]
 [1. 1. 0. 0. 0. 0. 0. 0. 0. 0. 1. 1. 1.]
 [1. 1. 0. 0. 0. 0. 0. 0. 0. 0. 1. 1. 1.]
 [1. 1. 0. 0. 0. 0. 0. 0. 0. 0. 1. 1. 1.]
 [1. 1. 0. 0. 0. 0. 0. 0. 0. 0. 1. 1. 1.]
 [1. 1. 0. 0. 0. 0. 0. 0. 0. 0. 1. 1. 1.]
 [1. 1. 0. 0. 0. 0. 0. 0. 0. 0. 1. 1. 1.]
 [1. 1. 0. 0. 0. 0. 0. 0. 0. 0. 1. 1. 1.]
 [1. 1. 0. 0. 0. 0. 0. 0. 0. 0. 1. 1. 1.]
 [1. 1. 0. 0. 0. 0. 0. 0. 0. 0. 1. 1. 1.]
 [1. 1. 0. 0. 0. 0. 0. 0. 0. 0. 1. 1. 1.]]","[[0.         0.         0.58837803]
 [0.         0.         0.58837803]
 [1.         0.         0.        ]
 [1.         0.         0.        ]
 [1.         0.         0.        ]
 [1.         0.         0.        ]
 [1.         0.         0.        ]
 [1.         0.         0.        ]
 [1.         0.         0.        ]
 [1.         0.         0.        ]
 [0.23182635 0.         0.        ]
 [0.23182635 0.         0.        ]
 [0.23182635 0.         0.        ]]","[[80, 85, 90]]"
12,10,"[[0.4527653259278402, 0.4157539903253905, 0.4157539903253905, 0.4157539903253905, 0.4157539903253905, 0.4157539903253905, 0.4226088585841692, 0.48031258864503595, 0.48031258864503595, 0.48031258864503595]]","[[0.6432     0.6432     0.6432     0.6432     0.6432     0.6432
  0.6432     0.672      0.672      0.672     ]
 [0.6432     0.6432     0.6432     0.6432     0.6432     0.6432
  0.6432     0.672      0.672      0.672     ]
 [0.6432     0.49896861 0.50990034 0.52635375 0.6432     0.6432
  0.6432     0.52645111 0.5285501  0.5285501 ]
 [0.6432     0.49896861 0.50990034 0.52635375 0.6432     0.6432
  0.6432     0.52645111 0.5285501  0.5285501 ]
 [0.6432     0.49896861 0.50990034 0.52635375 0.6432     0.6432
  0.6432     0.52645111 0.5285501  0.5285501 ]
 [0.6432     0.49896861 0.50990034 0.52635375 0.6432     0.6432
  0.6432     0.52645111 0.5285501  0.5285501 ]
 [0.6432     0.6432     0.6432     0.6432     0.6432     0.6432
  0.6432     0.672      0.672      0.672     ]
 [0.6432     0.6432     0.6432     0.6432     0.6432     0.6432
  0.6432     0.672      0.672      0.672     ]
 [0.6432     0.6432     0.6432     0.6432     0.6432     0.6432
  0.6432     0.672      0.672      0.672     ]
 [0.6432     0.6432     0.6432     0.6432     0.6432     0.6432
  0.6432     0.672      0.672      0.672     ]
 [0.6432     0.6432     0.6432     0.6432     0.6432     0.6432
  0.6432     0.672      0.672      0.672     ]
 [0.6432     0.6432     0.6432     0.6432     0.6432     0.6432
  0.6432     0.672      0.672      0.672     ]]","[[1. 1. 1. 1. 1. 1. 1. 1. 1. 1.]
 [1. 1. 1. 1. 1. 1. 1. 1. 1. 1.]
 [0. 0. 0. 0. 0. 0. 0. 1. 1. 1.]
 [0. 0. 0. 0. 0. 0. 0. 1. 1. 1.]
 [0. 0. 0. 0. 0. 0. 0. 1. 1. 1.]
 [0. 0. 0. 0. 0. 0. 0. 1. 1. 1.]
 [0. 0. 0. 0. 0. 0. 0. 1. 1. 1.]
 [0. 0. 0. 0. 0. 0. 0. 1. 1. 1.]
 [0. 0. 0. 0. 0. 0. 0. 1. 1. 1.]
 [0. 0. 0. 0. 0. 0. 0. 1. 1. 1.]
 [0. 0. 0. 0. 0. 0. 0. 1. 1. 1.]
 [0. 0. 0. 0. 0. 0. 0. 1. 1. 1.]]","[[1.         0.         0.        ]
 [1.         0.         0.        ]
 [1.         0.         0.        ]
 [1.         0.         0.        ]
 [1.         0.         0.        ]
 [1.         0.         0.        ]
 [1.         0.         0.        ]
 [0.23182635 0.         0.        ]
 [0.23182635 0.         0.        ]
 [0.23182635 0.         0.        ]]","[[80, 85, 90]]"
10,8,"[[0.4157539903253905, 0.4157539903253905, 0.4157539903253905, 0.4157539903253905, 0.4157539903253905, 0.48031258864503595, 0.48031258864503595, 0.48031258864503595]]","[[0.6432     0.6432     0.6432     0.6432     0.6432     0.672
  0.672      0.672     ]
 [0.6432     0.6432     0.6432     0.6432     0.6432     0.672
  0.672      0.672     ]
 [0.4758612  0.46504752 0.46019278 0.55402869 0.5320946  0.52645111
  0.5285501  0.5285501 ]
 [0.4758612  0.46504752 0.46019278 0.55402869 0.5320946  0.52645111
  0.5285501  0.5285501 ]
 [0.4758612  0.46504752 0.46019278 0.55402869 0.5320946  0.52645111
  0.5285501  0.5285501 ]
 [0.4758612  0.46504752 0.46019278 0.55402869 0.5320946  0.52645111
  0.5285501  0.5285501 ]
 [0.6432     0.6432     0.6432     0.6432     0.6432     0.672
  0.672      0.672     ]
 [0.6432     0.6432     0.6432     0.6432     0.6432     0.672
  0.672      0.672     ]
 [0.6432     0.6432     0.6432     0.6432     0.6432     0.672
  0.672      0.672     ]
 [0.6432     0.6432     0.6432     0.6432     0.6432     0.672
  0.672      0.672     ]]","[[1. 1. 1. 1. 1. 1. 1. 1.]
 [1. 1. 1. 1. 1. 1. 1. 1.]
 [0. 0. 0. 0. 0. 1. 1. 1.]
 [0. 0. 0. 0. 0. 1. 1. 1.]
 [0. 0. 0. 0. 0. 1. 1. 1.]
 [0. 0. 0. 0. 0. 1. 1. 1.]
 [0. 0. 0. 0. 0. 1. 1. 1.]
 [0. 0. 0. 0. 0. 1. 1. 1.]
 [0. 0. 0. 0. 0. 1. 1. 1.]
 [0. 0. 0. 0. 0. 1. 1. 1.]]","[[1.         0.         0.        ]
 [1.         0.         0.        ]
 [1.         0.         0.        ]
 [1.         0.         0.        ]
 [1.         0.         0.        ]
 [0.23182635 0.         0.        ]
 [0.23182635 0.         0.        ]
 [0.23182635 0.         0.        ]]","[[80, 85, 90]]"
2,1,[[0.4157539903253905]],"[[0.6432]
 [0.6432]]","[[1.]
 [0.]]",[[1. 0. 0.]],"[[80, 85, 90]]"
19,17,"[[0.4448101692107436, 0.4157539903253905, 0.4448101692107436, 0.4448101692107436, 0.4448101692107436, 0.4448101692107436, 0.4157539903253905, 0.4448101692107436, 0.4448101692107436, 0.4448101692107436, 0.4448101692107436, 0.4448101692107436, 0.4448101692107436, 0.4448101692107436, 0.4448101692107436, 0.8376641171235318, 0.8376771421346388]]","[[0.736      0.6432     0.736      0.736      0.736      0.736
  0.6432     0.736      0.736      0.736      0.736      0.736
  0.736      0.736      0.736      0.768      0.768     ]
 [0.736      0.6432     0.736      0.736      0.736      0.736
  0.6432     0.736      0.736      0.736      0.736      0.736
  0.736      0.736      0.736      0.768      0.768     ]
 [0.736      0.5524905  0.736      0.736      0.736      0.736
  0.50051457 0.736      0.736      0.736      0.736      0.736
  0.736      0.736      0.736      0.7286758  0.72419144]
 [0.736      0.5524905  0.736      0.736      0.736      0.736
  0.50051457 0.736      0.736      0.736      0.736      0.736
  0.736      0.736      0.736      0.7286758  0.72419144]
 [0.736      0.5524905  0.736      0.736      0.736      0.736
  0.50051457 0.736      0.736      0.736      0.736      0.736
  0.736      0.736      0.736      0.7286758  0.72419144]
 [0.736      0.5524905  0.736      0.736      0.736      0.736
  0.50051457 0.736      0.736      0.736      0.736      0.736
  0.736      0.736      0.736      0.7286758  0.72419144]
 [0.736      0.6432     0.736      0.736      0.736      0.736
  0.64034293 0.736      0.736      0.736      0.736      0.736
  0.736      0.736      0.736      0.768      0.768     ]
 [0.736      0.6432     0.736      0.736      0.736      0.736
  0.64034293 0.736      0.736      0.736      0.736      0.736
  0.736      0.736      0.736      0.768      0.768     ]
 [0.736      0.6432     0.736      0.736      0.736      0.736
  0.64034293 0.736      0.736      0.736      0.736      0.736
  0.736      0.736      0.736      0.768      0.768     ]
 [0.736      0.6432     0.736      0.736      0.736      0.736
  0.64034293 0.736      0.736      0.736      0.736      0.736
  0.736      0.736      0.736      0.768      0.768     ]
 [0.736      0.6432     0.736      0.736      0.736      0.736
  0.6432     0.736      0.736      0.736      0.736      0.736
  0.736      0.736      0.736      0.768      0.768     ]
 [0.736      0.6432     0.736      0.736      0.736      0.736
  0.6432     0.736      0.736      0.736      0.736      0.736
  0.736      0.736      0.736      0.768      0.768     ]
 [0.736      0.6432     0.736      0.736      0.736      0.736
  0.6432     0.736      0.736      0.736      0.736      0.736
  0.736      0.736      0.736      0.768      0.768     ]
 [0.736      0.6432     0.736      0.736      0.736      0.736
  0.6432     0.736      0.736      0.736      0.736      0.736
  0.736      0.736      0.736      0.768      0.768     ]
 [0.736      0.6432     0.736      0.736      0.736      0.736
  0.6432     0.736      0.736      0.736      0.736      0.736
  0.736      0.736      0.736      0.768      0.768     ]
 [0.736      0.6432     0.736      0.736      0.736      0.736
  0.6432     0.736      0.736      0.736      0.736      0.736
  0.736      0.736      0.736      0.768      0.768     ]
 [0.736      0.6432     0.736      0.736      0.736      0.736
  0.6432     0.736      0.736      0.736      0.736      0.736
  0.736      0.736      0.736      0.768      0.768     ]
 [0.736      0.6432     0.736      0.736      0.736      0.736
  0.6432     0.736      0.736      0.736      0.736      0.736
  0.736      0.736      0.736      0.768      0.768     ]
 [0.45917696 0.27932346 0.48317623 0.47804547 0.52154155 0.4721764
  0.22984724 0.6114069  0.56026837 0.5955907  0.56383484 0.5637094
  0.5857582  0.58690063 0.58292612 0.44852748 0.44083438]]","[[1. 1. 1. 1. 1. 1. 1. 1. 1. 1. 1. 1. 1. 1. 1. 1. 1.]
 [1. 1. 1. 1. 1. 1. 1. 1. 1. 1. 1. 1. 1. 1. 1. 1. 1.]
 [1. 0. 1. 1. 1. 1. 0. 1. 1. 1. 1. 1. 1. 1. 1. 1. 1.]
 [1. 0. 1. 1. 1. 1. 0. 1. 1. 1. 1. 1. 1. 1. 1. 1. 1.]
 [1. 0. 1. 1. 1. 1. 0. 1. 1. 1. 1. 1. 1. 1. 1. 1. 1.]
 [1. 0. 1. 1. 1. 1. 0. 1. 1. 1. 1. 1. 1. 1. 1. 1. 1.]
 [1. 0. 1. 1. 1. 1. 0. 1. 1. 1. 1. 1. 1. 1. 1. 1. 1.]
 [1. 0. 1. 1. 1. 1. 0. 1. 1. 1. 1. 1. 1. 1. 1. 1. 1.]
 [1. 0. 1. 1. 1. 1. 0. 1. 1. 1. 1. 1. 1. 1. 1. 1. 1.]
 [1. 0. 1. 1. 1. 1. 0. 1. 1. 1. 1. 1. 1. 1. 1. 1. 1.]
 [1. 0. 1. 1. 1. 1. 0. 1. 1. 1. 1. 1. 1. 1. 1. 1. 1.]
 [1. 0. 1. 1. 1. 1. 0. 1. 1. 1. 1. 1. 1. 1. 1. 1. 1.]
 [1. 0. 1. 1. 1. 1. 0. 1. 1. 1. 1. 1. 1. 1. 1. 1. 1.]
 [1. 0. 1. 1. 1. 1. 0. 1. 1. 1. 1. 1. 1. 1. 1. 1. 1.]
 [1. 0. 1. 1. 1. 1. 0. 1. 1. 1. 1. 1. 1. 1. 1. 1. 1.]
 [1. 0. 1. 1. 1. 1. 0. 1. 1. 1. 1. 1. 1. 1. 1. 1. 1.]
 [1. 0. 1. 1. 1. 1. 0. 1. 1. 1. 1. 1. 1. 1. 1. 1. 1.]
 [1. 0. 1. 1. 1. 1. 0. 1. 1. 1. 1. 1. 1. 1. 1. 1. 1.]
 [1. 0. 1. 1. 1. 1. 0. 1. 1. 1. 1. 1. 1. 1. 1. 1. 1.]]","[[0.83629452 0.         0.        ]
 [1.         0.         0.        ]
 [0.83629452 0.         0.        ]
 [0.83629452 0.         0.        ]
 [0.83629452 0.         0.        ]
 [0.83629452 0.         0.        ]
 [1.         0.         0.        ]
 [0.83629452 0.         0.        ]
 [0.83629452 0.         0.        ]
 [0.83629452 0.         0.        ]
 [0.83629452 0.         0.        ]
 [0.83629452 0.         0.        ]
 [0.83629452 0.         0.        ]
 [0.83629452 0.         0.        ]
 [0.83629452 0.         0.        ]
 [0.         1.         0.        ]
 [0.         1.         0.        ]]","[[80, 85, 90]]"
17,17,"[[0.4448101692107436, 0.4448101692107436, 0.4448101692107436, 0.4448101692107436, 0.4448101692107436, 0.4448101692107436, 0.4448101692107436, 0.4448101692107436, 0.4448101692107436, 0.4448101692107436, 0.4448101692107436, 0.4448101692107436, 0.4448101692107436, 0.4448101692107436, 0.4448101692107436, 0.8370363682700285, 0.8372486057054948]]","[[0.55410292 0.58631425 0.57980015 0.63802705 0.57078243 0.64159892
  0.67630462 0.58222092 0.62453101 0.58711236 0.58600845 0.67807474
  0.61180401 0.6142934  0.60924919 0.74468698 0.74199302]
 [0.55410292 0.58631425 0.57980015 0.63802705 0.57078243 0.64159892
  0.67630462 0.58222092 0.62453101 0.58711236 0.58600845 0.67807474
  0.61180401 0.6142934  0.60924919 0.74468698 0.74199302]
 [0.55410292 0.58631425 0.57980015 0.63802705 0.57078243 0.64159892
  0.67630462 0.58222092 0.62453101 0.58711236 0.58600845 0.67807474
  0.61180401 0.6142934  0.60924919 0.74468698 0.74199302]
 [0.55410292 0.58631425 0.57980015 0.63802705 0.57078243 0.64159892
  0.67630462 0.58222092 0.62453101 0.58711236 0.58600845 0.67807474
  0.61180401 0.6142934  0.60924919 0.74468698 0.74199302]
 [0.70648462 0.736      0.73025    0.736      0.72218966 0.736
  0.736      0.736      0.736      0.736      0.736      0.736
  0.736      0.736      0.736      0.768      0.768     ]
 [0.70648462 0.736      0.73025    0.736      0.72218966 0.736
  0.736      0.736      0.736      0.736      0.736      0.736
  0.736      0.736      0.736      0.768      0.768     ]
 [0.70648462 0.736      0.73025    0.736      0.72218966 0.736
  0.736      0.736      0.736      0.736      0.736      0.736
  0.736      0.736      0.736      0.768      0.768     ]
 [0.70648462 0.736      0.73025    0.736      0.72218966 0.736
  0.736      0.736      0.736      0.736      0.736      0.736
  0.736      0.736      0.736      0.768      0.768     ]
 [0.736      0.736      0.736      0.736      0.736      0.736
  0.736      0.736      0.736      0.736      0.736      0.736
  0.736      0.736      0.736      0.768      0.768     ]
 [0.736      0.736      0.736      0.736      0.736      0.736
  0.736      0.736      0.736      0.736      0.736      0.736
  0.736      0.736      0.736      0.768      0.768     ]
 [0.736      0.736      0.736      0.736      0.736      0.736
  0.736      0.736      0.736      0.736      0.736      0.736
  0.736      0.736      0.736      0.768      0.768     ]
 [0.736      0.736      0.736      0.736      0.736      0.736
  0.736      0.736      0.736      0.736      0.736      0.736
  0.736      0.736      0.736      0.768      0.768     ]
 [0.73310439 0.736      0.736      0.736      0.736      0.736
  0.736      0.736      0.736      0.736      0.736      0.736
  0.736      0.736      0.736      0.768      0.768     ]
 [0.73310439 0.736      0.736      0.736      0.736      0.736
  0.736      0.736      0.736      0.736      0.736      0.736
  0.736      0.736      0.736      0.768      0.768     ]
 [0.73310439 0.736      0.736      0.736      0.736      0.736
  0.736      0.736      0.736      0.736      0.736      0.736
  0.736      0.736      0.736      0.768      0.768     ]
 [0.73310439 0.736      0.736      0.736      0.736      0.736
  0.736      0.736      0.736      0.736      0.736      0.736
  0.736      0.736      0.736      0.768      0.768     ]
 [0.30213045 0.32989461 0.32410556 0.37466487 0.31682919 0.43386504
  0.46556086 0.37904393 0.41725613 0.38307372 0.38265698 0.4664887
  0.40630524 0.40788334 0.40349187 0.48227163 0.47540964]]","[[1. 1. 1. 1. 1. 1. 1. 1. 1. 1. 1. 1. 1. 1. 1. 1. 1.]
 [1. 1. 1. 1. 1. 1. 1. 1. 1. 1. 1. 1. 1. 1. 1. 1. 1.]
 [1. 1. 1. 1. 1. 1. 1. 1. 1. 1. 1. 1. 1. 1. 1. 1. 1.]
 [1. 1. 1. 1. 1. 1. 1. 1. 1. 1. 1. 1. 1. 1. 1. 1. 1.]
 [1. 1. 1. 1. 1. 1. 1. 1. 1. 1. 1. 1. 1. 1. 1. 1. 1.]
 [1. 1. 1. 1. 1. 1. 1. 1. 1. 1. 1. 1. 1. 1. 1. 1. 1.]
 [1. 1. 1. 1. 1. 1. 1. 1. 1. 1. 1. 1. 1. 1. 1. 1. 1.]
 [1. 1. 1. 1. 1. 1. 1. 1. 1. 1. 1. 1. 1. 1. 1. 1. 1.]
 [1. 1. 1. 1. 1. 1. 1. 1. 1. 1. 1. 1. 1. 1. 1. 1. 1.]
 [1. 1. 1. 1. 1. 1. 1. 1. 1. 1. 1. 1. 1. 1. 1. 1. 1.]
 [1. 1. 1. 1. 1. 1. 1. 1. 1. 1. 1. 1. 1. 1. 1. 1. 1.]
 [1. 1. 1. 1. 1. 1. 1. 1. 1. 1. 1. 1. 1. 1. 1. 1. 1.]
 [1. 1. 1. 1. 1. 1. 1. 1. 1. 1. 1. 1. 1. 1. 1. 1. 1.]
 [1. 1. 1. 1. 1. 1. 1. 1. 1. 1. 1. 1. 1. 1. 1. 1. 1.]
 [1. 1. 1. 1. 1. 1. 1. 1. 1. 1. 1. 1. 1. 1. 1. 1. 1.]
 [1. 1. 1. 1. 1. 1. 1. 1. 1. 1. 1. 1. 1. 1. 1. 1. 1.]
 [0. 0. 0. 0. 0. 1. 1. 0. 1. 0. 0. 1. 1. 1. 1. 1. 1.]]","[[0.83629452 0.         0.        ]
 [0.83629452 0.         0.        ]
 [0.83629452 0.         0.        ]
 [0.83629452 0.         0.        ]
 [0.83629452 0.         0.        ]
 [0.83629452 0.         0.        ]
 [0.83629452 0.         0.        ]
 [0.83629452 0.         0.        ]
 [0.83629452 0.         0.        ]
 [0.83629452 0.         0.        ]
 [0.83629452 0.         0.        ]
 [0.83629452 0.         0.        ]
 [0.83629452 0.         0.        ]
 [0.83629452 0.         0.        ]
 [0.83629452 0.         0.        ]
 [0.         1.         0.        ]
 [0.         1.         0.        ]]","[[80, 85, 90]]"
2,2,"[[0.8354896949291207, 0.8358950889869495]]","[[0.768 0.768]
 [0.768 0.768]]","[[1. 1.]
 [1. 1.]]","[[0. 1. 0.]
 [0. 1. 0.]]","[[80, 85, 90]]"
2,2,"[[0.823075962781027, 0.8336554139988456]]","[[0.768 0.768]
 [0.768 0.768]]","[[1. 1.]
 [1. 1.]]","[[0. 0. 1.]
 [0. 1. 0.]]","[[80, 85, 90]]"
2,2,"[[0.8318632141699472, 0.8300006910799608]]","[[0.768 0.768]
 [0.768 0.768]]","[[1. 1.]
 [1. 1.]]","[[0. 0. 1.]
 [0. 0. 1.]]","[[80, 85, 90]]"
2,2,"[[0.8404911188225993, 0.8386659569736045]]","[[0.768 0.768]
 [0.768 0.768]]","[[1. 1.]
 [1. 1.]]","[[0. 0. 1.]
 [0. 0. 1.]]","[[80, 85, 90]]"
2,2,"[[0.8489136534119778, 0.8471369564688777]]","[[0.768 0.768]
 [0.768 0.768]]","[[1. 1.]
 [1. 1.]]","[[0. 0. 1.]
 [0. 0. 1.]]","[[80, 85, 90]]"
1,1,[[0.8565884650003402]],[[0.768]],[[1.]],[[0. 0. 1.]],"[[80, 85, 90]]"