19,19,"[[0.16150508 0.36219596 0.35702332 0.36216416 0.36209515 0.36231228
  0.35702156 0.18970317 0.36250913 0.26981878 0.35700901 0.34415868
  0.34750522 0.34518268 0.27553729 0.19029159 0.34851192 0.36241137
  0.26998642]]","[[0.73735523 0.68530449 0.44924213 0.68485732 0.67215571 0.67468388
  0.6932     0.73338786 0.62579456 0.68935228 0.67956339 0.68187893
  0.68793758 0.68352623 0.69736123 0.7104262  0.68939701 0.68310925
  0.68343561]
 [0.73735523 0.68530449 0.44924213 0.68485732 0.67215571 0.67468388
  0.6932     0.73338786 0.62579456 0.68935228 0.67956339 0.68187893
  0.68793758 0.68352623 0.69736123 0.7104262  0.68939701 0.68310925
  0.68343561]
 [0.73735523 0.68530449 0.44924213 0.68485732 0.67215571 0.67468388
  0.6932     0.73338786 0.62579456 0.68935228 0.67956339 0.68187893
  0.68793758 0.68352623 0.69736123 0.7104262  0.68939701 0.68310925
  0.68343561]
 [0.73735523 0.68530449 0.44924213 0.68485732 0.67215571 0.67468388
  0.6932     0.73338786 0.62579456 0.68935228 0.67956339 0.68187893
  0.68793758 0.68352623 0.69736123 0.7104262  0.68939701 0.68310925
  0.68343561]
 [0.73735523 0.68530449 0.44924213 0.68485732 0.67215571 0.67468388
  0.6932     0.73338786 0.62579456 0.68935228 0.67956339 0.68187893
  0.68793758 0.68352623 0.69736123 0.7104262  0.68939701 0.68310925
  0.68343561]
 [0.73735523 0.68530449 0.44924213 0.68485732 0.67215571 0.67468388
  0.6932     0.73338786 0.62579456 0.68935228 0.67956339 0.68187893
  0.68793758 0.68352623 0.69736123 0.7104262  0.68939701 0.68310925
  0.68343561]
 [0.818      0.6932     0.6932     0.6932     0.6932     0.6932
  0.6932     0.786      0.6932     0.78237794 0.6932     0.66905383
  0.67361286 0.67023545 0.77659115 0.786      0.67461125 0.6932
  0.77705608]
 [0.818      0.6932     0.6932     0.6932     0.6932     0.6932
  0.6932     0.786      0.6932     0.78237794 0.6932     0.66905383
  0.67361286 0.67023545 0.77659115 0.786      0.67461125 0.6932
  0.77705608]
 [0.818      0.6932     0.6932     0.6932     0.6932     0.6932
  0.6932     0.786      0.6932     0.78237794 0.6932     0.66905383
  0.67361286 0.67023545 0.77659115 0.786      0.67461125 0.6932
  0.77705608]
 [0.818      0.6932     0.6932     0.6932     0.6932     0.6932
  0.6932     0.786      0.6932     0.78237794 0.6932     0.66905383
  0.67361286 0.67023545 0.77659115 0.786      0.67461125 0.6932
  0.77705608]
 [0.818      0.6932     0.6932     0.6932     0.6932     0.6932
  0.6932     0.786      0.6932     0.78237794 0.6932     0.66905383
  0.67361286 0.67023545 0.77659115 0.786      0.67461125 0.6932
  0.77705608]
 [0.818      0.6932     0.6932     0.6932     0.6932     0.6932
  0.6932     0.786      0.6932     0.78237794 0.6932     0.66905383
  0.67361286 0.67023545 0.77659115 0.786      0.67461125 0.6932
  0.77705608]
 [0.818      0.6932     0.66660878 0.6932     0.6932     0.6932
  0.6932     0.786      0.6932     0.786      0.6932     0.6932
  0.6932     0.6932     0.786      0.786      0.6932     0.6932
  0.786     ]
 [0.818      0.6932     0.6932     0.6932     0.6932     0.6932
  0.6932     0.786      0.6932     0.786      0.6932     0.6932
  0.6932     0.6932     0.786      0.786      0.6932     0.6932
  0.786     ]
 [0.818      0.6932     0.6932     0.6932     0.6932     0.6932
  0.6932     0.786      0.6932     0.786      0.6932     0.6932
  0.6932     0.6932     0.786      0.786      0.6932     0.6932
  0.786     ]
 [0.818      0.6932     0.6932     0.6932     0.6932     0.6932
  0.6932     0.786      0.6932     0.786      0.6932     0.6932
  0.6932     0.6932     0.786      0.786      0.6932     0.6932
  0.786     ]
 [0.818      0.6932     0.6932     0.6932     0.6932     0.6932
  0.6932     0.786      0.6932     0.786      0.6932     0.6932
  0.6932     0.6932     0.786      0.786      0.6932     0.6932
  0.786     ]
 [0.818      0.6932     0.6932     0.6932     0.6932     0.6932
  0.6932     0.786      0.6932     0.786      0.6932     0.6932
  0.6932     0.6932     0.786      0.786      0.6932     0.6932
  0.786     ]
 [0.818      0.6932     0.6932     0.6932     0.6932     0.6932
  0.6932     0.786      0.6932     0.786      0.6932     0.6932
  0.6932     0.6932     0.786      0.786      0.6932     0.6932
  0.786     ]]","[[1. 1. 1. 1. 1. 1. 1. 1. 1. 1. 1. 1. 1. 1. 1. 1. 1. 1. 1.]
 [1. 1. 1. 1. 1. 1. 1. 1. 1. 1. 1. 1. 1. 1. 1. 1. 1. 1. 1.]
 [1. 1. 1. 1. 1. 1. 1. 1. 1. 1. 1. 1. 1. 1. 1. 1. 1. 1. 1.]
 [1. 1. 1. 1. 1. 1. 1. 1. 1. 1. 1. 1. 1. 1. 1. 1. 1. 1. 1.]
 [1. 1. 1. 1. 1. 1. 1. 1. 1. 1. 1. 1. 1. 1. 1. 1. 1. 1. 1.]
 [1. 1. 1. 1. 1. 1. 1. 1. 1. 1. 1. 1. 1. 1. 1. 1. 1. 1. 1.]
 [1. 1. 1. 1. 1. 1. 1. 1. 1. 1. 1. 1. 1. 1. 1. 1. 1. 1. 1.]
 [1. 1. 1. 1. 1. 1. 1. 1. 1. 1. 1. 1. 1. 1. 1. 1. 1. 1. 1.]
 [1. 1. 1. 1. 1. 1. 1. 1. 1. 1. 1. 1. 1. 1. 1. 1. 1. 1. 1.]
 [1. 1. 1. 1. 1. 1. 1. 1. 1. 1. 1. 1. 1. 1. 1. 1. 1. 1. 1.]
 [1. 1. 1. 1. 1. 1. 1. 1. 1. 1. 1. 1. 1. 1. 1. 1. 1. 1. 1.]
 [1. 1. 1. 1. 1. 1. 1. 1. 1. 1. 1. 1. 1. 1. 1. 1. 1. 1. 1.]
 [1. 1. 1. 1. 1. 1. 1. 1. 1. 1. 1. 1. 1. 1. 1. 1. 1. 1. 1.]
 [1. 1. 1. 1. 1. 1. 1. 1. 0. 1. 1. 1. 1. 1. 1. 1. 1. 1. 1.]
 [1. 1. 1. 1. 1. 1. 1. 1. 0. 1. 1. 1. 1. 1. 1. 1. 1. 1. 1.]
 [1. 1. 1. 1. 1. 1. 1. 1. 0. 1. 1. 1. 1. 1. 1. 1. 1. 1. 1.]
 [1. 1. 1. 1. 1. 1. 1. 1. 0. 1. 1. 1. 1. 1. 1. 1. 1. 1. 1.]
 [1. 1. 1. 1. 1. 1. 1. 1. 0. 1. 1. 1. 1. 1. 1. 1. 1. 1. 1.]
 [1. 1. 1. 1. 1. 1. 1. 1. 0. 1. 1. 1. 1. 1. 1. 1. 1. 1. 1.]]","[[0.         0.69722469 0.        ]
 [0.         1.         0.        ]
 [0.         0.         1.        ]
 [0.         1.         0.        ]
 [0.         1.         0.        ]
 [0.         1.         0.        ]
 [0.         0.         1.        ]
 [0.83629452 0.         0.        ]
 [0.         1.         0.        ]
 [0.         0.83629452 0.        ]
 [0.         0.         1.        ]
 [0.         1.         0.        ]
 [0.         1.         0.        ]
 [0.         1.         0.        ]
 [0.         0.83629452 0.        ]
 [0.83629452 0.         0.        ]
 [0.         1.         0.        ]
 [0.         1.         0.        ]
 [0.         0.83629452 0.        ]]",[[80 85 90]],0.713,1.4884278774261475
26,26,"[[0.16099985 0.36203011 0.3570204  0.36199777 0.36197925 0.36214372
  0.36211526 0.18772672 0.36232893 0.18813509 0.36199831 0.35946951
  0.35946863 0.35946943 0.18816833 0.18802181 0.35946855 0.36221669
  0.18817635 0.35700901 0.35947255 0.35702632 0.18420167 0.31550649
  0.31553931 0.31541754]]","[[0.67041358 0.6932     0.55734304 0.6932     0.6932     0.6932
  0.6932     0.786      0.6932     0.786      0.6932     0.6932
  0.6932     0.6932     0.786      0.786      0.6932     0.6932
  0.786      0.6932     0.6932     0.6932     0.44930933 0.36931499
  0.37306901 0.37318989]
 [0.67041358 0.6932     0.55734304 0.6932     0.6932     0.6932
  0.6932     0.786      0.6932     0.786      0.6932     0.6932
  0.6932     0.6932     0.786      0.786      0.6932     0.6932
  0.786      0.6932     0.6932     0.6932     0.44930933 0.36931499
  0.37306901 0.37318989]
 [0.67041358 0.6932     0.55734304 0.6932     0.6932     0.6932
  0.6932     0.786      0.6932     0.786      0.6932     0.6932
  0.6932     0.6932     0.786      0.786      0.6932     0.6932
  0.786      0.6932     0.6932     0.6932     0.44930933 0.36931499
  0.37306901 0.37318989]
 [0.67041358 0.6932     0.55734304 0.6932     0.6932     0.6932
  0.6932     0.786      0.6932     0.786      0.6932     0.6932
  0.6932     0.6932     0.786      0.786      0.6932     0.6932
  0.786      0.6932     0.6932     0.6932     0.44930933 0.36931499
  0.37306901 0.37318989]
 [0.67041358 0.6932     0.55734304 0.6932     0.6932     0.6932
  0.6932     0.786      0.6932     0.786      0.6932     0.6932
  0.6932     0.6932     0.786      0.786      0.6932     0.6932
  0.786      0.6932     0.6932     0.6932     0.44930933 0.36931499
  0.37306901 0.37318989]
 [0.67041358 0.6932     0.55734304 0.6932     0.6932     0.6932
  0.6932     0.786      0.6932     0.786      0.6932     0.6932
  0.6932     0.6932     0.786      0.786      0.6932     0.6932
  0.786      0.6932     0.6932     0.6932     0.44930933 0.36931499
  0.37306901 0.37318989]
 [0.818      0.6932     0.6932     0.6932     0.6932     0.6932
  0.6932     0.786      0.6932     0.786      0.6932     0.6932
  0.6932     0.6932     0.786      0.786      0.6932     0.6932
  0.786      0.6932     0.6932     0.6932     0.6891215  0.60353689
  0.60961192 0.61449624]
 [0.818      0.6932     0.6932     0.6932     0.6932     0.6932
  0.6932     0.786      0.6932     0.786      0.6932     0.6932
  0.6932     0.6932     0.786      0.786      0.6932     0.6932
  0.786      0.6932     0.6932     0.6932     0.6891215  0.60353689
  0.60961192 0.61449624]
 [0.818      0.6932     0.6932     0.6932     0.6932     0.6932
  0.6932     0.786      0.6932     0.786      0.6932     0.6932
  0.6932     0.6932     0.786      0.786      0.6932     0.6932
  0.786      0.6932     0.6932     0.6932     0.6891215  0.60353689
  0.60961192 0.61449624]
 [0.818      0.6932     0.6932     0.6932     0.6932     0.6932
  0.6932     0.786      0.6932     0.786      0.6932     0.6932
  0.6932     0.6932     0.786      0.786      0.6932     0.6932
  0.786      0.6932     0.6932     0.6932     0.6891215  0.60353689
  0.60961192 0.61449624]
 [0.818      0.6932     0.6932     0.6932     0.6932     0.6932
  0.6932     0.786      0.6932     0.786      0.6932     0.6932
  0.6932     0.6932     0.786      0.786      0.6932     0.6932
  0.786      0.6932     0.6932     0.6932     0.6891215  0.60353689
  0.60961192 0.61449624]
 [0.818      0.6932     0.6932     0.6932     0.6932     0.6932
  0.6932     0.786      0.6932     0.786      0.6932     0.6932
  0.6932     0.6932     0.786      0.786      0.6932     0.6932
  0.786      0.6932     0.6932     0.6932     0.6891215  0.60353689
  0.60961192 0.61449624]
 [0.74352636 0.63667496 0.41540655 0.6385543  0.64960571 0.63728829
  0.6932     0.786      0.65173294 0.786      0.6932     0.6932
  0.6932     0.6932     0.786      0.786      0.6932     0.6932
  0.786      0.6932     0.6932     0.6932     0.47909286 0.40411967
  0.40438422 0.39847949]
 [0.74352636 0.63667496 0.41540655 0.6385543  0.64960571 0.63728829
  0.6932     0.786      0.65173294 0.786      0.6932     0.6932
  0.6932     0.6932     0.786      0.786      0.6932     0.6932
  0.786      0.6932     0.6932     0.6932     0.47909286 0.40411967
  0.40438422 0.39847949]
 [0.74352636 0.63667496 0.41540655 0.6385543  0.64960571 0.63728829
  0.6932     0.786      0.65173294 0.786      0.6932     0.6932
  0.6932     0.6932     0.786      0.786      0.6932     0.6932
  0.786      0.6932     0.6932     0.6932     0.47909286 0.40411967
  0.40438422 0.39847949]
 [0.74352636 0.63667496 0.41540655 0.6385543  0.64960571 0.63728829
  0.6932     0.786      0.65173294 0.786      0.6932     0.6932
  0.6932     0.6932     0.786      0.786      0.6932     0.6932
  0.786      0.6932     0.6932     0.6932     0.47909286 0.40411967
  0.40438422 0.39847949]
 [0.74352636 0.63667496 0.41540655 0.6385543  0.64960571 0.63728829
  0.6932     0.786      0.65173294 0.786      0.6932     0.6932
  0.6932     0.6932     0.786      0.786      0.6932     0.6932
  0.786      0.6932     0.6932     0.6932     0.47909286 0.40411967
  0.40438422 0.39847949]
 [0.74352636 0.63667496 0.41540655 0.6385543  0.64960571 0.63728829
  0.6932     0.786      0.65173294 0.786      0.6932     0.6932
  0.6932     0.6932     0.786      0.786      0.6932     0.6932
  0.786      0.6932     0.6932     0.6932     0.47909286 0.40411967
  0.40438422 0.39847949]
 [0.818      0.6932     0.61182402 0.6932     0.6932     0.6932
  0.6932     0.786      0.6932     0.786      0.6932     0.6932
  0.6932     0.6932     0.786      0.786      0.6932     0.6932
  0.786      0.6932     0.6932     0.6932     0.73069599 0.65562802
  0.65598791 0.65012226]
 [0.818      0.6932     0.61182402 0.6932     0.6932     0.6932
  0.6932     0.786      0.6932     0.786      0.6932     0.6932
  0.6932     0.6932     0.786      0.786      0.6932     0.6932
  0.786      0.6932     0.6932     0.6932     0.73069599 0.65562802
  0.65598791 0.65012226]
 [0.818      0.6932     0.61182402 0.6932     0.6932     0.6932
  0.6932     0.786      0.6932     0.786      0.6932     0.6932
  0.6932     0.6932     0.786      0.786      0.6932     0.6932
  0.786      0.6932     0.6932     0.6932     0.73069599 0.65562802
  0.65598791 0.65012226]
 [0.818      0.6932     0.61182402 0.6932     0.6932     0.6932
  0.6932     0.786      0.6932     0.786      0.6932     0.6932
  0.6932     0.6932     0.786      0.786      0.6932     0.6932
  0.786      0.6932     0.6932     0.6932     0.73069599 0.65562802
  0.65598791 0.65012226]
 [0.818      0.6932     0.61182402 0.6932     0.6932     0.6932
  0.6932     0.786      0.6932     0.786      0.6932     0.6932
  0.6932     0.6932     0.786      0.786      0.6932     0.6932
  0.786      0.6932     0.6932     0.6932     0.73069599 0.65562802
  0.65598791 0.65012226]
 [0.818      0.6932     0.61182402 0.6932     0.6932     0.6932
  0.6932     0.786      0.6932     0.786      0.6932     0.6932
  0.6932     0.6932     0.786      0.786      0.6932     0.6932
  0.786      0.6932     0.6932     0.6932     0.73069599 0.65562802
  0.65598791 0.65012226]
 [0.818      0.6932     0.6932     0.6932     0.6932     0.6932
  0.6932     0.786      0.6932     0.786      0.6932     0.6932
  0.6932     0.6932     0.786      0.786      0.6932     0.6932
  0.786      0.6932     0.6932     0.6932     0.786      0.6932
  0.6932     0.6932    ]
 [0.818      0.6932     0.6932     0.6932     0.6932     0.6932
  0.6932     0.786      0.6932     0.786      0.6932     0.6932
  0.6932     0.6932     0.786      0.786      0.6932     0.6932
  0.786      0.6932     0.6932     0.6932     0.786      0.6932
  0.6932     0.6932    ]]","[[1. 1. 1. 1. 1. 1. 1. 1. 1. 1. 1. 1. 1. 1. 1. 1. 1. 1. 1. 1. 1. 1. 1. 0.
  0. 0.]
 [1. 1. 1. 1. 1. 1. 1. 1. 1. 1. 1. 1. 1. 1. 1. 1. 1. 1. 1. 1. 1. 1. 1. 0.
  0. 0.]
 [1. 1. 1. 1. 1. 1. 1. 1. 1. 1. 1. 1. 1. 1. 1. 1. 1. 1. 1. 1. 1. 1. 1. 0.
  0. 0.]
 [1. 1. 1. 1. 1. 1. 1. 1. 1. 1. 1. 1. 1. 1. 1. 1. 1. 1. 1. 1. 1. 1. 1. 0.
  0. 0.]
 [1. 1. 1. 1. 1. 1. 1. 1. 1. 1. 1. 1. 1. 1. 1. 1. 1. 1. 1. 1. 1. 1. 1. 0.
  0. 0.]
 [1. 1. 1. 1. 1. 1. 1. 1. 1. 1. 1. 1. 1. 1. 1. 1. 1. 1. 1. 1. 1. 1. 1. 0.
  0. 0.]
 [1. 0. 1. 0. 0. 0. 1. 1. 1. 1. 1. 1. 1. 1. 1. 1. 1. 1. 1. 1. 1. 1. 1. 1.
  1. 1.]
 [1. 0. 1. 0. 0. 0. 1. 1. 1. 1. 1. 1. 1. 1. 1. 1. 1. 1. 1. 1. 1. 1. 1. 1.
  1. 1.]
 [1. 0. 1. 0. 0. 0. 1. 1. 1. 1. 1. 1. 1. 1. 1. 1. 1. 1. 1. 1. 1. 1. 1. 1.
  1. 1.]
 [1. 0. 1. 0. 0. 0. 1. 1. 1. 1. 1. 1. 1. 1. 1. 1. 1. 1. 1. 1. 1. 1. 1. 1.
  1. 1.]
 [1. 0. 1. 0. 0. 0. 1. 1. 1. 1. 1. 1. 1. 1. 1. 1. 1. 1. 1. 1. 1. 1. 1. 1.
  1. 1.]
 [1. 0. 1. 0. 0. 0. 1. 1. 1. 1. 1. 1. 1. 1. 1. 1. 1. 1. 1. 1. 1. 1. 1. 1.
  1. 1.]
 [1. 1. 0. 1. 1. 1. 1. 1. 1. 1. 1. 1. 1. 1. 1. 1. 1. 1. 1. 1. 1. 1. 0. 0.
  0. 0.]
 [1. 1. 0. 1. 1. 1. 1. 1. 1. 1. 1. 1. 1. 1. 1. 1. 1. 1. 1. 1. 1. 1. 0. 0.
  0. 0.]
 [1. 1. 0. 1. 1. 1. 1. 1. 1. 1. 1. 1. 1. 1. 1. 1. 1. 1. 1. 1. 1. 1. 0. 0.
  0. 0.]
 [1. 1. 0. 1. 1. 1. 1. 1. 1. 1. 1. 1. 1. 1. 1. 1. 1. 1. 1. 1. 1. 1. 0. 0.
  0. 0.]
 [1. 1. 0. 1. 1. 1. 1. 1. 1. 1. 1. 1. 1. 1. 1. 1. 1. 1. 1. 1. 1. 1. 0. 0.
  0. 0.]
 [1. 1. 0. 1. 1. 1. 1. 1. 1. 1. 1. 1. 1. 1. 1. 1. 1. 1. 1. 1. 1. 1. 0. 0.
  0. 0.]
 [1. 1. 1. 1. 1. 1. 1. 1. 1. 1. 1. 1. 1. 1. 1. 1. 1. 1. 1. 1. 1. 1. 1. 1.
  1. 1.]
 [1. 1. 1. 1. 1. 1. 1. 1. 1. 1. 1. 1. 1. 1. 1. 1. 1. 1. 1. 1. 1. 1. 1. 1.
  1. 1.]
 [1. 1. 1. 1. 1. 1. 1. 1. 1. 1. 1. 1. 1. 1. 1. 1. 1. 1. 1. 1. 1. 1. 1. 1.
  1. 1.]
 [1. 1. 1. 1. 1. 1. 1. 1. 1. 1. 1. 1. 1. 1. 1. 1. 1. 1. 1. 1. 1. 1. 1. 1.
  1. 1.]
 [1. 1. 1. 1. 1. 1. 1. 1. 1. 1. 1. 1. 1. 1. 1. 1. 1. 1. 1. 1. 1. 1. 1. 1.
  1. 1.]
 [1. 1. 1. 1. 1. 1. 1. 1. 1. 1. 1. 1. 1. 1. 1. 1. 1. 1. 1. 1. 1. 1. 1. 1.
  1. 1.]
 [1. 1. 1. 1. 1. 1. 1. 1. 1. 1. 1. 1. 1. 1. 1. 1. 1. 1. 1. 1. 1. 1. 1. 1.
  1. 1.]
 [1. 1. 1. 1. 1. 1. 1. 1. 1. 1. 1. 1. 1. 1. 1. 1. 1. 1. 1. 1. 1. 1. 1. 1.
  1. 1.]]","[[0.         0.69722469 0.        ]
 [0.         1.         0.        ]
 [0.         0.         1.        ]
 [0.         1.         0.        ]
 [0.         1.         0.        ]
 [0.         1.         0.        ]
 [0.         1.         0.        ]
 [0.83629452 0.         0.        ]
 [0.         1.         0.        ]
 [0.83629452 0.         0.        ]
 [0.         1.         0.        ]
 [1.         0.         0.        ]
 [1.         0.         0.        ]
 [1.         0.         0.        ]
 [0.83629452 0.         0.        ]
 [0.83629452 0.         0.        ]
 [1.         0.         0.        ]
 [0.         1.         0.        ]
 [0.83629452 0.         0.        ]
 [0.         0.         1.        ]
 [1.         0.         0.        ]
 [0.         0.         1.        ]
 [0.         0.         0.83629452]
 [0.         0.         1.        ]
 [0.         0.         1.        ]
 [0.         0.         1.        ]]",[[80 85 90]],0.706,2.4765279293060303
34,34,"[[0.16020727 0.35700955 0.35702507 0.35700955 0.35700901 0.35700955
  0.36197795 0.18626758 0.36219725 0.18660069 0.36197683 0.36196877
  0.36197286 0.36196969 0.1837961  0.1837961  0.36197374 0.3620768
  0.18663513 0.36217989 0.35946947 0.36229246 0.1837961  0.35701939
  0.35701964 0.35702094 0.1837961  0.1837961  0.31495374 0.18393016
  1.         0.30248788 0.31188929 0.31218809]]","[[0.768      0.6432     0.6432     0.6432     0.6432     0.6432
  0.6432     0.736      0.6432     0.736      0.6432     0.6432
  0.6432     0.6432     0.736      0.736      0.6432     0.6432
  0.736      0.6432     0.6432     0.6432     0.736      0.6432
  0.6432     0.6432     0.736      0.736      0.6432     0.736
  0.768      0.672      0.672      0.672     ]
 [0.768      0.6432     0.6432     0.6432     0.6432     0.6432
  0.6432     0.736      0.6432     0.736      0.6432     0.6432
  0.6432     0.6432     0.736      0.736      0.6432     0.6432
  0.736      0.6432     0.6432     0.6432     0.736      0.6432
  0.6432     0.6432     0.736      0.736      0.6432     0.736
  0.768      0.672      0.672      0.672     ]
 [0.768      0.6432     0.6432     0.6432     0.6432     0.6432
  0.6432     0.736      0.6432     0.736      0.6432     0.6432
  0.6432     0.6432     0.736      0.736      0.6432     0.6432
  0.736      0.6432     0.6432     0.6432     0.736      0.6432
  0.6432     0.6432     0.736      0.736      0.6432     0.736
  0.768      0.672      0.672      0.672     ]
 [0.768      0.6432     0.6432     0.6432     0.6432     0.6432
  0.6432     0.736      0.6432     0.736      0.6432     0.6432
  0.6432     0.6432     0.736      0.736      0.6432     0.6432
  0.736      0.6432     0.6432     0.6432     0.736      0.6432
  0.6432     0.6432     0.736      0.736      0.6432     0.736
  0.768      0.672      0.672      0.672     ]
 [0.5942581  0.6932     0.55861877 0.6932     0.6932     0.6932
  0.6932     0.786      0.6932     0.786      0.6932     0.6932
  0.6932     0.6932     0.786      0.786      0.6932     0.6932
  0.786      0.6932     0.6932     0.6932     0.57747023 0.50948853
  0.51227053 0.51179937 0.51248553 0.48477356 0.37177783 0.46073994
  0.818      0.722      0.68542928 0.68029931]
 [0.5942581  0.6932     0.55861877 0.6932     0.6932     0.6932
  0.6932     0.786      0.6932     0.786      0.6932     0.6932
  0.6932     0.6932     0.786      0.786      0.6932     0.6932
  0.786      0.6932     0.6932     0.6932     0.57747023 0.50948853
  0.51227053 0.51179937 0.51248553 0.48477356 0.37177783 0.46073994
  0.818      0.722      0.68542928 0.68029931]
 [0.5942581  0.6932     0.55861877 0.6932     0.6932     0.6932
  0.6932     0.786      0.6932     0.786      0.6932     0.6932
  0.6932     0.6932     0.786      0.786      0.6932     0.6932
  0.786      0.6932     0.6932     0.6932     0.57747023 0.50948853
  0.51227053 0.51179937 0.51248553 0.48477356 0.37177783 0.46073994
  0.818      0.722      0.68542928 0.68029931]
 [0.5942581  0.6932     0.55861877 0.6932     0.6932     0.6932
  0.6932     0.786      0.6932     0.786      0.6932     0.6932
  0.6932     0.6932     0.786      0.786      0.6932     0.6932
  0.786      0.6932     0.6932     0.6932     0.57747023 0.50948853
  0.51227053 0.51179937 0.51248553 0.48477356 0.37177783 0.46073994
  0.818      0.722      0.68542928 0.68029931]
 [0.5942581  0.6932     0.55861877 0.6932     0.6932     0.6932
  0.6932     0.786      0.6932     0.786      0.6932     0.6932
  0.6932     0.6932     0.786      0.786      0.6932     0.6932
  0.786      0.6932     0.6932     0.6932     0.57747023 0.50948853
  0.51227053 0.51179937 0.51248553 0.48477356 0.37177783 0.46073994
  0.818      0.722      0.68542928 0.68029931]
 [0.5942581  0.6932     0.55861877 0.6932     0.6932     0.6932
  0.6932     0.786      0.6932     0.786      0.6932     0.6932
  0.6932     0.6932     0.786      0.786      0.6932     0.6932
  0.786      0.6932     0.6932     0.6932     0.57747023 0.50948853
  0.51227053 0.51179937 0.51248553 0.48477356 0.37177783 0.46073994
  0.818      0.722      0.68542928 0.68029931]
 [0.79962604 0.6932     0.6932     0.6932     0.6932     0.6932
  0.6932     0.786      0.6932     0.786      0.6932     0.6932
  0.6932     0.6932     0.786      0.786      0.6932     0.6932
  0.786      0.6932     0.6932     0.6932     0.786      0.6932
  0.6932     0.6932     0.78098442 0.73275709 0.61894039 0.70704686
  0.76091269 0.722      0.722      0.722     ]
 [0.79962604 0.6932     0.6932     0.6932     0.6932     0.6932
  0.6932     0.786      0.6932     0.786      0.6932     0.6932
  0.6932     0.6932     0.786      0.786      0.6932     0.6932
  0.786      0.6932     0.6932     0.6932     0.786      0.6932
  0.6932     0.6932     0.78098442 0.73275709 0.61894039 0.70704686
  0.76091269 0.722      0.722      0.722     ]
 [0.79962604 0.6932     0.6932     0.6932     0.6932     0.6932
  0.6932     0.786      0.6932     0.786      0.6932     0.6932
  0.6932     0.6932     0.786      0.786      0.6932     0.6932
  0.786      0.6932     0.6932     0.6932     0.786      0.6932
  0.6932     0.6932     0.78098442 0.73275709 0.61894039 0.70704686
  0.76091269 0.722      0.722      0.722     ]
 [0.79962604 0.6932     0.6932     0.6932     0.6932     0.6932
  0.6932     0.786      0.6932     0.786      0.6932     0.6932
  0.6932     0.6932     0.786      0.786      0.6932     0.6932
  0.786      0.6932     0.6932     0.6932     0.786      0.6932
  0.6932     0.6932     0.78098442 0.73275709 0.61894039 0.70704686
  0.76091269 0.722      0.722      0.722     ]
 [0.79962604 0.6932     0.6932     0.6932     0.6932     0.6932
  0.6932     0.786      0.6932     0.786      0.6932     0.6932
  0.6932     0.6932     0.786      0.786      0.6932     0.6932
  0.786      0.6932     0.6932     0.6932     0.786      0.6932
  0.6932     0.6932     0.78098442 0.73275709 0.61894039 0.70704686
  0.76091269 0.722      0.722      0.722     ]
 [0.79962604 0.6932     0.6932     0.6932     0.6932     0.6932
  0.6932     0.786      0.6932     0.786      0.6932     0.6932
  0.6932     0.6932     0.786      0.786      0.6932     0.6932
  0.786      0.6932     0.6932     0.6932     0.786      0.6932
  0.6932     0.6932     0.78098442 0.73275709 0.61894039 0.70704686
  0.76091269 0.722      0.722      0.722     ]
 [0.6433859  0.48274747 0.32181769 0.4846109  0.50032279 0.48831684
  0.56955743 0.786      0.52508254 0.786      0.5876217  0.6932
  0.6932     0.6932     0.786      0.786      0.6932     0.57587913
  0.786      0.65950173 0.6932     0.68181494 0.52184932 0.44415792
  0.4424756  0.43528655 0.49358572 0.4984423  0.38973159 0.4804043
  0.818      0.70699842 0.71462329 0.71376934]
 [0.6433859  0.48274747 0.32181769 0.4846109  0.50032279 0.48831684
  0.56955743 0.786      0.52508254 0.786      0.5876217  0.6932
  0.6932     0.6932     0.786      0.786      0.6932     0.57587913
  0.786      0.65950173 0.6932     0.68181494 0.52184932 0.44415792
  0.4424756  0.43528655 0.49358572 0.4984423  0.38973159 0.4804043
  0.818      0.70699842 0.71462329 0.71376934]
 [0.6433859  0.48274747 0.32181769 0.4846109  0.50032279 0.48831684
  0.56955743 0.786      0.52508254 0.786      0.5876217  0.6932
  0.6932     0.6932     0.786      0.786      0.6932     0.57587913
  0.786      0.65950173 0.6932     0.68181494 0.52184932 0.44415792
  0.4424756  0.43528655 0.49358572 0.4984423  0.38973159 0.4804043
  0.818      0.70699842 0.71462329 0.71376934]
 [0.6433859  0.48274747 0.32181769 0.4846109  0.50032279 0.48831684
  0.56955743 0.786      0.52508254 0.786      0.5876217  0.6932
  0.6932     0.6932     0.786      0.786      0.6932     0.57587913
  0.786      0.65950173 0.6932     0.68181494 0.52184932 0.44415792
  0.4424756  0.43528655 0.49358572 0.4984423  0.38973159 0.4804043
  0.818      0.70699842 0.71462329 0.71376934]
 [0.6433859  0.48274747 0.32181769 0.4846109  0.50032279 0.48831684
  0.56955743 0.786      0.52508254 0.786      0.5876217  0.6932
  0.6932     0.6932     0.786      0.786      0.6932     0.57587913
  0.786      0.65950173 0.6932     0.68181494 0.52184932 0.44415792
  0.4424756  0.43528655 0.49358572 0.4984423  0.38973159 0.4804043
  0.818      0.70699842 0.71462329 0.71376934]
 [0.6433859  0.48274747 0.32181769 0.4846109  0.50032279 0.48831684
  0.56955743 0.786      0.52508254 0.786      0.5876217  0.6932
  0.6932     0.6932     0.786      0.786      0.6932     0.57587913
  0.786      0.65950173 0.6932     0.68181494 0.52184932 0.44415792
  0.4424756  0.43528655 0.49358572 0.4984423  0.38973159 0.4804043
  0.818      0.70699842 0.71462329 0.71376934]
 [0.818      0.53067843 0.45457662 0.53281369 0.55247277 0.53880525
  0.61235415 0.786      0.58986284 0.786      0.63321536 0.69245168
  0.68523144 0.69083145 0.786      0.786      0.68380333 0.62129944
  0.786      0.6932     0.6932     0.6932     0.75845367 0.67644466
  0.67312117 0.66365291 0.74086749 0.74969639 0.64124948 0.73197737
  0.818      0.722      0.722      0.722     ]
 [0.818      0.53067843 0.45457662 0.53281369 0.55247277 0.53880525
  0.61235415 0.786      0.58986284 0.786      0.63321536 0.69245168
  0.68523144 0.69083145 0.786      0.786      0.68380333 0.62129944
  0.786      0.6932     0.6932     0.6932     0.75845367 0.67644466
  0.67312117 0.66365291 0.74086749 0.74969639 0.64124948 0.73197737
  0.818      0.722      0.722      0.722     ]
 [0.818      0.53067843 0.45457662 0.53281369 0.55247277 0.53880525
  0.61235415 0.786      0.58986284 0.786      0.63321536 0.69245168
  0.68523144 0.69083145 0.786      0.786      0.68380333 0.62129944
  0.786      0.6932     0.6932     0.6932     0.75845367 0.67644466
  0.67312117 0.66365291 0.74086749 0.74969639 0.64124948 0.73197737
  0.818      0.722      0.722      0.722     ]
 [0.818      0.53067843 0.45457662 0.53281369 0.55247277 0.53880525
  0.61235415 0.786      0.58986284 0.786      0.63321536 0.69245168
  0.68523144 0.69083145 0.786      0.786      0.68380333 0.62129944
  0.786      0.6932     0.6932     0.6932     0.75845367 0.67644466
  0.67312117 0.66365291 0.74086749 0.74969639 0.64124948 0.73197737
  0.818      0.722      0.722      0.722     ]
 [0.818      0.53067843 0.45457662 0.53281369 0.55247277 0.53880525
  0.61235415 0.786      0.58986284 0.786      0.63321536 0.69245168
  0.68523144 0.69083145 0.786      0.786      0.68380333 0.62129944
  0.786      0.6932     0.6932     0.6932     0.75845367 0.67644466
  0.67312117 0.66365291 0.74086749 0.74969639 0.64124948 0.73197737
  0.818      0.722      0.722      0.722     ]
 [0.818      0.53067843 0.45457662 0.53281369 0.55247277 0.53880525
  0.61235415 0.786      0.58986284 0.786      0.63321536 0.69245168
  0.68523144 0.69083145 0.786      0.786      0.68380333 0.62129944
  0.786      0.6932     0.6932     0.6932     0.75845367 0.67644466
  0.67312117 0.66365291 0.74086749 0.74969639 0.64124948 0.73197737
  0.818      0.722      0.722      0.722     ]
 [0.818      0.55784272 0.58888817 0.55988388 0.58009009 0.56721166
  0.61738184 0.786      0.62348701 0.786      0.63604565 0.61846545
  0.61212487 0.61703801 0.786      0.786      0.61084716 0.62691849
  0.786      0.6932     0.6932     0.6932     0.786      0.6932
  0.6932     0.6932     0.786      0.786      0.6932     0.786
  0.80552985 0.722      0.722      0.722     ]
 [0.818      0.55784272 0.58888817 0.55988388 0.58009009 0.56721166
  0.61738184 0.786      0.62348701 0.786      0.63604565 0.61846545
  0.61212487 0.61703801 0.786      0.786      0.61084716 0.62691849
  0.786      0.6932     0.6932     0.6932     0.786      0.6932
  0.6932     0.6932     0.786      0.786      0.6932     0.786
  0.80552985 0.722      0.722      0.722     ]
 [0.818      0.55784272 0.58888817 0.55988388 0.58009009 0.56721166
  0.61738184 0.786      0.62348701 0.786      0.63604565 0.61846545
  0.61212487 0.61703801 0.786      0.786      0.61084716 0.62691849
  0.786      0.6932     0.6932     0.6932     0.786      0.6932
  0.6932     0.6932     0.786      0.786      0.6932     0.786
  0.80552985 0.722      0.722      0.722     ]
 [0.818      0.55784272 0.58888817 0.55988388 0.58009009 0.56721166
  0.61738184 0.786      0.62348701 0.786      0.63604565 0.61846545
  0.61212487 0.61703801 0.786      0.786      0.61084716 0.62691849
  0.786      0.6932     0.6932     0.6932     0.786      0.6932
  0.6932     0.6932     0.786      0.786      0.6932     0.786
  0.80552985 0.722      0.722      0.722     ]
 [0.818      0.55784272 0.58888817 0.55988388 0.58009009 0.56721166
  0.61738184 0.786      0.62348701 0.786      0.63604565 0.61846545
  0.61212487 0.61703801 0.786      0.786      0.61084716 0.62691849
  0.786      0.6932     0.6932     0.6932     0.786      0.6932
  0.6932     0.6932     0.786      0.786      0.6932     0.786
  0.80552985 0.722      0.722      0.722     ]
 [0.818      0.55784272 0.58888817 0.55988388 0.58009009 0.56721166
  0.61738184 0.786      0.62348701 0.786      0.63604565 0.61846545
  0.61212487 0.61703801 0.786      0.786      0.61084716 0.62691849
  0.786      0.6932     0.6932     0.6932     0.786      0.6932
  0.6932     0.6932     0.786      0.786      0.6932     0.786
  0.80552985 0.722      0.722      0.722     ]]","[[1. 1. 1. 1. 1. 1. 0. 1. 1. 1. 1. 1. 1. 1. 1. 1. 1. 0. 1. 1. 1. 1. 1. 1.
  1. 1. 1. 1. 1. 1. 1. 1. 1. 1.]
 [1. 1. 1. 1. 1. 1. 0. 1. 1. 1. 1. 1. 1. 1. 1. 1. 1. 0. 1. 1. 1. 1. 1. 1.
  1. 1. 1. 1. 1. 1. 1. 1. 1. 1.]
 [1. 1. 1. 1. 1. 1. 0. 1. 1. 1. 1. 1. 1. 1. 1. 1. 1. 0. 1. 1. 1. 1. 1. 1.
  1. 1. 1. 1. 1. 1. 1. 1. 1. 1.]
 [1. 1. 1. 1. 1. 1. 0. 1. 1. 1. 1. 1. 1. 1. 1. 1. 1. 0. 1. 1. 1. 1. 1. 1.
  1. 1. 1. 1. 1. 1. 1. 1. 1. 1.]
 [1. 1. 1. 1. 1. 1. 1. 1. 1. 1. 1. 1. 1. 1. 1. 1. 1. 1. 1. 1. 1. 1. 1. 1.
  1. 1. 1. 1. 0. 1. 1. 1. 1. 1.]
 [1. 1. 1. 1. 1. 1. 1. 1. 1. 1. 1. 1. 1. 1. 1. 1. 1. 1. 1. 1. 1. 1. 1. 1.
  1. 1. 1. 1. 0. 1. 1. 1. 1. 1.]
 [1. 1. 1. 1. 1. 1. 1. 1. 1. 1. 1. 1. 1. 1. 1. 1. 1. 1. 1. 1. 1. 1. 1. 1.
  1. 1. 1. 1. 0. 1. 1. 1. 1. 1.]
 [1. 1. 1. 1. 1. 1. 1. 1. 1. 1. 1. 1. 1. 1. 1. 1. 1. 1. 1. 1. 1. 1. 1. 1.
  1. 1. 1. 1. 0. 1. 1. 1. 1. 1.]
 [1. 1. 1. 1. 1. 1. 1. 1. 1. 1. 1. 1. 1. 1. 1. 1. 1. 1. 1. 1. 1. 1. 1. 1.
  1. 1. 1. 1. 0. 1. 1. 1. 1. 1.]
 [1. 1. 1. 1. 1. 1. 1. 1. 1. 1. 1. 1. 1. 1. 1. 1. 1. 1. 1. 1. 1. 1. 1. 1.
  1. 1. 1. 1. 0. 1. 1. 1. 1. 1.]
 [1. 1. 1. 1. 1. 1. 1. 1. 1. 1. 1. 1. 1. 1. 1. 1. 1. 1. 1. 1. 1. 1. 1. 1.
  1. 1. 1. 1. 1. 1. 1. 1. 1. 1.]
 [1. 1. 1. 1. 1. 1. 1. 1. 1. 1. 1. 1. 1. 1. 1. 1. 1. 1. 1. 1. 1. 1. 1. 1.
  1. 1. 1. 1. 1. 1. 1. 1. 1. 1.]
 [1. 1. 1. 1. 1. 1. 1. 1. 1. 1. 1. 1. 1. 1. 1. 1. 1. 1. 1. 1. 1. 1. 1. 1.
  1. 1. 1. 1. 1. 1. 1. 1. 1. 1.]
 [1. 1. 1. 1. 1. 1. 1. 1. 1. 1. 1. 1. 1. 1. 1. 1. 1. 1. 1. 1. 1. 1. 1. 1.
  1. 1. 1. 1. 1. 1. 1. 1. 1. 1.]
 [1. 1. 1. 1. 1. 1. 1. 1. 1. 1. 1. 1. 1. 1. 1. 1. 1. 1. 1. 1. 1. 1. 1. 1.
  1. 1. 1. 1. 1. 1. 1. 1. 1. 1.]
 [1. 1. 1. 1. 1. 1. 1. 1. 1. 1. 1. 1. 1. 1. 1. 1. 1. 1. 1. 1. 1. 1. 1. 1.
  1. 1. 1. 1. 1. 1. 1. 1. 1. 1.]
 [1. 1. 0. 1. 1. 1. 1. 1. 1. 1. 1. 1. 1. 1. 1. 1. 1. 1. 1. 1. 1. 1. 0. 1.
  1. 0. 0. 0. 0. 0. 1. 1. 1. 1.]
 [1. 1. 0. 1. 1. 1. 1. 1. 1. 1. 1. 1. 1. 1. 1. 1. 1. 1. 1. 1. 1. 1. 0. 1.
  1. 0. 0. 0. 0. 0. 1. 1. 1. 1.]
 [1. 1. 0. 1. 1. 1. 1. 1. 1. 1. 1. 1. 1. 1. 1. 1. 1. 1. 1. 1. 1. 1. 0. 1.
  1. 0. 0. 0. 0. 0. 1. 1. 1. 1.]
 [1. 1. 0. 1. 1. 1. 1. 1. 1. 1. 1. 1. 1. 1. 1. 1. 1. 1. 1. 1. 1. 1. 0. 1.
  1. 0. 0. 0. 0. 0. 1. 1. 1. 1.]
 [1. 1. 0. 1. 1. 1. 1. 1. 1. 1. 1. 1. 1. 1. 1. 1. 1. 1. 1. 1. 1. 1. 0. 1.
  1. 0. 0. 0. 0. 0. 1. 1. 1. 1.]
 [1. 1. 0. 1. 1. 1. 1. 1. 1. 1. 1. 1. 1. 1. 1. 1. 1. 1. 1. 1. 1. 1. 0. 1.
  1. 0. 0. 0. 0. 0. 1. 1. 1. 1.]
 [1. 1. 1. 1. 1. 1. 1. 1. 1. 1. 1. 1. 1. 1. 1. 1. 1. 1. 1. 1. 1. 1. 1. 1.
  1. 1. 1. 1. 1. 1. 1. 1. 1. 1.]
 [1. 1. 1. 1. 1. 1. 1. 1. 1. 1. 1. 1. 1. 1. 1. 1. 1. 1. 1. 1. 1. 1. 1. 1.
  1. 1. 1. 1. 1. 1. 1. 1. 1. 1.]
 [1. 1. 1. 1. 1. 1. 1. 1. 1. 1. 1. 1. 1. 1. 1. 1. 1. 1. 1. 1. 1. 1. 1. 1.
  1. 1. 1. 1. 1. 1. 1. 1. 1. 1.]
 [1. 1. 1. 1. 1. 1. 1. 1. 1. 1. 1. 1. 1. 1. 1. 1. 1. 1. 1. 1. 1. 1. 1. 1.
  1. 1. 1. 1. 1. 1. 1. 1. 1. 1.]
 [1. 1. 1. 1. 1. 1. 1. 1. 1. 1. 1. 1. 1. 1. 1. 1. 1. 1. 1. 1. 1. 1. 1. 1.
  1. 1. 1. 1. 1. 1. 1. 1. 1. 1.]
 [1. 1. 1. 1. 1. 1. 1. 1. 1. 1. 1. 1. 1. 1. 1. 1. 1. 1. 1. 1. 1. 1. 1. 1.
  1. 1. 1. 1. 1. 1. 1. 1. 1. 1.]
 [1. 1. 1. 1. 1. 1. 1. 1. 1. 1. 1. 1. 1. 1. 1. 1. 1. 1. 1. 1. 1. 1. 1. 1.
  1. 1. 1. 1. 1. 1. 1. 1. 1. 1.]
 [1. 1. 1. 1. 1. 1. 1. 1. 1. 1. 1. 1. 1. 1. 1. 1. 1. 1. 1. 1. 1. 1. 1. 1.
  1. 1. 1. 1. 1. 1. 1. 1. 1. 1.]
 [1. 1. 1. 1. 1. 1. 1. 1. 1. 1. 1. 1. 1. 1. 1. 1. 1. 1. 1. 1. 1. 1. 1. 1.
  1. 1. 1. 1. 1. 1. 1. 1. 1. 1.]
 [1. 1. 1. 1. 1. 1. 1. 1. 1. 1. 1. 1. 1. 1. 1. 1. 1. 1. 1. 1. 1. 1. 1. 1.
  1. 1. 1. 1. 1. 1. 1. 1. 1. 1.]
 [1. 1. 1. 1. 1. 1. 1. 1. 1. 1. 1. 1. 1. 1. 1. 1. 1. 1. 1. 1. 1. 1. 1. 1.
  1. 1. 1. 1. 1. 1. 1. 1. 1. 1.]
 [1. 1. 1. 1. 1. 1. 1. 1. 1. 1. 1. 1. 1. 1. 1. 1. 1. 1. 1. 1. 1. 1. 1. 1.
  1. 1. 1. 1. 1. 1. 1. 1. 1. 1.]]","[[0.         0.69722469 0.        ]
 [0.         0.         1.        ]
 [0.         0.         1.        ]
 [0.         0.         1.        ]
 [0.         0.         1.        ]
 [0.         0.         1.        ]
 [0.         1.         0.        ]
 [0.83629452 0.         0.        ]
 [0.         1.         0.        ]
 [0.83629452 0.         0.        ]
 [0.         1.         0.        ]
 [0.         1.         0.        ]
 [0.         1.         0.        ]
 [0.         1.         0.        ]
 [0.         0.         0.83629452]
 [0.         0.         0.83629452]
 [0.         1.         0.        ]
 [0.         1.         0.        ]
 [0.83629452 0.         0.        ]
 [0.         1.         0.        ]
 [1.         0.         0.        ]
 [0.         1.         0.        ]
 [0.         0.         0.83629452]
 [0.         0.         1.        ]
 [0.         0.         1.        ]
 [0.         0.         1.        ]
 [0.         0.         0.83629452]
 [0.         0.         0.83629452]
 [0.         0.         1.        ]
 [0.         0.         0.83629452]
 [0.         1.         0.        ]
 [0.         0.23182635 0.        ]
 [0.         0.23182635 0.        ]
 [0.         0.23182635 0.        ]]",[[80 85 90]],0.7198,3.889425039291382
38,37,"[[0.15914576 0.36197662 0.18509175 0.18535611 0.36197503 0.35946417
  0.35946388 0.35946413 0.18536471 0.18527057 0.35946379 0.36198434
  0.18538334 0.36206757 0.35946713 0.36217422 0.1837961  0.35701672
  0.35701697 0.35701839 0.1837961  0.1837961  0.35702282 0.1837961
  0.1837961  0.1837961  1.         1.         1.         1.
  1.         0.30498435 0.31535168 0.31567599 0.3097926  0.165949
  0.16709515]]","[[0.768      0.6432     0.736      0.736      0.6432     0.6432
  0.6432     0.6432     0.736      0.736      0.6432     0.6432
  0.736      0.6432     0.6432     0.6432     0.736      0.6432
  0.6432     0.6432     0.736      0.736      0.6432     0.736
  0.736      0.736      0.768      0.768      0.768      0.768
  0.768      0.672      0.672      0.672      0.768      0.768
  0.768     ]
 [0.768      0.6432     0.736      0.736      0.6432     0.6432
  0.6432     0.6432     0.736      0.736      0.6432     0.6432
  0.736      0.6432     0.6432     0.6432     0.736      0.6432
  0.6432     0.6432     0.736      0.736      0.6432     0.736
  0.736      0.736      0.768      0.768      0.768      0.768
  0.768      0.672      0.672      0.672      0.768      0.768
  0.768     ]
 [0.768      0.6432     0.736      0.736      0.6432     0.6432
  0.6432     0.6432     0.736      0.736      0.6432     0.6432
  0.736      0.6432     0.6432     0.6432     0.736      0.6432
  0.6432     0.6432     0.736      0.736      0.6432     0.736
  0.736      0.736      0.768      0.768      0.768      0.768
  0.768      0.672      0.672      0.672      0.768      0.768
  0.768     ]
 [0.768      0.6432     0.736      0.736      0.6432     0.6432
  0.6432     0.6432     0.736      0.736      0.6432     0.6432
  0.736      0.6432     0.6432     0.6432     0.736      0.6432
  0.6432     0.6432     0.736      0.736      0.6432     0.736
  0.736      0.736      0.768      0.768      0.768      0.768
  0.768      0.672      0.672      0.672      0.768      0.768
  0.768     ]
 [0.768      0.6432     0.736      0.736      0.6432     0.6432
  0.6432     0.6432     0.736      0.736      0.6432     0.6432
  0.736      0.6432     0.6432     0.6432     0.736      0.6432
  0.6432     0.6432     0.736      0.736      0.6432     0.736
  0.736      0.736      0.768      0.768      0.768      0.768
  0.768      0.672      0.672      0.672      0.768      0.768
  0.768     ]
 [0.768      0.6432     0.736      0.736      0.6432     0.6432
  0.6432     0.6432     0.736      0.736      0.6432     0.6432
  0.736      0.6432     0.6432     0.6432     0.736      0.6432
  0.6432     0.6432     0.736      0.736      0.6432     0.736
  0.736      0.736      0.768      0.768      0.768      0.768
  0.768      0.672      0.672      0.672      0.768      0.768
  0.768     ]
 [0.768      0.6432     0.736      0.736      0.6432     0.6432
  0.6432     0.6432     0.736      0.736      0.6432     0.6432
  0.736      0.6432     0.6432     0.6432     0.736      0.6432
  0.6432     0.6432     0.736      0.736      0.6432     0.736
  0.736      0.736      0.768      0.768      0.768      0.768
  0.768      0.672      0.672      0.672      0.768      0.768
  0.768     ]
 [0.768      0.6432     0.736      0.736      0.6432     0.6432
  0.6432     0.6432     0.736      0.736      0.6432     0.6432
  0.736      0.6432     0.6432     0.6432     0.736      0.6432
  0.6432     0.6432     0.736      0.736      0.6432     0.736
  0.736      0.736      0.768      0.768      0.768      0.768
  0.768      0.672      0.672      0.672      0.768      0.768
  0.768     ]
 [0.51176158 0.65887635 0.786      0.786      0.67723772 0.6932
  0.6932     0.6932     0.786      0.786      0.6932     0.66704226
  0.786      0.6932     0.6932     0.6932     0.65188635 0.58119534
  0.58042802 0.57585368 0.61414842 0.60315613 0.50987885 0.58405726
  0.463171   0.4694371  0.818      0.818      0.818      0.818
  0.818      0.722      0.722      0.722      0.80900975 0.818
  0.818     ]
 [0.51176158 0.65887635 0.786      0.786      0.67723772 0.6932
  0.6932     0.6932     0.786      0.786      0.6932     0.66704226
  0.786      0.6932     0.6932     0.6932     0.65188635 0.58119534
  0.58042802 0.57585368 0.61414842 0.60315613 0.50987885 0.58405726
  0.463171   0.4694371  0.818      0.818      0.818      0.818
  0.818      0.722      0.722      0.722      0.80900975 0.818
  0.818     ]
 [0.51176158 0.65887635 0.786      0.786      0.67723772 0.6932
  0.6932     0.6932     0.786      0.786      0.6932     0.66704226
  0.786      0.6932     0.6932     0.6932     0.65188635 0.58119534
  0.58042802 0.57585368 0.61414842 0.60315613 0.50987885 0.58405726
  0.463171   0.4694371  0.818      0.818      0.818      0.818
  0.818      0.722      0.722      0.722      0.80900975 0.818
  0.818     ]
 [0.51176158 0.65887635 0.786      0.786      0.67723772 0.6932
  0.6932     0.6932     0.786      0.786      0.6932     0.66704226
  0.786      0.6932     0.6932     0.6932     0.65188635 0.58119534
  0.58042802 0.57585368 0.61414842 0.60315613 0.50987885 0.58405726
  0.463171   0.4694371  0.818      0.818      0.818      0.818
  0.818      0.722      0.722      0.722      0.80900975 0.818
  0.818     ]
 [0.51176158 0.65887635 0.786      0.786      0.67723772 0.6932
  0.6932     0.6932     0.786      0.786      0.6932     0.66704226
  0.786      0.6932     0.6932     0.6932     0.65188635 0.58119534
  0.58042802 0.57585368 0.61414842 0.60315613 0.50987885 0.58405726
  0.463171   0.4694371  0.818      0.818      0.818      0.818
  0.818      0.722      0.722      0.722      0.80900975 0.818
  0.818     ]
 [0.51176158 0.65887635 0.786      0.786      0.67723772 0.6932
  0.6932     0.6932     0.786      0.786      0.6932     0.66704226
  0.786      0.6932     0.6932     0.6932     0.65188635 0.58119534
  0.58042802 0.57585368 0.61414842 0.60315613 0.50987885 0.58405726
  0.463171   0.4694371  0.818      0.818      0.818      0.818
  0.818      0.722      0.722      0.722      0.80900975 0.818
  0.818     ]
 [0.7467794  0.6662948  0.786      0.786      0.68642307 0.67768039
  0.67133718 0.67625582 0.786      0.786      0.6700709  0.67555578
  0.786      0.6932     0.6932     0.6932     0.786      0.6932
  0.6932     0.6932     0.786      0.786      0.6932     0.786
  0.71306903 0.72063954 0.818      0.7763498  0.78008159 0.78919246
  0.7709     0.722      0.722      0.722      0.75973237 0.818
  0.78302092]
 [0.7467794  0.6662948  0.786      0.786      0.68642307 0.67768039
  0.67133718 0.67625582 0.786      0.786      0.6700709  0.67555578
  0.786      0.6932     0.6932     0.6932     0.786      0.6932
  0.6932     0.6932     0.786      0.786      0.6932     0.786
  0.71306903 0.72063954 0.818      0.7763498  0.78008159 0.78919246
  0.7709     0.722      0.722      0.722      0.75973237 0.818
  0.78302092]
 [0.7467794  0.6662948  0.786      0.786      0.68642307 0.67768039
  0.67133718 0.67625582 0.786      0.786      0.6700709  0.67555578
  0.786      0.6932     0.6932     0.6932     0.786      0.6932
  0.6932     0.6932     0.786      0.786      0.6932     0.786
  0.71306903 0.72063954 0.818      0.7763498  0.78008159 0.78919246
  0.7709     0.722      0.722      0.722      0.75973237 0.818
  0.78302092]
 [0.7467794  0.6662948  0.786      0.786      0.68642307 0.67768039
  0.67133718 0.67625582 0.786      0.786      0.6700709  0.67555578
  0.786      0.6932     0.6932     0.6932     0.786      0.6932
  0.6932     0.6932     0.786      0.786      0.6932     0.786
  0.71306903 0.72063954 0.818      0.7763498  0.78008159 0.78919246
  0.7709     0.722      0.722      0.722      0.75973237 0.818
  0.78302092]
 [0.7467794  0.6662948  0.786      0.786      0.68642307 0.67768039
  0.67133718 0.67625582 0.786      0.786      0.6700709  0.67555578
  0.786      0.6932     0.6932     0.6932     0.786      0.6932
  0.6932     0.6932     0.786      0.786      0.6932     0.786
  0.71306903 0.72063954 0.818      0.7763498  0.78008159 0.78919246
  0.7709     0.722      0.722      0.722      0.75973237 0.818
  0.78302092]
 [0.7467794  0.6662948  0.786      0.786      0.68642307 0.67768039
  0.67133718 0.67625582 0.786      0.786      0.6700709  0.67555578
  0.786      0.6932     0.6932     0.6932     0.786      0.6932
  0.6932     0.6932     0.786      0.786      0.6932     0.786
  0.71306903 0.72063954 0.818      0.7763498  0.78008159 0.78919246
  0.7709     0.722      0.722      0.722      0.75973237 0.818
  0.78302092]
 [0.54268947 0.34932308 0.63524419 0.67757029 0.36817062 0.4750205
  0.46834085 0.47352639 0.6837081  0.66867317 0.46702962 0.35771792
  0.68168621 0.4584507  0.57552025 0.48978123 0.50089984 0.40055182
  0.39615238 0.38682888 0.50377223 0.52682609 0.42549043 0.51697447
  0.4777377  0.48130591 0.818      0.818      0.818      0.818
  0.818      0.63004269 0.69084096 0.69382368 0.818      0.818
  0.818     ]
 [0.54268947 0.34932308 0.63524419 0.67757029 0.36817062 0.4750205
  0.46834085 0.47352639 0.6837081  0.66867317 0.46702962 0.35771792
  0.68168621 0.4584507  0.57552025 0.48978123 0.50089984 0.40055182
  0.39615238 0.38682888 0.50377223 0.52682609 0.42549043 0.51697447
  0.4777377  0.48130591 0.818      0.818      0.818      0.818
  0.818      0.63004269 0.69084096 0.69382368 0.818      0.818
  0.818     ]
 [0.54268947 0.34932308 0.63524419 0.67757029 0.36817062 0.4750205
  0.46834085 0.47352639 0.6837081  0.66867317 0.46702962 0.35771792
  0.68168621 0.4584507  0.57552025 0.48978123 0.50089984 0.40055182
  0.39615238 0.38682888 0.50377223 0.52682609 0.42549043 0.51697447
  0.4777377  0.48130591 0.818      0.818      0.818      0.818
  0.818      0.63004269 0.69084096 0.69382368 0.818      0.818
  0.818     ]
 [0.54268947 0.34932308 0.63524419 0.67757029 0.36817062 0.4750205
  0.46834085 0.47352639 0.6837081  0.66867317 0.46702962 0.35771792
  0.68168621 0.4584507  0.57552025 0.48978123 0.50089984 0.40055182
  0.39615238 0.38682888 0.50377223 0.52682609 0.42549043 0.51697447
  0.4777377  0.48130591 0.818      0.818      0.818      0.818
  0.818      0.63004269 0.69084096 0.69382368 0.818      0.818
  0.818     ]
 [0.54268947 0.34932308 0.63524419 0.67757029 0.36817062 0.4750205
  0.46834085 0.47352639 0.6837081  0.66867317 0.46702962 0.35771792
  0.68168621 0.4584507  0.57552025 0.48978123 0.50089984 0.40055182
  0.39615238 0.38682888 0.50377223 0.52682609 0.42549043 0.51697447
  0.4777377  0.48130591 0.818      0.818      0.818      0.818
  0.818      0.63004269 0.69084096 0.69382368 0.818      0.818
  0.818     ]
 [0.54268947 0.34932308 0.63524419 0.67757029 0.36817062 0.4750205
  0.46834085 0.47352639 0.6837081  0.66867317 0.46702962 0.35771792
  0.68168621 0.4584507  0.57552025 0.48978123 0.50089984 0.40055182
  0.39615238 0.38682888 0.50377223 0.52682609 0.42549043 0.51697447
  0.4777377  0.48130591 0.818      0.818      0.818      0.818
  0.818      0.63004269 0.69084096 0.69382368 0.818      0.818
  0.818     ]
 [0.79431849 0.35855142 0.64020213 0.69028546 0.37917902 0.43688286
  0.42969222 0.43527003 0.69135413 0.6748279  0.42827278 0.36788696
  0.69593341 0.48145208 0.5460235  0.51838985 0.69239139 0.57264948
  0.56604139 0.55412388 0.71819344 0.75534785 0.65114314 0.74972414
  0.72913991 0.73255124 0.818      0.818      0.818      0.818
  0.818      0.722      0.722      0.722      0.818      0.818
  0.818     ]
 [0.79431849 0.35855142 0.64020213 0.69028546 0.37917902 0.43688286
  0.42969222 0.43527003 0.69135413 0.6748279  0.42827278 0.36788696
  0.69593341 0.48145208 0.5460235  0.51838985 0.69239139 0.57264948
  0.56604139 0.55412388 0.71819344 0.75534785 0.65114314 0.74972414
  0.72913991 0.73255124 0.818      0.818      0.818      0.818
  0.818      0.722      0.722      0.722      0.818      0.818
  0.818     ]
 [0.79431849 0.35855142 0.64020213 0.69028546 0.37917902 0.43688286
  0.42969222 0.43527003 0.69135413 0.6748279  0.42827278 0.36788696
  0.69593341 0.48145208 0.5460235  0.51838985 0.69239139 0.57264948
  0.56604139 0.55412388 0.71819344 0.75534785 0.65114314 0.74972414
  0.72913991 0.73255124 0.818      0.818      0.818      0.818
  0.818      0.722      0.722      0.722      0.818      0.818
  0.818     ]
 [0.79431849 0.35855142 0.64020213 0.69028546 0.37917902 0.43688286
  0.42969222 0.43527003 0.69135413 0.6748279  0.42827278 0.36788696
  0.69593341 0.48145208 0.5460235  0.51838985 0.69239139 0.57264948
  0.56604139 0.55412388 0.71819344 0.75534785 0.65114314 0.74972414
  0.72913991 0.73255124 0.818      0.818      0.818      0.818
  0.818      0.722      0.722      0.722      0.818      0.818
  0.818     ]
 [0.79431849 0.35855142 0.64020213 0.69028546 0.37917902 0.43688286
  0.42969222 0.43527003 0.69135413 0.6748279  0.42827278 0.36788696
  0.69593341 0.48145208 0.5460235  0.51838985 0.69239139 0.57264948
  0.56604139 0.55412388 0.71819344 0.75534785 0.65114314 0.74972414
  0.72913991 0.73255124 0.818      0.818      0.818      0.818
  0.818      0.722      0.722      0.722      0.818      0.818
  0.818     ]
 [0.79431849 0.35855142 0.64020213 0.69028546 0.37917902 0.43688286
  0.42969222 0.43527003 0.69135413 0.6748279  0.42827278 0.36788696
  0.69593341 0.48145208 0.5460235  0.51838985 0.69239139 0.57264948
  0.56604139 0.55412388 0.71819344 0.75534785 0.65114314 0.74972414
  0.72913991 0.73255124 0.818      0.818      0.818      0.818
  0.818      0.722      0.722      0.722      0.818      0.818
  0.818     ]
 [0.818      0.36998589 0.62084159 0.66844382 0.39010857 0.39364723
  0.38687539 0.39212613 0.66437818 0.64990604 0.3855297  0.37924234
  0.67434028 0.49098583 0.49462571 0.52766659 0.786      0.6932
  0.6932     0.6932     0.786      0.786      0.6932     0.786
  0.786      0.786      0.77077405 0.78359098 0.78561065 0.7928037
  0.81551416 0.722      0.722      0.722      0.818      0.818
  0.818     ]
 [0.818      0.36998589 0.62084159 0.66844382 0.39010857 0.39364723
  0.38687539 0.39212613 0.66437818 0.64990604 0.3855297  0.37924234
  0.67434028 0.49098583 0.49462571 0.52766659 0.786      0.6932
  0.6932     0.6932     0.786      0.786      0.6932     0.786
  0.786      0.786      0.77077405 0.78359098 0.78561065 0.7928037
  0.81551416 0.722      0.722      0.722      0.818      0.818
  0.818     ]
 [0.818      0.36998589 0.62084159 0.66844382 0.39010857 0.39364723
  0.38687539 0.39212613 0.66437818 0.64990604 0.3855297  0.37924234
  0.67434028 0.49098583 0.49462571 0.52766659 0.786      0.6932
  0.6932     0.6932     0.786      0.786      0.6932     0.786
  0.786      0.786      0.77077405 0.78359098 0.78561065 0.7928037
  0.81551416 0.722      0.722      0.722      0.818      0.818
  0.818     ]
 [0.818      0.36998589 0.62084159 0.66844382 0.39010857 0.39364723
  0.38687539 0.39212613 0.66437818 0.64990604 0.3855297  0.37924234
  0.67434028 0.49098583 0.49462571 0.52766659 0.786      0.6932
  0.6932     0.6932     0.786      0.786      0.6932     0.786
  0.786      0.786      0.77077405 0.78359098 0.78561065 0.7928037
  0.81551416 0.722      0.722      0.722      0.818      0.818
  0.818     ]
 [0.818      0.36998589 0.62084159 0.66844382 0.39010857 0.39364723
  0.38687539 0.39212613 0.66437818 0.64990604 0.3855297  0.37924234
  0.67434028 0.49098583 0.49462571 0.52766659 0.786      0.6932
  0.6932     0.6932     0.786      0.786      0.6932     0.786
  0.786      0.786      0.77077405 0.78359098 0.78561065 0.7928037
  0.81551416 0.722      0.722      0.722      0.818      0.818
  0.818     ]
 [0.818      0.36998589 0.62084159 0.66844382 0.39010857 0.39364723
  0.38687539 0.39212613 0.66437818 0.64990604 0.3855297  0.37924234
  0.67434028 0.49098583 0.49462571 0.52766659 0.786      0.6932
  0.6932     0.6932     0.786      0.786      0.6932     0.786
  0.786      0.786      0.77077405 0.78359098 0.78561065 0.7928037
  0.81551416 0.722      0.722      0.722      0.818      0.818
  0.818     ]]","[[1. 1. 1. 1. 1. 1. 1. 1. 1. 1. 1. 1. 1. 1. 1. 1. 1. 1. 1. 1. 1. 1. 1. 1.
  1. 1. 1. 1. 1. 1. 1. 1. 1. 1. 1. 1. 1.]
 [1. 1. 1. 1. 1. 1. 1. 1. 1. 1. 1. 1. 1. 1. 1. 1. 1. 1. 1. 1. 1. 1. 1. 1.
  1. 1. 1. 1. 1. 1. 1. 1. 1. 1. 1. 1. 1.]
 [1. 1. 1. 1. 1. 1. 1. 1. 1. 1. 1. 1. 1. 1. 1. 1. 1. 1. 1. 1. 1. 1. 1. 1.
  1. 1. 1. 1. 1. 1. 1. 1. 1. 1. 1. 1. 1.]
 [1. 1. 1. 1. 1. 1. 1. 1. 1. 1. 1. 1. 1. 1. 1. 1. 1. 1. 1. 1. 1. 1. 1. 1.
  1. 1. 1. 1. 1. 1. 1. 1. 1. 1. 1. 1. 1.]
 [1. 1. 1. 1. 0. 1. 1. 1. 1. 1. 1. 1. 1. 1. 1. 1. 1. 1. 1. 1. 1. 1. 1. 1.
  1. 1. 1. 1. 1. 1. 1. 1. 1. 1. 1. 1. 1.]
 [1. 1. 1. 1. 0. 1. 1. 1. 1. 1. 1. 1. 1. 1. 1. 1. 1. 1. 1. 1. 1. 1. 1. 1.
  1. 1. 1. 1. 1. 1. 1. 1. 1. 1. 1. 1. 1.]
 [1. 1. 1. 1. 0. 1. 1. 1. 1. 1. 1. 1. 1. 1. 1. 1. 1. 1. 1. 1. 1. 1. 1. 1.
  1. 1. 1. 1. 1. 1. 1. 1. 1. 1. 1. 1. 1.]
 [1. 1. 1. 1. 0. 1. 1. 1. 1. 1. 1. 1. 1. 1. 1. 1. 1. 1. 1. 1. 1. 1. 1. 1.
  1. 1. 1. 1. 1. 1. 1. 1. 1. 1. 1. 1. 1.]
 [1. 1. 1. 1. 1. 1. 1. 1. 1. 1. 1. 1. 1. 1. 1. 1. 1. 1. 1. 1. 1. 1. 1. 1.
  1. 1. 1. 1. 1. 1. 1. 1. 1. 1. 1. 1. 1.]
 [1. 1. 1. 1. 1. 1. 1. 1. 1. 1. 1. 1. 1. 1. 1. 1. 1. 1. 1. 1. 1. 1. 1. 1.
  1. 1. 1. 1. 1. 1. 1. 1. 1. 1. 1. 1. 1.]
 [1. 1. 1. 1. 1. 1. 1. 1. 1. 1. 1. 1. 1. 1. 1. 1. 1. 1. 1. 1. 1. 1. 1. 1.
  1. 1. 1. 1. 1. 1. 1. 1. 1. 1. 1. 1. 1.]
 [1. 1. 1. 1. 1. 1. 1. 1. 1. 1. 1. 1. 1. 1. 1. 1. 1. 1. 1. 1. 1. 1. 1. 1.
  1. 1. 1. 1. 1. 1. 1. 1. 1. 1. 1. 1. 1.]
 [1. 1. 1. 1. 1. 1. 1. 1. 1. 1. 1. 1. 1. 1. 1. 1. 1. 1. 1. 1. 1. 1. 1. 1.
  1. 1. 1. 1. 1. 1. 1. 1. 1. 1. 1. 1. 1.]
 [1. 1. 1. 1. 1. 1. 1. 1. 1. 1. 1. 1. 1. 1. 1. 1. 1. 1. 1. 1. 1. 1. 1. 1.
  1. 1. 1. 1. 1. 1. 1. 1. 1. 1. 1. 1. 1.]
 [1. 1. 1. 1. 1. 1. 1. 1. 1. 1. 1. 1. 1. 1. 1. 1. 1. 1. 1. 1. 1. 1. 1. 1.
  1. 1. 1. 1. 1. 1. 1. 1. 1. 1. 1. 1. 1.]
 [1. 1. 1. 1. 1. 1. 1. 1. 1. 1. 1. 1. 1. 1. 1. 1. 1. 1. 1. 1. 1. 1. 1. 1.
  1. 1. 1. 1. 1. 1. 1. 1. 1. 1. 1. 1. 1.]
 [1. 1. 1. 1. 1. 1. 1. 1. 1. 1. 1. 1. 1. 1. 1. 1. 1. 1. 1. 1. 1. 1. 1. 1.
  1. 1. 1. 1. 1. 1. 1. 1. 1. 1. 1. 1. 1.]
 [1. 1. 1. 1. 1. 1. 1. 1. 1. 1. 1. 1. 1. 1. 1. 1. 1. 1. 1. 1. 1. 1. 1. 1.
  1. 1. 1. 1. 1. 1. 1. 1. 1. 1. 1. 1. 1.]
 [1. 1. 1. 1. 1. 1. 1. 1. 1. 1. 1. 1. 1. 1. 1. 1. 1. 1. 1. 1. 1. 1. 1. 1.
  1. 1. 1. 1. 1. 1. 1. 1. 1. 1. 1. 1. 1.]
 [1. 1. 1. 1. 1. 1. 1. 1. 1. 1. 1. 1. 1. 1. 1. 1. 1. 1. 1. 1. 1. 1. 1. 1.
  1. 1. 1. 1. 1. 1. 1. 1. 1. 1. 1. 1. 1.]
 [1. 0. 1. 1. 0. 1. 1. 1. 1. 1. 1. 0. 1. 1. 1. 1. 0. 1. 0. 0. 0. 0. 0. 0.
  0. 0. 1. 0. 0. 1. 1. 1. 1. 1. 1. 1. 1.]
 [1. 0. 1. 1. 0. 1. 1. 1. 1. 1. 1. 0. 1. 1. 1. 1. 0. 1. 0. 0. 0. 0. 0. 0.
  0. 0. 1. 0. 0. 1. 1. 1. 1. 1. 1. 1. 1.]
 [1. 0. 1. 1. 0. 1. 1. 1. 1. 1. 1. 0. 1. 1. 1. 1. 0. 1. 0. 0. 0. 0. 0. 0.
  0. 0. 1. 0. 0. 1. 1. 1. 1. 1. 1. 1. 1.]
 [1. 0. 1. 1. 0. 1. 1. 1. 1. 1. 1. 0. 1. 1. 1. 1. 0. 1. 0. 0. 0. 0. 0. 0.
  0. 0. 1. 0. 0. 1. 1. 1. 1. 1. 1. 1. 1.]
 [1. 0. 1. 1. 0. 1. 1. 1. 1. 1. 1. 0. 1. 1. 1. 1. 0. 1. 0. 0. 0. 0. 0. 0.
  0. 0. 1. 0. 0. 1. 1. 1. 1. 1. 1. 1. 1.]
 [1. 0. 1. 1. 0. 1. 1. 1. 1. 1. 1. 0. 1. 1. 1. 1. 0. 1. 0. 0. 0. 0. 0. 0.
  0. 0. 1. 0. 0. 1. 1. 1. 1. 1. 1. 1. 1.]
 [1. 0. 1. 1. 0. 1. 1. 1. 1. 1. 1. 0. 1. 1. 1. 1. 1. 1. 1. 1. 1. 1. 1. 1.
  1. 1. 1. 1. 1. 1. 1. 1. 1. 1. 1. 1. 1.]
 [1. 0. 1. 1. 0. 1. 1. 1. 1. 1. 1. 0. 1. 1. 1. 1. 1. 1. 1. 1. 1. 1. 1. 1.
  1. 1. 1. 1. 1. 1. 1. 1. 1. 1. 1. 1. 1.]
 [1. 0. 1. 1. 0. 1. 1. 1. 1. 1. 1. 0. 1. 1. 1. 1. 1. 1. 1. 1. 1. 1. 1. 1.
  1. 1. 1. 1. 1. 1. 1. 1. 1. 1. 1. 1. 1.]
 [1. 0. 1. 1. 0. 1. 1. 1. 1. 1. 1. 0. 1. 1. 1. 1. 1. 1. 1. 1. 1. 1. 1. 1.
  1. 1. 1. 1. 1. 1. 1. 1. 1. 1. 1. 1. 1.]
 [1. 0. 1. 1. 0. 1. 1. 1. 1. 1. 1. 0. 1. 1. 1. 1. 1. 1. 1. 1. 1. 1. 1. 1.
  1. 1. 1. 1. 1. 1. 1. 1. 1. 1. 1. 1. 1.]
 [1. 0. 1. 1. 0. 1. 1. 1. 1. 1. 1. 0. 1. 1. 1. 1. 1. 1. 1. 1. 1. 1. 1. 1.
  1. 1. 1. 1. 1. 1. 1. 1. 1. 1. 1. 1. 1.]
 [1. 0. 1. 1. 0. 0. 0. 0. 1. 1. 0. 0. 1. 1. 1. 1. 1. 1. 1. 1. 1. 1. 1. 1.
  1. 1. 1. 1. 1. 1. 1. 1. 1. 1. 1. 1. 1.]
 [1. 0. 1. 1. 0. 0. 0. 0. 1. 1. 0. 0. 1. 1. 1. 1. 1. 1. 1. 1. 1. 1. 1. 1.
  1. 1. 1. 1. 1. 1. 1. 1. 1. 1. 1. 1. 1.]
 [1. 0. 1. 1. 0. 0. 0. 0. 1. 1. 0. 0. 1. 1. 1. 1. 1. 1. 1. 1. 1. 1. 1. 1.
  1. 1. 1. 1. 1. 1. 1. 1. 1. 1. 1. 1. 1.]
 [1. 0. 1. 1. 0. 0. 0. 0. 1. 1. 0. 0. 1. 1. 1. 1. 1. 1. 1. 1. 1. 1. 1. 1.
  1. 1. 1. 1. 1. 1. 1. 1. 1. 1. 1. 1. 1.]
 [1. 0. 1. 1. 0. 0. 0. 0. 1. 1. 0. 0. 1. 1. 1. 1. 1. 1. 1. 1. 1. 1. 1. 1.
  1. 1. 1. 1. 1. 1. 1. 1. 1. 1. 1. 1. 1.]
 [1. 0. 1. 1. 0. 0. 0. 0. 1. 1. 0. 0. 1. 1. 1. 1. 1. 1. 1. 1. 1. 1. 1. 1.
  1. 1. 1. 1. 1. 1. 1. 1. 1. 1. 1. 1. 1.]]","[[0.         0.69722469 0.        ]
 [0.         1.         0.        ]
 [0.83629452 0.         0.        ]
 [0.83629452 0.         0.        ]
 [0.         1.         0.        ]
 [1.         0.         0.        ]
 [1.         0.         0.        ]
 [1.         0.         0.        ]
 [0.83629452 0.         0.        ]
 [0.83629452 0.         0.        ]
 [1.         0.         0.        ]
 [0.         1.         0.        ]
 [0.83629452 0.         0.        ]
 [0.         1.         0.        ]
 [1.         0.         0.        ]
 [0.         1.         0.        ]
 [0.         0.         0.83629452]
 [0.         0.         1.        ]
 [0.         0.         1.        ]
 [0.         0.         1.        ]
 [0.         0.         0.83629452]
 [0.         0.         0.83629452]
 [0.         0.         1.        ]
 [0.         0.         0.83629452]
 [0.         0.         0.83629452]
 [0.         0.         0.83629452]
 [1.         0.         0.        ]
 [1.         0.         0.        ]
 [1.         0.         0.        ]
 [1.         0.         0.        ]
 [0.         1.         0.        ]
 [0.         0.23182635 0.        ]
 [0.         0.23182635 0.        ]
 [0.         0.23182635 0.        ]
 [0.         0.61488563 0.        ]
 [0.61488563 0.         0.        ]
 [0.61488563 0.         0.        ]]",[[80 85 90]],0.7541,4.677550315856934
39,33,"[[0.18484418 0.18484418 0.18484418 0.18484418 0.1837961  0.35701848
  0.35701877 0.35702015 0.1837961  0.1837961  0.35702027 0.1837961
  0.1837961  0.1837961  0.1837961  0.1837961  0.1837961  0.1837961
  1.         1.         1.         1.         1.         0.30716224
  0.34194614 0.34194614 1.         0.3097926  0.30979339 0.16352157
  0.15945128 0.16829014 0.15991479]]","[[0.736      0.736      0.736      0.736      0.736      0.6432
  0.6432     0.6432     0.736      0.736      0.6432     0.736
  0.736      0.736      0.736      0.736      0.736      0.736
  0.768      0.768      0.768      0.768      0.768      0.672
  0.672      0.672      0.768      0.768      0.768      0.768
  0.768      0.768      0.768     ]
 [0.736      0.736      0.736      0.736      0.736      0.6432
  0.6432     0.6432     0.736      0.736      0.6432     0.736
  0.736      0.736      0.736      0.736      0.736      0.736
  0.768      0.768      0.768      0.768      0.768      0.672
  0.672      0.672      0.768      0.768      0.768      0.768
  0.768      0.768      0.768     ]
 [0.736      0.736      0.736      0.736      0.736      0.6432
  0.6432     0.6432     0.736      0.736      0.6432     0.736
  0.736      0.736      0.736      0.736      0.736      0.736
  0.768      0.768      0.768      0.768      0.768      0.672
  0.672      0.672      0.768      0.768      0.768      0.768
  0.768      0.768      0.768     ]
 [0.736      0.736      0.736      0.736      0.736      0.6432
  0.6432     0.6432     0.736      0.736      0.6432     0.736
  0.736      0.736      0.736      0.736      0.736      0.736
  0.768      0.768      0.768      0.768      0.768      0.672
  0.672      0.672      0.768      0.768      0.768      0.768
  0.768      0.768      0.768     ]
 [0.736      0.736      0.736      0.736      0.736      0.6432
  0.6432     0.6432     0.736      0.736      0.6432     0.736
  0.736      0.736      0.736      0.736      0.736      0.736
  0.768      0.768      0.768      0.768      0.768      0.672
  0.672      0.672      0.768      0.768      0.768      0.768
  0.768      0.768      0.768     ]
 [0.736      0.736      0.736      0.736      0.736      0.6432
  0.6432     0.6432     0.736      0.736      0.6432     0.736
  0.736      0.736      0.736      0.736      0.736      0.736
  0.768      0.768      0.768      0.768      0.768      0.672
  0.672      0.672      0.768      0.768      0.768      0.768
  0.768      0.768      0.768     ]
 [0.736      0.736      0.736      0.736      0.736      0.6432
  0.6432     0.6432     0.736      0.736      0.6432     0.736
  0.736      0.736      0.736      0.736      0.736      0.736
  0.768      0.768      0.768      0.768      0.768      0.672
  0.672      0.672      0.768      0.768      0.768      0.768
  0.768      0.768      0.768     ]
 [0.736      0.736      0.736      0.736      0.736      0.6432
  0.6432     0.6432     0.736      0.736      0.6432     0.736
  0.736      0.736      0.736      0.736      0.736      0.736
  0.768      0.768      0.768      0.768      0.768      0.672
  0.672      0.672      0.768      0.768      0.768      0.768
  0.768      0.768      0.768     ]
 [0.736      0.736      0.736      0.736      0.736      0.6432
  0.6432     0.6432     0.736      0.736      0.6432     0.736
  0.736      0.736      0.736      0.736      0.736      0.736
  0.768      0.768      0.768      0.768      0.768      0.672
  0.672      0.672      0.768      0.768      0.768      0.768
  0.768      0.768      0.768     ]
 [0.786      0.786      0.786      0.786      0.6507025  0.53705513
  0.53274177 0.52483466 0.65008998 0.66181471 0.56943441 0.65127693
  0.58433915 0.58889485 0.5380428  0.53553709 0.53002045 0.53021116
  0.818      0.818      0.818      0.818      0.818      0.722
  0.722      0.722      0.818      0.818      0.818      0.818
  0.69428868 0.78002693 0.68891161]
 [0.786      0.786      0.786      0.786      0.6507025  0.53705513
  0.53274177 0.52483466 0.65008998 0.66181471 0.56943441 0.65127693
  0.58433915 0.58889485 0.5380428  0.53553709 0.53002045 0.53021116
  0.818      0.818      0.818      0.818      0.818      0.722
  0.722      0.722      0.818      0.818      0.818      0.818
  0.69428868 0.78002693 0.68891161]
 [0.786      0.786      0.786      0.786      0.6507025  0.53705513
  0.53274177 0.52483466 0.65008998 0.66181471 0.56943441 0.65127693
  0.58433915 0.58889485 0.5380428  0.53553709 0.53002045 0.53021116
  0.818      0.818      0.818      0.818      0.818      0.722
  0.722      0.722      0.818      0.818      0.818      0.818
  0.69428868 0.78002693 0.68891161]
 [0.786      0.786      0.786      0.786      0.6507025  0.53705513
  0.53274177 0.52483466 0.65008998 0.66181471 0.56943441 0.65127693
  0.58433915 0.58889485 0.5380428  0.53553709 0.53002045 0.53021116
  0.818      0.818      0.818      0.818      0.818      0.722
  0.722      0.722      0.818      0.818      0.818      0.818
  0.69428868 0.78002693 0.68891161]
 [0.786      0.786      0.786      0.786      0.6507025  0.53705513
  0.53274177 0.52483466 0.65008998 0.66181471 0.56943441 0.65127693
  0.58433915 0.58889485 0.5380428  0.53553709 0.53002045 0.53021116
  0.818      0.818      0.818      0.818      0.818      0.722
  0.722      0.722      0.818      0.818      0.818      0.818
  0.69428868 0.78002693 0.68891161]
 [0.786      0.786      0.786      0.786      0.6507025  0.53705513
  0.53274177 0.52483466 0.65008998 0.66181471 0.56943441 0.65127693
  0.58433915 0.58889485 0.5380428  0.53553709 0.53002045 0.53021116
  0.818      0.818      0.818      0.818      0.818      0.722
  0.722      0.722      0.818      0.818      0.818      0.818
  0.69428868 0.78002693 0.68891161]
 [0.7551268  0.75209919 0.73728226 0.76095615 0.786      0.6932
  0.6932     0.6932     0.786      0.786      0.6932     0.786
  0.786      0.786      0.786      0.786      0.786      0.786
  0.818      0.818      0.818      0.818      0.818      0.722
  0.722      0.722      0.80799686 0.65777527 0.81704612 0.818
  0.818      0.81291801 0.818     ]
 [0.7551268  0.75209919 0.73728226 0.76095615 0.786      0.6932
  0.6932     0.6932     0.786      0.786      0.6932     0.786
  0.786      0.786      0.786      0.786      0.786      0.786
  0.818      0.818      0.818      0.818      0.818      0.722
  0.722      0.722      0.80799686 0.65777527 0.81704612 0.818
  0.818      0.81291801 0.818     ]
 [0.7551268  0.75209919 0.73728226 0.76095615 0.786      0.6932
  0.6932     0.6932     0.786      0.786      0.6932     0.786
  0.786      0.786      0.786      0.786      0.786      0.786
  0.818      0.818      0.818      0.818      0.818      0.722
  0.722      0.722      0.80799686 0.65777527 0.81704612 0.818
  0.818      0.81291801 0.818     ]
 [0.7551268  0.75209919 0.73728226 0.76095615 0.786      0.6932
  0.6932     0.6932     0.786      0.786      0.6932     0.786
  0.786      0.786      0.786      0.786      0.786      0.786
  0.818      0.818      0.818      0.818      0.818      0.722
  0.722      0.722      0.80799686 0.65777527 0.81704612 0.818
  0.818      0.81291801 0.818     ]
 [0.7551268  0.75209919 0.73728226 0.76095615 0.786      0.6932
  0.6932     0.6932     0.786      0.786      0.6932     0.786
  0.786      0.786      0.786      0.786      0.786      0.786
  0.818      0.818      0.818      0.818      0.818      0.722
  0.722      0.722      0.80799686 0.65777527 0.81704612 0.818
  0.818      0.81291801 0.818     ]
 [0.7551268  0.75209919 0.73728226 0.76095615 0.786      0.6932
  0.6932     0.6932     0.786      0.786      0.6932     0.786
  0.786      0.786      0.786      0.786      0.786      0.786
  0.818      0.818      0.818      0.818      0.818      0.722
  0.722      0.722      0.80799686 0.65777527 0.81704612 0.818
  0.818      0.81291801 0.818     ]
 [0.49898921 0.50176335 0.48620083 0.50395224 0.42128512 0.27722464
  0.27106325 0.26088568 0.45221568 0.49091459 0.37507365 0.49013143
  0.51202031 0.513108   0.52254075 0.523402   0.51112282 0.52352092
  0.818      0.818      0.818      0.818      0.818      0.45289059
  0.53872842 0.5438195  0.818      0.818      0.818      0.818
  0.73254605 0.818      0.752231  ]
 [0.49898921 0.50176335 0.48620083 0.50395224 0.42128512 0.27722464
  0.27106325 0.26088568 0.45221568 0.49091459 0.37507365 0.49013143
  0.51202031 0.513108   0.52254075 0.523402   0.51112282 0.52352092
  0.818      0.818      0.818      0.818      0.818      0.45289059
  0.53872842 0.5438195  0.818      0.818      0.818      0.818
  0.73254605 0.818      0.752231  ]
 [0.49898921 0.50176335 0.48620083 0.50395224 0.42128512 0.27722464
  0.27106325 0.26088568 0.45221568 0.49091459 0.37507365 0.49013143
  0.51202031 0.513108   0.52254075 0.523402   0.51112282 0.52352092
  0.818      0.818      0.818      0.818      0.818      0.45289059
  0.53872842 0.5438195  0.818      0.818      0.818      0.818
  0.73254605 0.818      0.752231  ]
 [0.49898921 0.50176335 0.48620083 0.50395224 0.42128512 0.27722464
  0.27106325 0.26088568 0.45221568 0.49091459 0.37507365 0.49013143
  0.51202031 0.513108   0.52254075 0.523402   0.51112282 0.52352092
  0.818      0.818      0.818      0.818      0.818      0.45289059
  0.53872842 0.5438195  0.818      0.818      0.818      0.818
  0.73254605 0.818      0.752231  ]
 [0.49898921 0.50176335 0.48620083 0.50395224 0.42128512 0.27722464
  0.27106325 0.26088568 0.45221568 0.49091459 0.37507365 0.49013143
  0.51202031 0.513108   0.52254075 0.523402   0.51112282 0.52352092
  0.818      0.818      0.818      0.818      0.818      0.45289059
  0.53872842 0.5438195  0.818      0.818      0.818      0.818
  0.73254605 0.818      0.752231  ]
 [0.49898921 0.50176335 0.48620083 0.50395224 0.42128512 0.27722464
  0.27106325 0.26088568 0.45221568 0.49091459 0.37507365 0.49013143
  0.51202031 0.513108   0.52254075 0.523402   0.51112282 0.52352092
  0.818      0.818      0.818      0.818      0.818      0.45289059
  0.53872842 0.5438195  0.818      0.818      0.818      0.818
  0.73254605 0.818      0.752231  ]
 [0.48080907 0.48092047 0.46455489 0.48658629 0.5604809  0.3890947
  0.38120761 0.36903019 0.61538365 0.67017943 0.53947027 0.67607649
  0.74303478 0.74268373 0.76981902 0.77128068 0.7580115  0.77230465
  0.77725931 0.818      0.818      0.818      0.818      0.48357125
  0.59053565 0.59712335 0.818      0.818      0.818      0.818
  0.818      0.818      0.818     ]
 [0.48080907 0.48092047 0.46455489 0.48658629 0.5604809  0.3890947
  0.38120761 0.36903019 0.61538365 0.67017943 0.53947027 0.67607649
  0.74303478 0.74268373 0.76981902 0.77128068 0.7580115  0.77230465
  0.77725931 0.818      0.818      0.818      0.818      0.48357125
  0.59053565 0.59712335 0.818      0.818      0.818      0.818
  0.818      0.818      0.818     ]
 [0.48080907 0.48092047 0.46455489 0.48658629 0.5604809  0.3890947
  0.38120761 0.36903019 0.61538365 0.67017943 0.53947027 0.67607649
  0.74303478 0.74268373 0.76981902 0.77128068 0.7580115  0.77230465
  0.77725931 0.818      0.818      0.818      0.818      0.48357125
  0.59053565 0.59712335 0.818      0.818      0.818      0.818
  0.818      0.818      0.818     ]
 [0.48080907 0.48092047 0.46455489 0.48658629 0.5604809  0.3890947
  0.38120761 0.36903019 0.61538365 0.67017943 0.53947027 0.67607649
  0.74303478 0.74268373 0.76981902 0.77128068 0.7580115  0.77230465
  0.77725931 0.818      0.818      0.818      0.818      0.48357125
  0.59053565 0.59712335 0.818      0.818      0.818      0.818
  0.818      0.818      0.818     ]
 [0.48080907 0.48092047 0.46455489 0.48658629 0.5604809  0.3890947
  0.38120761 0.36903019 0.61538365 0.67017943 0.53947027 0.67607649
  0.74303478 0.74268373 0.76981902 0.77128068 0.7580115  0.77230465
  0.77725931 0.818      0.818      0.818      0.818      0.48357125
  0.59053565 0.59712335 0.818      0.818      0.818      0.818
  0.818      0.818      0.818     ]
 [0.48080907 0.48092047 0.46455489 0.48658629 0.5604809  0.3890947
  0.38120761 0.36903019 0.61538365 0.67017943 0.53947027 0.67607649
  0.74303478 0.74268373 0.76981902 0.77128068 0.7580115  0.77230465
  0.77725931 0.818      0.818      0.818      0.818      0.48357125
  0.59053565 0.59712335 0.818      0.818      0.818      0.818
  0.818      0.818      0.818     ]
 [0.46220264 0.45975372 0.44443519 0.46809896 0.70098603 0.50622044
  0.49717113 0.48393118 0.77911009 0.786      0.6932     0.786
  0.786      0.786      0.786      0.786      0.786      0.786
  0.65601434 0.73025303 0.73039005 0.73375153 0.77706711 0.50481295
  0.61598679 0.62285383 0.78512101 0.69545944 0.76209788 0.818
  0.818      0.818      0.818     ]
 [0.46220264 0.45975372 0.44443519 0.46809896 0.70098603 0.50622044
  0.49717113 0.48393118 0.77911009 0.786      0.6932     0.786
  0.786      0.786      0.786      0.786      0.786      0.786
  0.65601434 0.73025303 0.73039005 0.73375153 0.77706711 0.50481295
  0.61598679 0.62285383 0.78512101 0.69545944 0.76209788 0.818
  0.818      0.818      0.818     ]
 [0.46220264 0.45975372 0.44443519 0.46809896 0.70098603 0.50622044
  0.49717113 0.48393118 0.77911009 0.786      0.6932     0.786
  0.786      0.786      0.786      0.786      0.786      0.786
  0.65601434 0.73025303 0.73039005 0.73375153 0.77706711 0.50481295
  0.61598679 0.62285383 0.78512101 0.69545944 0.76209788 0.818
  0.818      0.818      0.818     ]
 [0.46220264 0.45975372 0.44443519 0.46809896 0.70098603 0.50622044
  0.49717113 0.48393118 0.77911009 0.786      0.6932     0.786
  0.786      0.786      0.786      0.786      0.786      0.786
  0.65601434 0.73025303 0.73039005 0.73375153 0.77706711 0.50481295
  0.61598679 0.62285383 0.78512101 0.69545944 0.76209788 0.818
  0.818      0.818      0.818     ]
 [0.46220264 0.45975372 0.44443519 0.46809896 0.70098603 0.50622044
  0.49717113 0.48393118 0.77911009 0.786      0.6932     0.786
  0.786      0.786      0.786      0.786      0.786      0.786
  0.65601434 0.73025303 0.73039005 0.73375153 0.77706711 0.50481295
  0.61598679 0.62285383 0.78512101 0.69545944 0.76209788 0.818
  0.818      0.818      0.818     ]
 [0.46220264 0.45975372 0.44443519 0.46809896 0.70098603 0.50622044
  0.49717113 0.48393118 0.77911009 0.786      0.6932     0.786
  0.786      0.786      0.786      0.786      0.786      0.786
  0.65601434 0.73025303 0.73039005 0.73375153 0.77706711 0.50481295
  0.61598679 0.62285383 0.78512101 0.69545944 0.76209788 0.818
  0.818      0.818      0.818     ]]","[[1. 1. 1. 1. 1. 1. 1. 1. 1. 1. 1. 1. 1. 1. 1. 1. 1. 1. 1. 1. 1. 1. 1. 1.
  1. 1. 1. 1. 1. 1. 1. 1. 1.]
 [1. 1. 1. 1. 1. 1. 1. 1. 1. 1. 1. 1. 1. 1. 1. 1. 1. 1. 1. 1. 1. 1. 1. 1.
  1. 1. 1. 1. 1. 1. 1. 1. 1.]
 [1. 1. 1. 1. 1. 1. 1. 1. 1. 1. 1. 1. 1. 1. 1. 1. 1. 1. 1. 1. 1. 1. 1. 1.
  1. 1. 1. 1. 1. 1. 1. 1. 1.]
 [1. 1. 1. 1. 1. 1. 1. 1. 1. 1. 1. 1. 1. 1. 1. 1. 1. 1. 1. 1. 1. 1. 1. 1.
  1. 1. 1. 1. 1. 1. 1. 1. 1.]
 [1. 1. 1. 1. 1. 1. 1. 1. 1. 1. 1. 1. 1. 1. 1. 1. 1. 1. 1. 1. 1. 1. 1. 1.
  1. 1. 1. 1. 1. 1. 1. 1. 1.]
 [1. 1. 1. 1. 1. 1. 1. 1. 1. 1. 1. 1. 1. 1. 1. 1. 1. 1. 1. 1. 1. 1. 1. 1.
  1. 1. 1. 1. 1. 1. 1. 1. 1.]
 [1. 1. 1. 1. 1. 1. 1. 1. 1. 1. 1. 1. 1. 1. 1. 1. 1. 1. 1. 1. 1. 1. 1. 1.
  1. 1. 1. 1. 1. 1. 1. 1. 1.]
 [1. 1. 1. 1. 1. 1. 1. 1. 1. 1. 1. 1. 1. 1. 1. 1. 1. 1. 1. 1. 1. 1. 1. 1.
  1. 1. 1. 1. 1. 1. 1. 1. 1.]
 [1. 1. 1. 1. 1. 1. 1. 1. 1. 1. 1. 1. 1. 1. 1. 1. 1. 1. 1. 1. 1. 1. 1. 1.
  1. 1. 1. 1. 1. 1. 1. 1. 1.]
 [1. 1. 1. 1. 1. 1. 1. 1. 1. 1. 1. 1. 1. 1. 1. 1. 1. 1. 1. 1. 1. 1. 1. 1.
  1. 1. 1. 1. 1. 1. 1. 1. 1.]
 [1. 1. 1. 1. 1. 1. 1. 1. 1. 1. 1. 1. 1. 1. 1. 1. 1. 1. 1. 1. 1. 1. 1. 1.
  1. 1. 1. 1. 1. 1. 1. 1. 1.]
 [1. 1. 1. 1. 1. 1. 1. 1. 1. 1. 1. 1. 1. 1. 1. 1. 1. 1. 1. 1. 1. 1. 1. 1.
  1. 1. 1. 1. 1. 1. 1. 1. 1.]
 [1. 1. 1. 1. 1. 1. 1. 1. 1. 1. 1. 1. 1. 1. 1. 1. 1. 1. 1. 1. 1. 1. 1. 1.
  1. 1. 1. 1. 1. 1. 1. 1. 1.]
 [1. 1. 1. 1. 1. 1. 1. 1. 1. 1. 1. 1. 1. 1. 1. 1. 1. 1. 1. 1. 1. 1. 1. 1.
  1. 1. 1. 1. 1. 1. 1. 1. 1.]
 [1. 1. 1. 1. 1. 1. 1. 1. 1. 1. 1. 1. 1. 1. 1. 1. 1. 1. 1. 1. 1. 1. 1. 1.
  1. 1. 1. 1. 1. 1. 1. 1. 1.]
 [1. 1. 1. 1. 1. 1. 1. 1. 1. 1. 1. 1. 1. 1. 1. 1. 1. 1. 1. 1. 1. 1. 1. 1.
  1. 1. 1. 1. 1. 1. 1. 1. 1.]
 [1. 1. 1. 1. 1. 1. 1. 1. 1. 1. 1. 1. 1. 1. 1. 1. 1. 1. 1. 1. 1. 1. 1. 1.
  1. 1. 1. 1. 1. 1. 1. 1. 1.]
 [1. 1. 1. 1. 1. 1. 1. 1. 1. 1. 1. 1. 1. 1. 1. 1. 1. 1. 1. 1. 1. 1. 1. 1.
  1. 1. 1. 1. 1. 1. 1. 1. 1.]
 [1. 1. 1. 1. 1. 1. 1. 1. 1. 1. 1. 1. 1. 1. 1. 1. 1. 1. 1. 1. 1. 1. 1. 1.
  1. 1. 1. 1. 1. 1. 1. 1. 1.]
 [1. 1. 1. 1. 1. 1. 1. 1. 1. 1. 1. 1. 1. 1. 1. 1. 1. 1. 1. 1. 1. 1. 1. 1.
  1. 1. 1. 1. 1. 1. 1. 1. 1.]
 [1. 1. 1. 1. 1. 1. 1. 1. 1. 1. 1. 1. 1. 1. 1. 1. 1. 1. 1. 1. 1. 1. 1. 1.
  1. 1. 1. 1. 1. 1. 1. 1. 1.]
 [1. 1. 1. 1. 0. 0. 0. 0. 0. 0. 0. 0. 0. 0. 1. 1. 0. 1. 1. 1. 1. 1. 1. 1.
  1. 1. 1. 1. 1. 1. 1. 1. 1.]
 [1. 1. 1. 1. 0. 0. 0. 0. 0. 0. 0. 0. 0. 0. 1. 1. 0. 1. 1. 1. 1. 1. 1. 1.
  1. 1. 1. 1. 1. 1. 1. 1. 1.]
 [1. 1. 1. 1. 0. 0. 0. 0. 0. 0. 0. 0. 0. 0. 1. 1. 0. 1. 1. 1. 1. 1. 1. 1.
  1. 1. 1. 1. 1. 1. 1. 1. 1.]
 [1. 1. 1. 1. 0. 0. 0. 0. 0. 0. 0. 0. 0. 0. 1. 1. 0. 1. 1. 1. 1. 1. 1. 1.
  1. 1. 1. 1. 1. 1. 1. 1. 1.]
 [1. 1. 1. 1. 0. 0. 0. 0. 0. 0. 0. 0. 0. 0. 1. 1. 0. 1. 1. 1. 1. 1. 1. 1.
  1. 1. 1. 1. 1. 1. 1. 1. 1.]
 [1. 1. 1. 1. 0. 0. 0. 0. 0. 0. 0. 0. 0. 0. 1. 1. 0. 1. 1. 1. 1. 1. 1. 1.
  1. 1. 1. 1. 1. 1. 1. 1. 1.]
 [1. 1. 1. 1. 1. 0. 0. 0. 1. 1. 1. 1. 1. 1. 1. 1. 1. 1. 1. 1. 1. 1. 1. 1.
  1. 1. 1. 1. 1. 1. 1. 1. 1.]
 [1. 1. 1. 1. 1. 0. 0. 0. 1. 1. 1. 1. 1. 1. 1. 1. 1. 1. 1. 1. 1. 1. 1. 1.
  1. 1. 1. 1. 1. 1. 1. 1. 1.]
 [1. 1. 1. 1. 1. 0. 0. 0. 1. 1. 1. 1. 1. 1. 1. 1. 1. 1. 1. 1. 1. 1. 1. 1.
  1. 1. 1. 1. 1. 1. 1. 1. 1.]
 [1. 1. 1. 1. 1. 0. 0. 0. 1. 1. 1. 1. 1. 1. 1. 1. 1. 1. 1. 1. 1. 1. 1. 1.
  1. 1. 1. 1. 1. 1. 1. 1. 1.]
 [1. 1. 1. 1. 1. 0. 0. 0. 1. 1. 1. 1. 1. 1. 1. 1. 1. 1. 1. 1. 1. 1. 1. 1.
  1. 1. 1. 1. 1. 1. 1. 1. 1.]
 [1. 1. 1. 1. 1. 0. 0. 0. 1. 1. 1. 1. 1. 1. 1. 1. 1. 1. 1. 1. 1. 1. 1. 1.
  1. 1. 1. 1. 1. 1. 1. 1. 1.]
 [1. 1. 1. 1. 1. 1. 1. 1. 1. 1. 1. 1. 1. 1. 1. 1. 1. 1. 1. 1. 1. 1. 1. 1.
  1. 1. 1. 1. 1. 1. 1. 1. 1.]
 [1. 1. 1. 1. 1. 1. 1. 1. 1. 1. 1. 1. 1. 1. 1. 1. 1. 1. 1. 1. 1. 1. 1. 1.
  1. 1. 1. 1. 1. 1. 1. 1. 1.]
 [1. 1. 1. 1. 1. 1. 1. 1. 1. 1. 1. 1. 1. 1. 1. 1. 1. 1. 1. 1. 1. 1. 1. 1.
  1. 1. 1. 1. 1. 1. 1. 1. 1.]
 [1. 1. 1. 1. 1. 1. 1. 1. 1. 1. 1. 1. 1. 1. 1. 1. 1. 1. 1. 1. 1. 1. 1. 1.
  1. 1. 1. 1. 1. 1. 1. 1. 1.]
 [1. 1. 1. 1. 1. 1. 1. 1. 1. 1. 1. 1. 1. 1. 1. 1. 1. 1. 1. 1. 1. 1. 1. 1.
  1. 1. 1. 1. 1. 1. 1. 1. 1.]
 [1. 1. 1. 1. 1. 1. 1. 1. 1. 1. 1. 1. 1. 1. 1. 1. 1. 1. 1. 1. 1. 1. 1. 1.
  1. 1. 1. 1. 1. 1. 1. 1. 1.]]","[[0.83629452 0.         0.        ]
 [0.83629452 0.         0.        ]
 [0.83629452 0.         0.        ]
 [0.83629452 0.         0.        ]
 [0.         0.         0.83629452]
 [0.         0.         1.        ]
 [0.         0.         1.        ]
 [0.         0.         1.        ]
 [0.         0.         0.83629452]
 [0.         0.         0.83629452]
 [0.         0.         1.        ]
 [0.         0.         0.83629452]
 [0.         0.         0.83629452]
 [0.         0.         0.83629452]
 [0.         0.         0.83629452]
 [0.         0.         0.83629452]
 [0.         0.         0.83629452]
 [0.         0.         0.83629452]
 [1.         0.         0.        ]
 [1.         0.         0.        ]
 [1.         0.         0.        ]
 [1.         0.         0.        ]
 [1.         0.         0.        ]
 [0.         0.23182635 0.        ]
 [0.         0.         0.23182635]
 [0.         0.         0.23182635]
 [1.         0.         0.        ]
 [0.         0.61488563 0.        ]
 [0.         0.61488563 0.        ]
 [0.61488563 0.         0.        ]
 [0.         0.         0.61488563]
 [0.         0.61488563 0.        ]
 [0.         0.         0.61488563]]",[[80 85 90]],0.7867,4.587791204452515
37,31,"[[0.30246629 0.30246622 0.3024662  0.1837961  0.1837961  0.1837961
  0.35702211 0.1837961  0.1837961  0.1837961  0.1837961  0.1837961
  0.1837961  0.1837961  0.07914738 1.         1.         1.
  1.         1.         0.1916622  1.         0.30979178 0.32429963
  0.15893499 0.29202606 0.20209283 0.20216602 0.30901634 0.20220208
  0.20202425]]","[[0.6432     0.6432     0.6432     0.736      0.736      0.736
  0.6432     0.736      0.736      0.736      0.736      0.736
  0.736      0.736      0.736      0.768      0.768      0.768
  0.768      0.768      0.672      0.768      0.768      0.768
  0.768      0.768      0.8        0.8        0.768      0.8
  0.8       ]
 [0.6432     0.6432     0.6432     0.736      0.736      0.736
  0.6432     0.736      0.736      0.736      0.736      0.736
  0.736      0.736      0.736      0.768      0.768      0.768
  0.768      0.768      0.672      0.768      0.768      0.768
  0.768      0.768      0.8        0.8        0.768      0.8
  0.8       ]
 [0.6432     0.6432     0.6432     0.736      0.736      0.736
  0.6432     0.736      0.736      0.736      0.736      0.736
  0.736      0.736      0.736      0.768      0.768      0.768
  0.768      0.768      0.672      0.768      0.768      0.768
  0.768      0.768      0.8        0.8        0.768      0.8
  0.8       ]
 [0.6432     0.6432     0.6432     0.736      0.736      0.736
  0.6432     0.736      0.736      0.736      0.736      0.736
  0.736      0.736      0.736      0.768      0.768      0.768
  0.768      0.768      0.672      0.768      0.768      0.768
  0.768      0.768      0.8        0.8        0.768      0.8
  0.8       ]
 [0.6432     0.6432     0.6432     0.736      0.736      0.736
  0.6432     0.736      0.736      0.736      0.736      0.736
  0.736      0.736      0.736      0.768      0.768      0.768
  0.768      0.768      0.672      0.768      0.768      0.768
  0.768      0.768      0.8        0.8        0.768      0.8
  0.8       ]
 [0.6432     0.6432     0.6432     0.736      0.736      0.736
  0.6432     0.736      0.736      0.736      0.736      0.736
  0.736      0.736      0.736      0.768      0.768      0.768
  0.768      0.768      0.672      0.768      0.768      0.768
  0.768      0.768      0.8        0.8        0.768      0.8
  0.8       ]
 [0.6432     0.6432     0.6432     0.736      0.736      0.736
  0.6432     0.736      0.736      0.736      0.736      0.736
  0.736      0.736      0.736      0.768      0.768      0.768
  0.768      0.768      0.672      0.768      0.768      0.768
  0.768      0.768      0.8        0.8        0.768      0.8
  0.8       ]
 [0.6932     0.6932     0.61263418 0.57431097 0.60841022 0.64195304
  0.51506436 0.64213573 0.64865761 0.65047922 0.63767848 0.63699991
  0.62926844 0.63473974 0.786      0.818      0.818      0.818
  0.818      0.818      0.62598931 0.818      0.818      0.818
  0.80223877 0.818      0.85       0.85       0.818      0.85
  0.85      ]
 [0.6932     0.6932     0.61263418 0.57431097 0.60841022 0.64195304
  0.51506436 0.64213573 0.64865761 0.65047922 0.63767848 0.63699991
  0.62926844 0.63473974 0.786      0.818      0.818      0.818
  0.818      0.818      0.62598931 0.818      0.818      0.818
  0.80223877 0.818      0.85       0.85       0.818      0.85
  0.85      ]
 [0.6932     0.6932     0.61263418 0.57431097 0.60841022 0.64195304
  0.51506436 0.64213573 0.64865761 0.65047922 0.63767848 0.63699991
  0.62926844 0.63473974 0.786      0.818      0.818      0.818
  0.818      0.818      0.62598931 0.818      0.818      0.818
  0.80223877 0.818      0.85       0.85       0.818      0.85
  0.85      ]
 [0.6932     0.6932     0.61263418 0.57431097 0.60841022 0.64195304
  0.51506436 0.64213573 0.64865761 0.65047922 0.63767848 0.63699991
  0.62926844 0.63473974 0.786      0.818      0.818      0.818
  0.818      0.818      0.62598931 0.818      0.818      0.818
  0.80223877 0.818      0.85       0.85       0.818      0.85
  0.85      ]
 [0.6932     0.6932     0.61263418 0.57431097 0.60841022 0.64195304
  0.51506436 0.64213573 0.64865761 0.65047922 0.63767848 0.63699991
  0.62926844 0.63473974 0.786      0.818      0.818      0.818
  0.818      0.818      0.62598931 0.818      0.818      0.818
  0.80223877 0.818      0.85       0.85       0.818      0.85
  0.85      ]
 [0.6932     0.6932     0.61263418 0.57431097 0.60841022 0.64195304
  0.51506436 0.64213573 0.64865761 0.65047922 0.63767848 0.63699991
  0.62926844 0.63473974 0.786      0.818      0.818      0.818
  0.818      0.818      0.62598931 0.818      0.818      0.818
  0.80223877 0.818      0.85       0.85       0.818      0.85
  0.85      ]
 [0.6932     0.6932     0.6932     0.75531941 0.786      0.786
  0.6932     0.786      0.786      0.786      0.786      0.786
  0.786      0.786      0.71767334 0.76131532 0.818      0.818
  0.818      0.818      0.722      0.818      0.63162507 0.818
  0.818      0.818      0.68823096 0.69184505 0.818      0.69601513
  0.68465978]
 [0.6932     0.6932     0.6932     0.75531941 0.786      0.786
  0.6932     0.786      0.786      0.786      0.786      0.786
  0.786      0.786      0.71767334 0.76131532 0.818      0.818
  0.818      0.818      0.722      0.818      0.63162507 0.818
  0.818      0.818      0.68823096 0.69184505 0.818      0.69601513
  0.68465978]
 [0.6932     0.6932     0.6932     0.75531941 0.786      0.786
  0.6932     0.786      0.786      0.786      0.786      0.786
  0.786      0.786      0.71767334 0.76131532 0.818      0.818
  0.818      0.818      0.722      0.818      0.63162507 0.818
  0.818      0.818      0.68823096 0.69184505 0.818      0.69601513
  0.68465978]
 [0.6932     0.6932     0.6932     0.75531941 0.786      0.786
  0.6932     0.786      0.786      0.786      0.786      0.786
  0.786      0.786      0.71767334 0.76131532 0.818      0.818
  0.818      0.818      0.722      0.818      0.63162507 0.818
  0.818      0.818      0.68823096 0.69184505 0.818      0.69601513
  0.68465978]
 [0.6932     0.6932     0.6932     0.75531941 0.786      0.786
  0.6932     0.786      0.786      0.786      0.786      0.786
  0.786      0.786      0.71767334 0.76131532 0.818      0.818
  0.818      0.818      0.722      0.818      0.63162507 0.818
  0.818      0.818      0.68823096 0.69184505 0.818      0.69601513
  0.68465978]
 [0.6932     0.6932     0.6932     0.75531941 0.786      0.786
  0.6932     0.786      0.786      0.786      0.786      0.786
  0.786      0.786      0.71767334 0.76131532 0.818      0.818
  0.818      0.818      0.722      0.818      0.63162507 0.818
  0.818      0.818      0.68823096 0.69184505 0.818      0.69601513
  0.68465978]
 [0.47580979 0.47701818 0.31453981 0.29820327 0.3499161  0.39918142
  0.24860489 0.40618107 0.48329486 0.48179761 0.52658529 0.52927991
  0.51636051 0.53271291 0.786      0.65600419 0.81503579 0.81150445
  0.80583152 0.818      0.33377619 0.818      0.818      0.818
  0.71397268 0.818      0.85       0.85       0.77887486 0.85
  0.85      ]
 [0.47580979 0.47701818 0.31453981 0.29820327 0.3499161  0.39918142
  0.24860489 0.40618107 0.48329486 0.48179761 0.52658529 0.52927991
  0.51636051 0.53271291 0.786      0.65600419 0.81503579 0.81150445
  0.80583152 0.818      0.33377619 0.818      0.818      0.818
  0.71397268 0.818      0.85       0.85       0.77887486 0.85
  0.85      ]
 [0.47580979 0.47701818 0.31453981 0.29820327 0.3499161  0.39918142
  0.24860489 0.40618107 0.48329486 0.48179761 0.52658529 0.52927991
  0.51636051 0.53271291 0.786      0.65600419 0.81503579 0.81150445
  0.80583152 0.818      0.33377619 0.818      0.818      0.818
  0.71397268 0.818      0.85       0.85       0.77887486 0.85
  0.85      ]
 [0.47580979 0.47701818 0.31453981 0.29820327 0.3499161  0.39918142
  0.24860489 0.40618107 0.48329486 0.48179761 0.52658529 0.52927991
  0.51636051 0.53271291 0.786      0.65600419 0.81503579 0.81150445
  0.80583152 0.818      0.33377619 0.818      0.818      0.818
  0.71397268 0.818      0.85       0.85       0.77887486 0.85
  0.85      ]
 [0.47580979 0.47701818 0.31453981 0.29820327 0.3499161  0.39918142
  0.24860489 0.40618107 0.48329486 0.48179761 0.52658529 0.52927991
  0.51636051 0.53271291 0.786      0.65600419 0.81503579 0.81150445
  0.80583152 0.818      0.33377619 0.818      0.818      0.818
  0.71397268 0.818      0.85       0.85       0.77887486 0.85
  0.85      ]
 [0.47580979 0.47701818 0.31453981 0.29820327 0.3499161  0.39918142
  0.24860489 0.40618107 0.48329486 0.48179761 0.52658529 0.52927991
  0.51636051 0.53271291 0.786      0.65600419 0.81503579 0.81150445
  0.80583152 0.818      0.33377619 0.818      0.818      0.818
  0.71397268 0.818      0.85       0.85       0.77887486 0.85
  0.85      ]
 [0.57623794 0.57795801 0.36449107 0.394      0.46484418 0.52731885
  0.3545031  0.54049228 0.66707682 0.66347328 0.73881001 0.74303007
  0.72848484 0.74906768 0.786      0.57817806 0.72116105 0.71868813
  0.71610036 0.77650165 0.39655911 0.818      0.77135767 0.818
  0.818      0.818      0.85       0.85       0.818      0.85
  0.85      ]
 [0.57623794 0.57795801 0.36449107 0.394      0.46484418 0.52731885
  0.3545031  0.54049228 0.66707682 0.66347328 0.73881001 0.74303007
  0.72848484 0.74906768 0.786      0.57817806 0.72116105 0.71868813
  0.71610036 0.77650165 0.39655911 0.818      0.77135767 0.818
  0.818      0.818      0.85       0.85       0.818      0.85
  0.85      ]
 [0.57623794 0.57795801 0.36449107 0.394      0.46484418 0.52731885
  0.3545031  0.54049228 0.66707682 0.66347328 0.73881001 0.74303007
  0.72848484 0.74906768 0.786      0.57817806 0.72116105 0.71868813
  0.71610036 0.77650165 0.39655911 0.818      0.77135767 0.818
  0.818      0.818      0.85       0.85       0.818      0.85
  0.85      ]
 [0.57623794 0.57795801 0.36449107 0.394      0.46484418 0.52731885
  0.3545031  0.54049228 0.66707682 0.66347328 0.73881001 0.74303007
  0.72848484 0.74906768 0.786      0.57817806 0.72116105 0.71868813
  0.71610036 0.77650165 0.39655911 0.818      0.77135767 0.818
  0.818      0.818      0.85       0.85       0.818      0.85
  0.85      ]
 [0.57623794 0.57795801 0.36449107 0.394      0.46484418 0.52731885
  0.3545031  0.54049228 0.66707682 0.66347328 0.73881001 0.74303007
  0.72848484 0.74906768 0.786      0.57817806 0.72116105 0.71868813
  0.71610036 0.77650165 0.39655911 0.818      0.77135767 0.818
  0.818      0.818      0.85       0.85       0.818      0.85
  0.85      ]
 [0.57623794 0.57795801 0.36449107 0.394      0.46484418 0.52731885
  0.3545031  0.54049228 0.66707682 0.66347328 0.73881001 0.74303007
  0.72848484 0.74906768 0.786      0.57817806 0.72116105 0.71868813
  0.71610036 0.77650165 0.39655911 0.818      0.77135767 0.818
  0.818      0.818      0.85       0.85       0.818      0.85
  0.85      ]
 [0.65340128 0.65538349 0.41684788 0.50132529 0.5870591  0.6584004
  0.4682645  0.67740154 0.786      0.786      0.786      0.786
  0.786      0.786      0.786      0.49734098 0.60684186 0.60560905
  0.60587811 0.65872293 0.46210317 0.71097947 0.54957073 0.73111814
  0.818      0.818      0.69113749 0.69221901 0.818      0.69352338
  0.6900222 ]
 [0.65340128 0.65538349 0.41684788 0.50132529 0.5870591  0.6584004
  0.4682645  0.67740154 0.786      0.786      0.786      0.786
  0.786      0.786      0.786      0.49734098 0.60684186 0.60560905
  0.60587811 0.65872293 0.46210317 0.71097947 0.54957073 0.73111814
  0.818      0.818      0.69113749 0.69221901 0.818      0.69352338
  0.6900222 ]
 [0.65340128 0.65538349 0.41684788 0.50132529 0.5870591  0.6584004
  0.4682645  0.67740154 0.786      0.786      0.786      0.786
  0.786      0.786      0.786      0.49734098 0.60684186 0.60560905
  0.60587811 0.65872293 0.46210317 0.71097947 0.54957073 0.73111814
  0.818      0.818      0.69113749 0.69221901 0.818      0.69352338
  0.6900222 ]
 [0.65340128 0.65538349 0.41684788 0.50132529 0.5870591  0.6584004
  0.4682645  0.67740154 0.786      0.786      0.786      0.786
  0.786      0.786      0.786      0.49734098 0.60684186 0.60560905
  0.60587811 0.65872293 0.46210317 0.71097947 0.54957073 0.73111814
  0.818      0.818      0.69113749 0.69221901 0.818      0.69352338
  0.6900222 ]
 [0.65340128 0.65538349 0.41684788 0.50132529 0.5870591  0.6584004
  0.4682645  0.67740154 0.786      0.786      0.786      0.786
  0.786      0.786      0.786      0.49734098 0.60684186 0.60560905
  0.60587811 0.65872293 0.46210317 0.71097947 0.54957073 0.73111814
  0.818      0.818      0.69113749 0.69221901 0.818      0.69352338
  0.6900222 ]
 [0.65340128 0.65538349 0.41684788 0.50132529 0.5870591  0.6584004
  0.4682645  0.67740154 0.786      0.786      0.786      0.786
  0.786      0.786      0.786      0.49734098 0.60684186 0.60560905
  0.60587811 0.65872293 0.46210317 0.71097947 0.54957073 0.73111814
  0.818      0.818      0.69113749 0.69221901 0.818      0.69352338
  0.6900222 ]]","[[1. 1. 1. 1. 1. 1. 1. 1. 1. 1. 1. 1. 1. 1. 1. 1. 1. 1. 1. 1. 1. 1. 1. 1.
  1. 1. 1. 1. 1. 1. 1.]
 [1. 1. 1. 1. 1. 1. 1. 1. 1. 1. 1. 1. 1. 1. 1. 1. 1. 1. 1. 1. 1. 1. 1. 1.
  1. 1. 1. 1. 1. 1. 1.]
 [1. 1. 1. 1. 1. 1. 1. 1. 1. 1. 1. 1. 1. 1. 1. 1. 1. 1. 1. 1. 1. 1. 1. 1.
  1. 1. 1. 1. 1. 1. 1.]
 [1. 1. 1. 1. 1. 1. 1. 1. 1. 1. 1. 1. 1. 1. 1. 1. 1. 1. 1. 1. 1. 1. 1. 1.
  1. 1. 1. 1. 1. 1. 1.]
 [1. 1. 1. 1. 1. 1. 1. 1. 1. 1. 1. 1. 1. 1. 1. 1. 1. 1. 1. 1. 1. 1. 1. 1.
  1. 1. 1. 1. 1. 1. 1.]
 [1. 1. 1. 1. 1. 1. 1. 1. 1. 1. 1. 1. 1. 1. 1. 1. 1. 1. 1. 1. 1. 1. 1. 1.
  1. 1. 1. 1. 1. 1. 1.]
 [1. 1. 1. 1. 1. 1. 1. 1. 1. 1. 1. 1. 1. 1. 1. 1. 1. 1. 1. 1. 1. 1. 1. 1.
  1. 1. 1. 1. 1. 1. 1.]
 [1. 1. 1. 1. 1. 1. 1. 1. 1. 1. 1. 1. 1. 1. 1. 1. 1. 1. 1. 1. 1. 1. 1. 0.
  1. 1. 1. 1. 1. 1. 1.]
 [1. 1. 1. 1. 1. 1. 1. 1. 1. 1. 1. 1. 1. 1. 1. 1. 1. 1. 1. 1. 1. 1. 1. 0.
  1. 1. 1. 1. 1. 1. 1.]
 [1. 1. 1. 1. 1. 1. 1. 1. 1. 1. 1. 1. 1. 1. 1. 1. 1. 1. 1. 1. 1. 1. 1. 0.
  1. 1. 1. 1. 1. 1. 1.]
 [1. 1. 1. 1. 1. 1. 1. 1. 1. 1. 1. 1. 1. 1. 1. 1. 1. 1. 1. 1. 1. 1. 1. 0.
  1. 1. 1. 1. 1. 1. 1.]
 [1. 1. 1. 1. 1. 1. 1. 1. 1. 1. 1. 1. 1. 1. 1. 1. 1. 1. 1. 1. 1. 1. 1. 0.
  1. 1. 1. 1. 1. 1. 1.]
 [1. 1. 1. 1. 1. 1. 1. 1. 1. 1. 1. 1. 1. 1. 1. 1. 1. 1. 1. 1. 1. 1. 1. 0.
  1. 1. 1. 1. 1. 1. 1.]
 [1. 1. 1. 1. 1. 1. 1. 1. 1. 1. 1. 1. 1. 1. 1. 1. 1. 1. 1. 1. 1. 1. 1. 1.
  1. 1. 1. 1. 1. 1. 1.]
 [1. 1. 1. 1. 1. 1. 1. 1. 1. 1. 1. 1. 1. 1. 1. 1. 1. 1. 1. 1. 1. 1. 1. 1.
  1. 1. 1. 1. 1. 1. 1.]
 [1. 1. 1. 1. 1. 1. 1. 1. 1. 1. 1. 1. 1. 1. 1. 1. 1. 1. 1. 1. 1. 1. 1. 1.
  1. 1. 1. 1. 1. 1. 1.]
 [1. 1. 1. 1. 1. 1. 1. 1. 1. 1. 1. 1. 1. 1. 1. 1. 1. 1. 1. 1. 1. 1. 1. 1.
  1. 1. 1. 1. 1. 1. 1.]
 [1. 1. 1. 1. 1. 1. 1. 1. 1. 1. 1. 1. 1. 1. 1. 1. 1. 1. 1. 1. 1. 1. 1. 1.
  1. 1. 1. 1. 1. 1. 1.]
 [1. 1. 1. 1. 1. 1. 1. 1. 1. 1. 1. 1. 1. 1. 1. 1. 1. 1. 1. 1. 1. 1. 1. 1.
  1. 1. 1. 1. 1. 1. 1.]
 [1. 1. 0. 0. 0. 0. 0. 0. 0. 0. 1. 1. 0. 1. 1. 1. 1. 1. 1. 1. 0. 1. 1. 1.
  1. 1. 1. 1. 1. 1. 1.]
 [1. 1. 0. 0. 0. 0. 0. 0. 0. 0. 1. 1. 0. 1. 1. 1. 1. 1. 1. 1. 0. 1. 1. 1.
  1. 1. 1. 1. 1. 1. 1.]
 [1. 1. 0. 0. 0. 0. 0. 0. 0. 0. 1. 1. 0. 1. 1. 1. 1. 1. 1. 1. 0. 1. 1. 1.
  1. 1. 1. 1. 1. 1. 1.]
 [1. 1. 0. 0. 0. 0. 0. 0. 0. 0. 1. 1. 0. 1. 1. 1. 1. 1. 1. 1. 0. 1. 1. 1.
  1. 1. 1. 1. 1. 1. 1.]
 [1. 1. 0. 0. 0. 0. 0. 0. 0. 0. 1. 1. 0. 1. 1. 1. 1. 1. 1. 1. 0. 1. 1. 1.
  1. 1. 1. 1. 1. 1. 1.]
 [1. 1. 0. 0. 0. 0. 0. 0. 0. 0. 1. 1. 0. 1. 1. 1. 1. 1. 1. 1. 0. 1. 1. 1.
  1. 1. 1. 1. 1. 1. 1.]
 [1. 1. 0. 0. 1. 1. 0. 1. 1. 1. 1. 1. 1. 1. 1. 1. 1. 1. 1. 1. 0. 1. 1. 1.
  1. 1. 1. 1. 1. 1. 1.]
 [1. 1. 0. 0. 1. 1. 0. 1. 1. 1. 1. 1. 1. 1. 1. 1. 1. 1. 1. 1. 0. 1. 1. 1.
  1. 1. 1. 1. 1. 1. 1.]
 [1. 1. 0. 0. 1. 1. 0. 1. 1. 1. 1. 1. 1. 1. 1. 1. 1. 1. 1. 1. 0. 1. 1. 1.
  1. 1. 1. 1. 1. 1. 1.]
 [1. 1. 0. 0. 1. 1. 0. 1. 1. 1. 1. 1. 1. 1. 1. 1. 1. 1. 1. 1. 0. 1. 1. 1.
  1. 1. 1. 1. 1. 1. 1.]
 [1. 1. 0. 0. 1. 1. 0. 1. 1. 1. 1. 1. 1. 1. 1. 1. 1. 1. 1. 1. 0. 1. 1. 1.
  1. 1. 1. 1. 1. 1. 1.]
 [1. 1. 0. 0. 1. 1. 0. 1. 1. 1. 1. 1. 1. 1. 1. 1. 1. 1. 1. 1. 0. 1. 1. 1.
  1. 1. 1. 1. 1. 1. 1.]
 [1. 1. 1. 1. 1. 1. 1. 1. 1. 1. 1. 1. 1. 1. 1. 1. 1. 1. 1. 1. 1. 1. 1. 1.
  1. 1. 1. 1. 1. 1. 1.]
 [1. 1. 1. 1. 1. 1. 1. 1. 1. 1. 1. 1. 1. 1. 1. 1. 1. 1. 1. 1. 1. 1. 1. 1.
  1. 1. 1. 1. 1. 1. 1.]
 [1. 1. 1. 1. 1. 1. 1. 1. 1. 1. 1. 1. 1. 1. 1. 1. 1. 1. 1. 1. 1. 1. 1. 1.
  1. 1. 1. 1. 1. 1. 1.]
 [1. 1. 1. 1. 1. 1. 1. 1. 1. 1. 1. 1. 1. 1. 1. 1. 1. 1. 1. 1. 1. 1. 1. 1.
  1. 1. 1. 1. 1. 1. 1.]
 [1. 1. 1. 1. 1. 1. 1. 1. 1. 1. 1. 1. 1. 1. 1. 1. 1. 1. 1. 1. 1. 1. 1. 1.
  1. 1. 1. 1. 1. 1. 1.]
 [1. 1. 1. 1. 1. 1. 1. 1. 1. 1. 1. 1. 1. 1. 1. 1. 1. 1. 1. 1. 1. 1. 1. 1.
  1. 1. 1. 1. 1. 1. 1.]]","[[1.         0.         0.        ]
 [1.         0.         0.        ]
 [1.         0.         0.        ]
 [0.         0.         0.83629452]
 [0.         0.         0.83629452]
 [0.         0.         0.83629452]
 [0.         0.         1.        ]
 [0.         0.         0.83629452]
 [0.         0.         0.83629452]
 [0.         0.         0.83629452]
 [0.         0.         0.83629452]
 [0.         0.         0.83629452]
 [0.         0.         0.83629452]
 [0.         0.         0.83629452]
 [0.         0.         0.2       ]
 [1.         0.         0.        ]
 [1.         0.         0.        ]
 [1.         0.         0.        ]
 [1.         0.         0.        ]
 [1.         0.         0.        ]
 [0.23182635 0.         0.        ]
 [1.         0.         0.        ]
 [0.         0.61488563 0.        ]
 [0.61488563 0.         0.        ]
 [0.         0.         0.61488563]
 [0.         0.         0.61488563]
 [0.22       0.         0.        ]
 [0.22       0.         0.        ]
 [0.         0.61488563 0.        ]
 [0.22       0.         0.        ]
 [0.22       0.         0.        ]]",[[80 85 90]],0.7981,4.174150705337524
39,39,"[[0.3024662  0.30246624 0.3024662  0.3024662  0.3024662  0.3024662
  0.3024662  0.30246622 0.1837961  0.1837961  0.1837961  0.1837961
  0.1837961  0.1837961  0.33526409 0.07914738 0.07914738 0.07914738
  1.         1.         1.         1.         1.         0.1916622
  0.1916622  0.1916622  1.         0.32368652 0.30047836 0.154465
  0.20442593 0.20448449 0.30979668 0.20450595 0.2071256  0.20437023
  0.2071256  0.2071256  0.2071256 ]]","[[0.6432     0.6432     0.6432     0.6432     0.6432     0.6432
  0.6432     0.6432     0.736      0.736      0.736      0.736
  0.736      0.736      0.768      0.736      0.736      0.736
  0.768      0.768      0.768      0.768      0.768      0.672
  0.672      0.672      0.768      0.768      0.768      0.768
  0.8        0.8        0.768      0.8        0.8        0.8
  0.8        0.8        0.8       ]
 [0.6432     0.6432     0.6432     0.6432     0.6432     0.6432
  0.6432     0.6432     0.736      0.736      0.736      0.736
  0.736      0.736      0.768      0.736      0.736      0.736
  0.768      0.768      0.768      0.768      0.768      0.672
  0.672      0.672      0.768      0.768      0.768      0.768
  0.8        0.8        0.768      0.8        0.8        0.8
  0.8        0.8        0.8       ]
 [0.6432     0.6432     0.6432     0.6432     0.6432     0.6432
  0.6432     0.6432     0.736      0.736      0.736      0.736
  0.736      0.736      0.768      0.736      0.736      0.736
  0.768      0.768      0.768      0.768      0.768      0.672
  0.672      0.672      0.768      0.768      0.768      0.768
  0.8        0.8        0.768      0.8        0.8        0.8
  0.8        0.8        0.8       ]
 [0.6432     0.6432     0.6432     0.6432     0.6432     0.6432
  0.6432     0.6432     0.736      0.736      0.736      0.736
  0.736      0.736      0.768      0.736      0.736      0.736
  0.768      0.768      0.768      0.768      0.768      0.672
  0.672      0.672      0.768      0.768      0.768      0.768
  0.8        0.8        0.768      0.8        0.8        0.8
  0.8        0.8        0.8       ]
 [0.6432     0.6432     0.6432     0.6432     0.6432     0.6432
  0.6432     0.6432     0.736      0.736      0.736      0.736
  0.736      0.736      0.768      0.736      0.736      0.736
  0.768      0.768      0.768      0.768      0.768      0.672
  0.672      0.672      0.768      0.768      0.768      0.768
  0.8        0.8        0.768      0.8        0.8        0.8
  0.8        0.8        0.8       ]
 [0.6432     0.6432     0.6432     0.6432     0.6432     0.6432
  0.6432     0.6432     0.736      0.736      0.736      0.736
  0.736      0.736      0.768      0.736      0.736      0.736
  0.768      0.768      0.768      0.768      0.768      0.672
  0.672      0.672      0.768      0.768      0.768      0.768
  0.8        0.8        0.768      0.8        0.8        0.8
  0.8        0.8        0.8       ]
 [0.6432     0.6432     0.6432     0.6432     0.6432     0.6432
  0.6432     0.6432     0.736      0.736      0.736      0.736
  0.736      0.736      0.768      0.736      0.736      0.736
  0.768      0.768      0.768      0.768      0.768      0.672
  0.672      0.672      0.768      0.768      0.768      0.768
  0.8        0.8        0.768      0.8        0.8        0.8
  0.8        0.8        0.8       ]
 [0.6432     0.6432     0.6432     0.6432     0.6432     0.6432
  0.6432     0.6432     0.736      0.736      0.736      0.736
  0.736      0.736      0.768      0.736      0.736      0.736
  0.768      0.768      0.768      0.768      0.768      0.672
  0.672      0.672      0.768      0.768      0.768      0.768
  0.8        0.8        0.768      0.8        0.8        0.8
  0.8        0.8        0.8       ]
 [0.6432     0.6432     0.6432     0.6432     0.6432     0.6432
  0.6432     0.6432     0.736      0.736      0.736      0.736
  0.736      0.736      0.768      0.736      0.736      0.736
  0.768      0.768      0.768      0.768      0.768      0.672
  0.672      0.672      0.768      0.768      0.768      0.768
  0.8        0.8        0.768      0.8        0.8        0.8
  0.8        0.8        0.8       ]
 [0.6932     0.42621109 0.6932     0.61380927 0.66855253 0.62514825
  0.6932     0.6932     0.63668029 0.63529034 0.66824211 0.66992447
  0.6604006  0.67179985 0.7655976  0.78346009 0.78436263 0.786
  0.818      0.818      0.818      0.818      0.818      0.722
  0.7090641  0.70592977 0.818      0.818      0.818      0.818
  0.85       0.85       0.818      0.85       0.85       0.85
  0.85       0.85       0.85      ]
 [0.6932     0.42621109 0.6932     0.61380927 0.66855253 0.62514825
  0.6932     0.6932     0.63668029 0.63529034 0.66824211 0.66992447
  0.6604006  0.67179985 0.7655976  0.78346009 0.78436263 0.786
  0.818      0.818      0.818      0.818      0.818      0.722
  0.7090641  0.70592977 0.818      0.818      0.818      0.818
  0.85       0.85       0.818      0.85       0.85       0.85
  0.85       0.85       0.85      ]
 [0.6932     0.42621109 0.6932     0.61380927 0.66855253 0.62514825
  0.6932     0.6932     0.63668029 0.63529034 0.66824211 0.66992447
  0.6604006  0.67179985 0.7655976  0.78346009 0.78436263 0.786
  0.818      0.818      0.818      0.818      0.818      0.722
  0.7090641  0.70592977 0.818      0.818      0.818      0.818
  0.85       0.85       0.818      0.85       0.85       0.85
  0.85       0.85       0.85      ]
 [0.6932     0.42621109 0.6932     0.61380927 0.66855253 0.62514825
  0.6932     0.6932     0.63668029 0.63529034 0.66824211 0.66992447
  0.6604006  0.67179985 0.7655976  0.78346009 0.78436263 0.786
  0.818      0.818      0.818      0.818      0.818      0.722
  0.7090641  0.70592977 0.818      0.818      0.818      0.818
  0.85       0.85       0.818      0.85       0.85       0.85
  0.85       0.85       0.85      ]
 [0.6932     0.42621109 0.6932     0.61380927 0.66855253 0.62514825
  0.6932     0.6932     0.63668029 0.63529034 0.66824211 0.66992447
  0.6604006  0.67179985 0.7655976  0.78346009 0.78436263 0.786
  0.818      0.818      0.818      0.818      0.818      0.722
  0.7090641  0.70592977 0.818      0.818      0.818      0.818
  0.85       0.85       0.818      0.85       0.85       0.85
  0.85       0.85       0.85      ]
 [0.6932     0.42621109 0.6932     0.61380927 0.66855253 0.62514825
  0.6932     0.6932     0.63668029 0.63529034 0.66824211 0.66992447
  0.6604006  0.67179985 0.7655976  0.78346009 0.78436263 0.786
  0.818      0.818      0.818      0.818      0.818      0.722
  0.7090641  0.70592977 0.818      0.818      0.818      0.818
  0.85       0.85       0.818      0.85       0.85       0.85
  0.85       0.85       0.85      ]
 [0.6932     0.64145055 0.6932     0.6932     0.6932     0.6932
  0.6932     0.6932     0.786      0.786      0.786      0.786
  0.786      0.786      0.53282486 0.68792418 0.68904198 0.786
  0.818      0.71319506 0.71159218 0.71100098 0.7632464  0.722
  0.722      0.722      0.81494484 0.78586124 0.818      0.818
  0.79652796 0.79857876 0.818      0.80093893 0.85       0.79446207
  0.85       0.85       0.85      ]
 [0.6932     0.64145055 0.6932     0.6932     0.6932     0.6932
  0.6932     0.6932     0.786      0.786      0.786      0.786
  0.786      0.786      0.53282486 0.68792418 0.68904198 0.786
  0.818      0.71319506 0.71159218 0.71100098 0.7632464  0.722
  0.722      0.722      0.81494484 0.78586124 0.818      0.818
  0.79652796 0.79857876 0.818      0.80093893 0.85       0.79446207
  0.85       0.85       0.85      ]
 [0.6932     0.64145055 0.6932     0.6932     0.6932     0.6932
  0.6932     0.6932     0.786      0.786      0.786      0.786
  0.786      0.786      0.53282486 0.68792418 0.68904198 0.786
  0.818      0.71319506 0.71159218 0.71100098 0.7632464  0.722
  0.722      0.722      0.81494484 0.78586124 0.818      0.818
  0.79652796 0.79857876 0.818      0.80093893 0.85       0.79446207
  0.85       0.85       0.85      ]
 [0.6932     0.64145055 0.6932     0.6932     0.6932     0.6932
  0.6932     0.6932     0.786      0.786      0.786      0.786
  0.786      0.786      0.53282486 0.68792418 0.68904198 0.786
  0.818      0.71319506 0.71159218 0.71100098 0.7632464  0.722
  0.722      0.722      0.81494484 0.78586124 0.818      0.818
  0.79652796 0.79857876 0.818      0.80093893 0.85       0.79446207
  0.85       0.85       0.85      ]
 [0.6932     0.64145055 0.6932     0.6932     0.6932     0.6932
  0.6932     0.6932     0.786      0.786      0.786      0.786
  0.786      0.786      0.53282486 0.68792418 0.68904198 0.786
  0.818      0.71319506 0.71159218 0.71100098 0.7632464  0.722
  0.722      0.722      0.81494484 0.78586124 0.818      0.818
  0.79652796 0.79857876 0.818      0.80093893 0.85       0.79446207
  0.85       0.85       0.85      ]
 [0.6932     0.64145055 0.6932     0.6932     0.6932     0.6932
  0.6932     0.6932     0.786      0.786      0.786      0.786
  0.786      0.786      0.53282486 0.68792418 0.68904198 0.786
  0.818      0.71319506 0.71159218 0.71100098 0.7632464  0.722
  0.722      0.722      0.81494484 0.78586124 0.818      0.818
  0.79652796 0.79857876 0.818      0.80093893 0.85       0.79446207
  0.85       0.85       0.85      ]
 [0.61105353 0.16447129 0.6116344  0.31661132 0.36414807 0.3226882
  0.50905212 0.53168901 0.39819933 0.39458864 0.4673961  0.47156276
  0.45913287 0.47779435 0.818      0.786      0.786      0.786
  0.71761452 0.60353584 0.60008189 0.59466206 0.65133831 0.51334798
  0.442668   0.43783168 0.76576308 0.818      0.71896768 0.818
  0.85       0.85       0.818      0.85       0.85       0.85
  0.85       0.85       0.85      ]
 [0.61105353 0.16447129 0.6116344  0.31661132 0.36414807 0.3226882
  0.50905212 0.53168901 0.39819933 0.39458864 0.4673961  0.47156276
  0.45913287 0.47779435 0.818      0.786      0.786      0.786
  0.71761452 0.60353584 0.60008189 0.59466206 0.65133831 0.51334798
  0.442668   0.43783168 0.76576308 0.818      0.71896768 0.818
  0.85       0.85       0.818      0.85       0.85       0.85
  0.85       0.85       0.85      ]
 [0.61105353 0.16447129 0.6116344  0.31661132 0.36414807 0.3226882
  0.50905212 0.53168901 0.39819933 0.39458864 0.4673961  0.47156276
  0.45913287 0.47779435 0.818      0.786      0.786      0.786
  0.71761452 0.60353584 0.60008189 0.59466206 0.65133831 0.51334798
  0.442668   0.43783168 0.76576308 0.818      0.71896768 0.818
  0.85       0.85       0.818      0.85       0.85       0.85
  0.85       0.85       0.85      ]
 [0.61105353 0.16447129 0.6116344  0.31661132 0.36414807 0.3226882
  0.50905212 0.53168901 0.39819933 0.39458864 0.4673961  0.47156276
  0.45913287 0.47779435 0.818      0.786      0.786      0.786
  0.71761452 0.60353584 0.60008189 0.59466206 0.65133831 0.51334798
  0.442668   0.43783168 0.76576308 0.818      0.71896768 0.818
  0.85       0.85       0.818      0.85       0.85       0.85
  0.85       0.85       0.85      ]
 [0.61105353 0.16447129 0.6116344  0.31661132 0.36414807 0.3226882
  0.50905212 0.53168901 0.39819933 0.39458864 0.4673961  0.47156276
  0.45913287 0.47779435 0.818      0.786      0.786      0.786
  0.71761452 0.60353584 0.60008189 0.59466206 0.65133831 0.51334798
  0.442668   0.43783168 0.76576308 0.818      0.71896768 0.818
  0.85       0.85       0.818      0.85       0.85       0.85
  0.85       0.85       0.85      ]
 [0.61105353 0.16447129 0.6116344  0.31661132 0.36414807 0.3226882
  0.50905212 0.53168901 0.39819933 0.39458864 0.4673961  0.47156276
  0.45913287 0.47779435 0.818      0.786      0.786      0.786
  0.71761452 0.60353584 0.60008189 0.59466206 0.65133831 0.51334798
  0.442668   0.43783168 0.76576308 0.818      0.71896768 0.818
  0.85       0.85       0.818      0.85       0.85       0.85
  0.85       0.85       0.85      ]
 [0.6932     0.28150119 0.6932     0.36840898 0.39401279 0.36120782
  0.55134365 0.61642301 0.53071484 0.52519716 0.62675975 0.63247809
  0.61896895 0.64147711 0.78620333 0.786      0.786      0.786
  0.66502687 0.52212657 0.51919124 0.51547462 0.57602793 0.63246084
  0.53379632 0.52739737 0.67768764 0.79759078 0.818      0.818
  0.85       0.85       0.818      0.85       0.85       0.85
  0.85       0.85       0.85      ]
 [0.6932     0.28150119 0.6932     0.36840898 0.39401279 0.36120782
  0.55134365 0.61642301 0.53071484 0.52519716 0.62675975 0.63247809
  0.61896895 0.64147711 0.78620333 0.786      0.786      0.786
  0.66502687 0.52212657 0.51919124 0.51547462 0.57602793 0.63246084
  0.53379632 0.52739737 0.67768764 0.79759078 0.818      0.818
  0.85       0.85       0.818      0.85       0.85       0.85
  0.85       0.85       0.85      ]
 [0.6932     0.28150119 0.6932     0.36840898 0.39401279 0.36120782
  0.55134365 0.61642301 0.53071484 0.52519716 0.62675975 0.63247809
  0.61896895 0.64147711 0.78620333 0.786      0.786      0.786
  0.66502687 0.52212657 0.51919124 0.51547462 0.57602793 0.63246084
  0.53379632 0.52739737 0.67768764 0.79759078 0.818      0.818
  0.85       0.85       0.818      0.85       0.85       0.85
  0.85       0.85       0.85      ]
 [0.6932     0.28150119 0.6932     0.36840898 0.39401279 0.36120782
  0.55134365 0.61642301 0.53071484 0.52519716 0.62675975 0.63247809
  0.61896895 0.64147711 0.78620333 0.786      0.786      0.786
  0.66502687 0.52212657 0.51919124 0.51547462 0.57602793 0.63246084
  0.53379632 0.52739737 0.67768764 0.79759078 0.818      0.818
  0.85       0.85       0.818      0.85       0.85       0.85
  0.85       0.85       0.85      ]
 [0.6932     0.28150119 0.6932     0.36840898 0.39401279 0.36120782
  0.55134365 0.61642301 0.53071484 0.52519716 0.62675975 0.63247809
  0.61896895 0.64147711 0.78620333 0.786      0.786      0.786
  0.66502687 0.52212657 0.51919124 0.51547462 0.57602793 0.63246084
  0.53379632 0.52739737 0.67768764 0.79759078 0.818      0.818
  0.85       0.85       0.818      0.85       0.85       0.85
  0.85       0.85       0.85      ]
 [0.6932     0.28150119 0.6932     0.36840898 0.39401279 0.36120782
  0.55134365 0.61642301 0.53071484 0.52519716 0.62675975 0.63247809
  0.61896895 0.64147711 0.78620333 0.786      0.786      0.786
  0.66502687 0.52212657 0.51919124 0.51547462 0.57602793 0.63246084
  0.53379632 0.52739737 0.67768764 0.79759078 0.818      0.818
  0.85       0.85       0.818      0.85       0.85       0.85
  0.85       0.85       0.85      ]
 [0.6932     0.41341277 0.6932     0.42227709 0.42225012 0.4020381
  0.56878087 0.66640456 0.66655907 0.6593906  0.78422666 0.786
  0.77802203 0.786      0.53990345 0.78451791 0.78542953 0.786
  0.59408335 0.4443223  0.442145   0.44031621 0.4976393  0.722
  0.6127462  0.60556011 0.57489275 0.62843217 0.818      0.818
  0.69640994 0.69553964 0.818      0.69459801 0.85       0.69720464
  0.85       0.85       0.85      ]
 [0.6932     0.41341277 0.6932     0.42227709 0.42225012 0.4020381
  0.56878087 0.66640456 0.66655907 0.6593906  0.78422666 0.786
  0.77802203 0.786      0.53990345 0.78451791 0.78542953 0.786
  0.59408335 0.4443223  0.442145   0.44031621 0.4976393  0.722
  0.6127462  0.60556011 0.57489275 0.62843217 0.818      0.818
  0.69640994 0.69553964 0.818      0.69459801 0.85       0.69720464
  0.85       0.85       0.85      ]
 [0.6932     0.41341277 0.6932     0.42227709 0.42225012 0.4020381
  0.56878087 0.66640456 0.66655907 0.6593906  0.78422666 0.786
  0.77802203 0.786      0.53990345 0.78451791 0.78542953 0.786
  0.59408335 0.4443223  0.442145   0.44031621 0.4976393  0.722
  0.6127462  0.60556011 0.57489275 0.62843217 0.818      0.818
  0.69640994 0.69553964 0.818      0.69459801 0.85       0.69720464
  0.85       0.85       0.85      ]
 [0.6932     0.41341277 0.6932     0.42227709 0.42225012 0.4020381
  0.56878087 0.66640456 0.66655907 0.6593906  0.78422666 0.786
  0.77802203 0.786      0.53990345 0.78451791 0.78542953 0.786
  0.59408335 0.4443223  0.442145   0.44031621 0.4976393  0.722
  0.6127462  0.60556011 0.57489275 0.62843217 0.818      0.818
  0.69640994 0.69553964 0.818      0.69459801 0.85       0.69720464
  0.85       0.85       0.85      ]
 [0.6932     0.41341277 0.6932     0.42227709 0.42225012 0.4020381
  0.56878087 0.66640456 0.66655907 0.6593906  0.78422666 0.786
  0.77802203 0.786      0.53990345 0.78451791 0.78542953 0.786
  0.59408335 0.4443223  0.442145   0.44031621 0.4976393  0.722
  0.6127462  0.60556011 0.57489275 0.62843217 0.818      0.818
  0.69640994 0.69553964 0.818      0.69459801 0.85       0.69720464
  0.85       0.85       0.85      ]
 [0.6932     0.41341277 0.6932     0.42227709 0.42225012 0.4020381
  0.56878087 0.66640456 0.66655907 0.6593906  0.78422666 0.786
  0.77802203 0.786      0.53990345 0.78451791 0.78542953 0.786
  0.59408335 0.4443223  0.442145   0.44031621 0.4976393  0.722
  0.6127462  0.60556011 0.57489275 0.62843217 0.818      0.818
  0.69640994 0.69553964 0.818      0.69459801 0.85       0.69720464
  0.85       0.85       0.85      ]]","[[1. 1. 1. 1. 1. 1. 1. 1. 1. 1. 1. 1. 1. 1. 1. 1. 1. 1. 1. 1. 1. 1. 1. 1.
  1. 1. 1. 1. 1. 1. 1. 1. 1. 1. 1. 1. 1. 1. 1.]
 [1. 1. 1. 1. 1. 1. 1. 1. 1. 1. 1. 1. 1. 1. 1. 1. 1. 1. 1. 1. 1. 1. 1. 1.
  1. 1. 1. 1. 1. 1. 1. 1. 1. 1. 1. 1. 1. 1. 1.]
 [1. 1. 1. 1. 1. 1. 1. 1. 1. 1. 1. 1. 1. 1. 1. 1. 1. 1. 1. 1. 1. 1. 1. 1.
  1. 1. 1. 1. 1. 1. 1. 1. 1. 1. 1. 1. 1. 1. 1.]
 [1. 1. 1. 1. 1. 1. 1. 1. 1. 1. 1. 1. 1. 1. 1. 1. 1. 1. 1. 1. 1. 1. 1. 1.
  1. 1. 1. 1. 1. 1. 1. 1. 1. 1. 1. 1. 1. 1. 1.]
 [1. 1. 1. 1. 1. 1. 1. 1. 1. 1. 1. 1. 1. 1. 1. 1. 1. 1. 1. 1. 1. 1. 1. 1.
  1. 1. 1. 1. 1. 1. 1. 1. 1. 1. 1. 1. 1. 1. 1.]
 [1. 1. 1. 1. 1. 1. 1. 1. 1. 1. 1. 1. 1. 1. 1. 1. 1. 1. 1. 1. 1. 1. 1. 1.
  1. 1. 1. 1. 1. 1. 1. 1. 1. 1. 1. 1. 1. 1. 1.]
 [1. 1. 1. 1. 1. 1. 1. 1. 1. 1. 1. 1. 1. 1. 1. 1. 1. 1. 1. 1. 1. 1. 1. 1.
  1. 1. 1. 1. 1. 1. 1. 1. 1. 1. 1. 1. 1. 1. 1.]
 [1. 1. 1. 1. 1. 1. 1. 1. 1. 1. 1. 1. 1. 1. 1. 1. 1. 1. 1. 1. 1. 1. 1. 1.
  1. 1. 1. 1. 1. 1. 1. 1. 1. 1. 1. 1. 1. 1. 1.]
 [1. 1. 1. 1. 1. 1. 1. 1. 1. 1. 1. 1. 1. 1. 1. 1. 1. 1. 1. 1. 1. 1. 1. 1.
  1. 1. 1. 1. 1. 1. 1. 1. 1. 1. 1. 1. 1. 1. 1.]
 [1. 1. 1. 1. 1. 1. 1. 1. 1. 1. 1. 1. 1. 1. 1. 1. 1. 1. 1. 1. 1. 1. 1. 1.
  1. 1. 1. 1. 1. 1. 1. 1. 1. 1. 1. 1. 1. 1. 1.]
 [1. 1. 1. 1. 1. 1. 1. 1. 1. 1. 1. 1. 1. 1. 1. 1. 1. 1. 1. 1. 1. 1. 1. 1.
  1. 1. 1. 1. 1. 1. 1. 1. 1. 1. 1. 1. 1. 1. 1.]
 [1. 1. 1. 1. 1. 1. 1. 1. 1. 1. 1. 1. 1. 1. 1. 1. 1. 1. 1. 1. 1. 1. 1. 1.
  1. 1. 1. 1. 1. 1. 1. 1. 1. 1. 1. 1. 1. 1. 1.]
 [1. 1. 1. 1. 1. 1. 1. 1. 1. 1. 1. 1. 1. 1. 1. 1. 1. 1. 1. 1. 1. 1. 1. 1.
  1. 1. 1. 1. 1. 1. 1. 1. 1. 1. 1. 1. 1. 1. 1.]
 [1. 1. 1. 1. 1. 1. 1. 1. 1. 1. 1. 1. 1. 1. 1. 1. 1. 1. 1. 1. 1. 1. 1. 1.
  1. 1. 1. 1. 1. 1. 1. 1. 1. 1. 1. 1. 1. 1. 1.]
 [1. 1. 1. 1. 1. 1. 1. 1. 1. 1. 1. 1. 1. 1. 1. 1. 1. 1. 1. 1. 1. 1. 1. 1.
  1. 1. 1. 1. 1. 1. 1. 1. 1. 1. 1. 1. 1. 1. 1.]
 [1. 1. 1. 1. 1. 1. 1. 1. 1. 1. 1. 1. 1. 1. 0. 1. 1. 1. 1. 1. 1. 1. 1. 1.
  1. 1. 1. 1. 0. 1. 1. 1. 1. 1. 1. 1. 1. 1. 1.]
 [1. 1. 1. 1. 1. 1. 1. 1. 1. 1. 1. 1. 1. 1. 0. 1. 1. 1. 1. 1. 1. 1. 1. 1.
  1. 1. 1. 1. 0. 1. 1. 1. 1. 1. 1. 1. 1. 1. 1.]
 [1. 1. 1. 1. 1. 1. 1. 1. 1. 1. 1. 1. 1. 1. 0. 1. 1. 1. 1. 1. 1. 1. 1. 1.
  1. 1. 1. 1. 0. 1. 1. 1. 1. 1. 1. 1. 1. 1. 1.]
 [1. 1. 1. 1. 1. 1. 1. 1. 1. 1. 1. 1. 1. 1. 0. 1. 1. 1. 1. 1. 1. 1. 1. 1.
  1. 1. 1. 1. 0. 1. 1. 1. 1. 1. 1. 1. 1. 1. 1.]
 [1. 1. 1. 1. 1. 1. 1. 1. 1. 1. 1. 1. 1. 1. 0. 1. 1. 1. 1. 1. 1. 1. 1. 1.
  1. 1. 1. 1. 0. 1. 1. 1. 1. 1. 1. 1. 1. 1. 1.]
 [1. 1. 1. 1. 1. 1. 1. 1. 1. 1. 1. 1. 1. 1. 0. 1. 1. 1. 1. 1. 1. 1. 1. 1.
  1. 1. 1. 1. 0. 1. 1. 1. 1. 1. 1. 1. 1. 1. 1.]
 [1. 0. 1. 0. 0. 0. 1. 1. 0. 0. 1. 1. 0. 1. 1. 1. 1. 1. 1. 1. 1. 1. 1. 1.
  1. 1. 1. 1. 1. 1. 1. 1. 1. 1. 1. 1. 1. 1. 1.]
 [1. 0. 1. 0. 0. 0. 1. 1. 0. 0. 1. 1. 0. 1. 1. 1. 1. 1. 1. 1. 1. 1. 1. 1.
  1. 1. 1. 1. 1. 1. 1. 1. 1. 1. 1. 1. 1. 1. 1.]
 [1. 0. 1. 0. 0. 0. 1. 1. 0. 0. 1. 1. 0. 1. 1. 1. 1. 1. 1. 1. 1. 1. 1. 1.
  1. 1. 1. 1. 1. 1. 1. 1. 1. 1. 1. 1. 1. 1. 1.]
 [1. 0. 1. 0. 0. 0. 1. 1. 0. 0. 1. 1. 0. 1. 1. 1. 1. 1. 1. 1. 1. 1. 1. 1.
  1. 1. 1. 1. 1. 1. 1. 1. 1. 1. 1. 1. 1. 1. 1.]
 [1. 0. 1. 0. 0. 0. 1. 1. 0. 0. 1. 1. 0. 1. 1. 1. 1. 1. 1. 1. 1. 1. 1. 1.
  1. 1. 1. 1. 1. 1. 1. 1. 1. 1. 1. 1. 1. 1. 1.]
 [1. 0. 1. 0. 0. 0. 1. 1. 0. 0. 1. 1. 0. 1. 1. 1. 1. 1. 1. 1. 1. 1. 1. 1.
  1. 1. 1. 1. 1. 1. 1. 1. 1. 1. 1. 1. 1. 1. 1.]
 [1. 0. 1. 0. 0. 0. 1. 1. 1. 1. 1. 1. 1. 1. 1. 1. 1. 1. 1. 1. 1. 1. 1. 1.
  1. 1. 1. 1. 1. 1. 1. 1. 1. 1. 1. 1. 1. 1. 1.]
 [1. 0. 1. 0. 0. 0. 1. 1. 1. 1. 1. 1. 1. 1. 1. 1. 1. 1. 1. 1. 1. 1. 1. 1.
  1. 1. 1. 1. 1. 1. 1. 1. 1. 1. 1. 1. 1. 1. 1.]
 [1. 0. 1. 0. 0. 0. 1. 1. 1. 1. 1. 1. 1. 1. 1. 1. 1. 1. 1. 1. 1. 1. 1. 1.
  1. 1. 1. 1. 1. 1. 1. 1. 1. 1. 1. 1. 1. 1. 1.]
 [1. 0. 1. 0. 0. 0. 1. 1. 1. 1. 1. 1. 1. 1. 1. 1. 1. 1. 1. 1. 1. 1. 1. 1.
  1. 1. 1. 1. 1. 1. 1. 1. 1. 1. 1. 1. 1. 1. 1.]
 [1. 0. 1. 0. 0. 0. 1. 1. 1. 1. 1. 1. 1. 1. 1. 1. 1. 1. 1. 1. 1. 1. 1. 1.
  1. 1. 1. 1. 1. 1. 1. 1. 1. 1. 1. 1. 1. 1. 1.]
 [1. 0. 1. 0. 0. 0. 1. 1. 1. 1. 1. 1. 1. 1. 1. 1. 1. 1. 1. 1. 1. 1. 1. 1.
  1. 1. 1. 1. 1. 1. 1. 1. 1. 1. 1. 1. 1. 1. 1.]
 [1. 1. 1. 1. 1. 1. 1. 1. 1. 1. 1. 1. 1. 1. 1. 1. 1. 1. 1. 1. 1. 1. 1. 1.
  1. 1. 1. 1. 1. 1. 1. 1. 1. 1. 1. 1. 1. 1. 1.]
 [1. 1. 1. 1. 1. 1. 1. 1. 1. 1. 1. 1. 1. 1. 1. 1. 1. 1. 1. 1. 1. 1. 1. 1.
  1. 1. 1. 1. 1. 1. 1. 1. 1. 1. 1. 1. 1. 1. 1.]
 [1. 1. 1. 1. 1. 1. 1. 1. 1. 1. 1. 1. 1. 1. 1. 1. 1. 1. 1. 1. 1. 1. 1. 1.
  1. 1. 1. 1. 1. 1. 1. 1. 1. 1. 1. 1. 1. 1. 1.]
 [1. 1. 1. 1. 1. 1. 1. 1. 1. 1. 1. 1. 1. 1. 1. 1. 1. 1. 1. 1. 1. 1. 1. 1.
  1. 1. 1. 1. 1. 1. 1. 1. 1. 1. 1. 1. 1. 1. 1.]
 [1. 1. 1. 1. 1. 1. 1. 1. 1. 1. 1. 1. 1. 1. 1. 1. 1. 1. 1. 1. 1. 1. 1. 1.
  1. 1. 1. 1. 1. 1. 1. 1. 1. 1. 1. 1. 1. 1. 1.]
 [1. 1. 1. 1. 1. 1. 1. 1. 1. 1. 1. 1. 1. 1. 1. 1. 1. 1. 1. 1. 1. 1. 1. 1.
  1. 1. 1. 1. 1. 1. 1. 1. 1. 1. 1. 1. 1. 1. 1.]]","[[1.         0.         0.        ]
 [1.         0.         0.        ]
 [1.         0.         0.        ]
 [1.         0.         0.        ]
 [1.         0.         0.        ]
 [1.         0.         0.        ]
 [1.         0.         0.        ]
 [1.         0.         0.        ]
 [0.         0.         0.83629452]
 [0.         0.         0.83629452]
 [0.         0.         0.83629452]
 [0.         0.         0.83629452]
 [0.         0.         0.83629452]
 [0.         0.         0.83629452]
 [1.         0.         0.        ]
 [0.         0.         0.2       ]
 [0.         0.         0.2       ]
 [0.         0.         0.2       ]
 [1.         0.         0.        ]
 [1.         0.         0.        ]
 [1.         0.         0.        ]
 [1.         0.         0.        ]
 [1.         0.         0.        ]
 [0.23182635 0.         0.        ]
 [0.23182635 0.         0.        ]
 [0.23182635 0.         0.        ]
 [1.         0.         0.        ]
 [0.61488563 0.         0.        ]
 [0.         0.61488563 0.        ]
 [0.         0.61488563 0.        ]
 [0.22       0.         0.        ]
 [0.22       0.         0.        ]
 [0.         0.61488563 0.        ]
 [0.22       0.         0.        ]
 [0.22       0.         0.        ]
 [0.22       0.         0.        ]
 [0.22       0.         0.        ]
 [0.22       0.         0.        ]
 [0.22       0.         0.        ]]",[[80 85 90]],0.7839,4.912692070007324
43,43,"[[0.3024662  0.3024662  0.3024662  0.30246626 0.3024662  0.3024662
  0.3024662  0.3024662  0.30246622 0.3024662  0.3024662  0.1837961
  0.1837961  0.1837961  0.1837961  0.334901   0.08147719 0.08147719
  0.08147719 1.         1.         1.         1.         1.
  0.1916622  0.1916622  0.1916622  1.         0.3239257  0.32349994
  0.30033342 0.20630506 0.20635375 0.3097926  0.20636174 0.20705605
  0.20625946 0.2070598  0.20706314 0.20706001 0.06126834 0.05740335
  0.06180863]]","[[0.6432     0.6432     0.6432     0.6432     0.6432     0.6432
  0.6432     0.6432     0.6432     0.6432     0.6432     0.736
  0.736      0.736      0.736      0.768      0.736      0.736
  0.736      0.768      0.768      0.768      0.768      0.768
  0.672      0.672      0.672      0.768      0.768      0.768
  0.768      0.8        0.8        0.768      0.8        0.8
  0.8        0.8        0.8        0.8        0.8        0.8
  0.8       ]
 [0.6432     0.6432     0.6432     0.6432     0.6432     0.6432
  0.6432     0.6432     0.6432     0.6432     0.6432     0.736
  0.736      0.736      0.736      0.768      0.736      0.736
  0.736      0.768      0.768      0.768      0.768      0.768
  0.672      0.672      0.672      0.768      0.768      0.768
  0.768      0.8        0.8        0.768      0.8        0.8
  0.8        0.8        0.8        0.8        0.8        0.8
  0.8       ]
 [0.6432     0.6432     0.6432     0.6432     0.6432     0.6432
  0.6432     0.6432     0.6432     0.6432     0.6432     0.736
  0.736      0.736      0.736      0.768      0.736      0.736
  0.736      0.768      0.768      0.768      0.768      0.768
  0.672      0.672      0.672      0.768      0.768      0.768
  0.768      0.8        0.8        0.768      0.8        0.8
  0.8        0.8        0.8        0.8        0.8        0.8
  0.8       ]
 [0.6432     0.6432     0.6432     0.6432     0.6432     0.6432
  0.6432     0.6432     0.6432     0.6432     0.6432     0.736
  0.736      0.736      0.736      0.768      0.736      0.736
  0.736      0.768      0.768      0.768      0.768      0.768
  0.672      0.672      0.672      0.768      0.768      0.768
  0.768      0.8        0.8        0.768      0.8        0.8
  0.8        0.8        0.8        0.8        0.8        0.8
  0.8       ]
 [0.6432     0.6432     0.6432     0.6432     0.6432     0.6432
  0.6432     0.6432     0.6432     0.6432     0.6432     0.736
  0.736      0.736      0.736      0.768      0.736      0.736
  0.736      0.768      0.768      0.768      0.768      0.768
  0.672      0.672      0.672      0.768      0.768      0.768
  0.768      0.8        0.8        0.768      0.8        0.8
  0.8        0.8        0.8        0.8        0.8        0.8
  0.8       ]
 [0.6432     0.6432     0.6432     0.6432     0.6432     0.6432
  0.6432     0.6432     0.6432     0.6432     0.6432     0.736
  0.736      0.736      0.736      0.768      0.736      0.736
  0.736      0.768      0.768      0.768      0.768      0.768
  0.672      0.672      0.672      0.768      0.768      0.768
  0.768      0.8        0.8        0.768      0.8        0.8
  0.8        0.8        0.8        0.8        0.8        0.8
  0.8       ]
 [0.6432     0.6432     0.6432     0.6432     0.6432     0.6432
  0.6432     0.6432     0.6432     0.6432     0.6432     0.736
  0.736      0.736      0.736      0.768      0.736      0.736
  0.736      0.768      0.768      0.768      0.768      0.768
  0.672      0.672      0.672      0.768      0.768      0.768
  0.768      0.8        0.8        0.768      0.8        0.8
  0.8        0.8        0.8        0.8        0.8        0.8
  0.8       ]
 [0.6432     0.6432     0.6432     0.6432     0.6432     0.6432
  0.6432     0.6432     0.6432     0.6432     0.6432     0.736
  0.736      0.736      0.736      0.768      0.736      0.736
  0.736      0.768      0.768      0.768      0.768      0.768
  0.672      0.672      0.672      0.768      0.768      0.768
  0.768      0.8        0.8        0.768      0.8        0.8
  0.8        0.8        0.8        0.8        0.8        0.8
  0.8       ]
 [0.6432     0.6432     0.6432     0.6432     0.6432     0.6432
  0.6432     0.6432     0.6432     0.6432     0.6432     0.736
  0.736      0.736      0.736      0.768      0.736      0.736
  0.736      0.768      0.768      0.768      0.768      0.768
  0.672      0.672      0.672      0.768      0.768      0.768
  0.768      0.8        0.8        0.768      0.8        0.8
  0.8        0.8        0.8        0.8        0.8        0.8
  0.8       ]
 [0.59748224 0.51940056 0.59603363 0.6932     0.6932     0.6932
  0.6932     0.6932     0.6932     0.6932     0.6932     0.61891811
  0.62266933 0.61266628 0.62835276 0.74998373 0.786      0.786
  0.786      0.818      0.818      0.818      0.818      0.818
  0.7076104  0.722      0.722      0.818      0.818      0.818
  0.818      0.85       0.85       0.818      0.85       0.85
  0.85       0.85       0.85       0.85       0.85       0.85
  0.85      ]
 [0.59748224 0.51940056 0.59603363 0.6932     0.6932     0.6932
  0.6932     0.6932     0.6932     0.6932     0.6932     0.61891811
  0.62266933 0.61266628 0.62835276 0.74998373 0.786      0.786
  0.786      0.818      0.818      0.818      0.818      0.818
  0.7076104  0.722      0.722      0.818      0.818      0.818
  0.818      0.85       0.85       0.818      0.85       0.85
  0.85       0.85       0.85       0.85       0.85       0.85
  0.85      ]
 [0.59748224 0.51940056 0.59603363 0.6932     0.6932     0.6932
  0.6932     0.6932     0.6932     0.6932     0.6932     0.61891811
  0.62266933 0.61266628 0.62835276 0.74998373 0.786      0.786
  0.786      0.818      0.818      0.818      0.818      0.818
  0.7076104  0.722      0.722      0.818      0.818      0.818
  0.818      0.85       0.85       0.818      0.85       0.85
  0.85       0.85       0.85       0.85       0.85       0.85
  0.85      ]
 [0.59748224 0.51940056 0.59603363 0.6932     0.6932     0.6932
  0.6932     0.6932     0.6932     0.6932     0.6932     0.61891811
  0.62266933 0.61266628 0.62835276 0.74998373 0.786      0.786
  0.786      0.818      0.818      0.818      0.818      0.818
  0.7076104  0.722      0.722      0.818      0.818      0.818
  0.818      0.85       0.85       0.818      0.85       0.85
  0.85       0.85       0.85       0.85       0.85       0.85
  0.85      ]
 [0.59748224 0.51940056 0.59603363 0.6932     0.6932     0.6932
  0.6932     0.6932     0.6932     0.6932     0.6932     0.61891811
  0.62266933 0.61266628 0.62835276 0.74998373 0.786      0.786
  0.786      0.818      0.818      0.818      0.818      0.818
  0.7076104  0.722      0.722      0.818      0.818      0.818
  0.818      0.85       0.85       0.818      0.85       0.85
  0.85       0.85       0.85       0.85       0.85       0.85
  0.85      ]
 [0.59748224 0.51940056 0.59603363 0.6932     0.6932     0.6932
  0.6932     0.6932     0.6932     0.6932     0.6932     0.61891811
  0.62266933 0.61266628 0.62835276 0.74998373 0.786      0.786
  0.786      0.818      0.818      0.818      0.818      0.818
  0.7076104  0.722      0.722      0.818      0.818      0.818
  0.818      0.85       0.85       0.818      0.85       0.85
  0.85       0.85       0.85       0.85       0.85       0.85
  0.85      ]
 [0.6932     0.6932     0.6932     0.6932     0.6932     0.6932
  0.6932     0.6932     0.6932     0.6932     0.6932     0.786
  0.786      0.786      0.786      0.53098348 0.74825396 0.74828707
  0.786      0.818      0.818      0.818      0.818      0.818
  0.722      0.722      0.722      0.72953769 0.67437093 0.818
  0.80412605 0.83083359 0.83048262 0.818      0.83007814 0.85
  0.83110545 0.85       0.85       0.85       0.85       0.85
  0.85      ]
 [0.6932     0.6932     0.6932     0.6932     0.6932     0.6932
  0.6932     0.6932     0.6932     0.6932     0.6932     0.786
  0.786      0.786      0.786      0.53098348 0.74825396 0.74828707
  0.786      0.818      0.818      0.818      0.818      0.818
  0.722      0.722      0.722      0.72953769 0.67437093 0.818
  0.80412605 0.83083359 0.83048262 0.818      0.83007814 0.85
  0.83110545 0.85       0.85       0.85       0.85       0.85
  0.85      ]
 [0.6932     0.6932     0.6932     0.6932     0.6932     0.6932
  0.6932     0.6932     0.6932     0.6932     0.6932     0.786
  0.786      0.786      0.786      0.53098348 0.74825396 0.74828707
  0.786      0.818      0.818      0.818      0.818      0.818
  0.722      0.722      0.722      0.72953769 0.67437093 0.818
  0.80412605 0.83083359 0.83048262 0.818      0.83007814 0.85
  0.83110545 0.85       0.85       0.85       0.85       0.85
  0.85      ]
 [0.6932     0.6932     0.6932     0.6932     0.6932     0.6932
  0.6932     0.6932     0.6932     0.6932     0.6932     0.786
  0.786      0.786      0.786      0.53098348 0.74825396 0.74828707
  0.786      0.818      0.818      0.818      0.818      0.818
  0.722      0.722      0.722      0.72953769 0.67437093 0.818
  0.80412605 0.83083359 0.83048262 0.818      0.83007814 0.85
  0.83110545 0.85       0.85       0.85       0.85       0.85
  0.85      ]
 [0.6932     0.6932     0.6932     0.6932     0.6932     0.6932
  0.6932     0.6932     0.6932     0.6932     0.6932     0.786
  0.786      0.786      0.786      0.53098348 0.74825396 0.74828707
  0.786      0.818      0.818      0.818      0.818      0.818
  0.722      0.722      0.722      0.72953769 0.67437093 0.818
  0.80412605 0.83083359 0.83048262 0.818      0.83007814 0.85
  0.83110545 0.85       0.85       0.85       0.85       0.85
  0.85      ]
 [0.6932     0.6932     0.6932     0.6932     0.6932     0.6932
  0.6932     0.6932     0.6932     0.6932     0.6932     0.786
  0.786      0.786      0.786      0.53098348 0.74825396 0.74828707
  0.786      0.818      0.818      0.818      0.818      0.818
  0.722      0.722      0.722      0.72953769 0.67437093 0.818
  0.80412605 0.83083359 0.83048262 0.818      0.83007814 0.85
  0.83110545 0.85       0.85       0.85       0.85       0.85
  0.85      ]
 [0.63545075 0.31887421 0.63506441 0.5060921  0.58000744 0.4436255
  0.52209984 0.5208921  0.54113551 0.6932     0.6932     0.35801921
  0.3631229  0.35181358 0.37123436 0.818      0.786      0.786
  0.786      0.818      0.74569651 0.74238738 0.73697521 0.71281606
  0.61569766 0.58460226 0.58192492 0.59082676 0.818      0.81754009
  0.818      0.85       0.85       0.818      0.85       0.85
  0.85       0.85       0.85       0.85       0.85       0.85
  0.85      ]
 [0.63545075 0.31887421 0.63506441 0.5060921  0.58000744 0.4436255
  0.52209984 0.5208921  0.54113551 0.6932     0.6932     0.35801921
  0.3631229  0.35181358 0.37123436 0.818      0.786      0.786
  0.786      0.818      0.74569651 0.74238738 0.73697521 0.71281606
  0.61569766 0.58460226 0.58192492 0.59082676 0.818      0.81754009
  0.818      0.85       0.85       0.818      0.85       0.85
  0.85       0.85       0.85       0.85       0.85       0.85
  0.85      ]
 [0.63545075 0.31887421 0.63506441 0.5060921  0.58000744 0.4436255
  0.52209984 0.5208921  0.54113551 0.6932     0.6932     0.35801921
  0.3631229  0.35181358 0.37123436 0.818      0.786      0.786
  0.786      0.818      0.74569651 0.74238738 0.73697521 0.71281606
  0.61569766 0.58460226 0.58192492 0.59082676 0.818      0.81754009
  0.818      0.85       0.85       0.818      0.85       0.85
  0.85       0.85       0.85       0.85       0.85       0.85
  0.85      ]
 [0.63545075 0.31887421 0.63506441 0.5060921  0.58000744 0.4436255
  0.52209984 0.5208921  0.54113551 0.6932     0.6932     0.35801921
  0.3631229  0.35181358 0.37123436 0.818      0.786      0.786
  0.786      0.818      0.74569651 0.74238738 0.73697521 0.71281606
  0.61569766 0.58460226 0.58192492 0.59082676 0.818      0.81754009
  0.818      0.85       0.85       0.818      0.85       0.85
  0.85       0.85       0.85       0.85       0.85       0.85
  0.85      ]
 [0.63545075 0.31887421 0.63506441 0.5060921  0.58000744 0.4436255
  0.52209984 0.5208921  0.54113551 0.6932     0.6932     0.35801921
  0.3631229  0.35181358 0.37123436 0.818      0.786      0.786
  0.786      0.818      0.74569651 0.74238738 0.73697521 0.71281606
  0.61569766 0.58460226 0.58192492 0.59082676 0.818      0.81754009
  0.818      0.85       0.85       0.818      0.85       0.85
  0.85       0.85       0.85       0.85       0.85       0.85
  0.85      ]
 [0.63545075 0.31887421 0.63506441 0.5060921  0.58000744 0.4436255
  0.52209984 0.5208921  0.54113551 0.6932     0.6932     0.35801921
  0.3631229  0.35181358 0.37123436 0.818      0.786      0.786
  0.786      0.818      0.74569651 0.74238738 0.73697521 0.71281606
  0.61569766 0.58460226 0.58192492 0.59082676 0.818      0.81754009
  0.818      0.85       0.85       0.818      0.85       0.85
  0.85       0.85       0.85       0.85       0.85       0.85
  0.85      ]
 [0.6932     0.4835129  0.6932     0.60710013 0.64696089 0.50198624
  0.5160612  0.51475035 0.61385728 0.6932     0.6932     0.46952881
  0.4758493  0.46383265 0.48615845 0.80089416 0.786      0.786
  0.786      0.818      0.69307301 0.69001965 0.68592011 0.66216364
  0.722      0.722      0.722      0.52159849 0.70186945 0.818
  0.818      0.77344684 0.76932604 0.818      0.7646714  0.85
  0.77744825 0.85       0.85       0.85       0.85       0.85
  0.85      ]
 [0.6932     0.4835129  0.6932     0.60710013 0.64696089 0.50198624
  0.5160612  0.51475035 0.61385728 0.6932     0.6932     0.46952881
  0.4758493  0.46383265 0.48615845 0.80089416 0.786      0.786
  0.786      0.818      0.69307301 0.69001965 0.68592011 0.66216364
  0.722      0.722      0.722      0.52159849 0.70186945 0.818
  0.818      0.77344684 0.76932604 0.818      0.7646714  0.85
  0.77744825 0.85       0.85       0.85       0.85       0.85
  0.85      ]
 [0.6932     0.4835129  0.6932     0.60710013 0.64696089 0.50198624
  0.5160612  0.51475035 0.61385728 0.6932     0.6932     0.46952881
  0.4758493  0.46383265 0.48615845 0.80089416 0.786      0.786
  0.786      0.818      0.69307301 0.69001965 0.68592011 0.66216364
  0.722      0.722      0.722      0.52159849 0.70186945 0.818
  0.818      0.77344684 0.76932604 0.818      0.7646714  0.85
  0.77744825 0.85       0.85       0.85       0.85       0.85
  0.85      ]
 [0.6932     0.4835129  0.6932     0.60710013 0.64696089 0.50198624
  0.5160612  0.51475035 0.61385728 0.6932     0.6932     0.46952881
  0.4758493  0.46383265 0.48615845 0.80089416 0.786      0.786
  0.786      0.818      0.69307301 0.69001965 0.68592011 0.66216364
  0.722      0.722      0.722      0.52159849 0.70186945 0.818
  0.818      0.77344684 0.76932604 0.818      0.7646714  0.85
  0.77744825 0.85       0.85       0.85       0.85       0.85
  0.85      ]
 [0.6932     0.4835129  0.6932     0.60710013 0.64696089 0.50198624
  0.5160612  0.51475035 0.61385728 0.6932     0.6932     0.46952881
  0.4758493  0.46383265 0.48615845 0.80089416 0.786      0.786
  0.786      0.818      0.69307301 0.69001965 0.68592011 0.66216364
  0.722      0.722      0.722      0.52159849 0.70186945 0.818
  0.818      0.77344684 0.76932604 0.818      0.7646714  0.85
  0.77744825 0.85       0.85       0.85       0.85       0.85
  0.85      ]
 [0.6932     0.4835129  0.6932     0.60710013 0.64696089 0.50198624
  0.5160612  0.51475035 0.61385728 0.6932     0.6932     0.46952881
  0.4758493  0.46383265 0.48615845 0.80089416 0.786      0.786
  0.786      0.818      0.69307301 0.69001965 0.68592011 0.66216364
  0.722      0.722      0.722      0.52159849 0.70186945 0.818
  0.818      0.77344684 0.76932604 0.818      0.7646714  0.85
  0.77744825 0.85       0.85       0.85       0.85       0.85
  0.85      ]
 [0.6932     0.65329834 0.6932     0.67838854 0.669087   0.54512989
  0.49156601 0.49037163 0.65080757 0.6932     0.6932     0.58746011
  0.59453674 0.58287771 0.60631125 0.55384822 0.786      0.786
  0.786      0.78970922 0.61737598 0.6150761  0.61281922 0.59337155
  0.722      0.722      0.722      0.45469819 0.51899523 0.818
  0.76806546 0.63285212 0.63030501 0.75574992 0.62743936 0.85
  0.63530311 0.85       0.85       0.85       0.85       0.85
  0.85      ]
 [0.6932     0.65329834 0.6932     0.67838854 0.669087   0.54512989
  0.49156601 0.49037163 0.65080757 0.6932     0.6932     0.58746011
  0.59453674 0.58287771 0.60631125 0.55384822 0.786      0.786
  0.786      0.78970922 0.61737598 0.6150761  0.61281922 0.59337155
  0.722      0.722      0.722      0.45469819 0.51899523 0.818
  0.76806546 0.63285212 0.63030501 0.75574992 0.62743936 0.85
  0.63530311 0.85       0.85       0.85       0.85       0.85
  0.85      ]
 [0.6932     0.65329834 0.6932     0.67838854 0.669087   0.54512989
  0.49156601 0.49037163 0.65080757 0.6932     0.6932     0.58746011
  0.59453674 0.58287771 0.60631125 0.55384822 0.786      0.786
  0.786      0.78970922 0.61737598 0.6150761  0.61281922 0.59337155
  0.722      0.722      0.722      0.45469819 0.51899523 0.818
  0.76806546 0.63285212 0.63030501 0.75574992 0.62743936 0.85
  0.63530311 0.85       0.85       0.85       0.85       0.85
  0.85      ]
 [0.6932     0.65329834 0.6932     0.67838854 0.669087   0.54512989
  0.49156601 0.49037163 0.65080757 0.6932     0.6932     0.58746011
  0.59453674 0.58287771 0.60631125 0.55384822 0.786      0.786
  0.786      0.78970922 0.61737598 0.6150761  0.61281922 0.59337155
  0.722      0.722      0.722      0.45469819 0.51899523 0.818
  0.76806546 0.63285212 0.63030501 0.75574992 0.62743936 0.85
  0.63530311 0.85       0.85       0.85       0.85       0.85
  0.85      ]
 [0.6932     0.65329834 0.6932     0.67838854 0.669087   0.54512989
  0.49156601 0.49037163 0.65080757 0.6932     0.6932     0.58746011
  0.59453674 0.58287771 0.60631125 0.55384822 0.786      0.786
  0.786      0.78970922 0.61737598 0.6150761  0.61281922 0.59337155
  0.722      0.722      0.722      0.45469819 0.51899523 0.818
  0.76806546 0.63285212 0.63030501 0.75574992 0.62743936 0.85
  0.63530311 0.85       0.85       0.85       0.85       0.85
  0.85      ]
 [0.6932     0.65329834 0.6932     0.67838854 0.669087   0.54512989
  0.49156601 0.49037163 0.65080757 0.6932     0.6932     0.58746011
  0.59453674 0.58287771 0.60631125 0.55384822 0.786      0.786
  0.786      0.78970922 0.61737598 0.6150761  0.61281922 0.59337155
  0.722      0.722      0.722      0.45469819 0.51899523 0.818
  0.76806546 0.63285212 0.63030501 0.75574992 0.62743936 0.85
  0.63530311 0.85       0.85       0.85       0.85       0.85
  0.85      ]
 [0.2502118  0.42383903 0.24842462 0.64538261 0.6932     0.6932
  0.6932     0.6932     0.6932     0.5980685  0.50411653 0.6508285
  0.64964763 0.64644452 0.64693555 0.40686393 0.43924796 0.44004087
  0.49561737 0.818      0.818      0.818      0.818      0.818
  0.4301699  0.52176316 0.52728436 0.818      0.80839232 0.7529524
  0.61624717 0.85       0.85       0.74497148 0.85       0.7883572
  0.85       0.78634515 0.78456179 0.78622671 0.6139103  0.56611515
  0.58930511]
 [0.2502118  0.42383903 0.24842462 0.64538261 0.6932     0.6932
  0.6932     0.6932     0.6932     0.5980685  0.50411653 0.6508285
  0.64964763 0.64644452 0.64693555 0.40686393 0.43924796 0.44004087
  0.49561737 0.818      0.818      0.818      0.818      0.818
  0.4301699  0.52176316 0.52728436 0.818      0.80839232 0.7529524
  0.61624717 0.85       0.85       0.74497148 0.85       0.7883572
  0.85       0.78634515 0.78456179 0.78622671 0.6139103  0.56611515
  0.58930511]
 [0.2502118  0.42383903 0.24842462 0.64538261 0.6932     0.6932
  0.6932     0.6932     0.6932     0.5980685  0.50411653 0.6508285
  0.64964763 0.64644452 0.64693555 0.40686393 0.43924796 0.44004087
  0.49561737 0.818      0.818      0.818      0.818      0.818
  0.4301699  0.52176316 0.52728436 0.818      0.80839232 0.7529524
  0.61624717 0.85       0.85       0.74497148 0.85       0.7883572
  0.85       0.78634515 0.78456179 0.78622671 0.6139103  0.56611515
  0.58930511]
 [0.36988073 0.6932     0.36792436 0.6932     0.6932     0.6932
  0.6932     0.6932     0.6932     0.64147588 0.58257986 0.786
  0.786      0.786      0.786      0.16683634 0.3366729  0.33692312
  0.43619779 0.71878194 0.76929731 0.77113575 0.77569824 0.78596771
  0.60549408 0.71800993 0.722      0.76356335 0.4549621  0.78339201
  0.43935752 0.6354863  0.6389653  0.55276427 0.64293535 0.69686791
  0.63205103 0.69489636 0.69313881 0.69478535 0.58213981 0.51161943
  0.5465348 ]]","[[1. 1. 1. 1. 1. 1. 1. 1. 1. 1. 1. 1. 1. 1. 1. 1. 1. 1. 1. 1. 1. 1. 1. 1.
  1. 1. 1. 1. 1. 1. 1. 1. 1. 1. 1. 1. 1. 1. 1. 1. 1. 1. 1.]
 [1. 1. 1. 1. 1. 1. 1. 1. 1. 1. 1. 1. 1. 1. 1. 1. 1. 1. 1. 1. 1. 1. 1. 1.
  1. 1. 1. 1. 1. 1. 1. 1. 1. 1. 1. 1. 1. 1. 1. 1. 1. 1. 1.]
 [1. 1. 1. 1. 1. 1. 1. 1. 1. 1. 1. 1. 1. 1. 1. 1. 1. 1. 1. 1. 1. 1. 1. 1.
  1. 1. 1. 1. 1. 1. 1. 1. 1. 1. 1. 1. 1. 1. 1. 1. 1. 1. 1.]
 [1. 1. 1. 1. 1. 1. 1. 1. 1. 1. 1. 1. 1. 1. 1. 1. 1. 1. 1. 1. 1. 1. 1. 1.
  1. 1. 1. 1. 1. 1. 1. 1. 1. 1. 1. 1. 1. 1. 1. 1. 1. 1. 1.]
 [1. 1. 1. 1. 1. 1. 1. 1. 1. 1. 1. 1. 1. 1. 1. 1. 1. 1. 1. 1. 1. 1. 1. 1.
  1. 1. 1. 1. 1. 1. 1. 1. 1. 1. 1. 1. 1. 1. 1. 1. 1. 1. 1.]
 [1. 1. 1. 1. 1. 1. 1. 1. 1. 1. 1. 1. 1. 1. 1. 1. 1. 1. 1. 1. 1. 1. 1. 1.
  1. 1. 1. 1. 1. 1. 1. 1. 1. 1. 1. 1. 1. 1. 1. 1. 1. 1. 1.]
 [1. 1. 1. 1. 1. 1. 1. 1. 1. 1. 1. 1. 1. 1. 1. 1. 1. 1. 1. 1. 1. 1. 1. 1.
  1. 1. 1. 1. 1. 1. 1. 1. 1. 1. 1. 1. 1. 1. 1. 1. 1. 1. 1.]
 [1. 1. 1. 1. 1. 1. 1. 1. 1. 1. 1. 1. 1. 1. 1. 1. 1. 1. 1. 1. 1. 1. 1. 1.
  1. 1. 1. 1. 1. 1. 1. 1. 1. 1. 1. 1. 1. 1. 1. 1. 1. 1. 1.]
 [1. 1. 1. 1. 1. 1. 1. 1. 1. 1. 1. 1. 1. 1. 1. 1. 1. 1. 1. 1. 1. 1. 1. 1.
  1. 1. 1. 1. 1. 1. 1. 1. 1. 1. 1. 1. 1. 1. 1. 1. 1. 1. 1.]
 [1. 1. 1. 1. 1. 1. 1. 1. 1. 1. 1. 1. 1. 1. 1. 1. 1. 1. 1. 1. 1. 1. 1. 1.
  1. 1. 1. 1. 1. 1. 1. 1. 1. 1. 1. 1. 1. 1. 1. 1. 1. 1. 1.]
 [1. 1. 1. 1. 1. 1. 1. 1. 1. 1. 1. 1. 1. 1. 1. 1. 1. 1. 1. 1. 1. 1. 1. 1.
  1. 1. 1. 1. 1. 1. 1. 1. 1. 1. 1. 1. 1. 1. 1. 1. 1. 1. 1.]
 [1. 1. 1. 1. 1. 1. 1. 1. 1. 1. 1. 1. 1. 1. 1. 1. 1. 1. 1. 1. 1. 1. 1. 1.
  1. 1. 1. 1. 1. 1. 1. 1. 1. 1. 1. 1. 1. 1. 1. 1. 1. 1. 1.]
 [1. 1. 1. 1. 1. 1. 1. 1. 1. 1. 1. 1. 1. 1. 1. 1. 1. 1. 1. 1. 1. 1. 1. 1.
  1. 1. 1. 1. 1. 1. 1. 1. 1. 1. 1. 1. 1. 1. 1. 1. 1. 1. 1.]
 [1. 1. 1. 1. 1. 1. 1. 1. 1. 1. 1. 1. 1. 1. 1. 1. 1. 1. 1. 1. 1. 1. 1. 1.
  1. 1. 1. 1. 1. 1. 1. 1. 1. 1. 1. 1. 1. 1. 1. 1. 1. 1. 1.]
 [1. 1. 1. 1. 1. 1. 1. 1. 1. 1. 1. 1. 1. 1. 1. 1. 1. 1. 1. 1. 1. 1. 1. 1.
  1. 1. 1. 1. 1. 1. 1. 1. 1. 1. 1. 1. 1. 1. 1. 1. 1. 1. 1.]
 [1. 1. 1. 1. 1. 1. 1. 1. 1. 1. 1. 1. 1. 1. 1. 0. 1. 1. 1. 1. 1. 1. 1. 1.
  1. 1. 1. 1. 1. 1. 1. 1. 1. 1. 1. 1. 1. 1. 1. 1. 1. 1. 1.]
 [1. 1. 1. 1. 1. 1. 1. 1. 1. 1. 1. 1. 1. 1. 1. 0. 1. 1. 1. 1. 1. 1. 1. 1.
  1. 1. 1. 1. 1. 1. 1. 1. 1. 1. 1. 1. 1. 1. 1. 1. 1. 1. 1.]
 [1. 1. 1. 1. 1. 1. 1. 1. 1. 1. 1. 1. 1. 1. 1. 0. 1. 1. 1. 1. 1. 1. 1. 1.
  1. 1. 1. 1. 1. 1. 1. 1. 1. 1. 1. 1. 1. 1. 1. 1. 1. 1. 1.]
 [1. 1. 1. 1. 1. 1. 1. 1. 1. 1. 1. 1. 1. 1. 1. 0. 1. 1. 1. 1. 1. 1. 1. 1.
  1. 1. 1. 1. 1. 1. 1. 1. 1. 1. 1. 1. 1. 1. 1. 1. 1. 1. 1.]
 [1. 1. 1. 1. 1. 1. 1. 1. 1. 1. 1. 1. 1. 1. 1. 0. 1. 1. 1. 1. 1. 1. 1. 1.
  1. 1. 1. 1. 1. 1. 1. 1. 1. 1. 1. 1. 1. 1. 1. 1. 1. 1. 1.]
 [1. 1. 1. 1. 1. 1. 1. 1. 1. 1. 1. 1. 1. 1. 1. 0. 1. 1. 1. 1. 1. 1. 1. 1.
  1. 1. 1. 1. 1. 1. 1. 1. 1. 1. 1. 1. 1. 1. 1. 1. 1. 1. 1.]
 [1. 0. 1. 1. 1. 1. 1. 1. 1. 1. 1. 0. 0. 0. 0. 1. 1. 1. 1. 1. 1. 1. 1. 1.
  1. 1. 1. 1. 1. 1. 1. 1. 1. 1. 1. 1. 1. 1. 1. 1. 1. 1. 1.]
 [1. 0. 1. 1. 1. 1. 1. 1. 1. 1. 1. 0. 0. 0. 0. 1. 1. 1. 1. 1. 1. 1. 1. 1.
  1. 1. 1. 1. 1. 1. 1. 1. 1. 1. 1. 1. 1. 1. 1. 1. 1. 1. 1.]
 [1. 0. 1. 1. 1. 1. 1. 1. 1. 1. 1. 0. 0. 0. 0. 1. 1. 1. 1. 1. 1. 1. 1. 1.
  1. 1. 1. 1. 1. 1. 1. 1. 1. 1. 1. 1. 1. 1. 1. 1. 1. 1. 1.]
 [1. 0. 1. 1. 1. 1. 1. 1. 1. 1. 1. 0. 0. 0. 0. 1. 1. 1. 1. 1. 1. 1. 1. 1.
  1. 1. 1. 1. 1. 1. 1. 1. 1. 1. 1. 1. 1. 1. 1. 1. 1. 1. 1.]
 [1. 0. 1. 1. 1. 1. 1. 1. 1. 1. 1. 0. 0. 0. 0. 1. 1. 1. 1. 1. 1. 1. 1. 1.
  1. 1. 1. 1. 1. 1. 1. 1. 1. 1. 1. 1. 1. 1. 1. 1. 1. 1. 1.]
 [1. 0. 1. 1. 1. 1. 1. 1. 1. 1. 1. 0. 0. 0. 0. 1. 1. 1. 1. 1. 1. 1. 1. 1.
  1. 1. 1. 1. 1. 1. 1. 1. 1. 1. 1. 1. 1. 1. 1. 1. 1. 1. 1.]
 [1. 1. 1. 1. 1. 1. 1. 1. 1. 1. 1. 1. 1. 1. 1. 1. 1. 1. 1. 1. 1. 1. 1. 1.
  1. 1. 1. 1. 1. 1. 1. 1. 1. 1. 1. 1. 1. 1. 1. 1. 1. 1. 1.]
 [1. 1. 1. 1. 1. 1. 1. 1. 1. 1. 1. 1. 1. 1. 1. 1. 1. 1. 1. 1. 1. 1. 1. 1.
  1. 1. 1. 1. 1. 1. 1. 1. 1. 1. 1. 1. 1. 1. 1. 1. 1. 1. 1.]
 [1. 1. 1. 1. 1. 1. 1. 1. 1. 1. 1. 1. 1. 1. 1. 1. 1. 1. 1. 1. 1. 1. 1. 1.
  1. 1. 1. 1. 1. 1. 1. 1. 1. 1. 1. 1. 1. 1. 1. 1. 1. 1. 1.]
 [1. 1. 1. 1. 1. 1. 1. 1. 1. 1. 1. 1. 1. 1. 1. 1. 1. 1. 1. 1. 1. 1. 1. 1.
  1. 1. 1. 1. 1. 1. 1. 1. 1. 1. 1. 1. 1. 1. 1. 1. 1. 1. 1.]
 [1. 1. 1. 1. 1. 1. 1. 1. 1. 1. 1. 1. 1. 1. 1. 1. 1. 1. 1. 1. 1. 1. 1. 1.
  1. 1. 1. 1. 1. 1. 1. 1. 1. 1. 1. 1. 1. 1. 1. 1. 1. 1. 1.]
 [1. 1. 1. 1. 1. 1. 1. 1. 1. 1. 1. 1. 1. 1. 1. 1. 1. 1. 1. 1. 1. 1. 1. 1.
  1. 1. 1. 1. 1. 1. 1. 1. 1. 1. 1. 1. 1. 1. 1. 1. 1. 1. 1.]
 [1. 1. 1. 1. 1. 1. 1. 1. 1. 1. 1. 1. 1. 1. 1. 1. 1. 1. 1. 1. 1. 1. 1. 1.
  1. 1. 1. 1. 0. 1. 1. 1. 1. 1. 1. 1. 1. 1. 1. 1. 1. 1. 1.]
 [1. 1. 1. 1. 1. 1. 1. 1. 1. 1. 1. 1. 1. 1. 1. 1. 1. 1. 1. 1. 1. 1. 1. 1.
  1. 1. 1. 1. 0. 1. 1. 1. 1. 1. 1. 1. 1. 1. 1. 1. 1. 1. 1.]
 [1. 1. 1. 1. 1. 1. 1. 1. 1. 1. 1. 1. 1. 1. 1. 1. 1. 1. 1. 1. 1. 1. 1. 1.
  1. 1. 1. 1. 0. 1. 1. 1. 1. 1. 1. 1. 1. 1. 1. 1. 1. 1. 1.]
 [1. 1. 1. 1. 1. 1. 1. 1. 1. 1. 1. 1. 1. 1. 1. 1. 1. 1. 1. 1. 1. 1. 1. 1.
  1. 1. 1. 1. 0. 1. 1. 1. 1. 1. 1. 1. 1. 1. 1. 1. 1. 1. 1.]
 [1. 1. 1. 1. 1. 1. 1. 1. 1. 1. 1. 1. 1. 1. 1. 1. 1. 1. 1. 1. 1. 1. 1. 1.
  1. 1. 1. 1. 0. 1. 1. 1. 1. 1. 1. 1. 1. 1. 1. 1. 1. 1. 1.]
 [1. 1. 1. 1. 1. 1. 1. 1. 1. 1. 1. 1. 1. 1. 1. 1. 1. 1. 1. 1. 1. 1. 1. 1.
  1. 1. 1. 1. 0. 1. 1. 1. 1. 1. 1. 1. 1. 1. 1. 1. 1. 1. 1.]
 [0. 1. 0. 1. 1. 1. 1. 1. 1. 1. 1. 1. 1. 1. 1. 1. 1. 1. 1. 1. 1. 1. 1. 1.
  1. 1. 1. 1. 1. 1. 1. 1. 1. 1. 1. 1. 1. 1. 1. 1. 1. 1. 1.]
 [0. 1. 0. 1. 1. 1. 1. 1. 1. 1. 1. 1. 1. 1. 1. 1. 1. 1. 1. 1. 1. 1. 1. 1.
  1. 1. 1. 1. 1. 1. 1. 1. 1. 1. 1. 1. 1. 1. 1. 1. 1. 1. 1.]
 [0. 1. 0. 1. 1. 1. 1. 1. 1. 1. 1. 1. 1. 1. 1. 1. 1. 1. 1. 1. 1. 1. 1. 1.
  1. 1. 1. 1. 1. 1. 1. 1. 1. 1. 1. 1. 1. 1. 1. 1. 1. 1. 1.]
 [0. 1. 0. 1. 1. 1. 1. 1. 1. 1. 1. 1. 1. 1. 1. 0. 0. 0. 0. 1. 1. 1. 1. 1.
  1. 1. 1. 1. 1. 1. 0. 1. 1. 1. 1. 1. 1. 1. 1. 1. 1. 1. 1.]]","[[1.         0.         0.        ]
 [1.         0.         0.        ]
 [1.         0.         0.        ]
 [1.         0.         0.        ]
 [1.         0.         0.        ]
 [1.         0.         0.        ]
 [1.         0.         0.        ]
 [1.         0.         0.        ]
 [1.         0.         0.        ]
 [1.         0.         0.        ]
 [1.         0.         0.        ]
 [0.         0.         0.83629452]
 [0.         0.         0.83629452]
 [0.         0.         0.83629452]
 [0.         0.         0.83629452]
 [1.         0.         0.        ]
 [0.         0.2        0.        ]
 [0.         0.2        0.        ]
 [0.         0.2        0.        ]
 [1.         0.         0.        ]
 [1.         0.         0.        ]
 [1.         0.         0.        ]
 [1.         0.         0.        ]
 [1.         0.         0.        ]
 [0.23182635 0.         0.        ]
 [0.23182635 0.         0.        ]
 [0.23182635 0.         0.        ]
 [1.         0.         0.        ]
 [0.61488563 0.         0.        ]
 [0.61488563 0.         0.        ]
 [0.         0.61488563 0.        ]
 [0.22       0.         0.        ]
 [0.22       0.         0.        ]
 [0.         0.61488563 0.        ]
 [0.22       0.         0.        ]
 [0.         0.22       0.        ]
 [0.22       0.         0.        ]
 [0.         0.22       0.        ]
 [0.         0.22       0.        ]
 [0.         0.22       0.        ]
 [0.         0.         0.01      ]
 [0.         0.         0.01      ]
 [0.         0.         0.01      ]]",[[80 85 90]],0.7822,5.868520021438599
39,37,"[[0.3024662  0.3024662  0.3024662  0.30246622 0.3024662  0.3024662
  0.3024662  0.3024662  0.3024662  0.3024662  0.3024662  0.3024662
  0.30246624 0.30246626 0.08366465 0.08366465 0.08366465 1.
  1.         1.         1.         1.         0.1916622  0.1916622
  0.1916622  1.         0.3000495  0.32384917 0.20685208 0.20684084
  0.30979178 0.20682806 0.2066521  0.20686296 0.20665699 0.20666134
  0.20665729]]","[[0.6432     0.6432     0.6432     0.6432     0.6432     0.6432
  0.6432     0.6432     0.6432     0.6432     0.6432     0.6432
  0.6432     0.6432     0.736      0.736      0.736      0.768
  0.768      0.768      0.768      0.768      0.672      0.672
  0.672      0.768      0.768      0.768      0.8        0.8
  0.768      0.8        0.8        0.8        0.8        0.8
  0.8       ]
 [0.6432     0.6432     0.6432     0.6432     0.6432     0.6432
  0.6432     0.6432     0.6432     0.6432     0.6432     0.6432
  0.6432     0.6432     0.736      0.736      0.736      0.768
  0.768      0.768      0.768      0.768      0.672      0.672
  0.672      0.768      0.768      0.768      0.8        0.8
  0.768      0.8        0.8        0.8        0.8        0.8
  0.8       ]
 [0.6432     0.6432     0.6432     0.6432     0.6432     0.6432
  0.6432     0.6432     0.6432     0.6432     0.6432     0.6432
  0.6432     0.6432     0.736      0.736      0.736      0.768
  0.768      0.768      0.768      0.768      0.672      0.672
  0.672      0.768      0.768      0.768      0.8        0.8
  0.768      0.8        0.8        0.8        0.8        0.8
  0.8       ]
 [0.6432     0.6432     0.6432     0.6432     0.6432     0.6432
  0.6432     0.6432     0.6432     0.6432     0.6432     0.6432
  0.6432     0.6432     0.736      0.736      0.736      0.768
  0.768      0.768      0.768      0.768      0.672      0.672
  0.672      0.768      0.768      0.768      0.8        0.8
  0.768      0.8        0.8        0.8        0.8        0.8
  0.8       ]
 [0.6432     0.6432     0.6432     0.6432     0.6432     0.6432
  0.6432     0.6432     0.6432     0.6432     0.6432     0.6432
  0.6432     0.6432     0.736      0.736      0.736      0.768
  0.768      0.768      0.768      0.768      0.672      0.672
  0.672      0.768      0.768      0.768      0.8        0.8
  0.768      0.8        0.8        0.8        0.8        0.8
  0.8       ]
 [0.6432     0.6432     0.6432     0.6432     0.6432     0.6432
  0.6432     0.6432     0.6432     0.6432     0.6432     0.6432
  0.6432     0.6432     0.736      0.736      0.736      0.768
  0.768      0.768      0.768      0.768      0.672      0.672
  0.672      0.768      0.768      0.768      0.8        0.8
  0.768      0.8        0.8        0.8        0.8        0.8
  0.8       ]
 [0.6432     0.6432     0.6432     0.6432     0.6432     0.6432
  0.6432     0.6432     0.6432     0.6432     0.6432     0.6432
  0.6432     0.6432     0.736      0.736      0.736      0.768
  0.768      0.768      0.768      0.768      0.672      0.672
  0.672      0.768      0.768      0.768      0.8        0.8
  0.768      0.8        0.8        0.8        0.8        0.8
  0.8       ]
 [0.6432     0.6432     0.6432     0.6432     0.6432     0.6432
  0.6432     0.6432     0.6432     0.6432     0.6432     0.6432
  0.6432     0.6432     0.736      0.736      0.736      0.768
  0.768      0.768      0.768      0.768      0.672      0.672
  0.672      0.768      0.768      0.768      0.8        0.8
  0.768      0.8        0.8        0.8        0.8        0.8
  0.8       ]
 [0.6432     0.6432     0.6432     0.6432     0.6432     0.6432
  0.6432     0.6432     0.6432     0.6432     0.6432     0.6432
  0.6432     0.6432     0.736      0.736      0.736      0.768
  0.768      0.768      0.768      0.768      0.672      0.672
  0.672      0.768      0.768      0.768      0.8        0.8
  0.768      0.8        0.8        0.8        0.8        0.8
  0.8       ]
 [0.51026057 0.6932     0.6932     0.6932     0.6932     0.6932
  0.6932     0.6932     0.6932     0.6932     0.6932     0.66188214
  0.47242728 0.47810771 0.786      0.786      0.786      0.818
  0.818      0.818      0.818      0.818      0.54304866 0.62407706
  0.62876499 0.818      0.818      0.818      0.85       0.85
  0.818      0.85       0.85       0.85       0.85       0.85
  0.85      ]
 [0.51026057 0.6932     0.6932     0.6932     0.6932     0.6932
  0.6932     0.6932     0.6932     0.6932     0.6932     0.66188214
  0.47242728 0.47810771 0.786      0.786      0.786      0.818
  0.818      0.818      0.818      0.818      0.54304866 0.62407706
  0.62876499 0.818      0.818      0.818      0.85       0.85
  0.818      0.85       0.85       0.85       0.85       0.85
  0.85      ]
 [0.51026057 0.6932     0.6932     0.6932     0.6932     0.6932
  0.6932     0.6932     0.6932     0.6932     0.6932     0.66188214
  0.47242728 0.47810771 0.786      0.786      0.786      0.818
  0.818      0.818      0.818      0.818      0.54304866 0.62407706
  0.62876499 0.818      0.818      0.818      0.85       0.85
  0.818      0.85       0.85       0.85       0.85       0.85
  0.85      ]
 [0.51026057 0.6932     0.6932     0.6932     0.6932     0.6932
  0.6932     0.6932     0.6932     0.6932     0.6932     0.66188214
  0.47242728 0.47810771 0.786      0.786      0.786      0.818
  0.818      0.818      0.818      0.818      0.54304866 0.62407706
  0.62876499 0.818      0.818      0.818      0.85       0.85
  0.818      0.85       0.85       0.85       0.85       0.85
  0.85      ]
 [0.51026057 0.6932     0.6932     0.6932     0.6932     0.6932
  0.6932     0.6932     0.6932     0.6932     0.6932     0.66188214
  0.47242728 0.47810771 0.786      0.786      0.786      0.818
  0.818      0.818      0.818      0.818      0.54304866 0.62407706
  0.62876499 0.818      0.818      0.818      0.85       0.85
  0.818      0.85       0.85       0.85       0.85       0.85
  0.85      ]
 [0.51026057 0.6932     0.6932     0.6932     0.6932     0.6932
  0.6932     0.6932     0.6932     0.6932     0.6932     0.66188214
  0.47242728 0.47810771 0.786      0.786      0.786      0.818
  0.818      0.818      0.818      0.818      0.54304866 0.62407706
  0.62876499 0.818      0.818      0.818      0.85       0.85
  0.818      0.85       0.85       0.85       0.85       0.85
  0.85      ]
 [0.6932     0.6932     0.6932     0.6932     0.6932     0.6932
  0.6932     0.6932     0.6932     0.6932     0.6932     0.6932
  0.6932     0.6932     0.68584612 0.6808323  0.786      0.818
  0.818      0.818      0.818      0.80833013 0.722      0.722
  0.722      0.69858043 0.818      0.73043696 0.77564918 0.77307001
  0.70381758 0.77012685 0.85       0.77812294 0.85       0.85
  0.85      ]
 [0.6932     0.6932     0.6932     0.6932     0.6932     0.6932
  0.6932     0.6932     0.6932     0.6932     0.6932     0.6932
  0.6932     0.6932     0.68584612 0.6808323  0.786      0.818
  0.818      0.818      0.818      0.80833013 0.722      0.722
  0.722      0.69858043 0.818      0.73043696 0.77564918 0.77307001
  0.70381758 0.77012685 0.85       0.77812294 0.85       0.85
  0.85      ]
 [0.6932     0.6932     0.6932     0.6932     0.6932     0.6932
  0.6932     0.6932     0.6932     0.6932     0.6932     0.6932
  0.6932     0.6932     0.68584612 0.6808323  0.786      0.818
  0.818      0.818      0.818      0.80833013 0.722      0.722
  0.722      0.69858043 0.818      0.73043696 0.77564918 0.77307001
  0.70381758 0.77012685 0.85       0.77812294 0.85       0.85
  0.85      ]
 [0.6932     0.6932     0.6932     0.6932     0.6932     0.6932
  0.6932     0.6932     0.6932     0.6932     0.6932     0.6932
  0.6932     0.6932     0.68584612 0.6808323  0.786      0.818
  0.818      0.818      0.818      0.80833013 0.722      0.722
  0.722      0.69858043 0.818      0.73043696 0.77564918 0.77307001
  0.70381758 0.77012685 0.85       0.77812294 0.85       0.85
  0.85      ]
 [0.6932     0.6932     0.6932     0.6932     0.6932     0.6932
  0.6932     0.6932     0.6932     0.6932     0.6932     0.6932
  0.6932     0.6932     0.68584612 0.6808323  0.786      0.818
  0.818      0.818      0.818      0.80833013 0.722      0.722
  0.722      0.69858043 0.818      0.73043696 0.77564918 0.77307001
  0.70381758 0.77012685 0.85       0.77812294 0.85       0.85
  0.85      ]
 [0.6932     0.6932     0.6932     0.6932     0.6932     0.6932
  0.6932     0.6932     0.6932     0.6932     0.6932     0.6932
  0.6932     0.6932     0.68584612 0.6808323  0.786      0.818
  0.818      0.818      0.818      0.80833013 0.722      0.722
  0.722      0.69858043 0.818      0.73043696 0.77564918 0.77307001
  0.70381758 0.77012685 0.85       0.77812294 0.85       0.85
  0.85      ]
 [0.41141036 0.6302008  0.6932     0.64171601 0.58859313 0.6932
  0.59495319 0.6932     0.6932     0.6932     0.54184164 0.6932
  0.22940041 0.23827422 0.786      0.786      0.786      0.818
  0.818      0.81458478 0.8086907  0.78235146 0.59597179 0.62061336
  0.62137267 0.64958256 0.818      0.818      0.69687857 0.69138798
  0.818      0.6851669  0.79242558 0.70224862 0.79455194 0.79644098
  0.79467361]
 [0.41141036 0.6302008  0.6932     0.64171601 0.58859313 0.6932
  0.59495319 0.6932     0.6932     0.6932     0.54184164 0.6932
  0.22940041 0.23827422 0.786      0.786      0.786      0.818
  0.818      0.81458478 0.8086907  0.78235146 0.59597179 0.62061336
  0.62137267 0.64958256 0.818      0.818      0.69687857 0.69138798
  0.818      0.6851669  0.79242558 0.70224862 0.79455194 0.79644098
  0.79467361]
 [0.41141036 0.6302008  0.6932     0.64171601 0.58859313 0.6932
  0.59495319 0.6932     0.6932     0.6932     0.54184164 0.6932
  0.22940041 0.23827422 0.786      0.786      0.786      0.818
  0.818      0.81458478 0.8086907  0.78235146 0.59597179 0.62061336
  0.62137267 0.64958256 0.818      0.818      0.69687857 0.69138798
  0.818      0.6851669  0.79242558 0.70224862 0.79455194 0.79644098
  0.79467361]
 [0.41141036 0.6302008  0.6932     0.64171601 0.58859313 0.6932
  0.59495319 0.6932     0.6932     0.6932     0.54184164 0.6932
  0.22940041 0.23827422 0.786      0.786      0.786      0.818
  0.818      0.81458478 0.8086907  0.78235146 0.59597179 0.62061336
  0.62137267 0.64958256 0.818      0.818      0.69687857 0.69138798
  0.818      0.6851669  0.79242558 0.70224862 0.79455194 0.79644098
  0.79467361]
 [0.41141036 0.6302008  0.6932     0.64171601 0.58859313 0.6932
  0.59495319 0.6932     0.6932     0.6932     0.54184164 0.6932
  0.22940041 0.23827422 0.786      0.786      0.786      0.818
  0.818      0.81458478 0.8086907  0.78235146 0.59597179 0.62061336
  0.62137267 0.64958256 0.818      0.818      0.69687857 0.69138798
  0.818      0.6851669  0.79242558 0.70224862 0.79455194 0.79644098
  0.79467361]
 [0.41141036 0.6302008  0.6932     0.64171601 0.58859313 0.6932
  0.59495319 0.6932     0.6932     0.6932     0.54184164 0.6932
  0.22940041 0.23827422 0.786      0.786      0.786      0.818
  0.818      0.81458478 0.8086907  0.78235146 0.59597179 0.62061336
  0.62137267 0.64958256 0.818      0.818      0.69687857 0.69138798
  0.818      0.6851669  0.79242558 0.70224862 0.79455194 0.79644098
  0.79467361]
 [0.63145387 0.6932     0.6932     0.6932     0.55855484 0.6932
  0.56110869 0.6932     0.6932     0.6932     0.51284278 0.6932
  0.36305387 0.37453231 0.786      0.786      0.786      0.818
  0.71756656 0.7144539  0.7101639  0.6861381  0.722      0.722
  0.722      0.54532026 0.818      0.818      0.60784167 0.60304648
  0.7227618  0.59761724 0.79641901 0.61252012 0.79859468 0.80052483
  0.7987207 ]
 [0.63145387 0.6932     0.6932     0.6932     0.55855484 0.6932
  0.56110869 0.6932     0.6932     0.6932     0.51284278 0.6932
  0.36305387 0.37453231 0.786      0.786      0.786      0.818
  0.71756656 0.7144539  0.7101639  0.6861381  0.722      0.722
  0.722      0.54532026 0.818      0.818      0.60784167 0.60304648
  0.7227618  0.59761724 0.79641901 0.61252012 0.79859468 0.80052483
  0.7987207 ]
 [0.63145387 0.6932     0.6932     0.6932     0.55855484 0.6932
  0.56110869 0.6932     0.6932     0.6932     0.51284278 0.6932
  0.36305387 0.37453231 0.786      0.786      0.786      0.818
  0.71756656 0.7144539  0.7101639  0.6861381  0.722      0.722
  0.722      0.54532026 0.818      0.818      0.60784167 0.60304648
  0.7227618  0.59761724 0.79641901 0.61252012 0.79859468 0.80052483
  0.7987207 ]
 [0.63145387 0.6932     0.6932     0.6932     0.55855484 0.6932
  0.56110869 0.6932     0.6932     0.6932     0.51284278 0.6932
  0.36305387 0.37453231 0.786      0.786      0.786      0.818
  0.71756656 0.7144539  0.7101639  0.6861381  0.722      0.722
  0.722      0.54532026 0.818      0.818      0.60784167 0.60304648
  0.7227618  0.59761724 0.79641901 0.61252012 0.79859468 0.80052483
  0.7987207 ]
 [0.63145387 0.6932     0.6932     0.6932     0.55855484 0.6932
  0.56110869 0.6932     0.6932     0.6932     0.51284278 0.6932
  0.36305387 0.37453231 0.786      0.786      0.786      0.818
  0.71756656 0.7144539  0.7101639  0.6861381  0.722      0.722
  0.722      0.54532026 0.818      0.818      0.60784167 0.60304648
  0.7227618  0.59761724 0.79641901 0.61252012 0.79859468 0.80052483
  0.7987207 ]
 [0.63145387 0.6932     0.6932     0.6932     0.55855484 0.6932
  0.56110869 0.6932     0.6932     0.6932     0.51284278 0.6932
  0.36305387 0.37453231 0.786      0.786      0.786      0.818
  0.71756656 0.7144539  0.7101639  0.6861381  0.722      0.722
  0.722      0.54532026 0.818      0.818      0.60784167 0.60304648
  0.7227618  0.59761724 0.79641901 0.61252012 0.79859468 0.80052483
  0.7987207 ]
 [0.6932     0.6932     0.6932     0.6932     0.50445896 0.6932
  0.50313847 0.6932     0.6932     0.6932     0.46736923 0.6932
  0.50719628 0.52068292 0.76931453 0.76535496 0.786      0.75250727
  0.59859706 0.59637019 0.59401222 0.57551999 0.722      0.722
  0.722      0.4452978  0.80737168 0.66247198 0.51759222 0.51393844
  0.54481564 0.5098011  0.75642737 0.52114231 0.75810662 0.75959036
  0.75820514]
 [0.6932     0.6932     0.6932     0.6932     0.50445896 0.6932
  0.50313847 0.6932     0.6932     0.6932     0.46736923 0.6932
  0.50719628 0.52068292 0.76931453 0.76535496 0.786      0.75250727
  0.59859706 0.59637019 0.59401222 0.57551999 0.722      0.722
  0.722      0.4452978  0.80737168 0.66247198 0.51759222 0.51393844
  0.54481564 0.5098011  0.75642737 0.52114231 0.75810662 0.75959036
  0.75820514]
 [0.6932     0.6932     0.6932     0.6932     0.50445896 0.6932
  0.50313847 0.6932     0.6932     0.6932     0.46736923 0.6932
  0.50719628 0.52068292 0.76931453 0.76535496 0.786      0.75250727
  0.59859706 0.59637019 0.59401222 0.57551999 0.722      0.722
  0.722      0.4452978  0.80737168 0.66247198 0.51759222 0.51393844
  0.54481564 0.5098011  0.75642737 0.52114231 0.75810662 0.75959036
  0.75820514]
 [0.6932     0.6932     0.6932     0.6932     0.50445896 0.6932
  0.50313847 0.6932     0.6932     0.6932     0.46736923 0.6932
  0.50719628 0.52068292 0.76931453 0.76535496 0.786      0.75250727
  0.59859706 0.59637019 0.59401222 0.57551999 0.722      0.722
  0.722      0.4452978  0.80737168 0.66247198 0.51759222 0.51393844
  0.54481564 0.5098011  0.75642737 0.52114231 0.75810662 0.75959036
  0.75820514]
 [0.6932     0.6932     0.6932     0.6932     0.50445896 0.6932
  0.50313847 0.6932     0.6932     0.6932     0.46736923 0.6932
  0.50719628 0.52068292 0.76931453 0.76535496 0.786      0.75250727
  0.59859706 0.59637019 0.59401222 0.57551999 0.722      0.722
  0.722      0.4452978  0.80737168 0.66247198 0.51759222 0.51393844
  0.54481564 0.5098011  0.75642737 0.52114231 0.75810662 0.75959036
  0.75820514]
 [0.6932     0.6932     0.6932     0.6932     0.50445896 0.6932
  0.50313847 0.6932     0.6932     0.6932     0.46736923 0.6932
  0.50719628 0.52068292 0.76931453 0.76535496 0.786      0.75250727
  0.59859706 0.59637019 0.59401222 0.57551999 0.722      0.722
  0.722      0.4452978  0.80737168 0.66247198 0.51759222 0.51393844
  0.54481564 0.5098011  0.75642737 0.52114231 0.75810662 0.75959036
  0.75820514]]","[[1. 1. 1. 1. 1. 1. 1. 1. 1. 1. 1. 1. 1. 1. 1. 1. 1. 1. 1. 1. 1. 1. 1. 1.
  1. 1. 1. 1. 1. 1. 1. 1. 1. 1. 1. 1. 1.]
 [1. 1. 1. 1. 1. 1. 1. 1. 1. 1. 1. 1. 1. 1. 1. 1. 1. 1. 1. 1. 1. 1. 1. 1.
  1. 1. 1. 1. 1. 1. 1. 1. 1. 1. 1. 1. 1.]
 [1. 1. 1. 1. 1. 1. 1. 1. 1. 1. 1. 1. 1. 1. 1. 1. 1. 1. 1. 1. 1. 1. 1. 1.
  1. 1. 1. 1. 1. 1. 1. 1. 1. 1. 1. 1. 1.]
 [1. 1. 1. 1. 1. 1. 1. 1. 1. 1. 1. 1. 1. 1. 1. 1. 1. 1. 1. 1. 1. 1. 1. 1.
  1. 1. 1. 1. 1. 1. 1. 1. 1. 1. 1. 1. 1.]
 [1. 1. 1. 1. 1. 1. 1. 1. 1. 1. 1. 1. 1. 1. 1. 1. 1. 1. 1. 1. 1. 1. 1. 1.
  1. 1. 1. 1. 1. 1. 1. 1. 1. 1. 1. 1. 1.]
 [1. 1. 1. 1. 1. 1. 1. 1. 1. 1. 1. 1. 1. 1. 1. 1. 1. 1. 1. 1. 1. 1. 1. 1.
  1. 1. 1. 1. 1. 1. 1. 1. 1. 1. 1. 1. 1.]
 [1. 1. 1. 1. 1. 1. 1. 1. 1. 1. 1. 1. 1. 1. 1. 1. 1. 1. 1. 1. 1. 1. 1. 1.
  1. 1. 1. 1. 1. 1. 1. 1. 1. 1. 1. 1. 1.]
 [1. 1. 1. 1. 1. 1. 1. 1. 1. 1. 1. 1. 1. 1. 1. 1. 1. 1. 1. 1. 1. 1. 1. 1.
  1. 1. 1. 1. 1. 1. 1. 1. 1. 1. 1. 1. 1.]
 [1. 1. 1. 1. 1. 1. 1. 1. 1. 1. 1. 1. 1. 1. 1. 1. 1. 1. 1. 1. 1. 1. 1. 1.
  1. 1. 1. 1. 1. 1. 1. 1. 1. 1. 1. 1. 1.]
 [1. 1. 1. 1. 1. 1. 1. 1. 1. 1. 1. 1. 1. 1. 1. 1. 1. 1. 1. 1. 1. 1. 1. 1.
  1. 1. 1. 1. 1. 1. 1. 1. 1. 1. 1. 1. 1.]
 [1. 1. 1. 1. 1. 1. 1. 1. 1. 1. 1. 1. 1. 1. 1. 1. 1. 1. 1. 1. 1. 1. 1. 1.
  1. 1. 1. 1. 1. 1. 1. 1. 1. 1. 1. 1. 1.]
 [1. 1. 1. 1. 1. 1. 1. 1. 1. 1. 1. 1. 1. 1. 1. 1. 1. 1. 1. 1. 1. 1. 1. 1.
  1. 1. 1. 1. 1. 1. 1. 1. 1. 1. 1. 1. 1.]
 [1. 1. 1. 1. 1. 1. 1. 1. 1. 1. 1. 1. 1. 1. 1. 1. 1. 1. 1. 1. 1. 1. 1. 1.
  1. 1. 1. 1. 1. 1. 1. 1. 1. 1. 1. 1. 1.]
 [1. 1. 1. 1. 1. 1. 1. 1. 1. 1. 1. 1. 1. 1. 1. 1. 1. 1. 1. 1. 1. 1. 1. 1.
  1. 1. 1. 1. 1. 1. 1. 1. 1. 1. 1. 1. 1.]
 [1. 1. 1. 1. 1. 1. 1. 1. 1. 1. 1. 1. 1. 1. 1. 1. 1. 1. 1. 1. 1. 1. 1. 1.
  1. 1. 1. 1. 1. 1. 1. 1. 1. 1. 1. 1. 1.]
 [1. 1. 1. 1. 1. 1. 1. 1. 1. 1. 1. 1. 1. 1. 1. 1. 1. 1. 1. 1. 1. 1. 1. 1.
  1. 1. 1. 1. 1. 1. 1. 1. 1. 1. 1. 1. 1.]
 [1. 1. 1. 1. 1. 1. 1. 1. 1. 1. 1. 1. 1. 1. 1. 1. 1. 1. 1. 1. 1. 1. 1. 1.
  1. 1. 1. 1. 1. 1. 1. 1. 1. 1. 1. 1. 1.]
 [1. 1. 1. 1. 1. 1. 1. 1. 1. 1. 1. 1. 1. 1. 1. 1. 1. 1. 1. 1. 1. 1. 1. 1.
  1. 1. 1. 1. 1. 1. 1. 1. 1. 1. 1. 1. 1.]
 [1. 1. 1. 1. 1. 1. 1. 1. 1. 1. 1. 1. 1. 1. 1. 1. 1. 1. 1. 1. 1. 1. 1. 1.
  1. 1. 1. 1. 1. 1. 1. 1. 1. 1. 1. 1. 1.]
 [1. 1. 1. 1. 1. 1. 1. 1. 1. 1. 1. 1. 1. 1. 1. 1. 1. 1. 1. 1. 1. 1. 1. 1.
  1. 1. 1. 1. 1. 1. 1. 1. 1. 1. 1. 1. 1.]
 [1. 1. 1. 1. 1. 1. 1. 1. 1. 1. 1. 1. 1. 1. 1. 1. 1. 1. 1. 1. 1. 1. 1. 1.
  1. 1. 1. 1. 1. 1. 1. 1. 1. 1. 1. 1. 1.]
 [0. 1. 1. 1. 1. 1. 1. 1. 1. 1. 1. 1. 0. 0. 1. 1. 1. 1. 1. 1. 1. 1. 1. 1.
  1. 1. 1. 1. 1. 1. 1. 1. 1. 1. 1. 1. 1.]
 [0. 1. 1. 1. 1. 1. 1. 1. 1. 1. 1. 1. 0. 0. 1. 1. 1. 1. 1. 1. 1. 1. 1. 1.
  1. 1. 1. 1. 1. 1. 1. 1. 1. 1. 1. 1. 1.]
 [0. 1. 1. 1. 1. 1. 1. 1. 1. 1. 1. 1. 0. 0. 1. 1. 1. 1. 1. 1. 1. 1. 1. 1.
  1. 1. 1. 1. 1. 1. 1. 1. 1. 1. 1. 1. 1.]
 [0. 1. 1. 1. 1. 1. 1. 1. 1. 1. 1. 1. 0. 0. 1. 1. 1. 1. 1. 1. 1. 1. 1. 1.
  1. 1. 1. 1. 1. 1. 1. 1. 1. 1. 1. 1. 1.]
 [0. 1. 1. 1. 1. 1. 1. 1. 1. 1. 1. 1. 0. 0. 1. 1. 1. 1. 1. 1. 1. 1. 1. 1.
  1. 1. 1. 1. 1. 1. 1. 1. 1. 1. 1. 1. 1.]
 [0. 1. 1. 1. 1. 1. 1. 1. 1. 1. 1. 1. 0. 0. 1. 1. 1. 1. 1. 1. 1. 1. 1. 1.
  1. 1. 1. 1. 1. 1. 1. 1. 1. 1. 1. 1. 1.]
 [1. 1. 1. 1. 1. 1. 1. 1. 1. 1. 1. 1. 0. 0. 1. 1. 1. 1. 1. 1. 1. 1. 1. 1.
  1. 1. 1. 1. 1. 1. 1. 1. 1. 1. 1. 1. 1.]
 [1. 1. 1. 1. 1. 1. 1. 1. 1. 1. 1. 1. 0. 0. 1. 1. 1. 1. 1. 1. 1. 1. 1. 1.
  1. 1. 1. 1. 1. 1. 1. 1. 1. 1. 1. 1. 1.]
 [1. 1. 1. 1. 1. 1. 1. 1. 1. 1. 1. 1. 0. 0. 1. 1. 1. 1. 1. 1. 1. 1. 1. 1.
  1. 1. 1. 1. 1. 1. 1. 1. 1. 1. 1. 1. 1.]
 [1. 1. 1. 1. 1. 1. 1. 1. 1. 1. 1. 1. 0. 0. 1. 1. 1. 1. 1. 1. 1. 1. 1. 1.
  1. 1. 1. 1. 1. 1. 1. 1. 1. 1. 1. 1. 1.]
 [1. 1. 1. 1. 1. 1. 1. 1. 1. 1. 1. 1. 0. 0. 1. 1. 1. 1. 1. 1. 1. 1. 1. 1.
  1. 1. 1. 1. 1. 1. 1. 1. 1. 1. 1. 1. 1.]
 [1. 1. 1. 1. 1. 1. 1. 1. 1. 1. 1. 1. 0. 0. 1. 1. 1. 1. 1. 1. 1. 1. 1. 1.
  1. 1. 1. 1. 1. 1. 1. 1. 1. 1. 1. 1. 1.]
 [1. 1. 1. 1. 1. 1. 1. 1. 1. 1. 1. 1. 1. 1. 1. 1. 1. 1. 1. 1. 1. 1. 1. 0.
  0. 1. 1. 1. 1. 1. 1. 1. 1. 1. 1. 1. 1.]
 [1. 1. 1. 1. 1. 1. 1. 1. 1. 1. 1. 1. 1. 1. 1. 1. 1. 1. 1. 1. 1. 1. 1. 0.
  0. 1. 1. 1. 1. 1. 1. 1. 1. 1. 1. 1. 1.]
 [1. 1. 1. 1. 1. 1. 1. 1. 1. 1. 1. 1. 1. 1. 1. 1. 1. 1. 1. 1. 1. 1. 1. 0.
  0. 1. 1. 1. 1. 1. 1. 1. 1. 1. 1. 1. 1.]
 [1. 1. 1. 1. 1. 1. 1. 1. 1. 1. 1. 1. 1. 1. 1. 1. 1. 1. 1. 1. 1. 1. 1. 0.
  0. 1. 1. 1. 1. 1. 1. 1. 1. 1. 1. 1. 1.]
 [1. 1. 1. 1. 1. 1. 1. 1. 1. 1. 1. 1. 1. 1. 1. 1. 1. 1. 1. 1. 1. 1. 1. 0.
  0. 1. 1. 1. 1. 1. 1. 1. 1. 1. 1. 1. 1.]
 [1. 1. 1. 1. 1. 1. 1. 1. 1. 1. 1. 1. 1. 1. 1. 1. 1. 1. 1. 1. 1. 1. 1. 0.
  0. 1. 1. 1. 1. 1. 1. 1. 1. 1. 1. 1. 1.]]","[[1.         0.         0.        ]
 [1.         0.         0.        ]
 [1.         0.         0.        ]
 [1.         0.         0.        ]
 [1.         0.         0.        ]
 [1.         0.         0.        ]
 [1.         0.         0.        ]
 [1.         0.         0.        ]
 [1.         0.         0.        ]
 [1.         0.         0.        ]
 [1.         0.         0.        ]
 [1.         0.         0.        ]
 [1.         0.         0.        ]
 [1.         0.         0.        ]
 [0.2        0.         0.        ]
 [0.2        0.         0.        ]
 [0.2        0.         0.        ]
 [0.         1.         0.        ]
 [0.         1.         0.        ]
 [0.         1.         0.        ]
 [0.         1.         0.        ]
 [1.         0.         0.        ]
 [0.23182635 0.         0.        ]
 [0.23182635 0.         0.        ]
 [0.23182635 0.         0.        ]
 [1.         0.         0.        ]
 [0.         0.61488563 0.        ]
 [0.61488563 0.         0.        ]
 [0.22       0.         0.        ]
 [0.22       0.         0.        ]
 [0.         0.61488563 0.        ]
 [0.22       0.         0.        ]
 [0.         0.22       0.        ]
 [0.22       0.         0.        ]
 [0.         0.22       0.        ]
 [0.         0.22       0.        ]
 [0.         0.22       0.        ]]",[[80 85 90]],0.7738,4.892930269241333
36,32,"[[0.29591198 0.3024662  0.3024662  0.3024662  0.3024662  0.3024662
  0.3024662  0.3024662  0.3024662  0.3024662  0.3024662  0.30246624
  0.3024662  0.3024662  0.30246633 0.08366465 1.         1.
  1.         1.         1.         1.         0.2892724  0.32356757
  0.2043204  0.20436212 0.20439959 0.20436454 0.20563161 0.20561421
  0.20564234 0.20561633]]","[[0.6432     0.6432     0.6432     0.6432     0.6432     0.6432
  0.6432     0.6432     0.6432     0.6432     0.6432     0.6432
  0.6432     0.6432     0.6432     0.736      0.768      0.768
  0.768      0.768      0.768      0.768      0.768      0.768
  0.8        0.8        0.8        0.8        0.8        0.8
  0.8        0.8       ]
 [0.6432     0.6432     0.6432     0.6432     0.6432     0.6432
  0.6432     0.6432     0.6432     0.6432     0.6432     0.6432
  0.6432     0.6432     0.6432     0.736      0.768      0.768
  0.768      0.768      0.768      0.768      0.768      0.768
  0.8        0.8        0.8        0.8        0.8        0.8
  0.8        0.8       ]
 [0.6432     0.6432     0.6432     0.6432     0.6432     0.6432
  0.6432     0.6432     0.6432     0.6432     0.6432     0.6432
  0.6432     0.6432     0.6432     0.736      0.768      0.768
  0.768      0.768      0.768      0.768      0.768      0.768
  0.8        0.8        0.8        0.8        0.8        0.8
  0.8        0.8       ]
 [0.6432     0.6432     0.6432     0.6432     0.6432     0.6432
  0.6432     0.6432     0.6432     0.6432     0.6432     0.6432
  0.6432     0.6432     0.6432     0.736      0.768      0.768
  0.768      0.768      0.768      0.768      0.768      0.768
  0.8        0.8        0.8        0.8        0.8        0.8
  0.8        0.8       ]
 [0.6432     0.6432     0.6432     0.6432     0.6432     0.6432
  0.6432     0.6432     0.6432     0.6432     0.6432     0.6432
  0.6432     0.6432     0.6432     0.736      0.768      0.768
  0.768      0.768      0.768      0.768      0.768      0.768
  0.8        0.8        0.8        0.8        0.8        0.8
  0.8        0.8       ]
 [0.6432     0.6432     0.6432     0.6432     0.6432     0.6432
  0.6432     0.6432     0.6432     0.6432     0.6432     0.6432
  0.6432     0.6432     0.6432     0.736      0.768      0.768
  0.768      0.768      0.768      0.768      0.768      0.768
  0.8        0.8        0.8        0.8        0.8        0.8
  0.8        0.8       ]
 [0.40241837 0.58232134 0.65524362 0.6932     0.6932     0.6932
  0.6932     0.6932     0.6932     0.67368772 0.6932     0.54853253
  0.52893801 0.52893053 0.48507983 0.786      0.818      0.818
  0.818      0.818      0.818      0.818      0.818      0.818
  0.85       0.85       0.85       0.85       0.85       0.85
  0.85       0.85      ]
 [0.40241837 0.58232134 0.65524362 0.6932     0.6932     0.6932
  0.6932     0.6932     0.6932     0.67368772 0.6932     0.54853253
  0.52893801 0.52893053 0.48507983 0.786      0.818      0.818
  0.818      0.818      0.818      0.818      0.818      0.818
  0.85       0.85       0.85       0.85       0.85       0.85
  0.85       0.85      ]
 [0.40241837 0.58232134 0.65524362 0.6932     0.6932     0.6932
  0.6932     0.6932     0.6932     0.67368772 0.6932     0.54853253
  0.52893801 0.52893053 0.48507983 0.786      0.818      0.818
  0.818      0.818      0.818      0.818      0.818      0.818
  0.85       0.85       0.85       0.85       0.85       0.85
  0.85       0.85      ]
 [0.40241837 0.58232134 0.65524362 0.6932     0.6932     0.6932
  0.6932     0.6932     0.6932     0.67368772 0.6932     0.54853253
  0.52893801 0.52893053 0.48507983 0.786      0.818      0.818
  0.818      0.818      0.818      0.818      0.818      0.818
  0.85       0.85       0.85       0.85       0.85       0.85
  0.85       0.85      ]
 [0.40241837 0.58232134 0.65524362 0.6932     0.6932     0.6932
  0.6932     0.6932     0.6932     0.67368772 0.6932     0.54853253
  0.52893801 0.52893053 0.48507983 0.786      0.818      0.818
  0.818      0.818      0.818      0.818      0.818      0.818
  0.85       0.85       0.85       0.85       0.85       0.85
  0.85       0.85      ]
 [0.40241837 0.58232134 0.65524362 0.6932     0.6932     0.6932
  0.6932     0.6932     0.6932     0.67368772 0.6932     0.54853253
  0.52893801 0.52893053 0.48507983 0.786      0.818      0.818
  0.818      0.818      0.818      0.818      0.818      0.818
  0.85       0.85       0.85       0.85       0.85       0.85
  0.85       0.85      ]
 [0.64900437 0.6932     0.6932     0.6932     0.6932     0.6932
  0.6932     0.6932     0.6932     0.6932     0.6932     0.6932
  0.6932     0.6932     0.6932     0.7155169  0.818      0.72272019
  0.72183279 0.72096663 0.72563272 0.78538508 0.818      0.63576148
  0.85       0.85       0.85       0.85       0.85       0.85
  0.85       0.85      ]
 [0.64900437 0.6932     0.6932     0.6932     0.6932     0.6932
  0.6932     0.6932     0.6932     0.6932     0.6932     0.6932
  0.6932     0.6932     0.6932     0.7155169  0.818      0.72272019
  0.72183279 0.72096663 0.72563272 0.78538508 0.818      0.63576148
  0.85       0.85       0.85       0.85       0.85       0.85
  0.85       0.85      ]
 [0.64900437 0.6932     0.6932     0.6932     0.6932     0.6932
  0.6932     0.6932     0.6932     0.6932     0.6932     0.6932
  0.6932     0.6932     0.6932     0.7155169  0.818      0.72272019
  0.72183279 0.72096663 0.72563272 0.78538508 0.818      0.63576148
  0.85       0.85       0.85       0.85       0.85       0.85
  0.85       0.85      ]
 [0.64900437 0.6932     0.6932     0.6932     0.6932     0.6932
  0.6932     0.6932     0.6932     0.6932     0.6932     0.6932
  0.6932     0.6932     0.6932     0.7155169  0.818      0.72272019
  0.72183279 0.72096663 0.72563272 0.78538508 0.818      0.63576148
  0.85       0.85       0.85       0.85       0.85       0.85
  0.85       0.85      ]
 [0.64900437 0.6932     0.6932     0.6932     0.6932     0.6932
  0.6932     0.6932     0.6932     0.6932     0.6932     0.6932
  0.6932     0.6932     0.6932     0.7155169  0.818      0.72272019
  0.72183279 0.72096663 0.72563272 0.78538508 0.818      0.63576148
  0.85       0.85       0.85       0.85       0.85       0.85
  0.85       0.85      ]
 [0.64900437 0.6932     0.6932     0.6932     0.6932     0.6932
  0.6932     0.6932     0.6932     0.6932     0.6932     0.6932
  0.6932     0.6932     0.6932     0.7155169  0.818      0.72272019
  0.72183279 0.72096663 0.72563272 0.78538508 0.818      0.63576148
  0.85       0.85       0.85       0.85       0.85       0.85
  0.85       0.85      ]
 [0.41616089 0.63558436 0.6932     0.40606449 0.6932     0.6932
  0.6932     0.6932     0.6932     0.6932     0.6932     0.30982901
  0.36335987 0.36893585 0.24963997 0.786      0.77791065 0.60781644
  0.60465404 0.59974144 0.58375787 0.66703784 0.818      0.818
  0.59480827 0.59698539 0.59892011 0.59711083 0.85       0.85
  0.85       0.85      ]
 [0.41616089 0.63558436 0.6932     0.40606449 0.6932     0.6932
  0.6932     0.6932     0.6932     0.6932     0.6932     0.30982901
  0.36335987 0.36893585 0.24963997 0.786      0.77791065 0.60781644
  0.60465404 0.59974144 0.58375787 0.66703784 0.818      0.818
  0.59480827 0.59698539 0.59892011 0.59711083 0.85       0.85
  0.85       0.85      ]
 [0.41616089 0.63558436 0.6932     0.40606449 0.6932     0.6932
  0.6932     0.6932     0.6932     0.6932     0.6932     0.30982901
  0.36335987 0.36893585 0.24963997 0.786      0.77791065 0.60781644
  0.60465404 0.59974144 0.58375787 0.66703784 0.818      0.818
  0.59480827 0.59698539 0.59892011 0.59711083 0.85       0.85
  0.85       0.85      ]
 [0.41616089 0.63558436 0.6932     0.40606449 0.6932     0.6932
  0.6932     0.6932     0.6932     0.6932     0.6932     0.30982901
  0.36335987 0.36893585 0.24963997 0.786      0.77791065 0.60781644
  0.60465404 0.59974144 0.58375787 0.66703784 0.818      0.818
  0.59480827 0.59698539 0.59892011 0.59711083 0.85       0.85
  0.85       0.85      ]
 [0.41616089 0.63558436 0.6932     0.40606449 0.6932     0.6932
  0.6932     0.6932     0.6932     0.6932     0.6932     0.30982901
  0.36335987 0.36893585 0.24963997 0.786      0.77791065 0.60781644
  0.60465404 0.59974144 0.58375787 0.66703784 0.818      0.818
  0.59480827 0.59698539 0.59892011 0.59711083 0.85       0.85
  0.85       0.85      ]
 [0.41616089 0.63558436 0.6932     0.40606449 0.6932     0.6932
  0.6932     0.6932     0.6932     0.6932     0.6932     0.30982901
  0.36335987 0.36893585 0.24963997 0.786      0.77791065 0.60781644
  0.60465404 0.59974144 0.58375787 0.66703784 0.818      0.818
  0.59480827 0.59698539 0.59892011 0.59711083 0.85       0.85
  0.85       0.85      ]
 [0.66735599 0.6932     0.6932     0.44481586 0.6932     0.6932
  0.6932     0.6932     0.6932     0.6932     0.6932     0.44175299
  0.54942724 0.55818404 0.38939737 0.786      0.69522578 0.5292273
  0.52680238 0.52327824 0.51534135 0.59665151 0.80353363 0.75119048
  0.59528734 0.59749271 0.59944948 0.5976198  0.85       0.85
  0.85       0.85      ]
 [0.66735599 0.6932     0.6932     0.44481586 0.6932     0.6932
  0.6932     0.6932     0.6932     0.6932     0.6932     0.44175299
  0.54942724 0.55818404 0.38939737 0.786      0.69522578 0.5292273
  0.52680238 0.52327824 0.51534135 0.59665151 0.80353363 0.75119048
  0.59528734 0.59749271 0.59944948 0.5976198  0.85       0.85
  0.85       0.85      ]
 [0.66735599 0.6932     0.6932     0.44481586 0.6932     0.6932
  0.6932     0.6932     0.6932     0.6932     0.6932     0.44175299
  0.54942724 0.55818404 0.38939737 0.786      0.69522578 0.5292273
  0.52680238 0.52327824 0.51534135 0.59665151 0.80353363 0.75119048
  0.59528734 0.59749271 0.59944948 0.5976198  0.85       0.85
  0.85       0.85      ]
 [0.66735599 0.6932     0.6932     0.44481586 0.6932     0.6932
  0.6932     0.6932     0.6932     0.6932     0.6932     0.44175299
  0.54942724 0.55818404 0.38939737 0.786      0.69522578 0.5292273
  0.52680238 0.52327824 0.51534135 0.59665151 0.80353363 0.75119048
  0.59528734 0.59749271 0.59944948 0.5976198  0.85       0.85
  0.85       0.85      ]
 [0.66735599 0.6932     0.6932     0.44481586 0.6932     0.6932
  0.6932     0.6932     0.6932     0.6932     0.6932     0.44175299
  0.54942724 0.55818404 0.38939737 0.786      0.69522578 0.5292273
  0.52680238 0.52327824 0.51534135 0.59665151 0.80353363 0.75119048
  0.59528734 0.59749271 0.59944948 0.5976198  0.85       0.85
  0.85       0.85      ]
 [0.66735599 0.6932     0.6932     0.44481586 0.6932     0.6932
  0.6932     0.6932     0.6932     0.6932     0.6932     0.44175299
  0.54942724 0.55818404 0.38939737 0.786      0.69522578 0.5292273
  0.52680238 0.52327824 0.51534135 0.59665151 0.80353363 0.75119048
  0.59528734 0.59749271 0.59944948 0.5976198  0.85       0.85
  0.85       0.85      ]
 [0.6932     0.6932     0.6932     0.47575004 0.6932     0.6932
  0.6932     0.6932     0.6932     0.6932     0.67520271 0.57649168
  0.6932     0.6932     0.53829449 0.786      0.59407451 0.45318331
  0.45166531 0.44974092 0.44982638 0.52002042 0.69868705 0.53661583
  0.58854466 0.5904849  0.59220196 0.59059666 0.85       0.85
  0.85       0.85      ]
 [0.6932     0.6932     0.6932     0.47575004 0.6932     0.6932
  0.6932     0.6932     0.6932     0.6932     0.67520271 0.57649168
  0.6932     0.6932     0.53829449 0.786      0.59407451 0.45318331
  0.45166531 0.44974092 0.44982638 0.52002042 0.69868705 0.53661583
  0.58854466 0.5904849  0.59220196 0.59059666 0.85       0.85
  0.85       0.85      ]
 [0.6932     0.6932     0.6932     0.47575004 0.6932     0.6932
  0.6932     0.6932     0.6932     0.6932     0.67520271 0.57649168
  0.6932     0.6932     0.53829449 0.786      0.59407451 0.45318331
  0.45166531 0.44974092 0.44982638 0.52002042 0.69868705 0.53661583
  0.58854466 0.5904849  0.59220196 0.59059666 0.85       0.85
  0.85       0.85      ]
 [0.6932     0.6932     0.6932     0.47575004 0.6932     0.6932
  0.6932     0.6932     0.6932     0.6932     0.67520271 0.57649168
  0.6932     0.6932     0.53829449 0.786      0.59407451 0.45318331
  0.45166531 0.44974092 0.44982638 0.52002042 0.69868705 0.53661583
  0.58854466 0.5904849  0.59220196 0.59059666 0.85       0.85
  0.85       0.85      ]
 [0.6932     0.6932     0.6932     0.47575004 0.6932     0.6932
  0.6932     0.6932     0.6932     0.6932     0.67520271 0.57649168
  0.6932     0.6932     0.53829449 0.786      0.59407451 0.45318331
  0.45166531 0.44974092 0.44982638 0.52002042 0.69868705 0.53661583
  0.58854466 0.5904849  0.59220196 0.59059666 0.85       0.85
  0.85       0.85      ]
 [0.6932     0.6932     0.6932     0.47575004 0.6932     0.6932
  0.6932     0.6932     0.6932     0.6932     0.67520271 0.57649168
  0.6932     0.6932     0.53829449 0.786      0.59407451 0.45318331
  0.45166531 0.44974092 0.44982638 0.52002042 0.69868705 0.53661583
  0.58854466 0.5904849  0.59220196 0.59059666 0.85       0.85
  0.85       0.85      ]]","[[1. 1. 1. 1. 1. 1. 1. 1. 1. 1. 1. 1. 1. 1. 1. 1. 1. 1. 1. 1. 1. 1. 1. 1.
  1. 1. 1. 1. 1. 1. 1. 1.]
 [1. 1. 1. 1. 1. 1. 1. 1. 1. 1. 1. 1. 1. 1. 1. 1. 1. 1. 1. 1. 1. 1. 1. 1.
  1. 1. 1. 1. 1. 1. 1. 1.]
 [1. 1. 1. 1. 1. 1. 1. 1. 1. 1. 1. 1. 1. 1. 1. 1. 1. 1. 1. 1. 1. 1. 1. 1.
  1. 1. 1. 1. 1. 1. 1. 1.]
 [1. 1. 1. 1. 1. 1. 1. 1. 1. 1. 1. 1. 1. 1. 1. 1. 1. 1. 1. 1. 1. 1. 1. 1.
  1. 1. 1. 1. 1. 1. 1. 1.]
 [1. 1. 1. 1. 1. 1. 1. 1. 1. 1. 1. 1. 1. 1. 1. 1. 1. 1. 1. 1. 1. 1. 1. 1.
  1. 1. 1. 1. 1. 1. 1. 1.]
 [1. 1. 1. 1. 1. 1. 1. 1. 1. 1. 1. 1. 1. 1. 1. 1. 1. 1. 1. 1. 1. 1. 1. 1.
  1. 1. 1. 1. 1. 1. 1. 1.]
 [1. 1. 1. 1. 1. 1. 1. 1. 1. 1. 1. 1. 1. 1. 1. 1. 1. 1. 1. 1. 1. 1. 1. 1.
  1. 1. 1. 1. 1. 1. 1. 1.]
 [1. 1. 1. 1. 1. 1. 1. 1. 1. 1. 1. 1. 1. 1. 1. 1. 1. 1. 1. 1. 1. 1. 1. 1.
  1. 1. 1. 1. 1. 1. 1. 1.]
 [1. 1. 1. 1. 1. 1. 1. 1. 1. 1. 1. 1. 1. 1. 1. 1. 1. 1. 1. 1. 1. 1. 1. 1.
  1. 1. 1. 1. 1. 1. 1. 1.]
 [1. 1. 1. 1. 1. 1. 1. 1. 1. 1. 1. 1. 1. 1. 1. 1. 1. 1. 1. 1. 1. 1. 1. 1.
  1. 1. 1. 1. 1. 1. 1. 1.]
 [1. 1. 1. 1. 1. 1. 1. 1. 1. 1. 1. 1. 1. 1. 1. 1. 1. 1. 1. 1. 1. 1. 1. 1.
  1. 1. 1. 1. 1. 1. 1. 1.]
 [1. 1. 1. 1. 1. 1. 1. 1. 1. 1. 1. 1. 1. 1. 1. 1. 1. 1. 1. 1. 1. 1. 1. 1.
  1. 1. 1. 1. 1. 1. 1. 1.]
 [1. 1. 1. 1. 1. 1. 1. 1. 1. 1. 1. 1. 1. 1. 1. 1. 1. 1. 1. 1. 1. 1. 1. 1.
  1. 1. 1. 1. 1. 1. 1. 1.]
 [1. 1. 1. 1. 1. 1. 1. 1. 1. 1. 1. 1. 1. 1. 1. 1. 1. 1. 1. 1. 1. 1. 1. 1.
  1. 1. 1. 1. 1. 1. 1. 1.]
 [1. 1. 1. 1. 1. 1. 1. 1. 1. 1. 1. 1. 1. 1. 1. 1. 1. 1. 1. 1. 1. 1. 1. 1.
  1. 1. 1. 1. 1. 1. 1. 1.]
 [1. 1. 1. 1. 1. 1. 1. 1. 1. 1. 1. 1. 1. 1. 1. 1. 1. 1. 1. 1. 1. 1. 1. 1.
  1. 1. 1. 1. 1. 1. 1. 1.]
 [1. 1. 1. 1. 1. 1. 1. 1. 1. 1. 1. 1. 1. 1. 1. 1. 1. 1. 1. 1. 1. 1. 1. 1.
  1. 1. 1. 1. 1. 1. 1. 1.]
 [1. 1. 1. 1. 1. 1. 1. 1. 1. 1. 1. 1. 1. 1. 1. 1. 1. 1. 1. 1. 1. 1. 1. 1.
  1. 1. 1. 1. 1. 1. 1. 1.]
 [0. 1. 1. 1. 1. 1. 1. 1. 1. 1. 1. 0. 0. 0. 0. 1. 1. 1. 1. 1. 1. 1. 1. 1.
  1. 1. 1. 1. 1. 1. 1. 1.]
 [0. 1. 1. 1. 1. 1. 1. 1. 1. 1. 1. 0. 0. 0. 0. 1. 1. 1. 1. 1. 1. 1. 1. 1.
  1. 1. 1. 1. 1. 1. 1. 1.]
 [0. 1. 1. 1. 1. 1. 1. 1. 1. 1. 1. 0. 0. 0. 0. 1. 1. 1. 1. 1. 1. 1. 1. 1.
  1. 1. 1. 1. 1. 1. 1. 1.]
 [0. 1. 1. 1. 1. 1. 1. 1. 1. 1. 1. 0. 0. 0. 0. 1. 1. 1. 1. 1. 1. 1. 1. 1.
  1. 1. 1. 1. 1. 1. 1. 1.]
 [0. 1. 1. 1. 1. 1. 1. 1. 1. 1. 1. 0. 0. 0. 0. 1. 1. 1. 1. 1. 1. 1. 1. 1.
  1. 1. 1. 1. 1. 1. 1. 1.]
 [0. 1. 1. 1. 1. 1. 1. 1. 1. 1. 1. 0. 0. 0. 0. 1. 1. 1. 1. 1. 1. 1. 1. 1.
  1. 1. 1. 1. 1. 1. 1. 1.]
 [1. 1. 1. 1. 1. 1. 1. 1. 1. 1. 1. 1. 1. 1. 0. 1. 1. 1. 1. 1. 0. 1. 1. 1.
  1. 1. 1. 1. 1. 1. 1. 1.]
 [1. 1. 1. 1. 1. 1. 1. 1. 1. 1. 1. 1. 1. 1. 0. 1. 1. 1. 1. 1. 0. 1. 1. 1.
  1. 1. 1. 1. 1. 1. 1. 1.]
 [1. 1. 1. 1. 1. 1. 1. 1. 1. 1. 1. 1. 1. 1. 0. 1. 1. 1. 1. 1. 0. 1. 1. 1.
  1. 1. 1. 1. 1. 1. 1. 1.]
 [1. 1. 1. 1. 1. 1. 1. 1. 1. 1. 1. 1. 1. 1. 0. 1. 1. 1. 1. 1. 0. 1. 1. 1.
  1. 1. 1. 1. 1. 1. 1. 1.]
 [1. 1. 1. 1. 1. 1. 1. 1. 1. 1. 1. 1. 1. 1. 0. 1. 1. 1. 1. 1. 0. 1. 1. 1.
  1. 1. 1. 1. 1. 1. 1. 1.]
 [1. 1. 1. 1. 1. 1. 1. 1. 1. 1. 1. 1. 1. 1. 0. 1. 1. 1. 1. 1. 0. 1. 1. 1.
  1. 1. 1. 1. 1. 1. 1. 1.]
 [1. 1. 1. 1. 1. 1. 1. 1. 1. 1. 1. 1. 1. 1. 1. 1. 1. 0. 0. 0. 0. 1. 1. 1.
  1. 1. 1. 1. 1. 1. 1. 1.]
 [1. 1. 1. 1. 1. 1. 1. 1. 1. 1. 1. 1. 1. 1. 1. 1. 1. 0. 0. 0. 0. 1. 1. 1.
  1. 1. 1. 1. 1. 1. 1. 1.]
 [1. 1. 1. 1. 1. 1. 1. 1. 1. 1. 1. 1. 1. 1. 1. 1. 1. 0. 0. 0. 0. 1. 1. 1.
  1. 1. 1. 1. 1. 1. 1. 1.]
 [1. 1. 1. 1. 1. 1. 1. 1. 1. 1. 1. 1. 1. 1. 1. 1. 1. 0. 0. 0. 0. 1. 1. 1.
  1. 1. 1. 1. 1. 1. 1. 1.]
 [1. 1. 1. 1. 1. 1. 1. 1. 1. 1. 1. 1. 1. 1. 1. 1. 1. 0. 0. 0. 0. 1. 1. 1.
  1. 1. 1. 1. 1. 1. 1. 1.]
 [1. 1. 1. 1. 1. 1. 1. 1. 1. 1. 1. 1. 1. 1. 1. 1. 1. 0. 0. 0. 0. 1. 1. 1.
  1. 1. 1. 1. 1. 1. 1. 1.]]","[[1.         0.         0.        ]
 [1.         0.         0.        ]
 [1.         0.         0.        ]
 [1.         0.         0.        ]
 [1.         0.         0.        ]
 [1.         0.         0.        ]
 [1.         0.         0.        ]
 [1.         0.         0.        ]
 [1.         0.         0.        ]
 [1.         0.         0.        ]
 [1.         0.         0.        ]
 [1.         0.         0.        ]
 [1.         0.         0.        ]
 [1.         0.         0.        ]
 [1.         0.         0.        ]
 [0.2        0.         0.        ]
 [1.         0.         0.        ]
 [0.         1.         0.        ]
 [0.         1.         0.        ]
 [0.         1.         0.        ]
 [0.         1.         0.        ]
 [1.         0.         0.        ]
 [0.         0.         0.61488563]
 [0.61488563 0.         0.        ]
 [0.         0.22       0.        ]
 [0.         0.22       0.        ]
 [0.         0.22       0.        ]
 [0.         0.22       0.        ]
 [0.         0.         0.22      ]
 [0.         0.         0.22      ]
 [0.         0.         0.22      ]
 [0.         0.         0.22      ]]",[[80 85 90]],0.7764,4.105401992797852
26,20,"[[0.1619128  0.30246626 0.3024662  0.3024662  0.3024662  0.3024662
  0.3024662  0.3024662  0.3024662  1.         1.         1.
  1.         1.         1.         0.32384144 0.2071256  0.2071256
  0.2071256  0.2071256 ]]","[[0.768      0.6432     0.6432     0.6432     0.6432     0.6432
  0.6432     0.6432     0.6432     0.768      0.768      0.768
  0.768      0.768      0.768      0.768      0.8        0.8
  0.8        0.8       ]
 [0.768      0.6432     0.6432     0.6432     0.6432     0.6432
  0.6432     0.6432     0.6432     0.768      0.768      0.768
  0.768      0.768      0.768      0.768      0.8        0.8
  0.8        0.8       ]
 [0.768      0.6432     0.6432     0.6432     0.6432     0.6432
  0.6432     0.6432     0.6432     0.768      0.768      0.768
  0.768      0.768      0.768      0.768      0.8        0.8
  0.8        0.8       ]
 [0.768      0.6432     0.6432     0.6432     0.6432     0.6432
  0.6432     0.6432     0.6432     0.768      0.768      0.768
  0.768      0.768      0.768      0.768      0.8        0.8
  0.8        0.8       ]
 [0.768      0.6432     0.6432     0.6432     0.6432     0.6432
  0.6432     0.6432     0.6432     0.768      0.768      0.768
  0.768      0.768      0.768      0.768      0.8        0.8
  0.8        0.8       ]
 [0.768      0.6432     0.6432     0.6432     0.6432     0.6432
  0.6432     0.6432     0.6432     0.768      0.768      0.768
  0.768      0.768      0.768      0.768      0.8        0.8
  0.8        0.8       ]
 [0.5763233  0.6932     0.6932     0.6932     0.6932     0.56164858
  0.47887408 0.4731758  0.52835197 0.818      0.818      0.818
  0.818      0.818      0.818      0.818      0.85       0.85
  0.85       0.85      ]
 [0.5763233  0.6932     0.6932     0.6932     0.6932     0.56164858
  0.47887408 0.4731758  0.52835197 0.818      0.818      0.818
  0.818      0.818      0.818      0.818      0.85       0.85
  0.85       0.85      ]
 [0.5763233  0.6932     0.6932     0.6932     0.6932     0.56164858
  0.47887408 0.4731758  0.52835197 0.818      0.818      0.818
  0.818      0.818      0.818      0.818      0.85       0.85
  0.85       0.85      ]
 [0.5763233  0.6932     0.6932     0.6932     0.6932     0.56164858
  0.47887408 0.4731758  0.52835197 0.818      0.818      0.818
  0.818      0.818      0.818      0.818      0.85       0.85
  0.85       0.85      ]
 [0.5763233  0.6932     0.6932     0.6932     0.6932     0.56164858
  0.47887408 0.4731758  0.52835197 0.818      0.818      0.818
  0.818      0.818      0.818      0.818      0.85       0.85
  0.85       0.85      ]
 [0.5763233  0.6932     0.6932     0.6932     0.6932     0.56164858
  0.47887408 0.4731758  0.52835197 0.818      0.818      0.818
  0.818      0.818      0.818      0.818      0.85       0.85
  0.85       0.85      ]
 [0.818      0.6932     0.6932     0.6932     0.6932     0.6932
  0.6932     0.6932     0.6932     0.67269882 0.818      0.818
  0.818      0.818      0.69231047 0.8132688  0.85       0.85
  0.85       0.85      ]
 [0.818      0.6932     0.6932     0.6932     0.6932     0.6932
  0.6932     0.6932     0.6932     0.67269882 0.818      0.818
  0.818      0.818      0.69231047 0.8132688  0.85       0.85
  0.85       0.85      ]
 [0.818      0.6932     0.6932     0.6932     0.6932     0.6932
  0.6932     0.6932     0.6932     0.67269882 0.818      0.818
  0.818      0.818      0.69231047 0.8132688  0.85       0.85
  0.85       0.85      ]
 [0.818      0.6932     0.6932     0.6932     0.6932     0.6932
  0.6932     0.6932     0.6932     0.67269882 0.818      0.818
  0.818      0.818      0.69231047 0.8132688  0.85       0.85
  0.85       0.85      ]
 [0.818      0.6932     0.6932     0.6932     0.6932     0.6932
  0.6932     0.6932     0.6932     0.67269882 0.818      0.818
  0.818      0.818      0.69231047 0.8132688  0.85       0.85
  0.85       0.85      ]
 [0.818      0.6932     0.6932     0.6932     0.6932     0.6932
  0.6932     0.6932     0.6932     0.67269882 0.818      0.818
  0.818      0.818      0.69231047 0.8132688  0.85       0.85
  0.85       0.85      ]
 [0.57173053 0.58319576 0.6932     0.6932     0.6932     0.41518672
  0.42473816 0.42551894 0.3758587  0.59048295 0.69786826 0.69973735
  0.70366696 0.72816467 0.58963081 0.81576674 0.85       0.85
  0.85       0.85      ]
 [0.818      0.68222659 0.6932     0.6932     0.6932     0.60884111
  0.66204442 0.66486757 0.56928645 0.49543607 0.65718236 0.65913965
  0.66324711 0.6884815  0.5037485  0.71234432 0.85       0.85
  0.85       0.85      ]
 [0.818      0.68222659 0.6932     0.6932     0.6932     0.60884111
  0.66204442 0.66486757 0.56928645 0.49543607 0.65718236 0.65913965
  0.66324711 0.6884815  0.5037485  0.71234432 0.85       0.85
  0.85       0.85      ]
 [0.818      0.68222659 0.6932     0.6932     0.6932     0.60884111
  0.66204442 0.66486757 0.56928645 0.49543607 0.65718236 0.65913965
  0.66324711 0.6884815  0.5037485  0.71234432 0.85       0.85
  0.85       0.85      ]
 [0.818      0.68222659 0.6932     0.6932     0.6932     0.60884111
  0.66204442 0.66486757 0.56928645 0.49543607 0.65718236 0.65913965
  0.66324711 0.6884815  0.5037485  0.71234432 0.85       0.85
  0.85       0.85      ]
 [0.818      0.68222659 0.6932     0.6932     0.6932     0.60884111
  0.66204442 0.66486757 0.56928645 0.49543607 0.65718236 0.65913965
  0.66324711 0.6884815  0.5037485  0.71234432 0.85       0.85
  0.85       0.85      ]
 [0.818      0.68222659 0.6932     0.6932     0.6932     0.60884111
  0.66204442 0.66486757 0.56928645 0.49543607 0.65718236 0.65913965
  0.66324711 0.6884815  0.5037485  0.71234432 0.85       0.85
  0.85       0.85      ]
 [0.818      0.6932     0.6932     0.6932     0.6932     0.6932
  0.6932     0.6932     0.6932     0.40818975 0.59800613 0.59972342
  0.60331442 0.62486512 0.42380983 0.5920492  0.85       0.85
  0.85       0.85      ]]","[[1. 1. 1. 1. 1. 1. 1. 1. 1. 1. 1. 1. 1. 1. 1. 1. 1. 1. 1. 1.]
 [1. 1. 1. 1. 1. 1. 1. 1. 1. 1. 1. 1. 1. 1. 1. 1. 1. 1. 1. 1.]
 [1. 1. 1. 1. 1. 1. 1. 1. 1. 1. 1. 1. 1. 1. 1. 1. 1. 1. 1. 1.]
 [1. 1. 1. 1. 1. 1. 1. 1. 1. 1. 1. 1. 1. 1. 1. 1. 1. 1. 1. 1.]
 [1. 1. 1. 1. 1. 1. 1. 1. 1. 1. 1. 1. 1. 1. 1. 1. 1. 1. 1. 1.]
 [1. 1. 1. 1. 1. 1. 1. 1. 1. 1. 1. 1. 1. 1. 1. 1. 1. 1. 1. 1.]
 [1. 1. 1. 1. 1. 1. 1. 1. 1. 1. 1. 1. 1. 1. 1. 1. 1. 1. 1. 1.]
 [1. 1. 1. 1. 1. 1. 1. 1. 1. 1. 1. 1. 1. 1. 1. 1. 1. 1. 1. 1.]
 [1. 1. 1. 1. 1. 1. 1. 1. 1. 1. 1. 1. 1. 1. 1. 1. 1. 1. 1. 1.]
 [1. 1. 1. 1. 1. 1. 1. 1. 1. 1. 1. 1. 1. 1. 1. 1. 1. 1. 1. 1.]
 [1. 1. 1. 1. 1. 1. 1. 1. 1. 1. 1. 1. 1. 1. 1. 1. 1. 1. 1. 1.]
 [1. 1. 1. 1. 1. 1. 1. 1. 1. 1. 1. 1. 1. 1. 1. 1. 1. 1. 1. 1.]
 [1. 1. 1. 1. 1. 1. 1. 1. 1. 1. 1. 1. 1. 1. 1. 1. 1. 1. 1. 1.]
 [1. 1. 1. 1. 1. 1. 1. 1. 1. 1. 1. 1. 1. 1. 1. 1. 1. 1. 1. 1.]
 [1. 1. 1. 1. 1. 1. 1. 1. 1. 1. 1. 1. 1. 1. 1. 1. 1. 1. 1. 1.]
 [1. 1. 1. 1. 1. 1. 1. 1. 1. 1. 1. 1. 1. 1. 1. 1. 1. 1. 1. 1.]
 [1. 1. 1. 1. 1. 1. 1. 1. 1. 1. 1. 1. 1. 1. 1. 1. 1. 1. 1. 1.]
 [1. 1. 1. 1. 1. 1. 1. 1. 1. 1. 1. 1. 1. 1. 1. 1. 1. 1. 1. 1.]
 [1. 1. 1. 1. 1. 1. 0. 0. 0. 1. 1. 1. 1. 1. 1. 1. 1. 1. 1. 1.]
 [1. 1. 1. 1. 1. 1. 1. 1. 1. 1. 1. 1. 1. 1. 0. 1. 1. 1. 1. 1.]
 [1. 1. 1. 1. 1. 1. 1. 1. 1. 1. 1. 1. 1. 1. 0. 1. 1. 1. 1. 1.]
 [1. 1. 1. 1. 1. 1. 1. 1. 1. 1. 1. 1. 1. 1. 0. 1. 1. 1. 1. 1.]
 [1. 1. 1. 1. 1. 1. 1. 1. 1. 1. 1. 1. 1. 1. 0. 1. 1. 1. 1. 1.]
 [1. 1. 1. 1. 1. 1. 1. 1. 1. 1. 1. 1. 1. 1. 0. 1. 1. 1. 1. 1.]
 [1. 1. 1. 1. 1. 1. 1. 1. 1. 1. 1. 1. 1. 1. 0. 1. 1. 1. 1. 1.]
 [1. 1. 1. 1. 1. 1. 1. 1. 1. 1. 1. 1. 1. 1. 0. 1. 1. 1. 1. 1.]]","[[0.         0.69722469 0.        ]
 [1.         0.         0.        ]
 [1.         0.         0.        ]
 [1.         0.         0.        ]
 [1.         0.         0.        ]
 [1.         0.         0.        ]
 [1.         0.         0.        ]
 [1.         0.         0.        ]
 [1.         0.         0.        ]
 [0.         1.         0.        ]
 [1.         0.         0.        ]
 [1.         0.         0.        ]
 [1.         0.         0.        ]
 [1.         0.         0.        ]
 [0.         1.         0.        ]
 [0.61488563 0.         0.        ]
 [0.         0.         0.22      ]
 [0.         0.         0.22      ]
 [0.         0.         0.22      ]
 [0.         0.         0.22      ]]",[[80 85 90]],0.7897,2.2315566539764404
24,18,"[[0.16357913 0.21440642 0.2144311  0.3024662  0.3024662  0.25510689
  0.3024662  1.         1.         1.         1.         1.
  1.         0.29861332 0.2071256  0.2071256  0.2071256  0.2071256 ]]","[[0.768      0.768      0.768      0.6432     0.6432     0.6432
  0.6432     0.768      0.768      0.768      0.768      0.768
  0.768      0.768      0.8        0.8        0.8        0.8       ]
 [0.768      0.768      0.768      0.6432     0.6432     0.6432
  0.6432     0.768      0.768      0.768      0.768      0.768
  0.768      0.768      0.8        0.8        0.8        0.8       ]
 [0.768      0.768      0.768      0.6432     0.6432     0.6432
  0.6432     0.768      0.768      0.768      0.768      0.768
  0.768      0.768      0.8        0.8        0.8        0.8       ]
 [0.768      0.768      0.768      0.6432     0.6432     0.6432
  0.6432     0.768      0.768      0.768      0.768      0.768
  0.768      0.768      0.8        0.8        0.8        0.8       ]
 [0.768      0.768      0.768      0.6432     0.6432     0.6432
  0.6432     0.768      0.768      0.768      0.768      0.768
  0.768      0.768      0.8        0.8        0.8        0.8       ]
 [0.768      0.768      0.768      0.6432     0.6432     0.6432
  0.6432     0.768      0.768      0.768      0.768      0.768
  0.768      0.768      0.8        0.8        0.8        0.8       ]
 [0.67353439 0.64223849 0.64279184 0.6932     0.46535448 0.34813384
  0.46528901 0.818      0.818      0.818      0.818      0.818
  0.818      0.818      0.85       0.85       0.85       0.85      ]
 [0.67353439 0.64223849 0.64279184 0.6932     0.46535448 0.34813384
  0.46528901 0.818      0.818      0.818      0.818      0.818
  0.818      0.818      0.85       0.85       0.85       0.85      ]
 [0.67353439 0.64223849 0.64279184 0.6932     0.46535448 0.34813384
  0.46528901 0.818      0.818      0.818      0.818      0.818
  0.818      0.818      0.85       0.85       0.85       0.85      ]
 [0.67353439 0.64223849 0.64279184 0.6932     0.46535448 0.34813384
  0.46528901 0.818      0.818      0.818      0.818      0.818
  0.818      0.818      0.85       0.85       0.85       0.85      ]
 [0.67353439 0.64223849 0.64279184 0.6932     0.46535448 0.34813384
  0.46528901 0.818      0.818      0.818      0.818      0.818
  0.818      0.818      0.85       0.85       0.85       0.85      ]
 [0.67353439 0.64223849 0.64279184 0.6932     0.46535448 0.34813384
  0.46528901 0.818      0.818      0.818      0.818      0.818
  0.818      0.818      0.85       0.85       0.85       0.85      ]
 [0.818      0.818      0.818      0.6932     0.6932     0.57769546
  0.6932     0.71394764 0.818      0.818      0.818      0.818
  0.73544229 0.68861558 0.85       0.85       0.85       0.85      ]
 [0.818      0.818      0.818      0.6932     0.6932     0.57769546
  0.6932     0.71394764 0.818      0.818      0.818      0.818
  0.73544229 0.68861558 0.85       0.85       0.85       0.85      ]
 [0.818      0.818      0.818      0.6932     0.6932     0.57769546
  0.6932     0.71394764 0.818      0.818      0.818      0.818
  0.73544229 0.68861558 0.85       0.85       0.85       0.85      ]
 [0.818      0.818      0.818      0.6932     0.6932     0.57769546
  0.6932     0.71394764 0.818      0.818      0.818      0.818
  0.73544229 0.68861558 0.85       0.85       0.85       0.85      ]
 [0.818      0.818      0.818      0.6932     0.6932     0.57769546
  0.6932     0.71394764 0.818      0.818      0.818      0.818
  0.73544229 0.68861558 0.85       0.85       0.85       0.85      ]
 [0.818      0.818      0.818      0.6932     0.6932     0.57769546
  0.6932     0.71394764 0.818      0.818      0.818      0.818
  0.73544229 0.68861558 0.85       0.85       0.85       0.85      ]
 [0.818      0.818      0.818      0.6932     0.6932     0.6932
  0.6932     0.49168777 0.7653371  0.76677902 0.76978032 0.78727742
  0.48466118 0.46048428 0.85       0.85       0.85       0.85      ]
 [0.818      0.818      0.818      0.6932     0.6932     0.6932
  0.6932     0.49168777 0.7653371  0.76677902 0.76978032 0.78727742
  0.48466118 0.46048428 0.85       0.85       0.85       0.85      ]
 [0.818      0.818      0.818      0.6932     0.6932     0.6932
  0.6932     0.49168777 0.7653371  0.76677902 0.76978032 0.78727742
  0.48466118 0.46048428 0.85       0.85       0.85       0.85      ]
 [0.818      0.818      0.818      0.6932     0.6932     0.6932
  0.6932     0.49168777 0.7653371  0.76677902 0.76978032 0.78727742
  0.48466118 0.46048428 0.85       0.85       0.85       0.85      ]
 [0.818      0.818      0.818      0.6932     0.6932     0.6932
  0.6932     0.49168777 0.7653371  0.76677902 0.76978032 0.78727742
  0.48466118 0.46048428 0.85       0.85       0.85       0.85      ]
 [0.818      0.818      0.818      0.6932     0.6932     0.6932
  0.6932     0.49168777 0.7653371  0.76677902 0.76978032 0.78727742
  0.48466118 0.46048428 0.85       0.85       0.85       0.85      ]]","[[1. 1. 1. 1. 1. 1. 1. 1. 1. 1. 1. 1. 1. 1. 1. 1. 1. 1.]
 [1. 1. 1. 1. 1. 1. 1. 1. 1. 1. 1. 1. 1. 1. 1. 1. 1. 1.]
 [1. 1. 1. 1. 1. 1. 1. 1. 1. 1. 1. 1. 1. 1. 1. 1. 1. 1.]
 [1. 1. 1. 1. 1. 1. 1. 1. 1. 1. 1. 1. 1. 1. 1. 1. 1. 1.]
 [1. 1. 1. 1. 1. 1. 1. 1. 1. 1. 1. 1. 1. 1. 1. 1. 1. 1.]
 [1. 1. 1. 1. 1. 1. 1. 1. 1. 1. 1. 1. 1. 1. 1. 1. 1. 1.]
 [1. 1. 1. 1. 1. 0. 1. 1. 1. 1. 1. 1. 1. 1. 1. 1. 1. 1.]
 [1. 1. 1. 1. 1. 0. 1. 1. 1. 1. 1. 1. 1. 1. 1. 1. 1. 1.]
 [1. 1. 1. 1. 1. 0. 1. 1. 1. 1. 1. 1. 1. 1. 1. 1. 1. 1.]
 [1. 1. 1. 1. 1. 0. 1. 1. 1. 1. 1. 1. 1. 1. 1. 1. 1. 1.]
 [1. 1. 1. 1. 1. 0. 1. 1. 1. 1. 1. 1. 1. 1. 1. 1. 1. 1.]
 [1. 1. 1. 1. 1. 0. 1. 1. 1. 1. 1. 1. 1. 1. 1. 1. 1. 1.]
 [1. 1. 1. 1. 1. 1. 1. 1. 1. 1. 1. 1. 1. 1. 1. 1. 1. 1.]
 [1. 1. 1. 1. 1. 1. 1. 1. 1. 1. 1. 1. 1. 1. 1. 1. 1. 1.]
 [1. 1. 1. 1. 1. 1. 1. 1. 1. 1. 1. 1. 1. 1. 1. 1. 1. 1.]
 [1. 1. 1. 1. 1. 1. 1. 1. 1. 1. 1. 1. 1. 1. 1. 1. 1. 1.]
 [1. 1. 1. 1. 1. 1. 1. 1. 1. 1. 1. 1. 1. 1. 1. 1. 1. 1.]
 [1. 1. 1. 1. 1. 1. 1. 1. 1. 1. 1. 1. 1. 1. 1. 1. 1. 1.]
 [1. 1. 1. 1. 1. 1. 1. 1. 1. 1. 1. 1. 1. 1. 1. 1. 1. 1.]
 [1. 1. 1. 1. 1. 1. 1. 1. 1. 1. 1. 1. 1. 1. 1. 1. 1. 1.]
 [1. 1. 1. 1. 1. 1. 1. 1. 1. 1. 1. 1. 1. 1. 1. 1. 1. 1.]
 [1. 1. 1. 1. 1. 1. 1. 1. 1. 1. 1. 1. 1. 1. 1. 1. 1. 1.]
 [1. 1. 1. 1. 1. 1. 1. 1. 1. 1. 1. 1. 1. 1. 1. 1. 1. 1.]
 [1. 1. 1. 1. 1. 1. 1. 1. 1. 1. 1. 1. 1. 1. 1. 1. 1. 1.]]","[[0.         0.69722469 0.        ]
 [0.         0.         0.58837803]
 [0.         0.         0.58837803]
 [1.         0.         0.        ]
 [1.         0.         0.        ]
 [1.         0.         0.        ]
 [1.         0.         0.        ]
 [1.         0.         0.        ]
 [1.         0.         0.        ]
 [1.         0.         0.        ]
 [1.         0.         0.        ]
 [1.         0.         0.        ]
 [0.         1.         0.        ]
 [0.         0.61488563 0.        ]
 [0.         0.         0.22      ]
 [0.         0.         0.22      ]
 [0.         0.         0.22      ]
 [0.         0.         0.22      ]]",[[80 85 90]],0.8047,1.930610179901123
24,18,"[[0.16499768 0.21678536 0.21681002 0.2533701  0.3024662  0.33937865
  0.33937865 0.33937865 1.         1.         1.         1.
  1.         1.         0.20687333 0.20687822 0.20687726 0.20687813]]","[[0.768      0.768      0.768      0.6432     0.6432     0.736
  0.736      0.736      0.768      0.768      0.768      0.768
  0.768      0.768      0.8        0.8        0.8        0.8       ]
 [0.768      0.768      0.768      0.6432     0.6432     0.736
  0.736      0.736      0.768      0.768      0.768      0.768
  0.768      0.768      0.8        0.8        0.8        0.8       ]
 [0.768      0.768      0.768      0.6432     0.6432     0.736
  0.736      0.736      0.768      0.768      0.768      0.768
  0.768      0.768      0.8        0.8        0.8        0.8       ]
 [0.768      0.768      0.768      0.6432     0.6432     0.736
  0.736      0.736      0.768      0.768      0.768      0.768
  0.768      0.768      0.8        0.8        0.8        0.8       ]
 [0.768      0.768      0.768      0.6432     0.6432     0.736
  0.736      0.736      0.768      0.768      0.768      0.768
  0.768      0.768      0.8        0.8        0.8        0.8       ]
 [0.768      0.768      0.768      0.6432     0.6432     0.736
  0.736      0.736      0.768      0.768      0.768      0.768
  0.768      0.768      0.8        0.8        0.8        0.8       ]
 [0.76871785 0.69246131 0.6929459  0.6932     0.54484586 0.786
  0.786      0.786      0.818      0.818      0.818      0.818
  0.818      0.818      0.85       0.85       0.85       0.85      ]
 [0.76871785 0.69246131 0.6929459  0.6932     0.54484586 0.786
  0.786      0.786      0.818      0.818      0.818      0.818
  0.818      0.818      0.85       0.85       0.85       0.85      ]
 [0.76871785 0.69246131 0.6929459  0.6932     0.54484586 0.786
  0.786      0.786      0.818      0.818      0.818      0.818
  0.818      0.818      0.85       0.85       0.85       0.85      ]
 [0.76871785 0.69246131 0.6929459  0.6932     0.54484586 0.786
  0.786      0.786      0.818      0.818      0.818      0.818
  0.818      0.818      0.85       0.85       0.85       0.85      ]
 [0.76871785 0.69246131 0.6929459  0.6932     0.54484586 0.786
  0.786      0.786      0.818      0.818      0.818      0.818
  0.818      0.818      0.85       0.85       0.85       0.85      ]
 [0.76871785 0.69246131 0.6929459  0.6932     0.54484586 0.786
  0.786      0.786      0.818      0.818      0.818      0.818
  0.818      0.818      0.85       0.85       0.85       0.85      ]
 [0.818      0.818      0.818      0.6932     0.6932     0.73747268
  0.75324368 0.73516422 0.76821723 0.818      0.818      0.818
  0.818      0.7650456  0.85       0.85       0.85       0.85      ]
 [0.818      0.818      0.818      0.6932     0.6932     0.73747268
  0.75324368 0.73516422 0.76821723 0.818      0.818      0.818
  0.818      0.7650456  0.85       0.85       0.85       0.85      ]
 [0.818      0.818      0.818      0.6932     0.6932     0.73747268
  0.75324368 0.73516422 0.76821723 0.818      0.818      0.818
  0.818      0.7650456  0.85       0.85       0.85       0.85      ]
 [0.818      0.818      0.818      0.6932     0.6932     0.73747268
  0.75324368 0.73516422 0.76821723 0.818      0.818      0.818
  0.818      0.7650456  0.85       0.85       0.85       0.85      ]
 [0.818      0.818      0.818      0.6932     0.6932     0.73747268
  0.75324368 0.73516422 0.76821723 0.818      0.818      0.818
  0.818      0.7650456  0.85       0.85       0.85       0.85      ]
 [0.818      0.818      0.818      0.6932     0.6932     0.73747268
  0.75324368 0.73516422 0.76821723 0.818      0.818      0.818
  0.818      0.7650456  0.85       0.85       0.85       0.85      ]
 [0.818      0.818      0.818      0.50664836 0.6932     0.44524714
  0.46149075 0.44262484 0.62066439 0.818      0.818      0.818
  0.818      0.49286764 0.68698638 0.68910609 0.68867258 0.6890706 ]
 [0.818      0.818      0.818      0.50664836 0.6932     0.44524714
  0.46149075 0.44262484 0.62066439 0.818      0.818      0.818
  0.818      0.49286764 0.68698638 0.68910609 0.68867258 0.6890706 ]
 [0.818      0.818      0.818      0.50664836 0.6932     0.44524714
  0.46149075 0.44262484 0.62066439 0.818      0.818      0.818
  0.818      0.49286764 0.68698638 0.68910609 0.68867258 0.6890706 ]
 [0.818      0.818      0.818      0.50664836 0.6932     0.44524714
  0.46149075 0.44262484 0.62066439 0.818      0.818      0.818
  0.818      0.49286764 0.68698638 0.68910609 0.68867258 0.6890706 ]
 [0.818      0.818      0.818      0.50664836 0.6932     0.44524714
  0.46149075 0.44262484 0.62066439 0.818      0.818      0.818
  0.818      0.49286764 0.68698638 0.68910609 0.68867258 0.6890706 ]
 [0.818      0.818      0.818      0.50664836 0.6932     0.44524714
  0.46149075 0.44262484 0.62066439 0.818      0.818      0.818
  0.818      0.49286764 0.68698638 0.68910609 0.68867258 0.6890706 ]]","[[1. 1. 1. 1. 1. 1. 1. 1. 1. 1. 1. 1. 1. 1. 1. 1. 1. 1.]
 [1. 1. 1. 1. 1. 1. 1. 1. 1. 1. 1. 1. 1. 1. 1. 1. 1. 1.]
 [1. 1. 1. 1. 1. 1. 1. 1. 1. 1. 1. 1. 1. 1. 1. 1. 1. 1.]
 [1. 1. 1. 1. 1. 1. 1. 1. 1. 1. 1. 1. 1. 1. 1. 1. 1. 1.]
 [1. 1. 1. 1. 1. 1. 1. 1. 1. 1. 1. 1. 1. 1. 1. 1. 1. 1.]
 [1. 1. 1. 1. 1. 1. 1. 1. 1. 1. 1. 1. 1. 1. 1. 1. 1. 1.]
 [1. 1. 1. 1. 1. 1. 1. 1. 1. 1. 1. 1. 1. 1. 1. 1. 1. 1.]
 [1. 1. 1. 1. 1. 1. 1. 1. 1. 1. 1. 1. 1. 1. 1. 1. 1. 1.]
 [1. 1. 1. 1. 1. 1. 1. 1. 1. 1. 1. 1. 1. 1. 1. 1. 1. 1.]
 [1. 1. 1. 1. 1. 1. 1. 1. 1. 1. 1. 1. 1. 1. 1. 1. 1. 1.]
 [1. 1. 1. 1. 1. 1. 1. 1. 1. 1. 1. 1. 1. 1. 1. 1. 1. 1.]
 [1. 1. 1. 1. 1. 1. 1. 1. 1. 1. 1. 1. 1. 1. 1. 1. 1. 1.]
 [1. 1. 1. 1. 1. 1. 1. 1. 1. 1. 1. 1. 1. 1. 1. 1. 1. 1.]
 [1. 1. 1. 1. 1. 1. 1. 1. 1. 1. 1. 1. 1. 1. 1. 1. 1. 1.]
 [1. 1. 1. 1. 1. 1. 1. 1. 1. 1. 1. 1. 1. 1. 1. 1. 1. 1.]
 [1. 1. 1. 1. 1. 1. 1. 1. 1. 1. 1. 1. 1. 1. 1. 1. 1. 1.]
 [1. 1. 1. 1. 1. 1. 1. 1. 1. 1. 1. 1. 1. 1. 1. 1. 1. 1.]
 [1. 1. 1. 1. 1. 1. 1. 1. 1. 1. 1. 1. 1. 1. 1. 1. 1. 1.]
 [0. 1. 1. 1. 1. 1. 1. 1. 1. 1. 1. 1. 1. 1. 1. 1. 1. 1.]
 [0. 1. 1. 1. 1. 1. 1. 1. 1. 1. 1. 1. 1. 1. 1. 1. 1. 1.]
 [0. 1. 1. 1. 1. 1. 1. 1. 1. 1. 1. 1. 1. 1. 1. 1. 1. 1.]
 [0. 1. 1. 1. 1. 1. 1. 1. 1. 1. 1. 1. 1. 1. 1. 1. 1. 1.]
 [0. 1. 1. 1. 1. 1. 1. 1. 1. 1. 1. 1. 1. 1. 1. 1. 1. 1.]
 [0. 1. 1. 1. 1. 1. 1. 1. 1. 1. 1. 1. 1. 1. 1. 1. 1. 1.]]","[[0.         0.69722469 0.        ]
 [0.         0.         0.58837803]
 [0.         0.         0.58837803]
 [1.         0.         0.        ]
 [1.         0.         0.        ]
 [0.83629452 0.         0.        ]
 [0.83629452 0.         0.        ]
 [0.83629452 0.         0.        ]
 [1.         0.         0.        ]
 [1.         0.         0.        ]
 [1.         0.         0.        ]
 [1.         0.         0.        ]
 [1.         0.         0.        ]
 [1.         0.         0.        ]
 [0.         0.         0.22      ]
 [0.         0.         0.22      ]
 [0.         0.         0.22      ]
 [0.         0.         0.22      ]]",[[80 85 90]],0.8077,1.9385454654693604
21,15,"[[0.16613394 0.2202066  0.22024748 0.29686596 0.33937865 0.33937865
  0.33937865 0.33937865 0.33937865 1.         1.         1.
  1.         1.         1.        ]]","[[0.768      0.768      0.768      0.6432     0.736      0.736
  0.736      0.736      0.736      0.768      0.768      0.768
  0.768      0.768      0.768     ]
 [0.768      0.768      0.768      0.6432     0.736      0.736
  0.736      0.736      0.736      0.768      0.768      0.768
  0.768      0.768      0.768     ]
 [0.768      0.768      0.768      0.6432     0.736      0.736
  0.736      0.736      0.736      0.768      0.768      0.768
  0.768      0.768      0.768     ]
 [0.768      0.768      0.768      0.6432     0.736      0.736
  0.736      0.736      0.736      0.768      0.768      0.768
  0.768      0.768      0.768     ]
 [0.768      0.768      0.768      0.6432     0.736      0.736
  0.736      0.736      0.736      0.768      0.768      0.768
  0.768      0.768      0.768     ]
 [0.768      0.768      0.768      0.6432     0.736      0.736
  0.736      0.736      0.736      0.768      0.768      0.768
  0.768      0.768      0.768     ]
 [0.818      0.73513742 0.73553347 0.6932     0.786      0.786
  0.786      0.786      0.786      0.818      0.818      0.818
  0.818      0.80395769 0.818     ]
 [0.818      0.73513742 0.73553347 0.6932     0.786      0.786
  0.786      0.786      0.786      0.818      0.818      0.818
  0.818      0.80395769 0.818     ]
 [0.818      0.73513742 0.73553347 0.6932     0.786      0.786
  0.786      0.786      0.786      0.818      0.818      0.818
  0.818      0.80395769 0.818     ]
 [0.818      0.73513742 0.73553347 0.6932     0.786      0.786
  0.786      0.786      0.786      0.818      0.818      0.818
  0.818      0.80395769 0.818     ]
 [0.818      0.73513742 0.73553347 0.6932     0.786      0.786
  0.786      0.786      0.786      0.818      0.818      0.818
  0.818      0.80395769 0.818     ]
 [0.818      0.73513742 0.73553347 0.6932     0.786      0.786
  0.786      0.786      0.786      0.818      0.818      0.818
  0.818      0.80395769 0.818     ]
 [0.818      0.818      0.818      0.6932     0.73888913 0.786
  0.786      0.786      0.786      0.73219853 0.78243441 0.78087159
  0.77756742 0.75638476 0.68132751]
 [0.818      0.818      0.818      0.6932     0.73888913 0.786
  0.786      0.786      0.786      0.73219853 0.78243441 0.78087159
  0.77756742 0.75638476 0.68132751]
 [0.818      0.818      0.818      0.6932     0.73888913 0.786
  0.786      0.786      0.786      0.73219853 0.78243441 0.78087159
  0.77756742 0.75638476 0.68132751]
 [0.818      0.818      0.818      0.6932     0.45501397 0.65116317
  0.58274999 0.66684633 0.64864161 0.69517738 0.818      0.818
  0.818      0.818      0.42054337]
 [0.818      0.818      0.818      0.6932     0.45501397 0.65116317
  0.58274999 0.66684633 0.64864161 0.69517738 0.818      0.818
  0.818      0.818      0.42054337]
 [0.818      0.818      0.818      0.6932     0.45501397 0.65116317
  0.58274999 0.66684633 0.64864161 0.69517738 0.818      0.818
  0.818      0.818      0.42054337]
 [0.818      0.818      0.818      0.6932     0.45501397 0.65116317
  0.58274999 0.66684633 0.64864161 0.69517738 0.818      0.818
  0.818      0.818      0.42054337]
 [0.818      0.818      0.818      0.6932     0.45501397 0.65116317
  0.58274999 0.66684633 0.64864161 0.69517738 0.818      0.818
  0.818      0.818      0.42054337]
 [0.818      0.818      0.818      0.6932     0.45501397 0.65116317
  0.58274999 0.66684633 0.64864161 0.69517738 0.818      0.818
  0.818      0.818      0.42054337]]","[[1. 1. 1. 1. 1. 1. 1. 1. 1. 1. 1. 1. 1. 1. 1.]
 [1. 1. 1. 1. 1. 1. 1. 1. 1. 1. 1. 1. 1. 1. 1.]
 [1. 1. 1. 1. 1. 1. 1. 1. 1. 1. 1. 1. 1. 1. 1.]
 [1. 1. 1. 1. 1. 1. 1. 1. 1. 1. 1. 1. 1. 1. 1.]
 [1. 1. 1. 1. 1. 1. 1. 1. 1. 1. 1. 1. 1. 1. 1.]
 [1. 1. 1. 1. 1. 1. 1. 1. 1. 1. 1. 1. 1. 1. 1.]
 [1. 1. 1. 1. 1. 1. 1. 1. 1. 1. 1. 1. 1. 1. 1.]
 [1. 1. 1. 1. 1. 1. 1. 1. 1. 1. 1. 1. 1. 1. 1.]
 [1. 1. 1. 1. 1. 1. 1. 1. 1. 1. 1. 1. 1. 1. 1.]
 [1. 1. 1. 1. 1. 1. 1. 1. 1. 1. 1. 1. 1. 1. 1.]
 [1. 1. 1. 1. 1. 1. 1. 1. 1. 1. 1. 1. 1. 1. 1.]
 [1. 1. 1. 1. 1. 1. 1. 1. 1. 1. 1. 1. 1. 1. 1.]
 [1. 1. 1. 1. 1. 1. 1. 1. 1. 1. 1. 1. 1. 1. 1.]
 [1. 1. 1. 1. 1. 1. 1. 1. 1. 1. 1. 1. 1. 1. 1.]
 [1. 1. 1. 1. 1. 1. 1. 1. 1. 1. 1. 1. 1. 1. 1.]
 [1. 1. 1. 1. 1. 1. 1. 1. 1. 1. 1. 1. 1. 1. 0.]
 [1. 1. 1. 1. 1. 1. 1. 1. 1. 1. 1. 1. 1. 1. 0.]
 [1. 1. 1. 1. 1. 1. 1. 1. 1. 1. 1. 1. 1. 1. 0.]
 [1. 1. 1. 1. 1. 1. 1. 1. 1. 1. 1. 1. 1. 1. 0.]
 [1. 1. 1. 1. 1. 1. 1. 1. 1. 1. 1. 1. 1. 1. 0.]
 [1. 1. 1. 1. 1. 1. 1. 1. 1. 1. 1. 1. 1. 1. 0.]]","[[0.         0.69722469 0.        ]
 [0.         0.         0.58837803]
 [0.         0.         0.58837803]
 [1.         0.         0.        ]
 [0.83629452 0.         0.        ]
 [0.83629452 0.         0.        ]
 [0.83629452 0.         0.        ]
 [0.83629452 0.         0.        ]
 [0.83629452 0.         0.        ]
 [1.         0.         0.        ]
 [1.         0.         0.        ]
 [1.         0.         0.        ]
 [1.         0.         0.        ]
 [1.         0.         0.        ]
 [0.         1.         0.        ]]",[[80 85 90]],0.8074,1.5468502044677734
16,15,"[[0.15639725 0.22802723 0.22806745 0.29686596 0.33937865 0.33937865
  0.33937865 0.33937865 0.33937865 0.33937865 0.33937865 0.33937865
  0.33937865 0.33937865 1.        ]]","[[0.768      0.768      0.768      0.6432     0.736      0.736
  0.736      0.736      0.736      0.736      0.736      0.736
  0.736      0.736      0.768     ]
 [0.818      0.78962729 0.78978137 0.61616597 0.786      0.786
  0.786      0.786      0.786      0.63014091 0.62610277 0.60255862
  0.61556025 0.5798701  0.818     ]
 [0.818      0.78962729 0.78978137 0.61616597 0.786      0.786
  0.786      0.786      0.786      0.63014091 0.62610277 0.60255862
  0.61556025 0.5798701  0.818     ]
 [0.818      0.78962729 0.78978137 0.61616597 0.786      0.786
  0.786      0.786      0.786      0.63014091 0.62610277 0.60255862
  0.61556025 0.5798701  0.818     ]
 [0.818      0.78962729 0.78978137 0.61616597 0.786      0.786
  0.786      0.786      0.786      0.63014091 0.62610277 0.60255862
  0.61556025 0.5798701  0.818     ]
 [0.818      0.78962729 0.78978137 0.61616597 0.786      0.786
  0.786      0.786      0.786      0.63014091 0.62610277 0.60255862
  0.61556025 0.5798701  0.818     ]
 [0.818      0.78962729 0.78978137 0.61616597 0.786      0.786
  0.786      0.786      0.786      0.63014091 0.62610277 0.60255862
  0.61556025 0.5798701  0.818     ]
 [0.818      0.818      0.818      0.6932     0.786      0.786
  0.786      0.786      0.786      0.4214918  0.42508359 0.42142631
  0.42298264 0.3999128  0.52307659]
 [0.818      0.818      0.818      0.6932     0.786      0.786
  0.786      0.786      0.786      0.4214918  0.42508359 0.42142631
  0.42298264 0.3999128  0.52307659]
 [0.818      0.818      0.818      0.6932     0.786      0.786
  0.786      0.786      0.786      0.4214918  0.42508359 0.42142631
  0.42298264 0.3999128  0.52307659]
 [0.818      0.818      0.818      0.6932     0.786      0.786
  0.786      0.786      0.786      0.50661194 0.51499076 0.52506617
  0.51884201 0.50681272 0.45284449]
 [0.818      0.818      0.818      0.6932     0.786      0.786
  0.786      0.786      0.786      0.50661194 0.51499076 0.52506617
  0.51884201 0.50681272 0.45284449]
 [0.818      0.818      0.818      0.6932     0.786      0.786
  0.786      0.786      0.786      0.50661194 0.51499076 0.52506617
  0.51884201 0.50681272 0.45284449]
 [0.818      0.818      0.818      0.6932     0.786      0.786
  0.786      0.786      0.786      0.50661194 0.51499076 0.52506617
  0.51884201 0.50681272 0.45284449]
 [0.818      0.818      0.818      0.6932     0.786      0.786
  0.786      0.786      0.786      0.50661194 0.51499076 0.52506617
  0.51884201 0.50681272 0.45284449]
 [0.818      0.818      0.818      0.6932     0.786      0.786
  0.786      0.786      0.786      0.50661194 0.51499076 0.52506617
  0.51884201 0.50681272 0.45284449]]","[[1. 1. 1. 1. 1. 1. 1. 1. 1. 1. 1. 1. 1. 1. 1.]
 [1. 1. 1. 1. 1. 1. 1. 1. 1. 1. 1. 1. 1. 1. 1.]
 [1. 1. 1. 1. 1. 1. 1. 1. 1. 1. 1. 1. 1. 1. 1.]
 [1. 1. 1. 1. 1. 1. 1. 1. 1. 1. 1. 1. 1. 1. 1.]
 [1. 1. 1. 1. 1. 1. 1. 1. 1. 1. 1. 1. 1. 1. 1.]
 [1. 1. 1. 1. 1. 1. 1. 1. 1. 1. 1. 1. 1. 1. 1.]
 [1. 1. 1. 1. 1. 1. 1. 1. 1. 1. 1. 1. 1. 1. 1.]
 [0. 1. 1. 1. 1. 1. 1. 1. 1. 1. 1. 1. 1. 0. 1.]
 [0. 1. 1. 1. 1. 1. 1. 1. 1. 1. 1. 1. 1. 0. 1.]
 [0. 1. 1. 1. 1. 1. 1. 1. 1. 1. 1. 1. 1. 0. 1.]
 [1. 1. 1. 0. 1. 1. 1. 1. 1. 1. 1. 1. 1. 1. 1.]
 [1. 1. 1. 0. 1. 1. 1. 1. 1. 1. 1. 1. 1. 1. 1.]
 [1. 1. 1. 0. 1. 1. 1. 1. 1. 1. 1. 1. 1. 1. 1.]
 [1. 1. 1. 0. 1. 1. 1. 1. 1. 1. 1. 1. 1. 1. 1.]
 [1. 1. 1. 0. 1. 1. 1. 1. 1. 1. 1. 1. 1. 1. 1.]
 [1. 1. 1. 0. 1. 1. 1. 1. 1. 1. 1. 1. 1. 1. 1.]]","[[0.69722469 0.         0.        ]
 [0.         0.         0.58837803]
 [0.         0.         0.58837803]
 [1.         0.         0.        ]
 [0.83629452 0.         0.        ]
 [0.83629452 0.         0.        ]
 [0.83629452 0.         0.        ]
 [0.83629452 0.         0.        ]
 [0.83629452 0.         0.        ]
 [0.83629452 0.         0.        ]
 [0.83629452 0.         0.        ]
 [0.83629452 0.         0.        ]
 [0.83629452 0.         0.        ]
 [0.83629452 0.         0.        ]
 [1.         0.         0.        ]]",[[80 85 90]],0.7445,1.125277042388916
19,18,"[[0.15482303 0.23188943 0.23192929 0.33937865 0.33937865 0.33937865
  0.33937865 0.33937865 0.33937865 0.33937865 0.33937865 0.33937865
  0.33937865 0.33937865 0.33937865 0.33937865 0.33937865 1.        ]]","[[0.768      0.768      0.768      0.736      0.736      0.736
  0.736      0.736      0.736      0.736      0.736      0.736
  0.736      0.736      0.736      0.736      0.736      0.768     ]
 [0.818      0.79764877 0.79765828 0.786      0.70604253 0.78473552
  0.6912621  0.70909307 0.70344669 0.69690192 0.6704334  0.68457637
  0.52058794 0.64538894 0.65557497 0.65020153 0.64883602 0.818     ]
 [0.818      0.79764877 0.79765828 0.786      0.70604253 0.78473552
  0.6912621  0.70909307 0.70344669 0.69690192 0.6704334  0.68457637
  0.52058794 0.64538894 0.65557497 0.65020153 0.64883602 0.818     ]
 [0.818      0.79764877 0.79765828 0.786      0.70604253 0.78473552
  0.6912621  0.70909307 0.70344669 0.69690192 0.6704334  0.68457637
  0.52058794 0.64538894 0.65557497 0.65020153 0.64883602 0.818     ]
 [0.818      0.79764877 0.79765828 0.786      0.70604253 0.78473552
  0.6912621  0.70909307 0.70344669 0.69690192 0.6704334  0.68457637
  0.52058794 0.64538894 0.65557497 0.65020153 0.64883602 0.818     ]
 [0.818      0.79764877 0.79765828 0.786      0.70604253 0.78473552
  0.6912621  0.70909307 0.70344669 0.69690192 0.6704334  0.68457637
  0.52058794 0.64538894 0.65557497 0.65020153 0.64883602 0.818     ]
 [0.818      0.79764877 0.79765828 0.786      0.70604253 0.78473552
  0.6912621  0.70909307 0.70344669 0.69690192 0.6704334  0.68457637
  0.52058794 0.64538894 0.65557497 0.65020153 0.64883602 0.818     ]
 [0.78738995 0.818      0.818      0.786      0.786      0.786
  0.77654546 0.786      0.786      0.786      0.786      0.786
  0.73293021 0.786      0.786      0.786      0.786      0.69834999]
 [0.78738995 0.818      0.818      0.786      0.786      0.786
  0.77654546 0.786      0.786      0.786      0.786      0.786
  0.73293021 0.786      0.786      0.786      0.786      0.69834999]
 [0.78738995 0.818      0.818      0.786      0.786      0.786
  0.77654546 0.786      0.786      0.786      0.786      0.786
  0.73293021 0.786      0.786      0.786      0.786      0.69834999]
 [0.78738995 0.818      0.818      0.786      0.786      0.786
  0.77654546 0.786      0.786      0.786      0.786      0.786
  0.73293021 0.786      0.786      0.786      0.786      0.69834999]
 [0.78738995 0.818      0.818      0.786      0.786      0.786
  0.77654546 0.786      0.786      0.786      0.786      0.786
  0.73293021 0.786      0.786      0.786      0.786      0.69834999]
 [0.78738995 0.818      0.818      0.786      0.786      0.786
  0.77654546 0.786      0.786      0.786      0.786      0.786
  0.73293021 0.786      0.786      0.786      0.786      0.69834999]
 [0.818      0.8086853  0.80805719 0.786      0.786      0.786
  0.786      0.786      0.58834758 0.59095233 0.58526206 0.5875715
  0.37261577 0.53465286 0.56662139 0.53249888 0.54606069 0.54492266]
 [0.818      0.8086853  0.80805719 0.786      0.786      0.786
  0.786      0.786      0.58834758 0.59095233 0.58526206 0.5875715
  0.37261577 0.53465286 0.56662139 0.53249888 0.54606069 0.54492266]
 [0.818      0.8086853  0.80805719 0.786      0.786      0.786
  0.786      0.786      0.58834758 0.59095233 0.58526206 0.5875715
  0.37261577 0.53465286 0.56662139 0.53249888 0.54606069 0.54492266]
 [0.818      0.8086853  0.80805719 0.786      0.786      0.786
  0.786      0.786      0.58834758 0.59095233 0.58526206 0.5875715
  0.37261577 0.53465286 0.56662139 0.53249888 0.54606069 0.54492266]
 [0.818      0.8086853  0.80805719 0.786      0.786      0.786
  0.786      0.786      0.58834758 0.59095233 0.58526206 0.5875715
  0.37261577 0.53465286 0.56662139 0.53249888 0.54606069 0.54492266]
 [0.818      0.8086853  0.80805719 0.786      0.786      0.786
  0.786      0.786      0.58834758 0.59095233 0.58526206 0.5875715
  0.37261577 0.53465286 0.56662139 0.53249888 0.54606069 0.54492266]]","[[1. 1. 1. 1. 1. 1. 1. 1. 1. 1. 1. 1. 1. 1. 1. 1. 1. 1.]
 [1. 1. 1. 1. 1. 1. 1. 1. 1. 1. 1. 1. 1. 1. 1. 1. 1. 1.]
 [1. 1. 1. 1. 1. 1. 1. 1. 1. 1. 1. 1. 1. 1. 1. 1. 1. 1.]
 [1. 1. 1. 1. 1. 1. 1. 1. 1. 1. 1. 1. 1. 1. 1. 1. 1. 1.]
 [1. 1. 1. 1. 1. 1. 1. 1. 1. 1. 1. 1. 1. 1. 1. 1. 1. 1.]
 [1. 1. 1. 1. 1. 1. 1. 1. 1. 1. 1. 1. 1. 1. 1. 1. 1. 1.]
 [1. 1. 1. 1. 1. 1. 1. 1. 1. 1. 1. 1. 1. 1. 1. 1. 1. 1.]
 [1. 1. 1. 1. 1. 1. 1. 1. 1. 1. 1. 1. 1. 1. 1. 1. 1. 1.]
 [1. 1. 1. 1. 1. 1. 1. 1. 1. 1. 1. 1. 1. 1. 1. 1. 1. 1.]
 [1. 1. 1. 1. 1. 1. 1. 1. 1. 1. 1. 1. 1. 1. 1. 1. 1. 1.]
 [1. 1. 1. 1. 1. 1. 1. 1. 1. 1. 1. 1. 1. 1. 1. 1. 1. 1.]
 [1. 1. 1. 1. 1. 1. 1. 1. 1. 1. 1. 1. 1. 1. 1. 1. 1. 1.]
 [1. 1. 1. 1. 1. 1. 1. 1. 1. 1. 1. 1. 1. 1. 1. 1. 1. 1.]
 [1. 1. 1. 1. 1. 1. 1. 1. 1. 1. 1. 1. 0. 1. 1. 1. 1. 1.]
 [1. 1. 1. 1. 1. 1. 1. 1. 1. 1. 1. 1. 0. 1. 1. 1. 1. 1.]
 [1. 1. 1. 1. 1. 1. 1. 1. 1. 1. 1. 1. 0. 1. 1. 1. 1. 1.]
 [1. 1. 1. 1. 1. 1. 1. 1. 1. 1. 1. 1. 0. 1. 1. 1. 1. 1.]
 [1. 1. 1. 1. 1. 1. 1. 1. 1. 1. 1. 1. 0. 1. 1. 1. 1. 1.]
 [1. 1. 1. 1. 1. 1. 1. 1. 1. 1. 1. 1. 0. 1. 1. 1. 1. 1.]]","[[0.69722469 0.         0.        ]
 [0.         0.         0.58837803]
 [0.         0.         0.58837803]
 [0.83629452 0.         0.        ]
 [0.83629452 0.         0.        ]
 [0.83629452 0.         0.        ]
 [0.83629452 0.         0.        ]
 [0.83629452 0.         0.        ]
 [0.83629452 0.         0.        ]
 [0.83629452 0.         0.        ]
 [0.83629452 0.         0.        ]
 [0.83629452 0.         0.        ]
 [0.83629452 0.         0.        ]
 [0.83629452 0.         0.        ]
 [0.83629452 0.         0.        ]
 [0.83629452 0.         0.        ]
 [0.83629452 0.         0.        ]
 [1.         0.         0.        ]]",[[80 85 90]],0.7816,1.4531991481781006
14,13,"[[0.23571419 0.23575365 0.33937865 0.33937865 0.33937865 0.33937865
  0.33937865 0.33937865 0.33937865 0.33937865 0.33937865 0.33937865
  1.        ]]","[[0.768      0.768      0.736      0.736      0.736      0.736
  0.736      0.736      0.736      0.736      0.736      0.736
  0.768     ]
 [0.79157802 0.79144208 0.69352709 0.58593166 0.68522536 0.65948989
  0.6728174  0.59927615 0.6615908  0.65547479 0.66714431 0.65953589
  0.818     ]
 [0.79157802 0.79144208 0.69352709 0.58593166 0.68522536 0.65948989
  0.6728174  0.59927615 0.6615908  0.65547479 0.66714431 0.65953589
  0.818     ]
 [0.79157802 0.79144208 0.69352709 0.58593166 0.68522536 0.65948989
  0.6728174  0.59927615 0.6615908  0.65547479 0.66714431 0.65953589
  0.818     ]
 [0.79157802 0.79144208 0.69352709 0.58593166 0.68522536 0.65948989
  0.6728174  0.59927615 0.6615908  0.65547479 0.66714431 0.65953589
  0.818     ]
 [0.79157802 0.79144208 0.69352709 0.58593166 0.68522536 0.65948989
  0.6728174  0.59927615 0.6615908  0.65547479 0.66714431 0.65953589
  0.818     ]
 [0.79157802 0.79144208 0.69352709 0.58593166 0.68522536 0.65948989
  0.6728174  0.59927615 0.6615908  0.65547479 0.66714431 0.65953589
  0.818     ]
 [0.818      0.818      0.786      0.786      0.786      0.786
  0.786      0.786      0.786      0.786      0.786      0.786
  0.78512226]
 [0.818      0.818      0.786      0.786      0.786      0.786
  0.786      0.786      0.786      0.786      0.786      0.786
  0.78512226]
 [0.818      0.818      0.786      0.786      0.786      0.786
  0.786      0.786      0.786      0.786      0.786      0.786
  0.78512226]
 [0.818      0.818      0.786      0.786      0.786      0.786
  0.786      0.786      0.786      0.786      0.786      0.786
  0.78512226]
 [0.818      0.818      0.786      0.786      0.786      0.786
  0.786      0.786      0.786      0.786      0.786      0.786
  0.78512226]
 [0.818      0.818      0.786      0.786      0.786      0.786
  0.786      0.786      0.786      0.786      0.786      0.786
  0.78512226]
 [0.59443518 0.5939605  0.53564433 0.3643077  0.53264028 0.51643447
  0.52408366 0.38392732 0.49427429 0.50642994 0.49571163 0.49881294
  0.66658461]]","[[1. 1. 1. 1. 1. 1. 1. 1. 1. 1. 1. 1. 1.]
 [1. 1. 1. 1. 1. 1. 1. 1. 1. 1. 1. 1. 1.]
 [1. 1. 1. 1. 1. 1. 1. 1. 1. 1. 1. 1. 1.]
 [1. 1. 1. 1. 1. 1. 1. 1. 1. 1. 1. 1. 1.]
 [1. 1. 1. 1. 1. 1. 1. 1. 1. 1. 1. 1. 1.]
 [1. 1. 1. 1. 1. 1. 1. 1. 1. 1. 1. 1. 1.]
 [1. 1. 1. 1. 1. 1. 1. 1. 1. 1. 1. 1. 1.]
 [1. 1. 1. 1. 1. 1. 1. 1. 1. 1. 1. 1. 1.]
 [1. 1. 1. 1. 1. 1. 1. 1. 1. 1. 1. 1. 1.]
 [1. 1. 1. 1. 1. 1. 1. 1. 1. 1. 1. 1. 1.]
 [1. 1. 1. 1. 1. 1. 1. 1. 1. 1. 1. 1. 1.]
 [1. 1. 1. 1. 1. 1. 1. 1. 1. 1. 1. 1. 1.]
 [1. 1. 1. 1. 1. 1. 1. 1. 1. 1. 1. 1. 1.]
 [1. 1. 1. 0. 1. 1. 1. 0. 0. 0. 0. 0. 1.]]","[[0.         0.         0.58837803]
 [0.         0.         0.58837803]
 [0.83629452 0.         0.        ]
 [0.83629452 0.         0.        ]
 [0.83629452 0.         0.        ]
 [0.83629452 0.         0.        ]
 [0.83629452 0.         0.        ]
 [0.83629452 0.         0.        ]
 [0.83629452 0.         0.        ]
 [0.83629452 0.         0.        ]
 [0.83629452 0.         0.        ]
 [0.83629452 0.         0.        ]
 [1.         0.         0.        ]]",[[80 85 90]],0.7682,0.896052360534668
14,13,"[[0.23949764 0.23953662 0.33937865 0.33937865 0.33937865 0.33937865
  0.33937865 0.33937865 0.33937865 0.33937865 0.33937865 0.33937865
  1.        ]]","[[0.768      0.768      0.736      0.736      0.736      0.736
  0.736      0.736      0.736      0.736      0.736      0.736
  0.768     ]
 [0.77195955 0.77169005 0.60448258 0.60676384 0.59578225 0.57380605
  0.58484846 0.60959827 0.59968935 0.57963168 0.60521101 0.59284979
  0.818     ]
 [0.77195955 0.77169005 0.60448258 0.60676384 0.59578225 0.57380605
  0.58484846 0.60959827 0.59968935 0.57963168 0.60521101 0.59284979
  0.818     ]
 [0.77195955 0.77169005 0.60448258 0.60676384 0.59578225 0.57380605
  0.58484846 0.60959827 0.59968935 0.57963168 0.60521101 0.59284979
  0.818     ]
 [0.77195955 0.77169005 0.60448258 0.60676384 0.59578225 0.57380605
  0.58484846 0.60959827 0.59968935 0.57963168 0.60521101 0.59284979
  0.818     ]
 [0.77195955 0.77169005 0.60448258 0.60676384 0.59578225 0.57380605
  0.58484846 0.60959827 0.59968935 0.57963168 0.60521101 0.59284979
  0.818     ]
 [0.818      0.818      0.786      0.786      0.786      0.786
  0.786      0.786      0.786      0.786      0.786      0.786
  0.69202956]
 [0.818      0.818      0.786      0.786      0.786      0.786
  0.786      0.786      0.786      0.786      0.786      0.786
  0.69202956]
 [0.79856677 0.79774513 0.786      0.786      0.786      0.786
  0.786      0.786      0.786      0.786      0.786      0.786
  0.42346781]
 [0.79856677 0.79774513 0.786      0.786      0.786      0.786
  0.786      0.786      0.786      0.786      0.786      0.786
  0.42346781]
 [0.79856677 0.79774513 0.786      0.786      0.786      0.786
  0.786      0.786      0.786      0.786      0.786      0.786
  0.42346781]
 [0.79856677 0.79774513 0.786      0.786      0.786      0.786
  0.786      0.786      0.786      0.786      0.786      0.786
  0.42346781]
 [0.79856677 0.79774513 0.786      0.786      0.786      0.786
  0.786      0.786      0.786      0.786      0.786      0.786
  0.42346781]
 [0.79856677 0.79774513 0.786      0.786      0.786      0.786
  0.786      0.786      0.786      0.786      0.786      0.786
  0.42346781]]","[[1. 1. 1. 1. 1. 1. 1. 1. 1. 1. 1. 1. 1.]
 [1. 1. 1. 1. 1. 1. 1. 1. 1. 1. 1. 1. 1.]
 [1. 1. 1. 1. 1. 1. 1. 1. 1. 1. 1. 1. 1.]
 [1. 1. 1. 1. 1. 1. 1. 1. 1. 1. 1. 1. 1.]
 [1. 1. 1. 1. 1. 1. 1. 1. 1. 1. 1. 1. 1.]
 [1. 1. 1. 1. 1. 1. 1. 1. 1. 1. 1. 1. 1.]
 [1. 1. 1. 1. 1. 1. 1. 1. 1. 1. 1. 1. 1.]
 [1. 1. 1. 1. 1. 1. 1. 1. 1. 1. 1. 1. 1.]
 [1. 1. 1. 1. 1. 1. 1. 1. 1. 1. 1. 1. 0.]
 [1. 1. 1. 1. 1. 1. 1. 1. 1. 1. 1. 1. 0.]
 [1. 1. 1. 1. 1. 1. 1. 1. 1. 1. 1. 1. 0.]
 [1. 1. 1. 1. 1. 1. 1. 1. 1. 1. 1. 1. 0.]
 [1. 1. 1. 1. 1. 1. 1. 1. 1. 1. 1. 1. 0.]
 [1. 1. 1. 1. 1. 1. 1. 1. 1. 1. 1. 1. 0.]]","[[0.         0.         0.58837803]
 [0.         0.         0.58837803]
 [0.83629452 0.         0.        ]
 [0.83629452 0.         0.        ]
 [0.83629452 0.         0.        ]
 [0.83629452 0.         0.        ]
 [0.83629452 0.         0.        ]
 [0.83629452 0.         0.        ]
 [0.83629452 0.         0.        ]
 [0.83629452 0.         0.        ]
 [0.83629452 0.         0.        ]
 [0.83629452 0.         0.        ]
 [0.         1.         0.        ]]",[[80 85 90]],0.7754,0.9059920310974121
14,13,"[[0.24347911 0.24353075 0.33937865 0.33937865 0.33937865 0.33937865
  0.33937865 0.33937865 0.33937865 0.33937865 0.33937865 0.33937865
  1.        ]]","[[0.768      0.768      0.736      0.736      0.736      0.736
  0.736      0.736      0.736      0.736      0.736      0.736
  0.768     ]
 [0.74037721 0.73999418 0.4641831  0.55570144 0.45580737 0.43795495
  0.44664127 0.54836951 0.47930289 0.45046014 0.48435389 0.46943255
  0.818     ]
 [0.74037721 0.73999418 0.4641831  0.55570144 0.45580737 0.43795495
  0.44664127 0.54836951 0.47930289 0.45046014 0.48435389 0.46943255
  0.818     ]
 [0.74037721 0.73999418 0.4641831  0.55570144 0.45580737 0.43795495
  0.44664127 0.54836951 0.47930289 0.45046014 0.48435389 0.46943255
  0.818     ]
 [0.74037721 0.73999418 0.4641831  0.55570144 0.45580737 0.43795495
  0.44664127 0.54836951 0.47930289 0.45046014 0.48435389 0.46943255
  0.818     ]
 [0.74037721 0.73999418 0.4641831  0.55570144 0.45580737 0.43795495
  0.44664127 0.54836951 0.47930289 0.45046014 0.48435389 0.46943255
  0.818     ]
 [0.818      0.818      0.70538463 0.786      0.69475288 0.67378945
  0.68508774 0.786      0.72536533 0.68779919 0.73279825 0.71205485
  0.73522303]
 [0.818      0.818      0.70538463 0.786      0.69475288 0.67378945
  0.68508774 0.786      0.72536533 0.68779919 0.73279825 0.71205485
  0.73522303]
 [0.71929143 0.7184689  0.786      0.786      0.786      0.786
  0.786      0.786      0.786      0.786      0.786      0.786
  0.48434905]
 [0.71929143 0.7184689  0.786      0.786      0.786      0.786
  0.786      0.786      0.786      0.786      0.786      0.786
  0.48434905]
 [0.71929143 0.7184689  0.786      0.786      0.786      0.786
  0.786      0.786      0.786      0.786      0.786      0.786
  0.48434905]
 [0.71929143 0.7184689  0.786      0.786      0.786      0.786
  0.786      0.786      0.786      0.786      0.786      0.786
  0.48434905]
 [0.71929143 0.7184689  0.786      0.786      0.786      0.786
  0.786      0.786      0.786      0.786      0.786      0.786
  0.48434905]
 [0.71929143 0.7184689  0.786      0.786      0.786      0.786
  0.786      0.786      0.786      0.786      0.786      0.786
  0.48434905]]","[[1. 1. 1. 1. 1. 1. 1. 1. 1. 1. 1. 1. 1.]
 [1. 1. 1. 1. 1. 1. 1. 1. 1. 1. 1. 1. 1.]
 [1. 1. 1. 1. 1. 1. 1. 1. 1. 1. 1. 1. 1.]
 [1. 1. 1. 1. 1. 1. 1. 1. 1. 1. 1. 1. 1.]
 [1. 1. 1. 1. 1. 1. 1. 1. 1. 1. 1. 1. 1.]
 [1. 1. 1. 1. 1. 1. 1. 1. 1. 1. 1. 1. 1.]
 [1. 1. 1. 1. 1. 1. 1. 1. 1. 1. 1. 1. 1.]
 [1. 1. 1. 1. 1. 1. 1. 1. 1. 1. 1. 1. 1.]
 [1. 1. 1. 1. 1. 1. 1. 1. 1. 1. 1. 1. 1.]
 [1. 1. 1. 1. 1. 1. 1. 1. 1. 1. 1. 1. 1.]
 [1. 1. 1. 1. 1. 1. 1. 1. 1. 1. 1. 1. 1.]
 [1. 1. 1. 1. 1. 1. 1. 1. 1. 1. 1. 1. 1.]
 [1. 1. 1. 1. 1. 1. 1. 1. 1. 1. 1. 1. 1.]
 [1. 1. 1. 1. 1. 1. 1. 1. 1. 1. 1. 1. 1.]]","[[0.         0.         0.58837803]
 [0.         0.         0.58837803]
 [0.83629452 0.         0.        ]
 [0.83629452 0.         0.        ]
 [0.83629452 0.         0.        ]
 [0.83629452 0.         0.        ]
 [0.83629452 0.         0.        ]
 [0.83629452 0.         0.        ]
 [0.83629452 0.         0.        ]
 [0.83629452 0.         0.        ]
 [0.83629452 0.         0.        ]
 [0.83629452 0.         0.        ]
 [0.         1.         0.        ]]",[[80 85 90]],0.7648,0.9059700965881348
6,5,[[0.24842311 0.24847401 0.33937865 0.33937865 1.        ]],"[[0.768      0.768      0.736      0.736      0.768     ]
 [0.818      0.818      0.6875585  0.66683319 0.76475614]
 [0.818      0.818      0.6875585  0.66683319 0.76475614]
 [0.63994707 0.63912397 0.786      0.786      0.49251584]
 [0.63994707 0.63912397 0.786      0.786      0.49251584]
 [0.63994707 0.63912397 0.786      0.786      0.49251584]]","[[1. 1. 1. 1. 1.]
 [1. 1. 1. 1. 1.]
 [1. 1. 1. 1. 1.]
 [1. 1. 1. 1. 1.]
 [1. 1. 1. 1. 1.]
 [1. 1. 1. 1. 1.]]","[[0.         0.         0.58837803]
 [0.         0.         0.58837803]
 [0.83629452 0.         0.        ]
 [0.83629452 0.         0.        ]
 [1.         0.         0.        ]]",[[80 85 90]],0.785,0.27510809898376465
4,3,[[0.2532951  0.25334525 1.        ]],"[[0.768      0.768      0.768     ]
 [0.64962749 0.64908202 0.818     ]
 [0.818      0.818      0.68107189]
 [0.818      0.818      0.68107189]]","[[1. 1. 1.]
 [1. 1. 1.]
 [1. 1. 1.]
 [1. 1. 1.]]","[[0.         0.         0.58837803]
 [0.         0.         0.58837803]
 [0.         1.         0.        ]]",[[80 85 90]],0.818,0.1664426326751709
1,1,[[0.35701664]],[[0.6932]],[[1.]],[[0. 0. 1.]],[[80 85 90]],0.6932,0.04185986518859863
8,8,"[[0.3024662  0.30246629 0.1837961  0.1837961  0.1837961  0.1837961
  0.1837961  0.1837961 ]]","[[0.6932    0.6932    0.786     0.786     0.786     0.786     0.786
  0.786    ]
 [0.6932    0.6932    0.786     0.786     0.786     0.786     0.786
  0.786    ]
 [0.6932    0.6932    0.786     0.786     0.786     0.786     0.786
  0.786    ]
 [0.6932    0.6932    0.786     0.786     0.786     0.786     0.786
  0.786    ]
 [0.6932    0.6932    0.786     0.786     0.786     0.786     0.786
  0.786    ]
 [0.6932    0.6932    0.786     0.786     0.786     0.786     0.786
  0.786    ]
 [0.6932    0.6932    0.7226811 0.7149016 0.786     0.786     0.786
  0.786    ]
 [0.6932    0.6932    0.7226811 0.7149016 0.786     0.786     0.786
  0.786    ]]","[[1. 1. 1. 1. 1. 1. 1. 1.]
 [1. 1. 1. 1. 1. 1. 1. 1.]
 [1. 1. 1. 1. 1. 1. 1. 1.]
 [1. 1. 1. 1. 1. 1. 1. 1.]
 [1. 1. 1. 1. 1. 1. 1. 1.]
 [1. 1. 1. 1. 1. 1. 1. 1.]
 [1. 1. 1. 1. 1. 1. 1. 1.]
 [1. 1. 1. 1. 1. 1. 1. 1.]]","[[1.         0.         0.        ]
 [1.         0.         0.        ]
 [0.         0.         0.83629452]
 [0.         0.         0.83629452]
 [0.         0.         0.83629452]
 [0.         0.         0.83629452]
 [0.         0.         0.83629452]
 [0.         0.         0.83629452]]",[[80 85 90]],0.7531,0.41860008239746094
7,7,"[[0.33937865 0.33937865 0.33937865 0.33937865 0.33937865 0.33937865
  0.33937865]]","[[0.786      0.786      0.786      0.786      0.786      0.786
  0.786     ]
 [0.786      0.786      0.786      0.786      0.786      0.786
  0.786     ]
 [0.786      0.786      0.786      0.786      0.786      0.786
  0.786     ]
 [0.786      0.786      0.786      0.786      0.786      0.786
  0.786     ]
 [0.786      0.786      0.786      0.786      0.786      0.786
  0.786     ]
 [0.786      0.786      0.786      0.786      0.786      0.786
  0.786     ]
 [0.76763984 0.78075416 0.77327492 0.72028265 0.76221571 0.71378214
  0.73531332]]","[[1. 1. 1. 1. 1. 1. 1.]
 [1. 1. 1. 1. 1. 1. 1.]
 [1. 1. 1. 1. 1. 1. 1.]
 [1. 1. 1. 1. 1. 1. 1.]
 [1. 1. 1. 1. 1. 1. 1.]
 [1. 1. 1. 1. 1. 1. 1.]
 [1. 1. 1. 1. 1. 1. 1.]]","[[0.83629452 0.         0.        ]
 [0.83629452 0.         0.        ]
 [0.83629452 0.         0.        ]
 [0.83629452 0.         0.        ]
 [0.83629452 0.         0.        ]
 [0.83629452 0.         0.        ]
 [0.83629452 0.         0.        ]]",[[80 85 90]],0.7853,0.3408801555633545
5,5,[[0.33937865 0.33937865 0.33937865 0.33937865 0.33937865]],"[[0.786 0.786 0.786 0.786 0.786]
 [0.786 0.786 0.786 0.786 0.786]
 [0.786 0.786 0.786 0.786 0.786]
 [0.786 0.786 0.786 0.786 0.786]
 [0.786 0.786 0.786 0.786 0.786]]","[[1. 1. 1. 1. 1.]
 [1. 1. 1. 1. 1.]
 [1. 1. 1. 1. 1.]
 [1. 1. 1. 1. 1.]
 [1. 1. 1. 1. 1.]]","[[0.83629452 0.         0.        ]
 [0.83629452 0.         0.        ]
 [0.83629452 0.         0.        ]
 [0.83629452 0.         0.        ]
 [0.83629452 0.         0.        ]]",[[80 85 90]],0.786,0.22524309158325195
9,6,[[0.15540013 0.34145494 0.34107609 0.07914738 0.07914738 0.07914738]],"[[0.768      0.768      0.768      0.736      0.736      0.736     ]
 [0.768      0.768      0.768      0.736      0.736      0.736     ]
 [0.768      0.768      0.768      0.736      0.736      0.736     ]
 [0.60957956 0.42841809 0.43113025 0.29985273 0.30036176 0.34942177]
 [0.60957956 0.42841809 0.43113025 0.29985273 0.30036176 0.34942177]
 [0.768      0.74615935 0.75661701 0.736      0.736      0.736     ]
 [0.768      0.74615935 0.75661701 0.736      0.736      0.736     ]
 [0.768      0.74615935 0.75661701 0.736      0.736      0.736     ]
 [0.768      0.74615935 0.75661701 0.736      0.736      0.736     ]]","[[1. 1. 1. 1. 1. 1.]
 [1. 1. 1. 1. 1. 1.]
 [1. 1. 1. 1. 1. 1.]
 [1. 0. 0. 0. 0. 0.]
 [1. 0. 0. 0. 0. 0.]
 [1. 1. 1. 0. 0. 0.]
 [1. 1. 1. 0. 0. 0.]
 [1. 1. 1. 0. 0. 0.]
 [1. 1. 1. 0. 0. 0.]]","[[0.         0.69722469 0.        ]
 [1.         0.         0.        ]
 [1.         0.         0.        ]
 [0.         0.         0.2       ]
 [0.         0.         0.2       ]
 [0.         0.         0.2       ]]",[[80 85 90]],0.7504,0.4488074779510498
11,7,"[[0.1540177  0.34197299 0.34213758 0.07914738 0.07914738 0.07914738
  0.07914738]]","[[0.768      0.768      0.768      0.736      0.736      0.736
  0.736     ]
 [0.768      0.768      0.768      0.736      0.736      0.736
  0.736     ]
 [0.768      0.768      0.768      0.736      0.736      0.736
  0.736     ]
 [0.768      0.768      0.768      0.736      0.736      0.736
  0.736     ]
 [0.6549032  0.44561882 0.43776643 0.3601603  0.36066652 0.36238637
  0.40965379]
 [0.6549032  0.44561882 0.43776643 0.3601603  0.36066652 0.36238637
  0.40965379]
 [0.6549032  0.44561882 0.43776643 0.3601603  0.36066652 0.36238637
  0.40965379]
 [0.768      0.75847648 0.74546302 0.736      0.736      0.736
  0.736     ]
 [0.768      0.75847648 0.74546302 0.736      0.736      0.736
  0.736     ]
 [0.768      0.75847648 0.74546302 0.736      0.736      0.736
  0.736     ]
 [0.768      0.75847648 0.74546302 0.736      0.736      0.736
  0.736     ]]","[[1. 1. 1. 1. 1. 1. 1.]
 [1. 1. 1. 1. 1. 1. 1.]
 [1. 1. 1. 1. 1. 1. 1.]
 [1. 1. 1. 1. 1. 1. 1.]
 [1. 1. 1. 0. 0. 0. 0.]
 [1. 1. 1. 0. 0. 0. 0.]
 [1. 1. 1. 0. 0. 0. 0.]
 [0. 1. 1. 0. 0. 0. 0.]
 [0. 1. 1. 0. 0. 0. 0.]
 [0. 1. 1. 0. 0. 0. 0.]
 [0. 1. 1. 0. 0. 0. 0.]]","[[0.69722469 0.         0.        ]
 [1.         0.         0.        ]
 [1.         0.         0.        ]
 [0.         0.         0.2       ]
 [0.         0.         0.2       ]
 [0.         0.         0.2       ]
 [0.         0.         0.2       ]]",[[80 85 90]],0.7346,0.5970027446746826
18,9,"[[0.32759858 0.32756447 0.32763135 0.32758854 0.07914738 0.07914738
  0.07914738 0.07914738 0.07914738]]","[[0.6432     0.6432     0.6432     0.6432     0.736      0.736
  0.736      0.736      0.736     ]
 [0.6432     0.6432     0.6432     0.6432     0.736      0.736
  0.736      0.736      0.736     ]
 [0.6432     0.6432     0.6432     0.6432     0.736      0.736
  0.736      0.736      0.736     ]
 [0.6432     0.6432     0.6432     0.6432     0.736      0.736
  0.736      0.736      0.736     ]
 [0.6432     0.6432     0.6432     0.6432     0.736      0.736
  0.736      0.736      0.736     ]
 [0.6432     0.6432     0.6432     0.6432     0.736      0.736
  0.736      0.736      0.736     ]
 [0.6432     0.6432     0.6432     0.6432     0.736      0.736
  0.736      0.736      0.736     ]
 [0.6432     0.6432     0.6432     0.6432     0.736      0.736
  0.736      0.736      0.736     ]
 [0.6432     0.6432     0.6432     0.6432     0.736      0.736
  0.736      0.736      0.736     ]
 [0.49357383 0.49497767 0.49391516 0.49524691 0.42009428 0.42059693
  0.42342472 0.46946886 0.42356111]
 [0.49357383 0.49497767 0.49391516 0.49524691 0.42009428 0.42059693
  0.42342472 0.46946886 0.42356111]
 [0.49357383 0.49497767 0.49391516 0.49524691 0.42009428 0.42059693
  0.42342472 0.46946886 0.42356111]
 [0.49357383 0.49497767 0.49391516 0.49524691 0.42009428 0.42059693
  0.42342472 0.46946886 0.42356111]
 [0.45799999 0.46091306 0.45879775 0.46162541 0.5816493  0.58207579
  0.54399926 0.61416249 0.50486195]
 [0.6432     0.6432     0.6432     0.6432     0.736      0.736
  0.736      0.736      0.736     ]
 [0.6432     0.6432     0.6432     0.6432     0.736      0.736
  0.736      0.736      0.736     ]
 [0.6432     0.6432     0.6432     0.6432     0.736      0.736
  0.736      0.736      0.736     ]
 [0.6432     0.6432     0.6432     0.6432     0.736      0.736
  0.736      0.736      0.736     ]]","[[1. 1. 1. 1. 1. 1. 1. 1. 1.]
 [1. 1. 1. 1. 1. 1. 1. 1. 1.]
 [1. 1. 1. 1. 1. 1. 1. 1. 1.]
 [1. 1. 1. 1. 1. 1. 1. 1. 1.]
 [1. 1. 1. 1. 1. 1. 1. 1. 1.]
 [1. 1. 1. 1. 1. 1. 1. 1. 1.]
 [1. 1. 1. 1. 1. 1. 1. 1. 1.]
 [1. 1. 1. 1. 1. 1. 1. 1. 1.]
 [1. 1. 1. 1. 1. 1. 1. 1. 1.]
 [0. 0. 0. 0. 0. 0. 0. 0. 0.]
 [0. 0. 0. 0. 0. 0. 0. 0. 0.]
 [0. 0. 0. 0. 0. 0. 0. 0. 0.]
 [0. 0. 0. 0. 0. 0. 0. 0. 0.]
 [0. 0. 0. 0. 0. 0. 0. 0. 0.]
 [0. 0. 0. 0. 0. 0. 0. 0. 0.]
 [0. 0. 0. 0. 0. 0. 0. 0. 0.]
 [0. 0. 0. 0. 0. 0. 0. 0. 0.]
 [0. 0. 0. 0. 0. 0. 0. 0. 0.]]","[[1.  0.  0. ]
 [1.  0.  0. ]
 [1.  0.  0. ]
 [1.  0.  0. ]
 [0.  0.  0.2]
 [0.  0.  0.2]
 [0.  0.  0.2]
 [0.  0.  0.2]
 [0.  0.  0.2]]",[[80 85 90]],0.6647,1.1043367385864258
24,12,"[[0.32122957 0.07914738 0.07914738 0.07914738 0.07914738 0.07914738
  1.         1.         1.         1.         1.         1.        ]]","[[0.6432     0.736      0.736      0.736      0.736      0.736
  0.768      0.768      0.768      0.768      0.768      0.768     ]
 [0.6432     0.736      0.736      0.736      0.736      0.736
  0.768      0.768      0.768      0.768      0.768      0.768     ]
 [0.6432     0.736      0.736      0.736      0.736      0.736
  0.768      0.768      0.768      0.768      0.768      0.768     ]
 [0.6432     0.736      0.736      0.736      0.736      0.736
  0.768      0.768      0.768      0.768      0.768      0.768     ]
 [0.6432     0.736      0.736      0.736      0.736      0.736
  0.768      0.768      0.768      0.768      0.768      0.768     ]
 [0.6432     0.736      0.736      0.736      0.736      0.736
  0.768      0.768      0.768      0.768      0.768      0.768     ]
 [0.6432     0.736      0.736      0.736      0.736      0.736
  0.768      0.768      0.768      0.768      0.768      0.768     ]
 [0.6432     0.736      0.736      0.736      0.736      0.736
  0.768      0.768      0.768      0.768      0.768      0.768     ]
 [0.6432     0.736      0.736      0.736      0.736      0.736
  0.768      0.768      0.768      0.768      0.768      0.768     ]
 [0.6432     0.736      0.736      0.736      0.736      0.736
  0.768      0.768      0.768      0.768      0.768      0.768     ]
 [0.6432     0.736      0.736      0.736      0.736      0.736
  0.768      0.768      0.768      0.768      0.768      0.768     ]
 [0.6432     0.736      0.736      0.736      0.736      0.736
  0.768      0.768      0.768      0.768      0.768      0.768     ]
 [0.60150294 0.47955123 0.48004929 0.48417812 0.52873703 0.48528744
  0.59300722 0.53218081 0.53431995 0.5395535  0.53054937 0.47948708]
 [0.60150294 0.47955123 0.48004929 0.48417812 0.52873703 0.48528744
  0.59300722 0.53218081 0.53431995 0.5395535  0.53054937 0.47948708]
 [0.60150294 0.47955123 0.48004929 0.48417812 0.52873703 0.48528744
  0.59300722 0.53218081 0.53431995 0.5395535  0.53054937 0.47948708]
 [0.60150294 0.47955123 0.48004929 0.48417812 0.52873703 0.48528744
  0.59300722 0.53218081 0.53431995 0.5395535  0.53054937 0.47948708]
 [0.60113548 0.6308997  0.63130283 0.59099543 0.66041863 0.54975212
  0.63667227 0.56513767 0.56646395 0.56797482 0.53824769 0.4888273 ]
 [0.60113548 0.6308997  0.63130283 0.59099543 0.66041863 0.54975212
  0.63667227 0.56513767 0.56646395 0.56797482 0.53824769 0.4888273 ]
 [0.60113548 0.6308997  0.63130283 0.59099543 0.66041863 0.54975212
  0.63667227 0.56513767 0.56646395 0.56797482 0.53824769 0.4888273 ]
 [0.60113548 0.6308997  0.63130283 0.59099543 0.66041863 0.54975212
  0.63667227 0.56513767 0.56646395 0.56797482 0.53824769 0.4888273 ]
 [0.6432     0.736      0.736      0.736      0.736      0.736
  0.768      0.768      0.768      0.768      0.768      0.768     ]
 [0.6432     0.736      0.736      0.736      0.736      0.736
  0.768      0.768      0.768      0.768      0.768      0.768     ]
 [0.6432     0.736      0.736      0.736      0.736      0.736
  0.768      0.768      0.768      0.768      0.768      0.768     ]
 [0.6432     0.736      0.736      0.736      0.736      0.736
  0.768      0.768      0.768      0.768      0.768      0.768     ]]","[[1. 1. 1. 1. 1. 1. 1. 1. 1. 1. 1. 1.]
 [1. 1. 1. 1. 1. 1. 1. 1. 1. 1. 1. 1.]
 [1. 1. 1. 1. 1. 1. 1. 1. 1. 1. 1. 1.]
 [1. 1. 1. 1. 1. 1. 1. 1. 1. 1. 1. 1.]
 [1. 1. 1. 1. 1. 1. 1. 1. 1. 1. 1. 1.]
 [1. 1. 1. 1. 1. 1. 1. 1. 1. 1. 1. 1.]
 [1. 1. 1. 1. 1. 1. 1. 1. 1. 1. 1. 1.]
 [1. 1. 1. 1. 1. 1. 1. 1. 1. 1. 1. 1.]
 [1. 1. 1. 1. 1. 1. 1. 1. 1. 1. 1. 1.]
 [1. 1. 1. 1. 1. 1. 1. 1. 1. 1. 1. 1.]
 [1. 1. 1. 1. 1. 1. 1. 1. 1. 1. 1. 1.]
 [1. 1. 1. 1. 1. 1. 1. 1. 1. 1. 1. 1.]
 [0. 0. 0. 0. 0. 0. 1. 1. 1. 1. 1. 1.]
 [0. 0. 0. 0. 0. 0. 1. 1. 1. 1. 1. 1.]
 [0. 0. 0. 0. 0. 0. 1. 1. 1. 1. 1. 1.]
 [0. 0. 0. 0. 0. 0. 1. 1. 1. 1. 1. 1.]
 [0. 0. 0. 0. 0. 0. 1. 1. 1. 1. 1. 1.]
 [0. 0. 0. 0. 0. 0. 1. 1. 1. 1. 1. 1.]
 [0. 0. 0. 0. 0. 0. 1. 1. 1. 1. 1. 1.]
 [0. 0. 0. 0. 0. 0. 1. 1. 1. 1. 1. 1.]
 [0. 0. 0. 0. 0. 0. 1. 1. 1. 1. 1. 1.]
 [0. 0. 0. 0. 0. 0. 1. 1. 1. 1. 1. 1.]
 [0. 0. 0. 0. 0. 0. 1. 1. 1. 1. 1. 1.]
 [0. 0. 0. 0. 0. 0. 1. 1. 1. 1. 1. 1.]]","[[1.  0.  0. ]
 [0.  0.  0.2]
 [0.  0.  0.2]
 [0.  0.  0.2]
 [0.  0.  0.2]
 [0.  0.  0.2]
 [0.  1.  0. ]
 [0.  1.  0. ]
 [0.  1.  0. ]
 [0.  1.  0. ]
 [0.  1.  0. ]
 [0.  1.  0. ]]",[[80 85 90]],0.7601,1.7017920017242432
24,14,"[[0.07914738 0.07914738 0.07914738 0.07914738 0.07914738 1.
  1.         1.         1.         1.         0.17103462 0.17134366
  1.         1.        ]]","[[0.736      0.736      0.736      0.736      0.736      0.768
  0.768      0.768      0.768      0.768      0.768      0.768
  0.8        0.8       ]
 [0.736      0.736      0.736      0.736      0.736      0.768
  0.768      0.768      0.768      0.768      0.768      0.768
  0.8        0.8       ]
 [0.736      0.736      0.736      0.736      0.736      0.768
  0.768      0.768      0.768      0.768      0.768      0.768
  0.8        0.8       ]
 [0.736      0.736      0.736      0.736      0.736      0.768
  0.768      0.768      0.768      0.768      0.768      0.768
  0.8        0.8       ]
 [0.736      0.736      0.736      0.736      0.736      0.768
  0.768      0.768      0.768      0.768      0.768      0.768
  0.8        0.8       ]
 [0.736      0.736      0.736      0.736      0.736      0.768
  0.768      0.768      0.768      0.768      0.768      0.768
  0.8        0.8       ]
 [0.736      0.736      0.736      0.736      0.736      0.768
  0.768      0.768      0.768      0.768      0.768      0.768
  0.8        0.8       ]
 [0.736      0.736      0.736      0.736      0.736      0.768
  0.768      0.768      0.768      0.768      0.768      0.768
  0.8        0.8       ]
 [0.736      0.736      0.736      0.736      0.736      0.768
  0.768      0.768      0.768      0.768      0.768      0.768
  0.8        0.8       ]
 [0.736      0.736      0.736      0.736      0.736      0.768
  0.768      0.768      0.768      0.768      0.768      0.768
  0.8        0.8       ]
 [0.53838712 0.53887915 0.5445574  0.58729234 0.54683123 0.65129487
  0.65306095 0.65772139 0.65503668 0.61425039 0.69251118 0.66455606
  0.48249762 0.48443515]
 [0.53838712 0.53887915 0.5445574  0.58729234 0.54683123 0.65129487
  0.65306095 0.65772139 0.65503668 0.61425039 0.69251118 0.66455606
  0.48249762 0.48443515]
 [0.53838712 0.53887915 0.5445574  0.58729234 0.54683123 0.65129487
  0.65306095 0.65772139 0.65503668 0.61425039 0.69251118 0.66455606
  0.48249762 0.48443515]
 [0.53838712 0.53887915 0.5445574  0.58729234 0.54683123 0.65129487
  0.65306095 0.65772139 0.65503668 0.61425039 0.69251118 0.66455606
  0.48249762 0.48443515]
 [0.67694156 0.67731367 0.63460788 0.70261145 0.59116249 0.76125287
  0.76249633 0.76377552 0.73407134 0.6860533  0.73971958 0.71431288
  0.61033186 0.61290394]
 [0.67694156 0.67731367 0.63460788 0.70261145 0.59116249 0.76125287
  0.76249633 0.76377552 0.73407134 0.6860533  0.73971958 0.71431288
  0.61033186 0.61290394]
 [0.67694156 0.67731367 0.63460788 0.70261145 0.59116249 0.76125287
  0.76249633 0.76377552 0.73407134 0.6860533  0.73971958 0.71431288
  0.61033186 0.61290394]
 [0.67694156 0.67731367 0.63460788 0.70261145 0.59116249 0.76125287
  0.76249633 0.76377552 0.73407134 0.6860533  0.73971958 0.71431288
  0.61033186 0.61290394]
 [0.736      0.736      0.736      0.736      0.736      0.768
  0.768      0.768      0.768      0.768      0.768      0.768
  0.8        0.8       ]
 [0.736      0.736      0.736      0.736      0.736      0.768
  0.768      0.768      0.768      0.768      0.768      0.768
  0.8        0.8       ]
 [0.736      0.736      0.736      0.736      0.736      0.768
  0.768      0.768      0.768      0.768      0.768      0.768
  0.8        0.8       ]
 [0.736      0.736      0.736      0.736      0.736      0.768
  0.768      0.768      0.768      0.768      0.768      0.768
  0.8        0.8       ]
 [0.736      0.736      0.736      0.736      0.736      0.768
  0.768      0.768      0.768      0.768      0.768      0.768
  0.8        0.8       ]
 [0.736      0.736      0.736      0.736      0.736      0.768
  0.768      0.768      0.768      0.768      0.768      0.768
  0.8        0.8       ]]","[[1. 1. 1. 1. 1. 1. 1. 1. 1. 1. 1. 1. 1. 1.]
 [1. 1. 1. 1. 1. 1. 1. 1. 1. 1. 1. 1. 1. 1.]
 [1. 1. 1. 1. 1. 1. 1. 1. 1. 1. 1. 1. 1. 1.]
 [1. 1. 1. 1. 1. 1. 1. 1. 1. 1. 1. 1. 1. 1.]
 [1. 1. 1. 1. 1. 1. 1. 1. 1. 1. 1. 1. 1. 1.]
 [1. 1. 1. 1. 1. 1. 1. 1. 1. 1. 1. 1. 1. 1.]
 [1. 1. 1. 1. 1. 1. 1. 1. 1. 1. 1. 1. 1. 1.]
 [1. 1. 1. 1. 1. 1. 1. 1. 1. 1. 1. 1. 1. 1.]
 [1. 1. 1. 1. 1. 1. 1. 1. 1. 1. 1. 1. 1. 1.]
 [1. 1. 1. 1. 1. 1. 1. 1. 1. 1. 1. 1. 1. 1.]
 [0. 0. 0. 0. 0. 1. 1. 1. 1. 1. 1. 1. 1. 1.]
 [0. 0. 0. 0. 0. 1. 1. 1. 1. 1. 1. 1. 1. 1.]
 [0. 0. 0. 0. 0. 1. 1. 1. 1. 1. 1. 1. 1. 1.]
 [0. 0. 0. 0. 0. 1. 1. 1. 1. 1. 1. 1. 1. 1.]
 [0. 0. 0. 0. 0. 1. 1. 1. 1. 1. 1. 1. 1. 1.]
 [0. 0. 0. 0. 0. 1. 1. 1. 1. 1. 1. 1. 1. 1.]
 [0. 0. 0. 0. 0. 1. 1. 1. 1. 1. 1. 1. 1. 1.]
 [0. 0. 0. 0. 0. 1. 1. 1. 1. 1. 1. 1. 1. 1.]
 [0. 0. 0. 0. 0. 1. 1. 1. 1. 1. 1. 1. 1. 1.]
 [0. 0. 0. 0. 0. 1. 1. 1. 1. 1. 1. 1. 1. 1.]
 [0. 0. 0. 0. 0. 1. 1. 1. 1. 1. 1. 1. 1. 1.]
 [0. 0. 0. 0. 0. 1. 1. 1. 1. 1. 1. 1. 1. 1.]
 [0. 0. 0. 0. 0. 1. 1. 1. 1. 1. 1. 1. 1. 1.]
 [0. 0. 0. 0. 0. 1. 1. 1. 1. 1. 1. 1. 1. 1.]]","[[0.         0.         0.2       ]
 [0.         0.         0.2       ]
 [0.         0.         0.2       ]
 [0.         0.         0.2       ]
 [0.         0.         0.2       ]
 [1.         0.         0.        ]
 [0.         1.         0.        ]
 [0.         1.         0.        ]
 [0.         1.         0.        ]
 [0.         1.         0.        ]
 [0.         0.61488563 0.        ]
 [0.61488563 0.         0.        ]
 [1.         0.         0.        ]
 [1.         0.         0.        ]]",[[80 85 90]],0.7746,1.7860891819000244
20,15,"[[0.3364713  0.33671556 0.07914738 0.07914738 0.07914738 0.07914738
  0.07914738 0.19922426 0.19931218 0.19936326 0.20138037 0.19914061
  0.2013621  0.20135349 0.20135704]]","[[0.768      0.768      0.736      0.736      0.736      0.736
  0.736      0.8        0.8        0.8        0.8        0.8
  0.8        0.8        0.8       ]
 [0.768      0.768      0.736      0.736      0.736      0.736
  0.736      0.8        0.8        0.8        0.8        0.8
  0.8        0.8        0.8       ]
 [0.768      0.768      0.736      0.736      0.736      0.736
  0.736      0.8        0.8        0.8        0.8        0.8
  0.8        0.8        0.8       ]
 [0.768      0.768      0.736      0.736      0.736      0.736
  0.736      0.8        0.8        0.8        0.8        0.8
  0.8        0.8        0.8       ]
 [0.768      0.768      0.736      0.736      0.736      0.736
  0.736      0.8        0.8        0.8        0.8        0.8
  0.8        0.8        0.8       ]
 [0.55655064 0.55269349 0.59639614 0.59688005 0.60442728 0.64486936
  0.60812699 0.61155519 0.61306333 0.61483125 0.66245843 0.6100682
  0.66168731 0.66099282 0.66164747]
 [0.55655064 0.55269349 0.59639614 0.59688005 0.60442728 0.64486936
  0.60812699 0.61155519 0.61306333 0.61483125 0.66245843 0.6100682
  0.66168731 0.66099282 0.66164747]
 [0.55655064 0.55269349 0.59639614 0.59688005 0.60442728 0.64486936
  0.60812699 0.61155519 0.61306333 0.61483125 0.66245843 0.6100682
  0.66168731 0.66099282 0.66164747]
 [0.55655064 0.55269349 0.59639614 0.59688005 0.60442728 0.64486936
  0.60812699 0.61155519 0.61306333 0.61483125 0.66245843 0.6100682
  0.66168731 0.66099282 0.66164747]
 [0.768      0.768      0.71871599 0.7190468  0.67387879 0.736
  0.62824577 0.79838269 0.8        0.8        0.71004289 0.79591335
  0.70910238 0.70827276 0.70904529]
 [0.768      0.768      0.71871599 0.7190468  0.67387879 0.736
  0.62824577 0.79838269 0.8        0.8        0.71004289 0.79591335
  0.70910238 0.70827276 0.70904529]
 [0.768      0.768      0.71871599 0.7190468  0.67387879 0.736
  0.62824577 0.79838269 0.8        0.8        0.71004289 0.79591335
  0.70910238 0.70827276 0.70904529]
 [0.768      0.768      0.736      0.736      0.736      0.736
  0.736      0.8        0.8        0.8        0.8        0.8
  0.8        0.8        0.8       ]
 [0.768      0.768      0.736      0.736      0.736      0.736
  0.736      0.8        0.8        0.8        0.8        0.8
  0.8        0.8        0.8       ]
 [0.768      0.768      0.736      0.736      0.736      0.736
  0.736      0.8        0.8        0.8        0.8        0.8
  0.8        0.8        0.8       ]
 [0.768      0.768      0.736      0.736      0.736      0.736
  0.736      0.8        0.8        0.8        0.8        0.8
  0.8        0.8        0.8       ]
 [0.768      0.768      0.736      0.736      0.736      0.736
  0.736      0.8        0.8        0.8        0.8        0.8
  0.8        0.8        0.8       ]
 [0.768      0.768      0.736      0.736      0.736      0.736
  0.736      0.8        0.8        0.8        0.8        0.8
  0.8        0.8        0.8       ]
 [0.768      0.768      0.736      0.736      0.736      0.736
  0.736      0.8        0.8        0.8        0.8        0.8
  0.8        0.8        0.8       ]
 [0.768      0.768      0.736      0.736      0.736      0.736
  0.736      0.8        0.8        0.8        0.8        0.8
  0.8        0.8        0.8       ]]","[[1. 1. 1. 1. 1. 1. 1. 1. 1. 1. 1. 1. 1. 1. 1.]
 [1. 1. 1. 1. 1. 1. 1. 1. 1. 1. 1. 1. 1. 1. 1.]
 [1. 1. 1. 1. 1. 1. 1. 1. 1. 1. 1. 1. 1. 1. 1.]
 [1. 1. 1. 1. 1. 1. 1. 1. 1. 1. 1. 1. 1. 1. 1.]
 [1. 1. 1. 1. 1. 1. 1. 1. 1. 1. 1. 1. 1. 1. 1.]
 [1. 1. 0. 0. 0. 0. 0. 1. 1. 1. 1. 1. 1. 1. 1.]
 [1. 1. 0. 0. 0. 0. 0. 1. 1. 1. 1. 1. 1. 1. 1.]
 [1. 1. 0. 0. 0. 0. 0. 1. 1. 1. 1. 1. 1. 1. 1.]
 [1. 1. 0. 0. 0. 0. 0. 1. 1. 1. 1. 1. 1. 1. 1.]
 [1. 1. 0. 0. 0. 0. 0. 1. 1. 1. 1. 1. 1. 1. 1.]
 [1. 1. 0. 0. 0. 0. 0. 1. 1. 1. 1. 1. 1. 1. 1.]
 [1. 1. 0. 0. 0. 0. 0. 1. 1. 1. 1. 1. 1. 1. 1.]
 [1. 1. 0. 0. 0. 0. 0. 1. 1. 1. 1. 1. 1. 1. 1.]
 [1. 1. 0. 0. 0. 0. 0. 1. 1. 1. 1. 1. 1. 1. 1.]
 [1. 1. 0. 0. 0. 0. 0. 1. 1. 1. 1. 1. 1. 1. 1.]
 [1. 1. 0. 0. 0. 0. 0. 1. 1. 1. 1. 1. 1. 1. 1.]
 [1. 1. 0. 0. 0. 0. 0. 1. 1. 1. 1. 1. 1. 1. 1.]
 [1. 1. 0. 0. 0. 0. 0. 1. 1. 1. 1. 1. 1. 1. 1.]
 [1. 1. 0. 0. 0. 0. 0. 1. 1. 1. 1. 1. 1. 1. 1.]
 [1. 1. 0. 0. 0. 0. 0. 1. 1. 1. 1. 1. 1. 1. 1.]]","[[1.   0.   0.  ]
 [1.   0.   0.  ]
 [0.   0.   0.2 ]
 [0.   0.   0.2 ]
 [0.   0.   0.2 ]
 [0.   0.   0.2 ]
 [0.   0.   0.2 ]
 [0.22 0.   0.  ]
 [0.22 0.   0.  ]
 [0.22 0.   0.  ]
 [0.   0.22 0.  ]
 [0.22 0.   0.  ]
 [0.   0.22 0.  ]
 [0.   0.22 0.  ]
 [0.   0.22 0.  ]]",[[80 85 90]],0.7825,1.4501690864562988
10,8,"[[0.33552976 0.07914738 0.07914738 0.30977175 0.19635561 0.1963203
  0.19635314 0.19632229]]","[[0.768      0.736      0.736      0.768      0.8        0.8
  0.8        0.8       ]
 [0.768      0.736      0.736      0.768      0.8        0.8
  0.8        0.8       ]
 [0.56841327 0.66680757 0.67237538 0.49758383 0.5575315  0.55651452
  0.55668553 0.55652853]
 [0.56841327 0.66680757 0.67237538 0.49758383 0.5575315  0.55651452
  0.55668553 0.55652853]
 [0.56841327 0.66680757 0.67237538 0.49758383 0.5575315  0.55651452
  0.55668553 0.55652853]
 [0.768      0.736      0.736      0.768      0.8        0.8
  0.8        0.8       ]
 [0.768      0.736      0.736      0.768      0.8        0.8
  0.8        0.8       ]
 [0.768      0.736      0.736      0.768      0.8        0.8
  0.8        0.8       ]
 [0.768      0.736      0.736      0.768      0.8        0.8
  0.8        0.8       ]
 [0.768      0.736      0.736      0.768      0.8        0.8
  0.8        0.8       ]]","[[1. 1. 1. 1. 1. 1. 1. 1.]
 [1. 1. 1. 1. 1. 1. 1. 1.]
 [1. 0. 0. 1. 1. 1. 1. 1.]
 [1. 0. 0. 1. 1. 1. 1. 1.]
 [1. 0. 0. 1. 1. 1. 1. 1.]
 [1. 0. 0. 1. 1. 1. 1. 1.]
 [1. 0. 0. 1. 1. 1. 1. 1.]
 [1. 0. 0. 1. 1. 1. 1. 1.]
 [1. 0. 0. 1. 1. 1. 1. 1.]
 [1. 0. 0. 1. 1. 1. 1. 1.]]","[[1.         0.         0.        ]
 [0.         0.         0.2       ]
 [0.         0.         0.2       ]
 [0.         0.61488563 0.        ]
 [0.         0.         0.22      ]
 [0.         0.         0.22      ]
 [0.         0.         0.22      ]
 [0.         0.         0.22      ]]",[[80 85 90]],0.7507,0.541205644607544
12,10,"[[0.33396864 0.33425155 0.08366465 0.08366465 0.16222753 0.15890005
  0.20307779 0.2030552  0.20308378 0.203058  ]]","[[0.768      0.768      0.736      0.736      0.768      0.768
  0.8        0.8        0.8        0.8       ]
 [0.768      0.768      0.736      0.736      0.768      0.768
  0.8        0.8        0.8        0.8       ]
 [0.5790521  0.57787675 0.66094763 0.66759517 0.42579895 0.42450813
  0.71374201 0.71286328 0.71300788 0.71287514]
 [0.5790521  0.57787675 0.66094763 0.66759517 0.42579895 0.42450813
  0.71374201 0.71286328 0.71300788 0.71287514]
 [0.5790521  0.57787675 0.66094763 0.66759517 0.42579895 0.42450813
  0.71374201 0.71286328 0.71300788 0.71287514]
 [0.5790521  0.57787675 0.66094763 0.66759517 0.42579895 0.42450813
  0.71374201 0.71286328 0.71300788 0.71287514]
 [0.768      0.768      0.71810189 0.67061248 0.768      0.768
  0.77662532 0.77571916 0.77592621 0.7757361 ]
 [0.768      0.768      0.71810189 0.67061248 0.768      0.768
  0.77662532 0.77571916 0.77592621 0.7757361 ]
 [0.768      0.768      0.736      0.736      0.768      0.768
  0.8        0.8        0.8        0.8       ]
 [0.768      0.768      0.736      0.736      0.768      0.768
  0.8        0.8        0.8        0.8       ]
 [0.768      0.768      0.736      0.736      0.768      0.768
  0.8        0.8        0.8        0.8       ]
 [0.768      0.768      0.736      0.736      0.768      0.768
  0.8        0.8        0.8        0.8       ]]","[[1. 1. 1. 1. 1. 1. 1. 1. 1. 1.]
 [1. 1. 1. 1. 1. 1. 1. 1. 1. 1.]
 [1. 1. 0. 0. 1. 1. 1. 1. 1. 1.]
 [1. 1. 0. 0. 1. 1. 1. 1. 1. 1.]
 [1. 1. 0. 0. 1. 1. 1. 1. 1. 1.]
 [1. 1. 0. 0. 1. 1. 1. 1. 1. 1.]
 [1. 1. 0. 0. 1. 1. 1. 1. 1. 1.]
 [1. 1. 0. 0. 1. 1. 1. 1. 1. 1.]
 [1. 1. 0. 0. 1. 1. 1. 1. 1. 1.]
 [1. 1. 0. 0. 1. 1. 1. 1. 1. 1.]
 [1. 1. 0. 0. 1. 1. 1. 1. 1. 1.]
 [1. 1. 0. 0. 1. 1. 1. 1. 1. 1.]]","[[1.         0.         0.        ]
 [1.         0.         0.        ]
 [0.2        0.         0.        ]
 [0.2        0.         0.        ]
 [0.61488563 0.         0.        ]
 [0.         0.         0.61488563]
 [0.         0.         0.22      ]
 [0.         0.         0.22      ]
 [0.         0.         0.22      ]
 [0.         0.         0.22      ]]",[[80 85 90]],0.7606,0.7256028652191162
18,11,"[[0.24777522 0.24777522 0.33260207 0.33289895 0.08366465 0.08366465
  0.08366465 0.08366465 0.08366465 0.16374056 0.30437779]]","[[0.6432     0.6432     0.768      0.768      0.736      0.736
  0.736      0.736      0.736      0.768      0.768     ]
 [0.6432     0.6432     0.768      0.768      0.736      0.736
  0.736      0.736      0.736      0.768      0.768     ]
 [0.6432     0.6432     0.768      0.768      0.736      0.736
  0.736      0.736      0.736      0.768      0.768     ]
 [0.6432     0.6432     0.768      0.768      0.736      0.736
  0.736      0.736      0.736      0.768      0.768     ]
 [0.6432     0.6432     0.768      0.768      0.736      0.736
  0.736      0.736      0.736      0.768      0.768     ]
 [0.6432     0.6432     0.768      0.768      0.736      0.736
  0.736      0.736      0.736      0.768      0.768     ]
 [0.6432     0.6432     0.768      0.768      0.736      0.736
  0.736      0.736      0.736      0.768      0.768     ]
 [0.59250051 0.59285192 0.58051653 0.58076697 0.58333777 0.58116517
  0.5906543  0.63379422 0.59508812 0.32848153 0.26260848]
 [0.59250051 0.59285192 0.58051653 0.58076697 0.58333777 0.58116517
  0.5906543  0.63379422 0.59508812 0.32848153 0.26260848]
 [0.59250051 0.59285192 0.58051653 0.58076697 0.58333777 0.58116517
  0.5906543  0.63379422 0.59508812 0.32848153 0.26260848]
 [0.59250051 0.59285192 0.58051653 0.58076697 0.58333777 0.58116517
  0.5906543  0.63379422 0.59508812 0.32848153 0.26260848]
 [0.61906444 0.6196036  0.72791658 0.74036129 0.72069914 0.71911896
  0.67573808 0.736      0.63079851 0.768      0.768     ]
 [0.61906444 0.6196036  0.72791658 0.74036129 0.72069914 0.71911896
  0.67573808 0.736      0.63079851 0.768      0.768     ]
 [0.61906444 0.6196036  0.72791658 0.74036129 0.72069914 0.71911896
  0.67573808 0.736      0.63079851 0.768      0.768     ]
 [0.6432     0.6432     0.768      0.768      0.736      0.736
  0.736      0.736      0.736      0.58412237 0.53580361]
 [0.6432     0.6432     0.768      0.768      0.736      0.736
  0.736      0.736      0.736      0.58412237 0.53580361]
 [0.6432     0.6432     0.768      0.768      0.736      0.736
  0.736      0.736      0.736      0.58412237 0.53580361]
 [0.6432     0.6432     0.768      0.768      0.736      0.736
  0.736      0.736      0.736      0.58412237 0.53580361]]","[[1. 1. 1. 1. 1. 1. 1. 1. 1. 1. 1.]
 [1. 1. 1. 1. 1. 1. 1. 1. 1. 1. 1.]
 [1. 1. 1. 1. 1. 1. 1. 1. 1. 1. 1.]
 [1. 1. 1. 1. 1. 1. 1. 1. 1. 1. 1.]
 [1. 1. 1. 1. 1. 1. 1. 1. 1. 1. 1.]
 [1. 1. 1. 1. 1. 1. 1. 1. 1. 1. 1.]
 [1. 1. 1. 1. 1. 1. 1. 1. 1. 1. 1.]
 [0. 0. 1. 1. 0. 0. 0. 0. 0. 0. 0.]
 [0. 0. 1. 1. 0. 0. 0. 0. 0. 0. 0.]
 [0. 0. 1. 1. 0. 0. 0. 0. 0. 0. 0.]
 [0. 0. 1. 1. 0. 0. 0. 0. 0. 0. 0.]
 [0. 0. 1. 1. 0. 0. 0. 0. 0. 1. 1.]
 [0. 0. 1. 1. 0. 0. 0. 0. 0. 1. 1.]
 [0. 0. 1. 1. 0. 0. 0. 0. 0. 1. 1.]
 [0. 0. 1. 1. 0. 0. 0. 0. 0. 1. 1.]
 [0. 0. 1. 1. 0. 0. 0. 0. 0. 1. 1.]
 [0. 0. 1. 1. 0. 0. 0. 0. 0. 1. 1.]
 [0. 0. 1. 1. 0. 0. 0. 0. 0. 1. 1.]]","[[1.         0.         0.        ]
 [1.         0.         0.        ]
 [1.         0.         0.        ]
 [1.         0.         0.        ]
 [0.2        0.         0.        ]
 [0.2        0.         0.        ]
 [0.2        0.         0.        ]
 [0.2        0.         0.        ]
 [0.2        0.         0.        ]
 [0.         0.61488563 0.        ]
 [0.61488563 0.         0.        ]]",[[80 85 90]],0.7313,1.1793577671051025
26,16,"[[0.29686596 0.29686596 0.29686596 0.29686596 0.29686596 0.33117754
  0.33148589 0.08366465 0.08366465 0.08366465 0.08366465 0.08366465
  0.31418227 0.30930465 0.31447774 0.30424143]]","[[0.6432     0.6432     0.6432     0.6432     0.6432     0.768
  0.768      0.736      0.736      0.736      0.736      0.736
  0.768      0.768      0.768      0.768     ]
 [0.6432     0.6432     0.6432     0.6432     0.6432     0.768
  0.768      0.736      0.736      0.736      0.736      0.736
  0.768      0.768      0.768      0.768     ]
 [0.6432     0.6432     0.6432     0.6432     0.6432     0.768
  0.768      0.736      0.736      0.736      0.736      0.736
  0.768      0.768      0.768      0.768     ]
 [0.6432     0.6432     0.6432     0.6432     0.6432     0.768
  0.768      0.736      0.736      0.736      0.736      0.736
  0.768      0.768      0.768      0.768     ]
 [0.6432     0.6432     0.6432     0.6432     0.6432     0.768
  0.768      0.736      0.736      0.736      0.736      0.736
  0.768      0.768      0.768      0.768     ]
 [0.6432     0.6432     0.6432     0.6432     0.6432     0.768
  0.768      0.736      0.736      0.736      0.736      0.736
  0.768      0.768      0.768      0.768     ]
 [0.6432     0.6432     0.6432     0.6432     0.6432     0.768
  0.768      0.736      0.736      0.736      0.736      0.736
  0.768      0.768      0.768      0.768     ]
 [0.6432     0.6432     0.6432     0.6432     0.6432     0.768
  0.768      0.736      0.736      0.736      0.736      0.736
  0.768      0.768      0.768      0.768     ]
 [0.6432     0.6432     0.6432     0.6432     0.6432     0.768
  0.768      0.736      0.736      0.736      0.736      0.736
  0.768      0.768      0.768      0.768     ]
 [0.6432     0.6432     0.6432     0.6432     0.6432     0.768
  0.768      0.736      0.736      0.736      0.736      0.736
  0.768      0.768      0.768      0.768     ]
 [0.52297611 0.4661716  0.52181942 0.4666563  0.53482728 0.57526504
  0.57695075 0.51417491 0.51195738 0.51927017 0.56523591 0.52199906
  0.44522259 0.35120873 0.48976092 0.37582667]
 [0.52297611 0.4661716  0.52181942 0.4666563  0.53482728 0.57526504
  0.57695075 0.51417491 0.51195738 0.51927017 0.56523591 0.52199906
  0.44522259 0.35120873 0.48976092 0.37582667]
 [0.52297611 0.4661716  0.52181942 0.4666563  0.53482728 0.57526504
  0.57695075 0.51417491 0.51195738 0.51927017 0.56523591 0.52199906
  0.44522259 0.35120873 0.48976092 0.37582667]
 [0.52297611 0.4661716  0.52181942 0.4666563  0.53482728 0.57526504
  0.57695075 0.51417491 0.51195738 0.51927017 0.56523591 0.52199906
  0.44522259 0.35120873 0.48976092 0.37582667]
 [0.50863448 0.43112457 0.50702637 0.43169879 0.52580963 0.66896663
  0.68162419 0.66779098 0.6660084  0.62580923 0.69717593 0.58361867
  0.768      0.768      0.768      0.768     ]
 [0.50863448 0.43112457 0.50702637 0.43169879 0.52580963 0.66896663
  0.68162419 0.66779098 0.6660084  0.62580923 0.69717593 0.58361867
  0.768      0.768      0.768      0.768     ]
 [0.50863448 0.43112457 0.50702637 0.43169879 0.52580963 0.66896663
  0.68162419 0.66779098 0.6660084  0.62580923 0.69717593 0.58361867
  0.768      0.768      0.768      0.768     ]
 [0.50863448 0.43112457 0.50702637 0.43169879 0.52580963 0.66896663
  0.68162419 0.66779098 0.6660084  0.62580923 0.69717593 0.58361867
  0.768      0.768      0.768      0.768     ]
 [0.6432     0.6432     0.6432     0.6432     0.6432     0.768
  0.768      0.736      0.736      0.736      0.736      0.736
  0.768      0.768      0.768      0.71615148]
 [0.6432     0.6432     0.6432     0.6432     0.6432     0.768
  0.768      0.736      0.736      0.736      0.736      0.736
  0.768      0.768      0.768      0.71615148]
 [0.6432     0.6432     0.6432     0.6432     0.6432     0.768
  0.768      0.736      0.736      0.736      0.736      0.736
  0.74088673 0.69513816 0.768      0.54884467]
 [0.6432     0.6432     0.6432     0.6432     0.6432     0.768
  0.768      0.736      0.736      0.736      0.736      0.736
  0.74088673 0.69513816 0.768      0.54884467]
 [0.6432     0.6432     0.6432     0.6432     0.6432     0.768
  0.768      0.736      0.736      0.736      0.736      0.736
  0.74088673 0.69513816 0.768      0.54884467]
 [0.6432     0.6432     0.6432     0.6432     0.6432     0.768
  0.768      0.736      0.736      0.736      0.736      0.736
  0.74088673 0.69513816 0.768      0.54884467]
 [0.6432     0.6432     0.6432     0.6432     0.6432     0.768
  0.768      0.736      0.736      0.736      0.736      0.736
  0.768      0.768      0.768      0.6847314 ]
 [0.6432     0.6432     0.6432     0.6432     0.6432     0.768
  0.768      0.736      0.736      0.736      0.736      0.736
  0.768      0.768      0.768      0.6847314 ]]","[[1. 1. 1. 1. 1. 1. 1. 1. 1. 1. 1. 1. 1. 1. 1. 1.]
 [1. 1. 1. 1. 1. 1. 1. 1. 1. 1. 1. 1. 1. 1. 1. 1.]
 [1. 1. 1. 1. 1. 1. 1. 1. 1. 1. 1. 1. 1. 1. 1. 1.]
 [1. 1. 1. 1. 1. 1. 1. 1. 1. 1. 1. 1. 1. 1. 1. 1.]
 [1. 1. 1. 1. 1. 1. 1. 1. 1. 1. 1. 1. 1. 1. 1. 1.]
 [1. 1. 1. 1. 1. 1. 1. 1. 1. 1. 1. 1. 1. 1. 1. 1.]
 [1. 1. 1. 1. 1. 1. 1. 1. 1. 1. 1. 1. 1. 1. 1. 1.]
 [1. 1. 1. 1. 1. 1. 1. 1. 1. 1. 1. 1. 1. 1. 1. 1.]
 [1. 1. 1. 1. 1. 1. 1. 1. 1. 1. 1. 1. 1. 1. 1. 1.]
 [1. 1. 1. 1. 1. 1. 1. 1. 1. 1. 1. 1. 1. 1. 1. 1.]
 [0. 0. 0. 0. 0. 1. 1. 0. 0. 0. 0. 0. 0. 0. 0. 0.]
 [0. 0. 0. 0. 0. 1. 1. 0. 0. 0. 0. 0. 0. 0. 0. 0.]
 [0. 0. 0. 0. 0. 1. 1. 0. 0. 0. 0. 0. 0. 0. 0. 0.]
 [0. 0. 0. 0. 0. 1. 1. 0. 0. 0. 0. 0. 0. 0. 0. 0.]
 [0. 0. 0. 0. 0. 1. 1. 0. 0. 0. 0. 0. 1. 1. 1. 1.]
 [0. 0. 0. 0. 0. 1. 1. 0. 0. 0. 0. 0. 1. 1. 1. 1.]
 [0. 0. 0. 0. 0. 1. 1. 0. 0. 0. 0. 0. 1. 1. 1. 1.]
 [0. 0. 0. 0. 0. 1. 1. 0. 0. 0. 0. 0. 1. 1. 1. 1.]
 [0. 0. 0. 0. 0. 1. 1. 0. 0. 0. 0. 0. 1. 1. 1. 1.]
 [0. 0. 0. 0. 0. 1. 1. 0. 0. 0. 0. 0. 1. 1. 1. 1.]
 [0. 0. 0. 0. 0. 1. 1. 0. 0. 0. 0. 0. 1. 1. 1. 1.]
 [0. 0. 0. 0. 0. 1. 1. 0. 0. 0. 0. 0. 1. 1. 1. 1.]
 [0. 0. 0. 0. 0. 1. 1. 0. 0. 0. 0. 0. 1. 1. 1. 1.]
 [0. 0. 0. 0. 0. 1. 1. 0. 0. 0. 0. 0. 1. 1. 1. 1.]
 [0. 0. 0. 0. 0. 1. 1. 0. 0. 0. 0. 0. 1. 1. 1. 1.]
 [0. 0. 0. 0. 0. 1. 1. 0. 0. 0. 0. 0. 1. 1. 1. 1.]]","[[1.         0.         0.        ]
 [1.         0.         0.        ]
 [1.         0.         0.        ]
 [1.         0.         0.        ]
 [1.         0.         0.        ]
 [1.         0.         0.        ]
 [1.         0.         0.        ]
 [0.2        0.         0.        ]
 [0.2        0.         0.        ]
 [0.2        0.         0.        ]
 [0.2        0.         0.        ]
 [0.2        0.         0.        ]
 [0.61488563 0.         0.        ]
 [0.61488563 0.         0.        ]
 [0.61488563 0.         0.        ]
 [0.61488563 0.         0.        ]]",[[80 85 90]],0.7158,2.0840835571289062
27,17,"[[0.33335595 0.33328736 0.08366465 0.08366465 0.08366465 0.08366465
  0.08366465 1.         1.         1.         1.         1.
  0.30368872 0.29991006 0.29973321 0.30380384 0.32064646]]","[[0.768      0.768      0.736      0.736      0.736      0.736
  0.736      0.768      0.768      0.768      0.768      0.768
  0.768      0.768      0.768      0.768      0.768     ]
 [0.768      0.768      0.736      0.736      0.736      0.736
  0.736      0.768      0.768      0.768      0.768      0.768
  0.768      0.768      0.768      0.768      0.768     ]
 [0.768      0.768      0.736      0.736      0.736      0.736
  0.736      0.768      0.768      0.768      0.768      0.768
  0.768      0.768      0.768      0.768      0.768     ]
 [0.768      0.768      0.736      0.736      0.736      0.736
  0.736      0.768      0.768      0.768      0.768      0.768
  0.768      0.768      0.768      0.768      0.768     ]
 [0.768      0.768      0.736      0.736      0.736      0.736
  0.736      0.768      0.768      0.768      0.768      0.768
  0.768      0.768      0.768      0.768      0.768     ]
 [0.768      0.768      0.736      0.736      0.736      0.736
  0.736      0.768      0.768      0.768      0.768      0.768
  0.768      0.768      0.768      0.768      0.768     ]
 [0.768      0.768      0.736      0.736      0.736      0.736
  0.736      0.768      0.768      0.768      0.768      0.768
  0.768      0.768      0.768      0.768      0.768     ]
 [0.768      0.768      0.736      0.736      0.736      0.736
  0.736      0.768      0.768      0.768      0.768      0.768
  0.768      0.768      0.768      0.768      0.768     ]
 [0.768      0.768      0.736      0.736      0.736      0.736
  0.736      0.768      0.768      0.768      0.768      0.768
  0.768      0.768      0.768      0.768      0.768     ]
 [0.768      0.768      0.736      0.736      0.736      0.736
  0.736      0.768      0.768      0.768      0.768      0.768
  0.768      0.768      0.768      0.768      0.768     ]
 [0.60669227 0.59628997 0.44381554 0.441566   0.46016444 0.4952541
  0.47157432 0.63181628 0.67423748 0.67373099 0.67265572 0.66557639
  0.4720547  0.37421157 0.43868972 0.45839201 0.41364548]
 [0.60669227 0.59628997 0.44381554 0.441566   0.46016444 0.4952541
  0.47157432 0.63181628 0.67423748 0.67373099 0.67265572 0.66557639
  0.4720547  0.37421157 0.43868972 0.45839201 0.41364548]
 [0.60669227 0.59628997 0.44381554 0.441566   0.46016444 0.4952541
  0.47157432 0.63181628 0.67423748 0.67373099 0.67265572 0.66557639
  0.4720547  0.37421157 0.43868972 0.45839201 0.41364548]
 [0.60669227 0.59628997 0.44381554 0.441566   0.46016444 0.4952541
  0.47157432 0.63181628 0.67423748 0.67373099 0.67265572 0.66557639
  0.4720547  0.37421157 0.43868972 0.45839201 0.41364548]
 [0.64159699 0.64473091 0.60948718 0.60756299 0.58064063 0.64308287
  0.54786249 0.768      0.69260431 0.6917183  0.68985976 0.67847763
  0.768      0.768      0.73850034 0.73644633 0.768     ]
 [0.64159699 0.64473091 0.60948718 0.60756299 0.58064063 0.64308287
  0.54786249 0.768      0.69260431 0.6917183  0.68985976 0.67847763
  0.768      0.768      0.73850034 0.73644633 0.768     ]
 [0.64159699 0.64473091 0.60948718 0.60756299 0.58064063 0.64308287
  0.54786249 0.768      0.69260431 0.6917183  0.68985976 0.67847763
  0.768      0.768      0.73850034 0.73644633 0.768     ]
 [0.64159699 0.64473091 0.60948718 0.60756299 0.58064063 0.64308287
  0.54786249 0.768      0.69260431 0.6917183  0.68985976 0.67847763
  0.768      0.768      0.73850034 0.73644633 0.768     ]
 [0.768      0.768      0.736      0.736      0.736      0.736
  0.736      0.768      0.768      0.768      0.768      0.768
  0.768      0.768      0.768      0.768      0.74695248]
 [0.768      0.768      0.736      0.736      0.736      0.736
  0.736      0.768      0.768      0.768      0.768      0.768
  0.768      0.768      0.768      0.768      0.74695248]
 [0.768      0.768      0.736      0.736      0.736      0.736
  0.736      0.768      0.768      0.768      0.768      0.768
  0.768      0.768      0.768      0.768      0.74695248]
 [0.768      0.768      0.736      0.736      0.736      0.736
  0.736      0.768      0.768      0.768      0.768      0.768
  0.768      0.768      0.768      0.768      0.74695248]
 [0.768      0.768      0.736      0.736      0.736      0.736
  0.736      0.768      0.768      0.768      0.768      0.768
  0.768      0.768      0.768      0.768      0.58184052]
 [0.768      0.768      0.736      0.736      0.736      0.736
  0.736      0.768      0.768      0.768      0.768      0.768
  0.768      0.768      0.768      0.768      0.58184052]
 [0.768      0.768      0.736      0.736      0.736      0.736
  0.736      0.768      0.768      0.768      0.768      0.768
  0.768      0.768      0.768      0.768      0.58184052]
 [0.768      0.768      0.736      0.736      0.736      0.736
  0.736      0.768      0.768      0.768      0.768      0.768
  0.768      0.768      0.768      0.768      0.58184052]
 [0.768      0.768      0.736      0.736      0.736      0.736
  0.736      0.768      0.768      0.768      0.768      0.768
  0.768      0.768      0.768      0.768      0.71145868]]","[[1. 1. 1. 1. 1. 1. 1. 1. 1. 1. 1. 1. 1. 1. 1. 1. 1.]
 [1. 1. 1. 1. 1. 1. 1. 1. 1. 1. 1. 1. 1. 1. 1. 1. 1.]
 [1. 1. 1. 1. 1. 1. 1. 1. 1. 1. 1. 1. 1. 1. 1. 1. 1.]
 [1. 1. 1. 1. 1. 1. 1. 1. 1. 1. 1. 1. 1. 1. 1. 1. 1.]
 [1. 1. 1. 1. 1. 1. 1. 1. 1. 1. 1. 1. 1. 1. 1. 1. 1.]
 [1. 1. 1. 1. 1. 1. 1. 1. 1. 1. 1. 1. 1. 1. 1. 1. 1.]
 [1. 1. 1. 1. 1. 1. 1. 1. 1. 1. 1. 1. 1. 1. 1. 1. 1.]
 [1. 1. 1. 1. 1. 1. 1. 1. 1. 1. 1. 1. 1. 1. 1. 1. 1.]
 [1. 1. 1. 1. 1. 1. 1. 1. 1. 1. 1. 1. 1. 1. 1. 1. 1.]
 [1. 1. 1. 1. 1. 1. 1. 1. 1. 1. 1. 1. 1. 1. 1. 1. 1.]
 [1. 1. 0. 0. 0. 0. 0. 1. 1. 1. 1. 1. 0. 0. 0. 0. 0.]
 [1. 1. 0. 0. 0. 0. 0. 1. 1. 1. 1. 1. 0. 0. 0. 0. 0.]
 [1. 1. 0. 0. 0. 0. 0. 1. 1. 1. 1. 1. 0. 0. 0. 0. 0.]
 [1. 1. 0. 0. 0. 0. 0. 1. 1. 1. 1. 1. 0. 0. 0. 0. 0.]
 [1. 1. 0. 0. 0. 0. 0. 1. 1. 1. 1. 1. 1. 1. 1. 1. 1.]
 [1. 1. 0. 0. 0. 0. 0. 1. 1. 1. 1. 1. 1. 1. 1. 1. 1.]
 [1. 1. 0. 0. 0. 0. 0. 1. 1. 1. 1. 1. 1. 1. 1. 1. 1.]
 [1. 1. 0. 0. 0. 0. 0. 1. 1. 1. 1. 1. 1. 1. 1. 1. 1.]
 [1. 1. 0. 0. 0. 0. 0. 1. 1. 1. 1. 1. 1. 1. 1. 1. 1.]
 [1. 1. 0. 0. 0. 0. 0. 1. 1. 1. 1. 1. 1. 1. 1. 1. 1.]
 [1. 1. 0. 0. 0. 0. 0. 1. 1. 1. 1. 1. 1. 1. 1. 1. 1.]
 [1. 1. 0. 0. 0. 0. 0. 1. 1. 1. 1. 1. 1. 1. 1. 1. 1.]
 [1. 1. 0. 0. 0. 0. 0. 1. 1. 1. 1. 1. 1. 1. 1. 1. 1.]
 [1. 1. 0. 0. 0. 0. 0. 1. 1. 1. 1. 1. 1. 1. 1. 1. 1.]
 [1. 1. 0. 0. 0. 0. 0. 1. 1. 1. 1. 1. 1. 1. 1. 1. 1.]
 [1. 1. 0. 0. 0. 0. 0. 1. 1. 1. 1. 1. 1. 1. 1. 1. 1.]
 [1. 1. 0. 0. 0. 0. 0. 1. 1. 1. 1. 1. 1. 1. 1. 1. 1.]]","[[0.         1.         0.        ]
 [0.         1.         0.        ]
 [0.2        0.         0.        ]
 [0.2        0.         0.        ]
 [0.2        0.         0.        ]
 [0.2        0.         0.        ]
 [0.2        0.         0.        ]
 [1.         0.         0.        ]
 [1.         0.         0.        ]
 [1.         0.         0.        ]
 [1.         0.         0.        ]
 [1.         0.         0.        ]
 [0.61488563 0.         0.        ]
 [0.61488563 0.         0.        ]
 [0.61488563 0.         0.        ]
 [0.61488563 0.         0.        ]
 [0.61488563 0.         0.        ]]",[[80 85 90]],0.7662,2.2352945804595947
26,16,"[[0.33357859 0.33354506 0.08366465 0.08366465 0.08366465 0.08366465
  0.08366465 1.         1.         1.         1.         1.
  0.29180639 0.2864591  0.28604339 0.2920075 ]]","[[0.768      0.768      0.736      0.736      0.736      0.736
  0.736      0.768      0.768      0.768      0.768      0.768
  0.768      0.768      0.768      0.768     ]
 [0.768      0.768      0.736      0.736      0.736      0.736
  0.736      0.768      0.768      0.768      0.768      0.768
  0.768      0.768      0.768      0.768     ]
 [0.768      0.768      0.736      0.736      0.736      0.736
  0.736      0.768      0.768      0.768      0.768      0.768
  0.768      0.768      0.768      0.768     ]
 [0.768      0.768      0.736      0.736      0.736      0.736
  0.736      0.768      0.768      0.768      0.768      0.768
  0.768      0.768      0.768      0.768     ]
 [0.768      0.768      0.736      0.736      0.736      0.736
  0.736      0.768      0.768      0.768      0.768      0.768
  0.768      0.768      0.768      0.768     ]
 [0.768      0.768      0.736      0.736      0.736      0.736
  0.736      0.768      0.768      0.768      0.768      0.768
  0.768      0.768      0.768      0.768     ]
 [0.768      0.768      0.736      0.736      0.736      0.736
  0.736      0.768      0.768      0.768      0.768      0.768
  0.768      0.768      0.768      0.768     ]
 [0.768      0.768      0.736      0.736      0.736      0.736
  0.736      0.768      0.768      0.768      0.768      0.768
  0.768      0.768      0.768      0.768     ]
 [0.768      0.768      0.736      0.736      0.736      0.736
  0.736      0.768      0.768      0.768      0.768      0.768
  0.768      0.768      0.768      0.768     ]
 [0.768      0.768      0.736      0.736      0.736      0.736
  0.736      0.768      0.768      0.768      0.768      0.768
  0.768      0.768      0.768      0.768     ]
 [0.65363177 0.64389345 0.44334328 0.44109356 0.46016444 0.44992043
  0.47157432 0.53291784 0.53886139 0.53817075 0.53671257 0.5274049
  0.44275771 0.34778068 0.36217757 0.37630215]
 [0.65363177 0.64389345 0.44334328 0.44109356 0.46016444 0.44992043
  0.47157432 0.53291784 0.53886139 0.53817075 0.53671257 0.5274049
  0.44275771 0.34778068 0.36217757 0.37630215]
 [0.65363177 0.64389345 0.44334328 0.44109356 0.46016444 0.44992043
  0.47157432 0.53291784 0.53886139 0.53817075 0.53671257 0.5274049
  0.44275771 0.34778068 0.36217757 0.37630215]
 [0.65363177 0.64389345 0.44334328 0.44109356 0.46016444 0.44992043
  0.47157432 0.53291784 0.53886139 0.53817075 0.53671257 0.5274049
  0.44275771 0.34778068 0.36217757 0.37630215]
 [0.62278195 0.62735183 0.6090843  0.60715932 0.58064063 0.60578283
  0.54786249 0.59750285 0.50224214 0.5013338  0.49942773 0.4877219
  0.73316825 0.6742037  0.54819075 0.54314687]
 [0.62278195 0.62735183 0.6090843  0.60715932 0.58064063 0.60578283
  0.54786249 0.59750285 0.50224214 0.5013338  0.49942773 0.4877219
  0.73316825 0.6742037  0.54819075 0.54314687]
 [0.62278195 0.62735183 0.6090843  0.60715932 0.58064063 0.60578283
  0.54786249 0.59750285 0.50224214 0.5013338  0.49942773 0.4877219
  0.73316825 0.6742037  0.54819075 0.54314687]
 [0.62278195 0.62735183 0.6090843  0.60715932 0.58064063 0.60578283
  0.54786249 0.59750285 0.50224214 0.5013338  0.49942773 0.4877219
  0.73316825 0.6742037  0.54819075 0.54314687]
 [0.768      0.768      0.736      0.736      0.736      0.736
  0.736      0.768      0.768      0.768      0.768      0.768
  0.768      0.768      0.768      0.768     ]
 [0.768      0.768      0.736      0.736      0.736      0.736
  0.736      0.768      0.768      0.768      0.768      0.768
  0.768      0.768      0.768      0.768     ]
 [0.768      0.768      0.736      0.736      0.736      0.736
  0.736      0.768      0.768      0.768      0.768      0.768
  0.768      0.768      0.768      0.768     ]
 [0.768      0.768      0.736      0.736      0.736      0.736
  0.736      0.768      0.768      0.768      0.768      0.768
  0.768      0.768      0.768      0.768     ]
 [0.768      0.768      0.736      0.736      0.736      0.736
  0.736      0.768      0.73357037 0.73275763 0.73105342 0.72065538
  0.768      0.768      0.768      0.768     ]
 [0.768      0.768      0.736      0.736      0.736      0.736
  0.736      0.768      0.73357037 0.73275763 0.73105342 0.72065538
  0.768      0.768      0.768      0.768     ]
 [0.768      0.768      0.736      0.736      0.736      0.736
  0.736      0.768      0.73357037 0.73275763 0.73105342 0.72065538
  0.768      0.768      0.768      0.768     ]
 [0.768      0.768      0.736      0.736      0.736      0.736
  0.736      0.768      0.73357037 0.73275763 0.73105342 0.72065538
  0.768      0.768      0.768      0.768     ]]","[[1. 1. 1. 1. 1. 1. 1. 1. 1. 1. 1. 1. 1. 1. 1. 1.]
 [1. 1. 1. 1. 1. 1. 1. 1. 1. 1. 1. 1. 1. 1. 1. 1.]
 [1. 1. 1. 1. 1. 1. 1. 1. 1. 1. 1. 1. 1. 1. 1. 1.]
 [1. 1. 1. 1. 1. 1. 1. 1. 1. 1. 1. 1. 1. 1. 1. 1.]
 [1. 1. 1. 1. 1. 1. 1. 1. 1. 1. 1. 1. 1. 1. 1. 1.]
 [1. 1. 1. 1. 1. 1. 1. 1. 1. 1. 1. 1. 1. 1. 1. 1.]
 [1. 1. 1. 1. 1. 1. 1. 1. 1. 1. 1. 1. 1. 1. 1. 1.]
 [1. 1. 1. 1. 1. 1. 1. 1. 1. 1. 1. 1. 1. 1. 1. 1.]
 [1. 1. 1. 1. 1. 1. 1. 1. 1. 1. 1. 1. 1. 1. 1. 1.]
 [1. 1. 1. 1. 1. 1. 1. 1. 1. 1. 1. 1. 1. 1. 1. 1.]
 [1. 1. 0. 0. 0. 0. 0. 1. 1. 1. 1. 1. 0. 0. 0. 0.]
 [1. 1. 0. 0. 0. 0. 0. 1. 1. 1. 1. 1. 0. 0. 0. 0.]
 [1. 1. 0. 0. 0. 0. 0. 1. 1. 1. 1. 1. 0. 0. 0. 0.]
 [1. 1. 0. 0. 0. 0. 0. 1. 1. 1. 1. 1. 0. 0. 0. 0.]
 [1. 1. 0. 0. 0. 0. 0. 1. 1. 1. 1. 1. 1. 1. 1. 1.]
 [1. 1. 0. 0. 0. 0. 0. 1. 1. 1. 1. 1. 1. 1. 1. 1.]
 [1. 1. 0. 0. 0. 0. 0. 1. 1. 1. 1. 1. 1. 1. 1. 1.]
 [1. 1. 0. 0. 0. 0. 0. 1. 1. 1. 1. 1. 1. 1. 1. 1.]
 [1. 1. 0. 0. 0. 0. 0. 1. 1. 1. 1. 1. 1. 1. 1. 1.]
 [1. 1. 0. 0. 0. 0. 0. 1. 1. 1. 1. 1. 1. 1. 1. 1.]
 [1. 1. 0. 0. 0. 0. 0. 1. 1. 1. 1. 1. 1. 1. 1. 1.]
 [1. 1. 0. 0. 0. 0. 0. 1. 1. 1. 1. 1. 1. 1. 1. 1.]
 [1. 1. 0. 0. 0. 0. 0. 1. 1. 1. 1. 1. 1. 1. 1. 1.]
 [1. 1. 0. 0. 0. 0. 0. 1. 1. 1. 1. 1. 1. 1. 1. 1.]
 [1. 1. 0. 0. 0. 0. 0. 1. 1. 1. 1. 1. 1. 1. 1. 1.]
 [1. 1. 0. 0. 0. 0. 0. 1. 1. 1. 1. 1. 1. 1. 1. 1.]]","[[0.         1.         0.        ]
 [0.         1.         0.        ]
 [0.2        0.         0.        ]
 [0.2        0.         0.        ]
 [0.2        0.         0.        ]
 [0.2        0.         0.        ]
 [0.2        0.         0.        ]
 [1.         0.         0.        ]
 [1.         0.         0.        ]
 [1.         0.         0.        ]
 [1.         0.         0.        ]
 [1.         0.         0.        ]
 [0.61488563 0.         0.        ]
 [0.61488563 0.         0.        ]
 [0.61488563 0.         0.        ]
 [0.61488563 0.         0.        ]]",[[80 85 90]],0.7662,2.091068744659424
10,7,"[[0.1515453  0.08366465 0.08366465 0.08366465 0.27675476 0.27197245
  0.29367583]]","[[0.768      0.736      0.736      0.736      0.768      0.768
  0.768     ]
 [0.768      0.736      0.736      0.736      0.768      0.768
  0.768     ]
 [0.768      0.736      0.736      0.736      0.768      0.768
  0.768     ]
 [0.64997816 0.44334328 0.44109356 0.44992043 0.3634381  0.27629902
  0.53199851]
 [0.64997816 0.44334328 0.44109356 0.44992043 0.3634381  0.27629902
  0.53199851]
 [0.64997816 0.44334328 0.44109356 0.44992043 0.3634381  0.27629902
  0.53199851]
 [0.768      0.736      0.736      0.736      0.768      0.76039568
  0.768     ]
 [0.768      0.736      0.736      0.736      0.768      0.76039568
  0.768     ]
 [0.768      0.736      0.736      0.736      0.768      0.76039568
  0.768     ]
 [0.768      0.736      0.736      0.736      0.768      0.76039568
  0.768     ]]","[[1. 1. 1. 1. 1. 1. 1.]
 [1. 1. 1. 1. 1. 1. 1.]
 [1. 1. 1. 1. 1. 1. 1.]
 [1. 0. 0. 0. 0. 0. 1.]
 [1. 0. 0. 0. 0. 0. 1.]
 [1. 0. 0. 0. 0. 0. 1.]
 [1. 0. 0. 0. 1. 1. 1.]
 [1. 0. 0. 0. 1. 1. 1.]
 [1. 0. 0. 0. 1. 1. 1.]
 [1. 0. 0. 0. 1. 1. 1.]]","[[0.69722469 0.         0.        ]
 [0.2        0.         0.        ]
 [0.2        0.         0.        ]
 [0.2        0.         0.        ]
 [0.61488563 0.         0.        ]
 [0.61488563 0.         0.        ]
 [0.61488563 0.         0.        ]]",[[80 85 90]],0.7599,0.5193016529083252
12,12,"[[0.29686596 0.29686596 0.29686596 0.29686596 0.29686596 0.24124653
  0.29686596 0.29686596 0.24414208 0.1916622  0.1916622  0.1916622 ]]","[[0.49216444 0.4816535  0.45780736 0.5103467  0.46854175 0.6432
  0.6432     0.6432     0.6432     0.53108229 0.53489793 0.5382528 ]
 [0.49216444 0.4816535  0.45780736 0.5103467  0.46854175 0.6432
  0.6432     0.6432     0.6432     0.53108229 0.53489793 0.5382528 ]
 [0.49216444 0.4816535  0.45780736 0.5103467  0.46854175 0.6432
  0.6432     0.6432     0.6432     0.53108229 0.53489793 0.5382528 ]
 [0.49216444 0.4816535  0.45780736 0.5103467  0.46854175 0.6432
  0.6432     0.6432     0.6432     0.53108229 0.53489793 0.5382528 ]
 [0.6432     0.6432     0.6432     0.6432     0.6432     0.6432
  0.6432     0.6432     0.6432     0.672      0.672      0.672     ]
 [0.6432     0.6432     0.6432     0.6432     0.6432     0.6432
  0.6432     0.6432     0.6432     0.672      0.672      0.672     ]
 [0.6432     0.6432     0.6432     0.6432     0.6432     0.6432
  0.6432     0.6432     0.6432     0.672      0.672      0.672     ]
 [0.6432     0.6432     0.6432     0.6432     0.6432     0.6432
  0.6432     0.6432     0.6432     0.672      0.672      0.672     ]
 [0.6432     0.6432     0.61594456 0.6432     0.62448386 0.6432
  0.6432     0.6432     0.6432     0.672      0.672      0.672     ]
 [0.6432     0.6432     0.61594456 0.6432     0.62448386 0.6432
  0.6432     0.6432     0.6432     0.672      0.672      0.672     ]
 [0.6432     0.6432     0.61594456 0.6432     0.62448386 0.6432
  0.6432     0.6432     0.6432     0.672      0.672      0.672     ]
 [0.6432     0.6432     0.61594456 0.6432     0.62448386 0.6432
  0.6432     0.6432     0.6432     0.672      0.672      0.672     ]]","[[0. 0. 0. 0. 0. 0. 0. 0. 0. 1. 1. 1.]
 [0. 0. 0. 0. 0. 0. 0. 0. 0. 1. 1. 1.]
 [0. 0. 0. 0. 0. 0. 0. 0. 0. 1. 1. 1.]
 [0. 0. 0. 0. 0. 0. 0. 0. 0. 1. 1. 1.]
 [0. 0. 0. 0. 0. 0. 0. 0. 0. 1. 1. 1.]
 [0. 0. 0. 0. 0. 0. 0. 0. 0. 1. 1. 1.]
 [0. 0. 0. 0. 0. 0. 0. 0. 0. 1. 1. 1.]
 [0. 0. 0. 0. 0. 0. 0. 0. 0. 1. 1. 1.]
 [0. 0. 0. 0. 0. 0. 0. 0. 0. 1. 1. 1.]
 [0. 0. 0. 0. 0. 0. 0. 0. 0. 1. 1. 1.]
 [0. 0. 0. 0. 0. 0. 0. 0. 0. 1. 1. 1.]
 [0. 0. 0. 0. 0. 0. 0. 0. 0. 1. 1. 1.]]","[[1.         0.         0.        ]
 [1.         0.         0.        ]
 [1.         0.         0.        ]
 [1.         0.         0.        ]
 [1.         0.         0.        ]
 [1.         0.         0.        ]
 [1.         0.         0.        ]
 [1.         0.         0.        ]
 [1.         0.         0.        ]
 [0.23182635 0.         0.        ]
 [0.23182635 0.         0.        ]
 [0.23182635 0.         0.        ]]",[[80 85 90]],0.1231,0.7225830554962158
13,8,"[[0.29686596 0.29686596 0.29686596 0.29686596 0.29686596 0.1916622
  0.1916622  0.1916622 ]]","[[0.6432     0.6432     0.6432     0.6432     0.6432     0.672
  0.672      0.672     ]
 [0.6432     0.6432     0.6432     0.6432     0.6432     0.672
  0.672      0.672     ]
 [0.6432     0.6432     0.6432     0.6432     0.6432     0.672
  0.672      0.672     ]
 [0.6432     0.6432     0.6432     0.6432     0.6432     0.672
  0.672      0.672     ]
 [0.6432     0.6432     0.6432     0.6432     0.6432     0.672
  0.672      0.672     ]
 [0.55779057 0.53431297 0.45384655 0.44821827 0.54086226 0.53108229
  0.53489793 0.5382528 ]
 [0.55779057 0.53431297 0.45384655 0.44821827 0.54086226 0.53108229
  0.53489793 0.5382528 ]
 [0.55779057 0.53431297 0.45384655 0.44821827 0.54086226 0.53108229
  0.53489793 0.5382528 ]
 [0.55779057 0.53431297 0.45384655 0.44821827 0.54086226 0.53108229
  0.53489793 0.5382528 ]
 [0.6432     0.6432     0.6432     0.6432     0.6432     0.672
  0.672      0.672     ]
 [0.6432     0.6432     0.6432     0.6432     0.6432     0.672
  0.672      0.672     ]
 [0.6432     0.6432     0.6432     0.6432     0.6432     0.672
  0.672      0.672     ]
 [0.6432     0.6432     0.6432     0.6432     0.6432     0.672
  0.672      0.672     ]]","[[1. 1. 1. 1. 1. 1. 1. 1.]
 [1. 1. 1. 1. 1. 1. 1. 1.]
 [1. 1. 1. 1. 1. 1. 1. 1.]
 [1. 1. 1. 1. 1. 1. 1. 1.]
 [1. 1. 1. 1. 1. 1. 1. 1.]
 [0. 0. 0. 0. 0. 1. 1. 1.]
 [0. 0. 0. 0. 0. 1. 1. 1.]
 [0. 0. 0. 0. 0. 1. 1. 1.]
 [0. 0. 0. 0. 0. 1. 1. 1.]
 [0. 0. 0. 0. 0. 1. 1. 1.]
 [0. 0. 0. 0. 0. 1. 1. 1.]
 [0. 0. 0. 0. 0. 1. 1. 1.]
 [0. 0. 0. 0. 0. 1. 1. 1.]]","[[1.         0.         0.        ]
 [1.         0.         0.        ]
 [1.         0.         0.        ]
 [1.         0.         0.        ]
 [1.         0.         0.        ]
 [0.23182635 0.         0.        ]
 [0.23182635 0.         0.        ]
 [0.23182635 0.         0.        ]]",[[80 85 90]],0.6512,0.7156403064727783
2,1,[[0.29686596]],"[[0.6432]
 [0.6432]]","[[1.]
 [0.]]",[[1. 0. 0.]],[[80 85 90]],0.6432,0.07574748992919922
12,12,"[[0.15719106 0.33937865 0.33937865 0.33937865 0.33937865 0.33937865
  0.33937865 0.33937865 0.33937865 0.33937865 0.33352137 0.33355951]]","[[0.768      0.55193758 0.736      0.736      0.736      0.736
  0.736      0.736      0.736      0.736      0.74468698 0.74199302]
 [0.768      0.55193758 0.736      0.736      0.736      0.736
  0.736      0.736      0.736      0.736      0.74468698 0.74199302]
 [0.768      0.55193758 0.736      0.736      0.736      0.736
  0.736      0.736      0.736      0.736      0.74468698 0.74199302]
 [0.768      0.55193758 0.736      0.736      0.736      0.736
  0.736      0.736      0.736      0.736      0.74468698 0.74199302]
 [0.768      0.70458008 0.736      0.736      0.736      0.736
  0.736      0.736      0.736      0.736      0.768      0.768     ]
 [0.768      0.70458008 0.736      0.736      0.736      0.736
  0.736      0.736      0.736      0.736      0.768      0.768     ]
 [0.768      0.70458008 0.736      0.736      0.736      0.736
  0.736      0.736      0.736      0.736      0.768      0.768     ]
 [0.768      0.70458008 0.736      0.736      0.736      0.736
  0.736      0.736      0.736      0.736      0.768      0.768     ]
 [0.768      0.736      0.736      0.736      0.736      0.736
  0.736      0.736      0.736      0.736      0.768      0.768     ]
 [0.768      0.736      0.736      0.736      0.736      0.736
  0.736      0.736      0.736      0.736      0.768      0.768     ]
 [0.768      0.736      0.736      0.736      0.736      0.736
  0.736      0.736      0.736      0.736      0.768      0.768     ]
 [0.768      0.736      0.736      0.736      0.736      0.736
  0.736      0.736      0.736      0.736      0.768      0.768     ]]","[[1. 1. 1. 1. 1. 1. 1. 1. 1. 1. 1. 1.]
 [1. 1. 1. 1. 1. 1. 1. 1. 1. 1. 1. 1.]
 [1. 1. 1. 1. 1. 1. 1. 1. 1. 1. 1. 1.]
 [1. 1. 1. 1. 1. 1. 1. 1. 1. 1. 1. 1.]
 [1. 1. 1. 1. 1. 1. 1. 1. 1. 1. 1. 1.]
 [1. 1. 1. 1. 1. 1. 1. 1. 1. 1. 1. 1.]
 [1. 1. 1. 1. 1. 1. 1. 1. 1. 1. 1. 1.]
 [1. 1. 1. 1. 1. 1. 1. 1. 1. 1. 1. 1.]
 [1. 1. 1. 1. 1. 1. 1. 1. 1. 1. 1. 1.]
 [1. 1. 1. 1. 1. 1. 1. 1. 1. 1. 1. 1.]
 [1. 1. 1. 1. 1. 1. 1. 1. 1. 1. 1. 1.]
 [1. 1. 1. 1. 1. 1. 1. 1. 1. 1. 1. 1.]]","[[0.         0.69722469 0.        ]
 [0.83629452 0.         0.        ]
 [0.83629452 0.         0.        ]
 [0.83629452 0.         0.        ]
 [0.83629452 0.         0.        ]
 [0.83629452 0.         0.        ]
 [0.83629452 0.         0.        ]
 [0.83629452 0.         0.        ]
 [0.83629452 0.         0.        ]
 [0.83629452 0.         0.        ]
 [0.         1.         0.        ]
 [0.         1.         0.        ]]",[[80 85 90]],0.7428,0.7445447444915771
13,13,"[[0.15709033 0.33937865 0.33937865 0.33937865 0.33937865 0.33937865
  0.33937865 0.33937865 0.33937865 0.33937865 0.33937865 0.33324316
  0.33331609]]","[[0.768      0.56784788 0.6604604  0.56223971 0.55213064 0.55824605
  0.64859651 0.57865095 0.55846    0.58315526 0.57124614 0.75180395
  0.75106338]
 [0.768      0.56784788 0.6604604  0.56223971 0.55213064 0.55824605
  0.64859651 0.57865095 0.55846    0.58315526 0.57124614 0.75180395
  0.75106338]
 [0.768      0.56784788 0.6604604  0.56223971 0.55213064 0.55824605
  0.64859651 0.57865095 0.55846    0.58315526 0.57124614 0.75180395
  0.75106338]
 [0.768      0.56784788 0.6604604  0.56223971 0.55213064 0.55824605
  0.64859651 0.57865095 0.55846    0.58315526 0.57124614 0.75180395
  0.75106338]
 [0.768      0.736      0.736      0.731775   0.7217378  0.72788013
  0.736      0.736      0.72795103 0.736      0.736      0.768
  0.768     ]
 [0.768      0.736      0.736      0.731775   0.7217378  0.72788013
  0.736      0.736      0.72795103 0.736      0.736      0.768
  0.768     ]
 [0.768      0.736      0.736      0.731775   0.7217378  0.72788013
  0.736      0.736      0.72795103 0.736      0.736      0.768
  0.768     ]
 [0.768      0.736      0.736      0.731775   0.7217378  0.72788013
  0.736      0.736      0.72795103 0.736      0.736      0.768
  0.768     ]
 [0.768      0.736      0.736      0.736      0.736      0.736
  0.736      0.736      0.736      0.736      0.736      0.768
  0.768     ]
 [0.768      0.736      0.736      0.736      0.736      0.736
  0.736      0.736      0.736      0.736      0.736      0.768
  0.768     ]
 [0.768      0.736      0.736      0.736      0.736      0.736
  0.736      0.736      0.736      0.736      0.736      0.768
  0.768     ]
 [0.768      0.736      0.736      0.736      0.736      0.736
  0.736      0.736      0.736      0.736      0.736      0.768
  0.768     ]
 [0.768      0.736      0.736      0.736      0.736      0.736
  0.736      0.736      0.736      0.736      0.736      0.768
  0.768     ]]","[[1. 1. 1. 1. 1. 1. 1. 1. 1. 1. 1. 1. 1.]
 [1. 1. 1. 1. 1. 1. 1. 1. 1. 1. 1. 1. 1.]
 [1. 1. 1. 1. 1. 1. 1. 1. 1. 1. 1. 1. 1.]
 [1. 1. 1. 1. 1. 1. 1. 1. 1. 1. 1. 1. 1.]
 [1. 1. 1. 1. 1. 1. 1. 1. 1. 1. 1. 1. 1.]
 [1. 1. 1. 1. 1. 1. 1. 1. 1. 1. 1. 1. 1.]
 [1. 1. 1. 1. 1. 1. 1. 1. 1. 1. 1. 1. 1.]
 [1. 1. 1. 1. 1. 1. 1. 1. 1. 1. 1. 1. 1.]
 [1. 1. 1. 1. 1. 1. 1. 1. 1. 1. 1. 1. 1.]
 [1. 1. 1. 1. 1. 1. 1. 1. 1. 1. 1. 1. 1.]
 [1. 1. 1. 1. 1. 1. 1. 1. 1. 1. 1. 1. 1.]
 [1. 1. 1. 1. 1. 1. 1. 1. 1. 1. 1. 1. 1.]
 [1. 1. 1. 1. 1. 1. 1. 1. 1. 1. 1. 1. 1.]]","[[0.         0.69722469 0.        ]
 [0.83629452 0.         0.        ]
 [0.83629452 0.         0.        ]
 [0.83629452 0.         0.        ]
 [0.83629452 0.         0.        ]
 [0.83629452 0.         0.        ]
 [0.83629452 0.         0.        ]
 [0.83629452 0.         0.        ]
 [0.83629452 0.         0.        ]
 [0.83629452 0.         0.        ]
 [0.83629452 0.         0.        ]
 [0.         1.         0.        ]
 [0.         1.         0.        ]]",[[80 85 90]],0.7336,0.8412480354309082
3,3,[[0.1580914  0.33170311 0.33291302]],"[[0.768 0.768 0.768]
 [0.768 0.768 0.768]
 [0.768 0.768 0.768]]","[[1. 1. 1.]
 [1. 1. 1.]
 [1. 1. 1.]]","[[0.         0.69722469 0.        ]
 [0.         0.         1.        ]
 [0.         1.         0.        ]]",[[80 85 90]],0.768,0.12259125709533691
53,10,"[[0.33527187 0.18866728 0.18116105 0.18072994 0.30229789 0.33925896
  0.21628504 0.21673002 0.21758177 0.21716228]]","[[0.63468559 0.736      0.736      0.736      0.60360679 0.736
  0.8        0.8        0.8        0.8       ]
 [0.63468559 0.736      0.736      0.736      0.60360679 0.736
  0.8        0.8        0.8        0.8       ]
 [0.63468559 0.736      0.736      0.736      0.60360679 0.736
  0.8        0.8        0.8        0.8       ]
 [0.63468559 0.736      0.736      0.736      0.60360679 0.736
  0.8        0.8        0.8        0.8       ]
 [0.63468559 0.736      0.736      0.736      0.60360679 0.736
  0.8        0.8        0.8        0.8       ]
 [0.63468559 0.736      0.736      0.736      0.60360679 0.736
  0.8        0.8        0.8        0.8       ]
 [0.63468559 0.736      0.736      0.736      0.60360679 0.736
  0.8        0.8        0.8        0.8       ]
 [0.63468559 0.736      0.736      0.736      0.60360679 0.736
  0.8        0.8        0.8        0.8       ]
 [0.26634555 0.736      0.736      0.736      0.6432     0.736
  0.8        0.8        0.8        0.8       ]
 [0.26634555 0.736      0.736      0.736      0.6432     0.736
  0.8        0.8        0.8        0.8       ]
 [0.26634555 0.736      0.736      0.736      0.6432     0.736
  0.8        0.8        0.8        0.8       ]
 [0.26634555 0.736      0.736      0.736      0.6432     0.736
  0.8        0.8        0.8        0.8       ]
 [0.26634555 0.736      0.736      0.736      0.6432     0.736
  0.8        0.8        0.8        0.8       ]
 [0.26634555 0.736      0.736      0.736      0.6432     0.736
  0.8        0.8        0.8        0.8       ]
 [0.26634555 0.736      0.736      0.736      0.6432     0.736
  0.8        0.8        0.8        0.8       ]
 [0.26634555 0.736      0.736      0.736      0.6432     0.736
  0.8        0.8        0.8        0.8       ]
 [0.07579141 0.7073089  0.736      0.736      0.6432     0.736
  0.8        0.8        0.8        0.8       ]
 [0.07579141 0.7073089  0.736      0.736      0.6432     0.736
  0.8        0.8        0.8        0.8       ]
 [0.07579141 0.7073089  0.736      0.736      0.6432     0.736
  0.8        0.8        0.8        0.8       ]
 [0.07579141 0.7073089  0.736      0.736      0.6432     0.736
  0.8        0.8        0.8        0.8       ]
 [0.07579141 0.7073089  0.736      0.736      0.6432     0.736
  0.8        0.8        0.8        0.8       ]
 [0.07579141 0.7073089  0.736      0.736      0.6432     0.736
  0.8        0.8        0.8        0.8       ]
 [0.07579141 0.7073089  0.736      0.736      0.6432     0.736
  0.8        0.8        0.8        0.8       ]
 [0.07579141 0.7073089  0.736      0.736      0.6432     0.736
  0.8        0.8        0.8        0.8       ]
 [0.22919587 0.68375649 0.72163545 0.71055458 0.6432     0.68453152
  0.8        0.8        0.8        0.8       ]
 [0.22919587 0.68375649 0.72163545 0.71055458 0.6432     0.68453152
  0.8        0.8        0.8        0.8       ]
 [0.22919587 0.68375649 0.72163545 0.71055458 0.6432     0.68453152
  0.8        0.8        0.8        0.8       ]
 [0.22919587 0.68375649 0.72163545 0.71055458 0.6432     0.68453152
  0.8        0.8        0.8        0.8       ]
 [0.22919587 0.68375649 0.72163545 0.71055458 0.6432     0.68453152
  0.8        0.8        0.8        0.8       ]
 [0.22919587 0.68375649 0.72163545 0.71055458 0.6432     0.68453152
  0.8        0.8        0.8        0.8       ]
 [0.22919587 0.68375649 0.72163545 0.71055458 0.6432     0.68453152
  0.8        0.8        0.8        0.8       ]
 [0.22919587 0.68375649 0.72163545 0.71055458 0.6432     0.68453152
  0.8        0.8        0.8        0.8       ]
 [0.736      0.61806488 0.49918685 0.50787863 0.22071848 0.50354097
  0.61384773 0.61438053 0.61998262 0.61499815]
 [0.736      0.61806488 0.49918685 0.50787863 0.22071848 0.50354097
  0.61384773 0.61438053 0.61998262 0.61499815]
 [0.736      0.61806488 0.49918685 0.50787863 0.22071848 0.50354097
  0.61384773 0.61438053 0.61998262 0.61499815]
 [0.736      0.61806488 0.49918685 0.50787863 0.22071848 0.50354097
  0.61384773 0.61438053 0.61998262 0.61499815]
 [0.736      0.61806488 0.49918685 0.50787863 0.22071848 0.50354097
  0.61384773 0.61438053 0.61998262 0.61499815]
 [0.736      0.61806488 0.49918685 0.50787863 0.22071848 0.50354097
  0.61384773 0.61438053 0.61998262 0.61499815]
 [0.736      0.61806488 0.49918685 0.50787863 0.22071848 0.50354097
  0.61384773 0.61438053 0.61998262 0.61499815]
 [0.736      0.61806488 0.49918685 0.50787863 0.22071848 0.50354097
  0.61384773 0.61438053 0.61998262 0.61499815]
 [0.         0.42765397 0.55105478 0.5517032  0.55060209 0.57910273
  0.52674266 0.52622598 0.51925896 0.52481188]
 [0.         0.42765397 0.55105478 0.5517032  0.55060209 0.57910273
  0.52674266 0.52622598 0.51925896 0.52481188]
 [0.         0.42765397 0.55105478 0.5517032  0.55060209 0.57910273
  0.52674266 0.52622598 0.51925896 0.52481188]
 [0.         0.42765397 0.55105478 0.5517032  0.55060209 0.57910273
  0.52674266 0.52622598 0.51925896 0.52481188]
 [0.         0.42765397 0.55105478 0.5517032  0.55060209 0.57910273
  0.52674266 0.52622598 0.51925896 0.52481188]
 [0.         0.42765397 0.55105478 0.5517032  0.55060209 0.57910273
  0.52674266 0.52622598 0.51925896 0.52481188]
 [0.         0.42765397 0.55105478 0.5517032  0.55060209 0.57910273
  0.52674266 0.52622598 0.51925896 0.52481188]
 [0.         0.42765397 0.55105478 0.5517032  0.55060209 0.57910273
  0.52674266 0.52622598 0.51925896 0.52481188]
 [0.786      0.786      0.786      0.786      0.6932     0.786
  0.85       0.85       0.85       0.85      ]
 [0.786      0.786      0.786      0.786      0.6932     0.786
  0.85       0.85       0.85       0.85      ]
 [0.786      0.786      0.786      0.786      0.6932     0.786
  0.85       0.85       0.85       0.85      ]
 [0.786      0.786      0.786      0.786      0.6932     0.786
  0.85       0.85       0.85       0.85      ]
 [0.786      0.786      0.786      0.786      0.6932     0.786
  0.85       0.85       0.85       0.85      ]]","[[0. 0. 0. 0. 1. 0. 1. 1. 1. 1.]
 [0. 0. 0. 0. 1. 0. 1. 1. 1. 1.]
 [0. 0. 0. 0. 1. 0. 1. 1. 1. 1.]
 [0. 0. 0. 0. 1. 0. 1. 1. 1. 1.]
 [0. 0. 0. 0. 1. 0. 1. 1. 1. 1.]
 [0. 0. 0. 0. 1. 0. 1. 1. 1. 1.]
 [0. 0. 0. 0. 1. 0. 1. 1. 1. 1.]
 [0. 0. 0. 0. 1. 0. 1. 1. 1. 1.]
 [0. 0. 0. 0. 1. 0. 1. 1. 1. 1.]
 [0. 0. 0. 0. 1. 0. 1. 1. 1. 1.]
 [0. 0. 0. 0. 1. 0. 1. 1. 1. 1.]
 [0. 0. 0. 0. 1. 0. 1. 1. 1. 1.]
 [0. 0. 0. 0. 1. 0. 1. 1. 1. 1.]
 [0. 0. 0. 0. 1. 0. 1. 1. 1. 1.]
 [0. 0. 0. 0. 1. 0. 1. 1. 1. 1.]
 [0. 0. 0. 0. 1. 0. 1. 1. 1. 1.]
 [0. 0. 0. 0. 1. 0. 1. 1. 1. 1.]
 [0. 0. 0. 0. 1. 0. 1. 1. 1. 1.]
 [0. 0. 0. 0. 1. 0. 1. 1. 1. 1.]
 [0. 0. 0. 0. 1. 0. 1. 1. 1. 1.]
 [0. 0. 0. 0. 1. 0. 1. 1. 1. 1.]
 [0. 0. 0. 0. 1. 0. 1. 1. 1. 1.]
 [0. 0. 0. 0. 1. 0. 1. 1. 1. 1.]
 [0. 0. 0. 0. 1. 0. 1. 1. 1. 1.]
 [0. 0. 0. 0. 1. 0. 1. 1. 1. 1.]
 [0. 0. 0. 0. 1. 0. 1. 1. 1. 1.]
 [0. 0. 0. 0. 1. 0. 1. 1. 1. 1.]
 [0. 0. 0. 0. 1. 0. 1. 1. 1. 1.]
 [0. 0. 0. 0. 1. 0. 1. 1. 1. 1.]
 [0. 0. 0. 0. 1. 0. 1. 1. 1. 1.]
 [0. 0. 0. 0. 1. 0. 1. 1. 1. 1.]
 [0. 0. 0. 0. 1. 0. 1. 1. 1. 1.]
 [0. 0. 0. 0. 0. 0. 1. 1. 1. 1.]
 [0. 0. 0. 0. 0. 0. 1. 1. 1. 1.]
 [0. 0. 0. 0. 0. 0. 1. 1. 1. 1.]
 [0. 0. 0. 0. 0. 0. 1. 1. 1. 1.]
 [0. 0. 0. 0. 0. 0. 1. 1. 1. 1.]
 [0. 0. 0. 0. 0. 0. 1. 1. 1. 1.]
 [0. 0. 0. 0. 0. 0. 1. 1. 1. 1.]
 [0. 0. 0. 0. 0. 0. 1. 1. 1. 1.]
 [0. 0. 0. 0. 1. 0. 1. 1. 1. 1.]
 [0. 0. 0. 0. 1. 0. 1. 1. 1. 1.]
 [0. 0. 0. 0. 1. 0. 1. 1. 1. 1.]
 [0. 0. 0. 0. 1. 0. 1. 1. 1. 1.]
 [0. 0. 0. 0. 1. 0. 1. 1. 1. 1.]
 [0. 0. 0. 0. 1. 0. 1. 1. 1. 1.]
 [0. 0. 0. 0. 1. 0. 1. 1. 1. 1.]
 [0. 0. 0. 0. 1. 0. 1. 1. 1. 1.]
 [1. 1. 1. 1. 1. 1. 1. 1. 1. 1.]
 [1. 1. 1. 1. 1. 1. 1. 1. 1. 1.]
 [1. 1. 1. 1. 1. 1. 1. 1. 1. 1.]
 [1. 1. 1. 1. 1. 1. 1. 1. 1. 1.]
 [1. 1. 1. 1. 1. 1. 1. 1. 1. 1.]]","[[0.83629452 0.         0.        ]
 [0.83629452 0.         0.        ]
 [0.83629452 0.         0.        ]
 [0.83629452 0.         0.        ]
 [1.         0.         0.        ]
 [0.83629452 0.         0.        ]
 [0.04       0.         0.        ]
 [0.04       0.         0.        ]
 [0.04       0.         0.        ]
 [0.04       0.         0.        ]]",[[80 85 90]],0.773,4.807253837585449
53,10,"[[0.18863255 0.33420146 0.33763765 0.33780195 0.348461   0.17846938
  0.19870741 0.19928224 0.20041142 0.1998503 ]]","[[0.736      0.736      0.736      0.736      0.6432     0.736
  0.8        0.8        0.8        0.8       ]
 [0.736      0.736      0.736      0.736      0.6432     0.736
  0.8        0.8        0.8        0.8       ]
 [0.736      0.736      0.736      0.736      0.6432     0.736
  0.8        0.8        0.8        0.8       ]
 [0.736      0.736      0.736      0.736      0.6432     0.736
  0.8        0.8        0.8        0.8       ]
 [0.736      0.736      0.736      0.736      0.6432     0.736
  0.8        0.8        0.8        0.8       ]
 [0.736      0.736      0.736      0.736      0.6432     0.736
  0.8        0.8        0.8        0.8       ]
 [0.736      0.736      0.736      0.736      0.6432     0.736
  0.8        0.8        0.8        0.8       ]
 [0.736      0.736      0.736      0.736      0.6432     0.736
  0.8        0.8        0.8        0.8       ]
 [0.45733033 0.64776056 0.57546459 0.56825502 0.6432     0.736
  0.8        0.8        0.8        0.8       ]
 [0.45733033 0.64776056 0.57546459 0.56825502 0.6432     0.736
  0.8        0.8        0.8        0.8       ]
 [0.45733033 0.64776056 0.57546459 0.56825502 0.6432     0.736
  0.8        0.8        0.8        0.8       ]
 [0.45733033 0.64776056 0.57546459 0.56825502 0.6432     0.736
  0.8        0.8        0.8        0.8       ]
 [0.45733033 0.64776056 0.57546459 0.56825502 0.6432     0.736
  0.8        0.8        0.8        0.8       ]
 [0.45733033 0.64776056 0.57546459 0.56825502 0.6432     0.736
  0.8        0.8        0.8        0.8       ]
 [0.45733033 0.64776056 0.57546459 0.56825502 0.6432     0.736
  0.8        0.8        0.8        0.8       ]
 [0.45733033 0.64776056 0.57546459 0.56825502 0.6432     0.736
  0.8        0.8        0.8        0.8       ]
 [0.29575988 0.72442984 0.736      0.736      0.6432     0.736
  0.8        0.8        0.8        0.8       ]
 [0.29575988 0.72442984 0.736      0.736      0.6432     0.736
  0.8        0.8        0.8        0.8       ]
 [0.29575988 0.72442984 0.736      0.736      0.6432     0.736
  0.8        0.8        0.8        0.8       ]
 [0.29575988 0.72442984 0.736      0.736      0.6432     0.736
  0.8        0.8        0.8        0.8       ]
 [0.29575988 0.72442984 0.736      0.736      0.6432     0.736
  0.8        0.8        0.8        0.8       ]
 [0.29575988 0.72442984 0.736      0.736      0.6432     0.736
  0.8        0.8        0.8        0.8       ]
 [0.29575988 0.72442984 0.736      0.736      0.6432     0.736
  0.8        0.8        0.8        0.8       ]
 [0.29575988 0.72442984 0.736      0.736      0.6432     0.736
  0.8        0.8        0.8        0.8       ]
 [0.43133133 0.736      0.736      0.736      0.54344079 0.66233497
  0.8        0.8        0.8        0.8       ]
 [0.43133133 0.736      0.736      0.736      0.54344079 0.66233497
  0.8        0.8        0.8        0.8       ]
 [0.43133133 0.736      0.736      0.736      0.54344079 0.66233497
  0.8        0.8        0.8        0.8       ]
 [0.43133133 0.736      0.736      0.736      0.54344079 0.66233497
  0.8        0.8        0.8        0.8       ]
 [0.43133133 0.736      0.736      0.736      0.54344079 0.66233497
  0.8        0.8        0.8        0.8       ]
 [0.43133133 0.736      0.736      0.736      0.54344079 0.66233497
  0.8        0.8        0.8        0.8       ]
 [0.43133133 0.736      0.736      0.736      0.54344079 0.66233497
  0.8        0.8        0.8        0.8       ]
 [0.43133133 0.736      0.736      0.736      0.54344079 0.66233497
  0.8        0.8        0.8        0.8       ]
 [0.736      0.48491668 0.31651189 0.30495452 0.50873824 0.54340748
  0.53146898 0.53211276 0.53393505 0.53279083]
 [0.736      0.48491668 0.31651189 0.30495452 0.50873824 0.54340748
  0.53146898 0.53211276 0.53393505 0.53279083]
 [0.736      0.48491668 0.31651189 0.30495452 0.50873824 0.54340748
  0.53146898 0.53211276 0.53393505 0.53279083]
 [0.736      0.48491668 0.31651189 0.30495452 0.50873824 0.54340748
  0.53146898 0.53211276 0.53393505 0.53279083]
 [0.736      0.48491668 0.31651189 0.30495452 0.50873824 0.54340748
  0.53146898 0.53211276 0.53393505 0.53279083]
 [0.736      0.48491668 0.31651189 0.30495452 0.50873824 0.54340748
  0.53146898 0.53211276 0.53393505 0.53279083]
 [0.736      0.48491668 0.31651189 0.30495452 0.50873824 0.54340748
  0.53146898 0.53211276 0.53393505 0.53279083]
 [0.736      0.48491668 0.31651189 0.30495452 0.50873824 0.54340748
  0.53146898 0.53211276 0.53393505 0.53279083]
 [0.01908719 0.36900171 0.41396694 0.41468608 0.41133004 0.55301674
  0.60327446 0.60270226 0.60095072 0.60203538]
 [0.01908719 0.36900171 0.41396694 0.41468608 0.41133004 0.55301674
  0.60327446 0.60270226 0.60095072 0.60203538]
 [0.01908719 0.36900171 0.41396694 0.41468608 0.41133004 0.55301674
  0.60327446 0.60270226 0.60095072 0.60203538]
 [0.01908719 0.36900171 0.41396694 0.41468608 0.41133004 0.55301674
  0.60327446 0.60270226 0.60095072 0.60203538]
 [0.01908719 0.36900171 0.41396694 0.41468608 0.41133004 0.55301674
  0.60327446 0.60270226 0.60095072 0.60203538]
 [0.01908719 0.36900171 0.41396694 0.41468608 0.41133004 0.55301674
  0.60327446 0.60270226 0.60095072 0.60203538]
 [0.01908719 0.36900171 0.41396694 0.41468608 0.41133004 0.55301674
  0.60327446 0.60270226 0.60095072 0.60203538]
 [0.01908719 0.36900171 0.41396694 0.41468608 0.41133004 0.55301674
  0.60327446 0.60270226 0.60095072 0.60203538]
 [0.786      0.786      0.786      0.786      0.6932     0.786
  0.85       0.85       0.85       0.85      ]
 [0.786      0.786      0.786      0.786      0.6932     0.786
  0.85       0.85       0.85       0.85      ]
 [0.786      0.786      0.786      0.786      0.6932     0.786
  0.85       0.85       0.85       0.85      ]
 [0.786      0.786      0.786      0.786      0.6932     0.786
  0.85       0.85       0.85       0.85      ]
 [0.786      0.786      0.786      0.786      0.6932     0.786
  0.85       0.85       0.85       0.85      ]]","[[0. 0. 0. 0. 1. 0. 1. 1. 1. 1.]
 [0. 0. 0. 0. 1. 0. 1. 1. 1. 1.]
 [0. 0. 0. 0. 1. 0. 1. 1. 1. 1.]
 [0. 0. 0. 0. 1. 0. 1. 1. 1. 1.]
 [0. 0. 0. 0. 1. 0. 1. 1. 1. 1.]
 [0. 0. 0. 0. 1. 0. 1. 1. 1. 1.]
 [0. 0. 0. 0. 1. 0. 1. 1. 1. 1.]
 [0. 0. 0. 0. 1. 0. 1. 1. 1. 1.]
 [0. 0. 0. 0. 1. 0. 1. 1. 1. 1.]
 [0. 0. 0. 0. 1. 0. 1. 1. 1. 1.]
 [0. 0. 0. 0. 1. 0. 1. 1. 1. 1.]
 [0. 0. 0. 0. 1. 0. 1. 1. 1. 1.]
 [0. 0. 0. 0. 1. 0. 1. 1. 1. 1.]
 [0. 0. 0. 0. 1. 0. 1. 1. 1. 1.]
 [0. 0. 0. 0. 1. 0. 1. 1. 1. 1.]
 [0. 0. 0. 0. 1. 0. 1. 1. 1. 1.]
 [0. 0. 0. 0. 1. 0. 1. 1. 1. 1.]
 [0. 0. 0. 0. 1. 0. 1. 1. 1. 1.]
 [0. 0. 0. 0. 1. 0. 1. 1. 1. 1.]
 [0. 0. 0. 0. 1. 0. 1. 1. 1. 1.]
 [0. 0. 0. 0. 1. 0. 1. 1. 1. 1.]
 [0. 0. 0. 0. 1. 0. 1. 1. 1. 1.]
 [0. 0. 0. 0. 1. 0. 1. 1. 1. 1.]
 [0. 0. 0. 0. 1. 0. 1. 1. 1. 1.]
 [0. 0. 0. 0. 1. 0. 1. 1. 1. 1.]
 [0. 0. 0. 0. 1. 0. 1. 1. 1. 1.]
 [0. 0. 0. 0. 1. 0. 1. 1. 1. 1.]
 [0. 0. 0. 0. 1. 0. 1. 1. 1. 1.]
 [0. 0. 0. 0. 1. 0. 1. 1. 1. 1.]
 [0. 0. 0. 0. 1. 0. 1. 1. 1. 1.]
 [0. 0. 0. 0. 1. 0. 1. 1. 1. 1.]
 [0. 0. 0. 0. 1. 0. 1. 1. 1. 1.]
 [0. 0. 0. 0. 1. 0. 1. 1. 1. 1.]
 [0. 0. 0. 0. 1. 0. 1. 1. 1. 1.]
 [0. 0. 0. 0. 1. 0. 1. 1. 1. 1.]
 [0. 0. 0. 0. 1. 0. 1. 1. 1. 1.]
 [0. 0. 0. 0. 1. 0. 1. 1. 1. 1.]
 [0. 0. 0. 0. 1. 0. 1. 1. 1. 1.]
 [0. 0. 0. 0. 1. 0. 1. 1. 1. 1.]
 [0. 0. 0. 0. 1. 0. 1. 1. 1. 1.]
 [0. 0. 0. 0. 1. 0. 1. 1. 1. 1.]
 [0. 0. 0. 0. 1. 0. 1. 1. 1. 1.]
 [0. 0. 0. 0. 1. 0. 1. 1. 1. 1.]
 [0. 0. 0. 0. 1. 0. 1. 1. 1. 1.]
 [0. 0. 0. 0. 1. 0. 1. 1. 1. 1.]
 [0. 0. 0. 0. 1. 0. 1. 1. 1. 1.]
 [0. 0. 0. 0. 1. 0. 1. 1. 1. 1.]
 [0. 0. 0. 0. 1. 0. 1. 1. 1. 1.]
 [1. 1. 1. 1. 1. 1. 1. 1. 1. 1.]
 [1. 1. 1. 1. 1. 1. 1. 1. 1. 1.]
 [1. 1. 1. 1. 1. 1. 1. 1. 1. 1.]
 [1. 1. 1. 1. 1. 1. 1. 1. 1. 1.]
 [1. 1. 1. 1. 1. 1. 1. 1. 1. 1.]]","[[0.         0.83629452 0.        ]
 [0.83629452 0.         0.        ]
 [0.83629452 0.         0.        ]
 [0.83629452 0.         0.        ]
 [1.         0.         0.        ]
 [0.83629452 0.         0.        ]
 [0.04       0.         0.        ]
 [0.04       0.         0.        ]
 [0.04       0.         0.        ]
 [0.04       0.         0.        ]]",[[80 85 90]],0.7707,4.746520519256592
48,12,"[[0.36196502 0.36358355 0.3635805  0.36196502 0.36196502 0.36196502
  0.36196502 0.36196502 0.21501005 0.21501005 0.21501005 0.21501005]]","[[0.56465492 0.53867331 0.53889774 0.49918799 0.6432     0.34551225
  0.38873264 0.3595572  0.8        0.8        0.8        0.8       ]
 [0.56465492 0.53867331 0.53889774 0.49918799 0.6432     0.34551225
  0.38873264 0.3595572  0.8        0.8        0.8        0.8       ]
 [0.56465492 0.53867331 0.53889774 0.49918799 0.6432     0.34551225
  0.38873264 0.3595572  0.8        0.8        0.8        0.8       ]
 [0.56465492 0.53867331 0.53889774 0.49918799 0.6432     0.34551225
  0.38873264 0.3595572  0.8        0.8        0.8        0.8       ]
 [0.56465492 0.53867331 0.53889774 0.49918799 0.6432     0.34551225
  0.38873264 0.3595572  0.8        0.8        0.8        0.8       ]
 [0.56465492 0.53867331 0.53889774 0.49918799 0.6432     0.34551225
  0.38873264 0.3595572  0.8        0.8        0.8        0.8       ]
 [0.56465492 0.53867331 0.53889774 0.49918799 0.6432     0.34551225
  0.38873264 0.3595572  0.8        0.8        0.8        0.8       ]
 [0.56465492 0.53867331 0.53889774 0.49918799 0.6432     0.34551225
  0.38873264 0.3595572  0.8        0.8        0.8        0.8       ]
 [0.6432     0.6432     0.6432     0.6432     0.6432     0.6432
  0.6432     0.6432     0.8        0.8        0.8        0.8       ]
 [0.6432     0.6432     0.6432     0.6432     0.6432     0.6432
  0.6432     0.6432     0.8        0.8        0.8        0.8       ]
 [0.6432     0.6432     0.6432     0.6432     0.6432     0.6432
  0.6432     0.6432     0.8        0.8        0.8        0.8       ]
 [0.6432     0.6432     0.6432     0.6432     0.6432     0.6432
  0.6432     0.6432     0.8        0.8        0.8        0.8       ]
 [0.6432     0.6432     0.6432     0.6432     0.6432     0.6432
  0.6432     0.6432     0.8        0.8        0.8        0.8       ]
 [0.6432     0.6432     0.6432     0.6432     0.6432     0.6432
  0.6432     0.6432     0.8        0.8        0.8        0.8       ]
 [0.6432     0.6432     0.6432     0.6432     0.6432     0.6432
  0.6432     0.6432     0.8        0.8        0.8        0.8       ]
 [0.6432     0.6432     0.6432     0.6432     0.6432     0.6432
  0.6432     0.6432     0.8        0.8        0.8        0.8       ]
 [0.54660167 0.6432     0.6432     0.49307942 0.61289321 0.30488416
  0.34430888 0.31775566 0.8        0.8        0.8        0.8       ]
 [0.54660167 0.6432     0.6432     0.49307942 0.61289321 0.30488416
  0.34430888 0.31775566 0.8        0.8        0.8        0.8       ]
 [0.54660167 0.6432     0.6432     0.49307942 0.61289321 0.30488416
  0.34430888 0.31775566 0.8        0.8        0.8        0.8       ]
 [0.54660167 0.6432     0.6432     0.49307942 0.61289321 0.30488416
  0.34430888 0.31775566 0.8        0.8        0.8        0.8       ]
 [0.54660167 0.6432     0.6432     0.49307942 0.61289321 0.30488416
  0.34430888 0.31775566 0.8        0.8        0.8        0.8       ]
 [0.54660167 0.6432     0.6432     0.49307942 0.61289321 0.30488416
  0.34430888 0.31775566 0.8        0.8        0.8        0.8       ]
 [0.54660167 0.6432     0.6432     0.49307942 0.61289321 0.30488416
  0.34430888 0.31775566 0.8        0.8        0.8        0.8       ]
 [0.54660167 0.6432     0.6432     0.49307942 0.61289321 0.30488416
  0.34430888 0.31775566 0.8        0.8        0.8        0.8       ]
 [0.10563373 0.1684352  0.16870227 0.03776589 0.19851612 0.
  0.         0.         0.46576663 0.49209991 0.49183574 0.4655021 ]
 [0.10563373 0.1684352  0.16870227 0.03776589 0.19851612 0.
  0.         0.         0.46576663 0.49209991 0.49183574 0.4655021 ]
 [0.10563373 0.1684352  0.16870227 0.03776589 0.19851612 0.
  0.         0.         0.46576663 0.49209991 0.49183574 0.4655021 ]
 [0.10563373 0.1684352  0.16870227 0.03776589 0.19851612 0.
  0.         0.         0.46576663 0.49209991 0.49183574 0.4655021 ]
 [0.10563373 0.1684352  0.16870227 0.03776589 0.19851612 0.
  0.         0.         0.46576663 0.49209991 0.49183574 0.4655021 ]
 [0.10563373 0.1684352  0.16870227 0.03776589 0.19851612 0.
  0.         0.         0.46576663 0.49209991 0.49183574 0.4655021 ]
 [0.10563373 0.1684352  0.16870227 0.03776589 0.19851612 0.
  0.         0.         0.46576663 0.49209991 0.49183574 0.4655021 ]
 [0.10563373 0.1684352  0.16870227 0.03776589 0.19851612 0.
  0.         0.         0.46576663 0.49209991 0.49183574 0.4655021 ]
 [0.4746345  0.34741128 0.34747723 0.44977144 0.49627119 0.42212833
  0.44675225 0.43035334 0.65832184 0.65603344 0.65605511 0.65832858]
 [0.4746345  0.34741128 0.34747723 0.44977144 0.49627119 0.42212833
  0.44675225 0.43035334 0.65832184 0.65603344 0.65605511 0.65832858]
 [0.4746345  0.34741128 0.34747723 0.44977144 0.49627119 0.42212833
  0.44675225 0.43035334 0.65832184 0.65603344 0.65605511 0.65832858]
 [0.4746345  0.34741128 0.34747723 0.44977144 0.49627119 0.42212833
  0.44675225 0.43035334 0.65832184 0.65603344 0.65605511 0.65832858]
 [0.4746345  0.34741128 0.34747723 0.44977144 0.49627119 0.42212833
  0.44675225 0.43035334 0.65832184 0.65603344 0.65605511 0.65832858]
 [0.4746345  0.34741128 0.34747723 0.44977144 0.49627119 0.42212833
  0.44675225 0.43035334 0.65832184 0.65603344 0.65605511 0.65832858]
 [0.4746345  0.34741128 0.34747723 0.44977144 0.49627119 0.42212833
  0.44675225 0.43035334 0.65832184 0.65603344 0.65605511 0.65832858]
 [0.4746345  0.34741128 0.34747723 0.44977144 0.49627119 0.42212833
  0.44675225 0.43035334 0.65832184 0.65603344 0.65605511 0.65832858]
 [0.39039675 0.53072819 0.53068322 0.38734891 0.38281815 0.27233605
  0.28989519 0.27829248 0.51298905 0.50406783 0.50417056 0.51308351]
 [0.39039675 0.53072819 0.53068322 0.38734891 0.38281815 0.27233605
  0.28989519 0.27829248 0.51298905 0.50406783 0.50417056 0.51308351]
 [0.39039675 0.53072819 0.53068322 0.38734891 0.38281815 0.27233605
  0.28989519 0.27829248 0.51298905 0.50406783 0.50417056 0.51308351]
 [0.39039675 0.53072819 0.53068322 0.38734891 0.38281815 0.27233605
  0.28989519 0.27829248 0.51298905 0.50406783 0.50417056 0.51308351]
 [0.39039675 0.53072819 0.53068322 0.38734891 0.38281815 0.27233605
  0.28989519 0.27829248 0.51298905 0.50406783 0.50417056 0.51308351]
 [0.39039675 0.53072819 0.53068322 0.38734891 0.38281815 0.27233605
  0.28989519 0.27829248 0.51298905 0.50406783 0.50417056 0.51308351]
 [0.39039675 0.53072819 0.53068322 0.38734891 0.38281815 0.27233605
  0.28989519 0.27829248 0.51298905 0.50406783 0.50417056 0.51308351]
 [0.39039675 0.53072819 0.53068322 0.38734891 0.38281815 0.27233605
  0.28989519 0.27829248 0.51298905 0.50406783 0.50417056 0.51308351]]","[[1. 1. 1. 1. 1. 0. 0. 0. 1. 1. 1. 1.]
 [1. 1. 1. 1. 1. 0. 0. 0. 1. 1. 1. 1.]
 [1. 1. 1. 1. 1. 0. 0. 0. 1. 1. 1. 1.]
 [1. 1. 1. 1. 1. 0. 0. 0. 1. 1. 1. 1.]
 [1. 1. 1. 1. 1. 0. 0. 0. 1. 1. 1. 1.]
 [1. 1. 1. 1. 1. 0. 0. 0. 1. 1. 1. 1.]
 [1. 1. 1. 1. 1. 0. 0. 0. 1. 1. 1. 1.]
 [1. 1. 1. 1. 1. 0. 0. 0. 1. 1. 1. 1.]
 [1. 1. 1. 1. 0. 1. 1. 1. 0. 1. 1. 0.]
 [1. 1. 1. 1. 0. 1. 1. 1. 0. 1. 1. 0.]
 [1. 1. 1. 1. 0. 1. 1. 1. 0. 1. 1. 0.]
 [1. 1. 1. 1. 0. 1. 1. 1. 0. 1. 1. 0.]
 [1. 1. 1. 1. 0. 1. 1. 1. 0. 1. 1. 0.]
 [1. 1. 1. 1. 0. 1. 1. 1. 0. 1. 1. 0.]
 [1. 1. 1. 1. 0. 1. 1. 1. 0. 1. 1. 0.]
 [1. 1. 1. 1. 0. 1. 1. 1. 0. 1. 1. 0.]
 [1. 1. 1. 1. 1. 0. 0. 0. 1. 1. 1. 1.]
 [1. 1. 1. 1. 1. 0. 0. 0. 1. 1. 1. 1.]
 [1. 1. 1. 1. 1. 0. 0. 0. 1. 1. 1. 1.]
 [1. 1. 1. 1. 1. 0. 0. 0. 1. 1. 1. 1.]
 [1. 1. 1. 1. 1. 0. 0. 0. 1. 1. 1. 1.]
 [1. 1. 1. 1. 1. 0. 0. 0. 1. 1. 1. 1.]
 [1. 1. 1. 1. 1. 0. 0. 0. 1. 1. 1. 1.]
 [1. 1. 1. 1. 1. 0. 0. 0. 1. 1. 1. 1.]
 [0. 0. 0. 0. 0. 0. 0. 0. 1. 1. 1. 1.]
 [0. 0. 0. 0. 0. 0. 0. 0. 1. 1. 1. 1.]
 [0. 0. 0. 0. 0. 0. 0. 0. 1. 1. 1. 1.]
 [0. 0. 0. 0. 0. 0. 0. 0. 1. 1. 1. 1.]
 [0. 0. 0. 0. 0. 0. 0. 0. 1. 1. 1. 1.]
 [0. 0. 0. 0. 0. 0. 0. 0. 1. 1. 1. 1.]
 [0. 0. 0. 0. 0. 0. 0. 0. 1. 1. 1. 1.]
 [0. 0. 0. 0. 0. 0. 0. 0. 1. 1. 1. 1.]
 [1. 0. 0. 1. 1. 1. 1. 1. 1. 1. 1. 1.]
 [1. 0. 0. 1. 1. 1. 1. 1. 1. 1. 1. 1.]
 [1. 0. 0. 1. 1. 1. 1. 1. 1. 1. 1. 1.]
 [1. 0. 0. 1. 1. 1. 1. 1. 1. 1. 1. 1.]
 [1. 0. 0. 1. 1. 1. 1. 1. 1. 1. 1. 1.]
 [1. 0. 0. 1. 1. 1. 1. 1. 1. 1. 1. 1.]
 [1. 0. 0. 1. 1. 1. 1. 1. 1. 1. 1. 1.]
 [1. 0. 0. 1. 1. 1. 1. 1. 1. 1. 1. 1.]
 [0. 1. 1. 0. 0. 0. 0. 0. 0. 0. 0. 0.]
 [0. 1. 1. 0. 0. 0. 0. 0. 0. 0. 0. 0.]
 [0. 1. 1. 0. 0. 0. 0. 0. 0. 0. 0. 0.]
 [0. 1. 1. 0. 0. 0. 0. 0. 0. 0. 0. 0.]
 [0. 1. 1. 0. 0. 0. 0. 0. 0. 0. 0. 0.]
 [0. 1. 1. 0. 0. 0. 0. 0. 0. 0. 0. 0.]
 [0. 1. 1. 0. 0. 0. 0. 0. 0. 0. 0. 0.]
 [0. 1. 1. 0. 0. 0. 0. 0. 0. 0. 0. 0.]]","[[0.   1.   0.  ]
 [0.   1.   0.  ]
 [0.   1.   0.  ]
 [0.   1.   0.  ]
 [0.   1.   0.  ]
 [0.   1.   0.  ]
 [0.   1.   0.  ]
 [0.   1.   0.  ]
 [0.   0.02 0.  ]
 [0.   0.02 0.  ]
 [0.   0.02 0.  ]
 [0.   0.02 0.  ]]",[[80 85 90]],0.6791,4.361565828323364
49,11,"[[0.35415872 0.3024662  0.18484418 0.3024662  0.30245863 0.30231118
  0.35480318 0.35490386 0.35462874 0.33852884 0.21501005]]","[[0.6432     0.         0.50755829 0.         0.6432     0.6432
  0.6432     0.6432     0.6432     0.6432     0.8       ]
 [0.6432     0.         0.50755829 0.         0.6432     0.6432
  0.6432     0.6432     0.6432     0.6432     0.8       ]
 [0.6432     0.         0.50755829 0.         0.6432     0.6432
  0.6432     0.6432     0.6432     0.6432     0.8       ]
 [0.6432     0.         0.50755829 0.         0.6432     0.6432
  0.6432     0.6432     0.6432     0.6432     0.8       ]
 [0.6432     0.         0.50755829 0.         0.6432     0.6432
  0.6432     0.6432     0.6432     0.6432     0.8       ]
 [0.6432     0.         0.50755829 0.         0.6432     0.6432
  0.6432     0.6432     0.6432     0.6432     0.8       ]
 [0.6432     0.         0.50755829 0.         0.6432     0.6432
  0.6432     0.6432     0.6432     0.6432     0.8       ]
 [0.6432     0.         0.50755829 0.         0.6432     0.6432
  0.6432     0.6432     0.6432     0.6432     0.8       ]
 [0.615353   0.24125744 0.5548511  0.24146699 0.6432     0.6432
  0.64074205 0.6432     0.62619618 0.6432     0.8       ]
 [0.615353   0.24125744 0.5548511  0.24146699 0.6432     0.6432
  0.64074205 0.6432     0.62619618 0.6432     0.8       ]
 [0.615353   0.24125744 0.5548511  0.24146699 0.6432     0.6432
  0.64074205 0.6432     0.62619618 0.6432     0.8       ]
 [0.615353   0.24125744 0.5548511  0.24146699 0.6432     0.6432
  0.64074205 0.6432     0.62619618 0.6432     0.8       ]
 [0.615353   0.24125744 0.5548511  0.24146699 0.6432     0.6432
  0.64074205 0.6432     0.62619618 0.6432     0.8       ]
 [0.615353   0.24125744 0.5548511  0.24146699 0.6432     0.6432
  0.64074205 0.6432     0.62619618 0.6432     0.8       ]
 [0.615353   0.24125744 0.5548511  0.24146699 0.6432     0.6432
  0.64074205 0.6432     0.62619618 0.6432     0.8       ]
 [0.615353   0.24125744 0.5548511  0.24146699 0.6432     0.6432
  0.64074205 0.6432     0.62619618 0.6432     0.8       ]
 [0.6432     0.16287171 0.18090095 0.16312011 0.6432     0.6432
  0.5936014  0.52593715 0.59168792 0.43065577 0.8       ]
 [0.6432     0.16287171 0.18090095 0.16312011 0.6432     0.6432
  0.5936014  0.52593715 0.59168792 0.43065577 0.8       ]
 [0.6432     0.16287171 0.18090095 0.16312011 0.6432     0.6432
  0.5936014  0.52593715 0.59168792 0.43065577 0.8       ]
 [0.6432     0.16287171 0.18090095 0.16312011 0.6432     0.6432
  0.5936014  0.52593715 0.59168792 0.43065577 0.8       ]
 [0.6432     0.16287171 0.18090095 0.16312011 0.6432     0.6432
  0.5936014  0.52593715 0.59168792 0.43065577 0.8       ]
 [0.6432     0.16287171 0.18090095 0.16312011 0.6432     0.6432
  0.5936014  0.52593715 0.59168792 0.43065577 0.8       ]
 [0.6432     0.16287171 0.18090095 0.16312011 0.6432     0.6432
  0.5936014  0.52593715 0.59168792 0.43065577 0.8       ]
 [0.6432     0.16287171 0.18090095 0.16312011 0.6432     0.6432
  0.5936014  0.52593715 0.59168792 0.43065577 0.8       ]
 [0.6432     0.         0.         0.         0.49184186 0.42171941
  0.56121992 0.48026771 0.57709207 0.12281722 0.50882113]
 [0.6432     0.         0.         0.         0.49184186 0.42171941
  0.56121992 0.48026771 0.57709207 0.12281722 0.50882113]
 [0.6432     0.         0.         0.         0.49184186 0.42171941
  0.56121992 0.48026771 0.57709207 0.12281722 0.50882113]
 [0.6432     0.         0.         0.         0.49184186 0.42171941
  0.56121992 0.48026771 0.57709207 0.12281722 0.50882113]
 [0.6432     0.         0.         0.         0.49184186 0.42171941
  0.56121992 0.48026771 0.57709207 0.12281722 0.50882113]
 [0.6432     0.         0.         0.         0.49184186 0.42171941
  0.56121992 0.48026771 0.57709207 0.12281722 0.50882113]
 [0.6432     0.         0.         0.         0.49184186 0.42171941
  0.56121992 0.48026771 0.57709207 0.12281722 0.50882113]
 [0.6432     0.         0.         0.         0.49184186 0.42171941
  0.56121992 0.48026771 0.57709207 0.12281722 0.50882113]
 [0.32054431 0.         0.736      0.         0.33902783 0.51769832
  0.47975835 0.5689615  0.4664348  0.6432     0.67220568]
 [0.32054431 0.         0.736      0.         0.33902783 0.51769832
  0.47975835 0.5689615  0.4664348  0.6432     0.67220568]
 [0.32054431 0.         0.736      0.         0.33902783 0.51769832
  0.47975835 0.5689615  0.4664348  0.6432     0.67220568]
 [0.32054431 0.         0.736      0.         0.33902783 0.51769832
  0.47975835 0.5689615  0.4664348  0.6432     0.67220568]
 [0.32054431 0.         0.736      0.         0.33902783 0.51769832
  0.47975835 0.5689615  0.4664348  0.6432     0.67220568]
 [0.32054431 0.         0.736      0.         0.33902783 0.51769832
  0.47975835 0.5689615  0.4664348  0.6432     0.67220568]
 [0.32054431 0.         0.736      0.         0.33902783 0.51769832
  0.47975835 0.5689615  0.4664348  0.6432     0.67220568]
 [0.32054431 0.         0.736      0.         0.33902783 0.51769832
  0.47975835 0.5689615  0.4664348  0.6432     0.67220568]
 [0.23006809 0.54945535 0.         0.5496904  0.40274598 0.26899085
  0.1289591  0.08240038 0.12269092 0.1737468  0.47801859]
 [0.23006809 0.54945535 0.         0.5496904  0.40274598 0.26899085
  0.1289591  0.08240038 0.12269092 0.1737468  0.47801859]
 [0.23006809 0.54945535 0.         0.5496904  0.40274598 0.26899085
  0.1289591  0.08240038 0.12269092 0.1737468  0.47801859]
 [0.23006809 0.54945535 0.         0.5496904  0.40274598 0.26899085
  0.1289591  0.08240038 0.12269092 0.1737468  0.47801859]
 [0.23006809 0.54945535 0.         0.5496904  0.40274598 0.26899085
  0.1289591  0.08240038 0.12269092 0.1737468  0.47801859]
 [0.23006809 0.54945535 0.         0.5496904  0.40274598 0.26899085
  0.1289591  0.08240038 0.12269092 0.1737468  0.47801859]
 [0.23006809 0.54945535 0.         0.5496904  0.40274598 0.26899085
  0.1289591  0.08240038 0.12269092 0.1737468  0.47801859]
 [0.23006809 0.54945535 0.         0.5496904  0.40274598 0.26899085
  0.1289591  0.08240038 0.12269092 0.1737468  0.47801859]
 [0.6932     0.63559777 0.786      0.63564304 0.6932     0.6932
  0.6932     0.6932     0.6932     0.6932     0.85      ]]","[[1. 0. 0. 0. 1. 1. 1. 0. 1. 1. 1.]
 [1. 0. 0. 0. 1. 1. 1. 0. 1. 1. 1.]
 [1. 0. 0. 0. 1. 1. 1. 0. 1. 1. 1.]
 [1. 0. 0. 0. 1. 1. 1. 0. 1. 1. 1.]
 [1. 0. 0. 0. 1. 1. 1. 0. 1. 1. 1.]
 [1. 0. 0. 0. 1. 1. 1. 0. 1. 1. 1.]
 [1. 0. 0. 0. 1. 1. 1. 0. 1. 1. 1.]
 [1. 0. 0. 0. 1. 1. 1. 0. 1. 1. 1.]
 [1. 0. 0. 0. 1. 1. 1. 1. 1. 1. 1.]
 [1. 0. 0. 0. 1. 1. 1. 1. 1. 1. 1.]
 [1. 0. 0. 0. 1. 1. 1. 1. 1. 1. 1.]
 [1. 0. 0. 0. 1. 1. 1. 1. 1. 1. 1.]
 [1. 0. 0. 0. 1. 1. 1. 1. 1. 1. 1.]
 [1. 0. 0. 0. 1. 1. 1. 1. 1. 1. 1.]
 [1. 0. 0. 0. 1. 1. 1. 1. 1. 1. 1.]
 [1. 0. 0. 0. 1. 1. 1. 1. 1. 1. 1.]
 [1. 0. 0. 0. 1. 1. 1. 1. 1. 1. 1.]
 [1. 0. 0. 0. 1. 1. 1. 1. 1. 1. 1.]
 [1. 0. 0. 0. 1. 1. 1. 1. 1. 1. 1.]
 [1. 0. 0. 0. 1. 1. 1. 1. 1. 1. 1.]
 [1. 0. 0. 0. 1. 1. 1. 1. 1. 1. 1.]
 [1. 0. 0. 0. 1. 1. 1. 1. 1. 1. 1.]
 [1. 0. 0. 0. 1. 1. 1. 1. 1. 1. 1.]
 [1. 0. 0. 0. 1. 1. 1. 1. 1. 1. 1.]
 [1. 0. 0. 0. 1. 1. 1. 1. 1. 0. 1.]
 [1. 0. 0. 0. 1. 1. 1. 1. 1. 0. 1.]
 [1. 0. 0. 0. 1. 1. 1. 1. 1. 0. 1.]
 [1. 0. 0. 0. 1. 1. 1. 1. 1. 0. 1.]
 [1. 0. 0. 0. 1. 1. 1. 1. 1. 0. 1.]
 [1. 0. 0. 0. 1. 1. 1. 1. 1. 0. 1.]
 [1. 0. 0. 0. 1. 1. 1. 1. 1. 0. 1.]
 [1. 0. 0. 0. 1. 1. 1. 1. 1. 0. 1.]
 [0. 0. 0. 0. 0. 1. 1. 1. 1. 1. 1.]
 [0. 0. 0. 0. 0. 1. 1. 1. 1. 1. 1.]
 [0. 0. 0. 0. 0. 1. 1. 1. 1. 1. 1.]
 [0. 0. 0. 0. 0. 1. 1. 1. 1. 1. 1.]
 [0. 0. 0. 0. 0. 1. 1. 1. 1. 1. 1.]
 [0. 0. 0. 0. 0. 1. 1. 1. 1. 1. 1.]
 [0. 0. 0. 0. 0. 1. 1. 1. 1. 1. 1.]
 [0. 0. 0. 0. 0. 1. 1. 1. 1. 1. 1.]
 [0. 1. 0. 1. 1. 0. 0. 0. 0. 0. 0.]
 [0. 1. 0. 1. 1. 0. 0. 0. 0. 0. 0.]
 [0. 1. 0. 1. 1. 0. 0. 0. 0. 0. 0.]
 [0. 1. 0. 1. 1. 0. 0. 0. 0. 0. 0.]
 [0. 1. 0. 1. 1. 0. 0. 0. 0. 0. 0.]
 [0. 1. 0. 1. 1. 0. 0. 0. 0. 0. 0.]
 [0. 1. 0. 1. 1. 0. 0. 0. 0. 0. 0.]
 [0. 1. 0. 1. 1. 0. 0. 0. 0. 0. 0.]
 [1. 1. 1. 1. 1. 1. 1. 1. 1. 1. 1.]]","[[0.         1.         0.        ]
 [1.         0.         0.        ]
 [0.83629452 0.         0.        ]
 [1.         0.         0.        ]
 [1.         0.         0.        ]
 [1.         0.         0.        ]
 [0.         1.         0.        ]
 [0.         1.         0.        ]
 [0.         1.         0.        ]
 [0.         1.         0.        ]
 [0.         0.02       0.        ]]",[[80 85 90]],0.6442,4.397363901138306
54,16,"[[0.30229637 0.3024662  0.35484315 0.30229879 0.30230613 0.30229875
  0.18484418 0.18484418 0.18484418 0.3589158  0.35065455 0.1916622
  0.23002794 0.21501005 0.21501005 0.21501005]]","[[0.6432     0.41105081 0.6432     0.6432     0.6432     0.6432
  0.39236252 0.50793866 0.49406907 0.6432     0.55263665 0.02243171
  0.65554316 0.8        0.8        0.8       ]
 [0.6432     0.41105081 0.6432     0.6432     0.6432     0.6432
  0.39236252 0.50793866 0.49406907 0.6432     0.55263665 0.02243171
  0.65554316 0.8        0.8        0.8       ]
 [0.6432     0.41105081 0.6432     0.6432     0.6432     0.6432
  0.39236252 0.50793866 0.49406907 0.6432     0.55263665 0.02243171
  0.65554316 0.8        0.8        0.8       ]
 [0.6432     0.41105081 0.6432     0.6432     0.6432     0.6432
  0.39236252 0.50793866 0.49406907 0.6432     0.55263665 0.02243171
  0.65554316 0.8        0.8        0.8       ]
 [0.6432     0.41105081 0.6432     0.6432     0.6432     0.6432
  0.39236252 0.50793866 0.49406907 0.6432     0.55263665 0.02243171
  0.65554316 0.8        0.8        0.8       ]
 [0.6432     0.41105081 0.6432     0.6432     0.6432     0.6432
  0.39236252 0.50793866 0.49406907 0.6432     0.55263665 0.02243171
  0.65554316 0.8        0.8        0.8       ]
 [0.6432     0.41105081 0.6432     0.6432     0.6432     0.6432
  0.39236252 0.50793866 0.49406907 0.6432     0.55263665 0.02243171
  0.65554316 0.8        0.8        0.8       ]
 [0.6432     0.41105081 0.6432     0.6432     0.6432     0.6432
  0.39236252 0.50793866 0.49406907 0.6432     0.55263665 0.02243171
  0.65554316 0.8        0.8        0.8       ]
 [0.6432     0.6432     0.6432     0.6432     0.6432     0.6432
  0.4922966  0.55679084 0.54634086 0.6432     0.6432     0.38512808
  0.8        0.8        0.8        0.8       ]
 [0.6432     0.6432     0.6432     0.6432     0.6432     0.6432
  0.4922966  0.55679084 0.54634086 0.6432     0.6432     0.38512808
  0.8        0.8        0.8        0.8       ]
 [0.6432     0.6432     0.6432     0.6432     0.6432     0.6432
  0.4922966  0.55679084 0.54634086 0.6432     0.6432     0.38512808
  0.8        0.8        0.8        0.8       ]
 [0.6432     0.6432     0.6432     0.6432     0.6432     0.6432
  0.4922966  0.55679084 0.54634086 0.6432     0.6432     0.38512808
  0.8        0.8        0.8        0.8       ]
 [0.6432     0.6432     0.6432     0.6432     0.6432     0.6432
  0.4922966  0.55679084 0.54634086 0.6432     0.6432     0.38512808
  0.8        0.8        0.8        0.8       ]
 [0.6432     0.6432     0.6432     0.6432     0.6432     0.6432
  0.4922966  0.55679084 0.54634086 0.6432     0.6432     0.38512808
  0.8        0.8        0.8        0.8       ]
 [0.6432     0.6432     0.6432     0.6432     0.6432     0.6432
  0.4922966  0.55679084 0.54634086 0.6432     0.6432     0.38512808
  0.8        0.8        0.8        0.8       ]
 [0.6432     0.6432     0.6432     0.6432     0.6432     0.6432
  0.4922966  0.55679084 0.54634086 0.6432     0.6432     0.38512808
  0.8        0.8        0.8        0.8       ]
 [0.6432     0.6432     0.6432     0.6432     0.56849308 0.6432
  0.10892437 0.18256708 0.1710944  0.58431176 0.55957775 0.29119838
  0.64945257 0.75976341 0.73155294 0.79118216]
 [0.6432     0.6432     0.6432     0.6432     0.56849308 0.6432
  0.10892437 0.18256708 0.1710944  0.58431176 0.55957775 0.29119838
  0.64945257 0.75976341 0.73155294 0.79118216]
 [0.6432     0.6432     0.6432     0.6432     0.56849308 0.6432
  0.10892437 0.18256708 0.1710944  0.58431176 0.55957775 0.29119838
  0.64945257 0.75976341 0.73155294 0.79118216]
 [0.6432     0.6432     0.6432     0.6432     0.56849308 0.6432
  0.10892437 0.18256708 0.1710944  0.58431176 0.55957775 0.29119838
  0.64945257 0.75976341 0.73155294 0.79118216]
 [0.6432     0.6432     0.6432     0.6432     0.56849308 0.6432
  0.10892437 0.18256708 0.1710944  0.58431176 0.55957775 0.29119838
  0.64945257 0.75976341 0.73155294 0.79118216]
 [0.6432     0.6432     0.6432     0.6432     0.56849308 0.6432
  0.10892437 0.18256708 0.1710944  0.58431176 0.55957775 0.29119838
  0.64945257 0.75976341 0.73155294 0.79118216]
 [0.6432     0.6432     0.6432     0.6432     0.56849308 0.6432
  0.10892437 0.18256708 0.1710944  0.58431176 0.55957775 0.29119838
  0.64945257 0.75976341 0.73155294 0.79118216]
 [0.6432     0.6432     0.6432     0.6432     0.56849308 0.6432
  0.10892437 0.18256708 0.1710944  0.58431176 0.55957775 0.29119838
  0.64945257 0.75976341 0.73155294 0.79118216]
 [0.38269533 0.11321689 0.47874346 0.50371958 0.5096826  0.46290397
  0.         0.         0.         0.35852625 0.10617846 0.
  0.1940771  0.37726295 0.33617792 0.6013002 ]
 [0.38269533 0.11321689 0.47874346 0.50371958 0.5096826  0.46290397
  0.         0.         0.         0.35852625 0.10617846 0.
  0.1940771  0.37726295 0.33617792 0.6013002 ]
 [0.38269533 0.11321689 0.47874346 0.50371958 0.5096826  0.46290397
  0.         0.         0.         0.35852625 0.10617846 0.
  0.1940771  0.37726295 0.33617792 0.6013002 ]
 [0.38269533 0.11321689 0.47874346 0.50371958 0.5096826  0.46290397
  0.         0.         0.         0.35852625 0.10617846 0.
  0.1940771  0.37726295 0.33617792 0.6013002 ]
 [0.38269533 0.11321689 0.47874346 0.50371958 0.5096826  0.46290397
  0.         0.         0.         0.35852625 0.10617846 0.
  0.1940771  0.37726295 0.33617792 0.6013002 ]
 [0.38269533 0.11321689 0.47874346 0.50371958 0.5096826  0.46290397
  0.         0.         0.         0.35852625 0.10617846 0.
  0.1940771  0.37726295 0.33617792 0.6013002 ]
 [0.38269533 0.11321689 0.47874346 0.50371958 0.5096826  0.46290397
  0.         0.         0.         0.35852625 0.10617846 0.
  0.1940771  0.37726295 0.33617792 0.6013002 ]
 [0.38269533 0.11321689 0.47874346 0.50371958 0.5096826  0.46290397
  0.         0.         0.         0.35852625 0.10617846 0.
  0.1940771  0.37726295 0.33617792 0.6013002 ]
 [0.46471212 0.20192756 0.46196891 0.34958254 0.53176134 0.35939312
  0.736      0.736      0.736      0.60741402 0.45036053 0.
  0.60643006 0.69230253 0.69157348 0.69602185]
 [0.46471212 0.20192756 0.46196891 0.34958254 0.53176134 0.35939312
  0.736      0.736      0.736      0.60741402 0.45036053 0.
  0.60643006 0.69230253 0.69157348 0.69602185]
 [0.46471212 0.20192756 0.46196891 0.34958254 0.53176134 0.35939312
  0.736      0.736      0.736      0.60741402 0.45036053 0.
  0.60643006 0.69230253 0.69157348 0.69602185]
 [0.46471212 0.20192756 0.46196891 0.34958254 0.53176134 0.35939312
  0.736      0.736      0.736      0.60741402 0.45036053 0.
  0.60643006 0.69230253 0.69157348 0.69602185]
 [0.46471212 0.20192756 0.46196891 0.34958254 0.53176134 0.35939312
  0.736      0.736      0.736      0.60741402 0.45036053 0.
  0.60643006 0.69230253 0.69157348 0.69602185]
 [0.46471212 0.20192756 0.46196891 0.34958254 0.53176134 0.35939312
  0.736      0.736      0.736      0.60741402 0.45036053 0.
  0.60643006 0.69230253 0.69157348 0.69602185]
 [0.46471212 0.20192756 0.46196891 0.34958254 0.53176134 0.35939312
  0.736      0.736      0.736      0.60741402 0.45036053 0.
  0.60643006 0.69230253 0.69157348 0.69602185]
 [0.46471212 0.20192756 0.46196891 0.34958254 0.53176134 0.35939312
  0.736      0.736      0.736      0.60741402 0.45036053 0.
  0.60643006 0.69230253 0.69157348 0.69602185]
 [0.35802894 0.6432     0.28484332 0.3828971  0.11854924 0.40762722
  0.         0.         0.         0.20627511 0.4147454  0.63272187
  0.54403829 0.4991943  0.50074276 0.37325226]
 [0.35802894 0.6432     0.28484332 0.3828971  0.11854924 0.40762722
  0.         0.         0.         0.20627511 0.4147454  0.63272187
  0.54403829 0.4991943  0.50074276 0.37325226]
 [0.35802894 0.6432     0.28484332 0.3828971  0.11854924 0.40762722
  0.         0.         0.         0.20627511 0.4147454  0.63272187
  0.54403829 0.4991943  0.50074276 0.37325226]
 [0.35802894 0.6432     0.28484332 0.3828971  0.11854924 0.40762722
  0.         0.         0.         0.20627511 0.4147454  0.63272187
  0.54403829 0.4991943  0.50074276 0.37325226]
 [0.35802894 0.6432     0.28484332 0.3828971  0.11854924 0.40762722
  0.         0.         0.         0.20627511 0.4147454  0.63272187
  0.54403829 0.4991943  0.50074276 0.37325226]
 [0.35802894 0.6432     0.28484332 0.3828971  0.11854924 0.40762722
  0.         0.         0.         0.20627511 0.4147454  0.63272187
  0.54403829 0.4991943  0.50074276 0.37325226]
 [0.35802894 0.6432     0.28484332 0.3828971  0.11854924 0.40762722
  0.         0.         0.         0.20627511 0.4147454  0.63272187
  0.54403829 0.4991943  0.50074276 0.37325226]
 [0.35802894 0.6432     0.28484332 0.3828971  0.11854924 0.40762722
  0.         0.         0.         0.20627511 0.4147454  0.63272187
  0.54403829 0.4991943  0.50074276 0.37325226]
 [0.6432     0.6432     0.6432     0.6432     0.6432     0.6432
  0.736      0.736      0.736      0.6432     0.6432     0.672
  0.8        0.8        0.8        0.8       ]
 [0.6932     0.6932     0.6932     0.6932     0.6932     0.6932
  0.786      0.786      0.786      0.6932     0.6932     0.69180751
  0.85       0.85       0.85       0.85      ]
 [0.6932     0.6932     0.6932     0.6932     0.6932     0.6932
  0.786      0.786      0.786      0.6932     0.6932     0.69180751
  0.85       0.85       0.85       0.85      ]
 [0.6932     0.6932     0.6932     0.6932     0.6932     0.6932
  0.786      0.786      0.786      0.6932     0.6932     0.69180751
  0.85       0.85       0.85       0.85      ]
 [0.6932     0.6932     0.6932     0.6932     0.6932     0.6932
  0.786      0.786      0.786      0.6932     0.6932     0.69180751
  0.85       0.85       0.85       0.85      ]
 [0.6932     0.6932     0.6932     0.6932     0.6932     0.6932
  0.786      0.786      0.786      0.6932     0.6932     0.69180751
  0.85       0.85       0.85       0.85      ]]","[[1. 1. 1. 1. 0. 1. 0. 0. 0. 1. 1. 0. 0. 1. 1. 1.]
 [1. 1. 1. 1. 0. 1. 0. 0. 0. 1. 1. 0. 0. 1. 1. 1.]
 [1. 1. 1. 1. 0. 1. 0. 0. 0. 1. 1. 0. 0. 1. 1. 1.]
 [1. 1. 1. 1. 0. 1. 0. 0. 0. 1. 1. 0. 0. 1. 1. 1.]
 [1. 1. 1. 1. 0. 1. 0. 0. 0. 1. 1. 0. 0. 1. 1. 1.]
 [1. 1. 1. 1. 0. 1. 0. 0. 0. 1. 1. 0. 0. 1. 1. 1.]
 [1. 1. 1. 1. 0. 1. 0. 0. 0. 1. 1. 0. 0. 1. 1. 1.]
 [1. 1. 1. 1. 0. 1. 0. 0. 0. 1. 1. 0. 0. 1. 1. 1.]
 [1. 1. 1. 1. 1. 1. 0. 0. 0. 1. 1. 0. 0. 0. 0. 1.]
 [1. 1. 1. 1. 1. 1. 0. 0. 0. 1. 1. 0. 0. 0. 0. 1.]
 [1. 1. 1. 1. 1. 1. 0. 0. 0. 1. 1. 0. 0. 0. 0. 1.]
 [1. 1. 1. 1. 1. 1. 0. 0. 0. 1. 1. 0. 0. 0. 0. 1.]
 [1. 1. 1. 1. 1. 1. 0. 0. 0. 1. 1. 0. 0. 0. 0. 1.]
 [1. 1. 1. 1. 1. 1. 0. 0. 0. 1. 1. 0. 0. 0. 0. 1.]
 [1. 1. 1. 1. 1. 1. 0. 0. 0. 1. 1. 0. 0. 0. 0. 1.]
 [1. 1. 1. 1. 1. 1. 0. 0. 0. 1. 1. 0. 0. 0. 0. 1.]
 [1. 1. 1. 1. 1. 1. 0. 0. 0. 1. 1. 0. 0. 1. 1. 1.]
 [1. 1. 1. 1. 1. 1. 0. 0. 0. 1. 1. 0. 0. 1. 1. 1.]
 [1. 1. 1. 1. 1. 1. 0. 0. 0. 1. 1. 0. 0. 1. 1. 1.]
 [1. 1. 1. 1. 1. 1. 0. 0. 0. 1. 1. 0. 0. 1. 1. 1.]
 [1. 1. 1. 1. 1. 1. 0. 0. 0. 1. 1. 0. 0. 1. 1. 1.]
 [1. 1. 1. 1. 1. 1. 0. 0. 0. 1. 1. 0. 0. 1. 1. 1.]
 [1. 1. 1. 1. 1. 1. 0. 0. 0. 1. 1. 0. 0. 1. 1. 1.]
 [1. 1. 1. 1. 1. 1. 0. 0. 0. 1. 1. 0. 0. 1. 1. 1.]
 [0. 0. 1. 1. 1. 1. 0. 0. 0. 0. 0. 0. 0. 0. 0. 1.]
 [0. 0. 1. 1. 1. 1. 0. 0. 0. 0. 0. 0. 0. 0. 0. 1.]
 [0. 0. 1. 1. 1. 1. 0. 0. 0. 0. 0. 0. 0. 0. 0. 1.]
 [0. 0. 1. 1. 1. 1. 0. 0. 0. 0. 0. 0. 0. 0. 0. 1.]
 [0. 0. 1. 1. 1. 1. 0. 0. 0. 0. 0. 0. 0. 0. 0. 1.]
 [0. 0. 1. 1. 1. 1. 0. 0. 0. 0. 0. 0. 0. 0. 0. 1.]
 [0. 0. 1. 1. 1. 1. 0. 0. 0. 0. 0. 0. 0. 0. 0. 1.]
 [0. 0. 1. 1. 1. 1. 0. 0. 0. 0. 0. 0. 0. 0. 0. 1.]
 [1. 0. 1. 0. 1. 0. 0. 0. 0. 1. 1. 0. 0. 1. 1. 1.]
 [1. 0. 1. 0. 1. 0. 0. 0. 0. 1. 1. 0. 0. 1. 1. 1.]
 [1. 0. 1. 0. 1. 0. 0. 0. 0. 1. 1. 0. 0. 1. 1. 1.]
 [1. 0. 1. 0. 1. 0. 0. 0. 0. 1. 1. 0. 0. 1. 1. 1.]
 [1. 0. 1. 0. 1. 0. 0. 0. 0. 1. 1. 0. 0. 1. 1. 1.]
 [1. 0. 1. 0. 1. 0. 0. 0. 0. 1. 1. 0. 0. 1. 1. 1.]
 [1. 0. 1. 0. 1. 0. 0. 0. 0. 1. 1. 0. 0. 1. 1. 1.]
 [1. 0. 1. 0. 1. 0. 0. 0. 0. 1. 1. 0. 0. 1. 1. 1.]
 [0. 1. 0. 0. 0. 1. 0. 0. 0. 0. 1. 0. 0. 0. 0. 0.]
 [0. 1. 0. 0. 0. 1. 0. 0. 0. 0. 1. 0. 0. 0. 0. 0.]
 [0. 1. 0. 0. 0. 1. 0. 0. 0. 0. 1. 0. 0. 0. 0. 0.]
 [0. 1. 0. 0. 0. 1. 0. 0. 0. 0. 1. 0. 0. 0. 0. 0.]
 [0. 1. 0. 0. 0. 1. 0. 0. 0. 0. 1. 0. 0. 0. 0. 0.]
 [0. 1. 0. 0. 0. 1. 0. 0. 0. 0. 1. 0. 0. 0. 0. 0.]
 [0. 1. 0. 0. 0. 1. 0. 0. 0. 0. 1. 0. 0. 0. 0. 0.]
 [0. 1. 0. 0. 0. 1. 0. 0. 0. 0. 1. 0. 0. 0. 0. 0.]
 [1. 1. 1. 1. 1. 1. 1. 1. 1. 1. 1. 1. 1. 1. 1. 1.]
 [1. 1. 1. 1. 1. 1. 1. 1. 1. 1. 1. 1. 1. 1. 1. 1.]
 [1. 1. 1. 1. 1. 1. 1. 1. 1. 1. 1. 1. 1. 1. 1. 1.]
 [1. 1. 1. 1. 1. 1. 1. 1. 1. 1. 1. 1. 1. 1. 1. 1.]
 [1. 1. 1. 1. 1. 1. 1. 1. 1. 1. 1. 1. 1. 1. 1. 1.]
 [1. 1. 1. 1. 1. 1. 1. 1. 1. 1. 1. 1. 1. 1. 1. 1.]]","[[1.         0.         0.        ]
 [1.         0.         0.        ]
 [0.         1.         0.        ]
 [1.         0.         0.        ]
 [1.         0.         0.        ]
 [1.         0.         0.        ]
 [0.83629452 0.         0.        ]
 [0.83629452 0.         0.        ]
 [0.83629452 0.         0.        ]
 [0.         1.         0.        ]
 [1.         0.         0.        ]
 [0.23182635 0.         0.        ]
 [0.         0.04       0.        ]
 [0.         0.02       0.        ]
 [0.         0.02       0.        ]
 [0.         0.02       0.        ]]",[[80 85 90]],0.7031,5.559355020523071
54,15,"[[0.35248771 0.3024662  0.30244098 0.35385661 0.30230102 0.35263845
  0.18484418 0.18484418 0.30238962 0.18484418 0.3024662  0.23916383
  0.21113949 0.237393   1.        ]]","[[0.6432     0.05660808 0.51751291 0.6432     0.6432     0.6432
  0.64662598 0.71585037 0.52779187 0.51136916 0.29055156 0.1766322
  0.8        0.34118    0.8       ]
 [0.6432     0.05660808 0.51751291 0.6432     0.6432     0.6432
  0.64662598 0.71585037 0.52779187 0.51136916 0.29055156 0.1766322
  0.8        0.34118    0.8       ]
 [0.6432     0.05660808 0.51751291 0.6432     0.6432     0.6432
  0.64662598 0.71585037 0.52779187 0.51136916 0.29055156 0.1766322
  0.8        0.34118    0.8       ]
 [0.6432     0.05660808 0.51751291 0.6432     0.6432     0.6432
  0.64662598 0.71585037 0.52779187 0.51136916 0.29055156 0.1766322
  0.8        0.34118    0.8       ]
 [0.6432     0.05660808 0.51751291 0.6432     0.6432     0.6432
  0.64662598 0.71585037 0.52779187 0.51136916 0.29055156 0.1766322
  0.8        0.34118    0.8       ]
 [0.6432     0.05660808 0.51751291 0.6432     0.6432     0.6432
  0.64662598 0.71585037 0.52779187 0.51136916 0.29055156 0.1766322
  0.8        0.34118    0.8       ]
 [0.6432     0.05660808 0.51751291 0.6432     0.6432     0.6432
  0.64662598 0.71585037 0.52779187 0.51136916 0.29055156 0.1766322
  0.8        0.34118    0.8       ]
 [0.6432     0.05660808 0.51751291 0.6432     0.6432     0.6432
  0.64662598 0.71585037 0.52779187 0.51136916 0.29055156 0.1766322
  0.8        0.34118    0.8       ]
 [0.63290434 0.42077503 0.6432     0.6432     0.6432     0.6432
  0.55863278 0.54329515 0.6432     0.57694867 0.61942988 0.52698976
  0.8        0.67093297 0.8       ]
 [0.63290434 0.42077503 0.6432     0.6432     0.6432     0.6432
  0.55863278 0.54329515 0.6432     0.57694867 0.61942988 0.52698976
  0.8        0.67093297 0.8       ]
 [0.63290434 0.42077503 0.6432     0.6432     0.6432     0.6432
  0.55863278 0.54329515 0.6432     0.57694867 0.61942988 0.52698976
  0.8        0.67093297 0.8       ]
 [0.63290434 0.42077503 0.6432     0.6432     0.6432     0.6432
  0.55863278 0.54329515 0.6432     0.57694867 0.61942988 0.52698976
  0.8        0.67093297 0.8       ]
 [0.63290434 0.42077503 0.6432     0.6432     0.6432     0.6432
  0.55863278 0.54329515 0.6432     0.57694867 0.61942988 0.52698976
  0.8        0.67093297 0.8       ]
 [0.63290434 0.42077503 0.6432     0.6432     0.6432     0.6432
  0.55863278 0.54329515 0.6432     0.57694867 0.61942988 0.52698976
  0.8        0.67093297 0.8       ]
 [0.63290434 0.42077503 0.6432     0.6432     0.6432     0.6432
  0.55863278 0.54329515 0.6432     0.57694867 0.61942988 0.52698976
  0.8        0.67093297 0.8       ]
 [0.63290434 0.42077503 0.6432     0.6432     0.6432     0.6432
  0.55863278 0.54329515 0.6432     0.57694867 0.61942988 0.52698976
  0.8        0.67093297 0.8       ]
 [0.60950461 0.23980267 0.6432     0.5823442  0.60231278 0.57400416
  0.229307   0.25535212 0.60788014 0.19998056 0.6232055  0.2678228
  0.8        0.36785924 0.76899438]
 [0.60950461 0.23980267 0.6432     0.5823442  0.60231278 0.57400416
  0.229307   0.25535212 0.60788014 0.19998056 0.6232055  0.2678228
  0.8        0.36785924 0.76899438]
 [0.60950461 0.23980267 0.6432     0.5823442  0.60231278 0.57400416
  0.229307   0.25535212 0.60788014 0.19998056 0.6232055  0.2678228
  0.8        0.36785924 0.76899438]
 [0.60950461 0.23980267 0.6432     0.5823442  0.60231278 0.57400416
  0.229307   0.25535212 0.60788014 0.19998056 0.6232055  0.2678228
  0.8        0.36785924 0.76899438]
 [0.60950461 0.23980267 0.6432     0.5823442  0.60231278 0.57400416
  0.229307   0.25535212 0.60788014 0.19998056 0.6232055  0.2678228
  0.8        0.36785924 0.76899438]
 [0.60950461 0.23980267 0.6432     0.5823442  0.60231278 0.57400416
  0.229307   0.25535212 0.60788014 0.19998056 0.6232055  0.2678228
  0.8        0.36785924 0.76899438]
 [0.60950461 0.23980267 0.6432     0.5823442  0.60231278 0.57400416
  0.229307   0.25535212 0.60788014 0.19998056 0.6232055  0.2678228
  0.8        0.36785924 0.76899438]
 [0.60950461 0.23980267 0.6432     0.5823442  0.60231278 0.57400416
  0.229307   0.25535212 0.60788014 0.19998056 0.6232055  0.2678228
  0.8        0.36785924 0.76899438]
 [0.58544468 0.         0.20396109 0.43786485 0.5022599  0.43353843
  0.0847317  0.17893844 0.12220952 0.         0.05161324 0.
  0.49721402 0.         0.67021449]
 [0.58544468 0.         0.20396109 0.43786485 0.5022599  0.43353843
  0.0847317  0.17893844 0.12220952 0.         0.05161324 0.
  0.49721402 0.         0.67021449]
 [0.58544468 0.         0.20396109 0.43786485 0.5022599  0.43353843
  0.0847317  0.17893844 0.12220952 0.         0.05161324 0.
  0.49721402 0.         0.67021449]
 [0.58544468 0.         0.20396109 0.43786485 0.5022599  0.43353843
  0.0847317  0.17893844 0.12220952 0.         0.05161324 0.
  0.49721402 0.         0.67021449]
 [0.58544468 0.         0.20396109 0.43786485 0.5022599  0.43353843
  0.0847317  0.17893844 0.12220952 0.         0.05161324 0.
  0.49721402 0.         0.67021449]
 [0.58544468 0.         0.20396109 0.43786485 0.5022599  0.43353843
  0.0847317  0.17893844 0.12220952 0.         0.05161324 0.
  0.49721402 0.         0.67021449]
 [0.58544468 0.         0.20396109 0.43786485 0.5022599  0.43353843
  0.0847317  0.17893844 0.12220952 0.         0.05161324 0.
  0.49721402 0.         0.67021449]
 [0.58544468 0.         0.20396109 0.43786485 0.5022599  0.43353843
  0.0847317  0.17893844 0.12220952 0.         0.05161324 0.
  0.49721402 0.         0.67021449]
 [0.45323983 0.02032141 0.28038932 0.57703186 0.52367434 0.58443251
  0.736      0.736      0.38319281 0.736      0.06786315 0.20094189
  0.65548733 0.41546269 0.66750242]
 [0.45323983 0.02032141 0.28038932 0.57703186 0.52367434 0.58443251
  0.736      0.736      0.38319281 0.736      0.06786315 0.20094189
  0.65548733 0.41546269 0.66750242]
 [0.45323983 0.02032141 0.28038932 0.57703186 0.52367434 0.58443251
  0.736      0.736      0.38319281 0.736      0.06786315 0.20094189
  0.65548733 0.41546269 0.66750242]
 [0.45323983 0.02032141 0.28038932 0.57703186 0.52367434 0.58443251
  0.736      0.736      0.38319281 0.736      0.06786315 0.20094189
  0.65548733 0.41546269 0.66750242]
 [0.45323983 0.02032141 0.28038932 0.57703186 0.52367434 0.58443251
  0.736      0.736      0.38319281 0.736      0.06786315 0.20094189
  0.65548733 0.41546269 0.66750242]
 [0.45323983 0.02032141 0.28038932 0.57703186 0.52367434 0.58443251
  0.736      0.736      0.38319281 0.736      0.06786315 0.20094189
  0.65548733 0.41546269 0.66750242]
 [0.45323983 0.02032141 0.28038932 0.57703186 0.52367434 0.58443251
  0.736      0.736      0.38319281 0.736      0.06786315 0.20094189
  0.65548733 0.41546269 0.66750242]
 [0.45323983 0.02032141 0.28038932 0.57703186 0.52367434 0.58443251
  0.736      0.736      0.38319281 0.736      0.06786315 0.20094189
  0.65548733 0.41546269 0.66750242]
 [0.1386845  0.48045757 0.59774597 0.1620557  0.15721988 0.1546739
  0.         0.         0.48682821 0.         0.6432     0.40075002
  0.50216578 0.44152137 0.32037257]
 [0.1386845  0.48045757 0.59774597 0.1620557  0.15721988 0.1546739
  0.         0.         0.48682821 0.         0.6432     0.40075002
  0.50216578 0.44152137 0.32037257]
 [0.1386845  0.48045757 0.59774597 0.1620557  0.15721988 0.1546739
  0.         0.         0.48682821 0.         0.6432     0.40075002
  0.50216578 0.44152137 0.32037257]
 [0.1386845  0.48045757 0.59774597 0.1620557  0.15721988 0.1546739
  0.         0.         0.48682821 0.         0.6432     0.40075002
  0.50216578 0.44152137 0.32037257]
 [0.1386845  0.48045757 0.59774597 0.1620557  0.15721988 0.1546739
  0.         0.         0.48682821 0.         0.6432     0.40075002
  0.50216578 0.44152137 0.32037257]
 [0.1386845  0.48045757 0.59774597 0.1620557  0.15721988 0.1546739
  0.         0.         0.48682821 0.         0.6432     0.40075002
  0.50216578 0.44152137 0.32037257]
 [0.1386845  0.48045757 0.59774597 0.1620557  0.15721988 0.1546739
  0.         0.         0.48682821 0.         0.6432     0.40075002
  0.50216578 0.44152137 0.32037257]
 [0.1386845  0.48045757 0.59774597 0.1620557  0.15721988 0.1546739
  0.         0.         0.48682821 0.         0.6432     0.40075002
  0.50216578 0.44152137 0.32037257]
 [0.6432     0.6432     0.6432     0.6432     0.6432     0.6432
  0.736      0.736      0.6432     0.736      0.6432     0.672
  0.8        0.8        0.8       ]
 [0.6932     0.68693432 0.6932     0.6932     0.6932     0.6932
  0.786      0.786      0.6932     0.786      0.6932     0.722
  0.85       0.85       0.85      ]
 [0.6932     0.68693432 0.6932     0.6932     0.6932     0.6932
  0.786      0.786      0.6932     0.786      0.6932     0.722
  0.85       0.85       0.85      ]
 [0.6932     0.68693432 0.6932     0.6932     0.6932     0.6932
  0.786      0.786      0.6932     0.786      0.6932     0.722
  0.85       0.85       0.85      ]
 [0.6932     0.68693432 0.6932     0.6932     0.6932     0.6932
  0.786      0.786      0.6932     0.786      0.6932     0.722
  0.85       0.85       0.85      ]
 [0.6932     0.68693432 0.6932     0.6932     0.6932     0.6932
  0.786      0.786      0.6932     0.786      0.6932     0.722
  0.85       0.85       0.85      ]]","[[1. 0. 1. 0. 0. 0. 0. 0. 1. 0. 0. 0. 1. 0. 0.]
 [1. 0. 1. 0. 0. 0. 0. 0. 1. 0. 0. 0. 1. 0. 0.]
 [1. 0. 1. 0. 0. 0. 0. 0. 1. 0. 0. 0. 1. 0. 0.]
 [1. 0. 1. 0. 0. 0. 0. 0. 1. 0. 0. 0. 1. 0. 0.]
 [1. 0. 1. 0. 0. 0. 0. 0. 1. 0. 0. 0. 1. 0. 0.]
 [1. 0. 1. 0. 0. 0. 0. 0. 1. 0. 0. 0. 1. 0. 0.]
 [1. 0. 1. 0. 0. 0. 0. 0. 1. 0. 0. 0. 1. 0. 0.]
 [1. 0. 1. 0. 0. 0. 0. 0. 1. 0. 0. 0. 1. 0. 0.]
 [1. 1. 1. 1. 1. 1. 0. 0. 1. 0. 1. 0. 1. 0. 1.]
 [1. 1. 1. 1. 1. 1. 0. 0. 1. 0. 1. 0. 1. 0. 1.]
 [1. 1. 1. 1. 1. 1. 0. 0. 1. 0. 1. 0. 1. 0. 1.]
 [1. 1. 1. 1. 1. 1. 0. 0. 1. 0. 1. 0. 1. 0. 1.]
 [1. 1. 1. 1. 1. 1. 0. 0. 1. 0. 1. 0. 1. 0. 1.]
 [1. 1. 1. 1. 1. 1. 0. 0. 1. 0. 1. 0. 1. 0. 1.]
 [1. 1. 1. 1. 1. 1. 0. 0. 1. 0. 1. 0. 1. 0. 1.]
 [1. 1. 1. 1. 1. 1. 0. 0. 1. 0. 1. 0. 1. 0. 1.]
 [1. 0. 1. 1. 1. 1. 0. 0. 1. 0. 1. 0. 1. 0. 1.]
 [1. 0. 1. 1. 1. 1. 0. 0. 1. 0. 1. 0. 1. 0. 1.]
 [1. 0. 1. 1. 1. 1. 0. 0. 1. 0. 1. 0. 1. 0. 1.]
 [1. 0. 1. 1. 1. 1. 0. 0. 1. 0. 1. 0. 1. 0. 1.]
 [1. 0. 1. 1. 1. 1. 0. 0. 1. 0. 1. 0. 1. 0. 1.]
 [1. 0. 1. 1. 1. 1. 0. 0. 1. 0. 1. 0. 1. 0. 1.]
 [1. 0. 1. 1. 1. 1. 0. 0. 1. 0. 1. 0. 1. 0. 1.]
 [1. 0. 1. 1. 1. 1. 0. 0. 1. 0. 1. 0. 1. 0. 1.]
 [1. 0. 0. 1. 1. 1. 0. 0. 0. 0. 0. 0. 1. 0. 1.]
 [1. 0. 0. 1. 1. 1. 0. 0. 0. 0. 0. 0. 1. 0. 1.]
 [1. 0. 0. 1. 1. 1. 0. 0. 0. 0. 0. 0. 1. 0. 1.]
 [1. 0. 0. 1. 1. 1. 0. 0. 0. 0. 0. 0. 1. 0. 1.]
 [1. 0. 0. 1. 1. 1. 0. 0. 0. 0. 0. 0. 1. 0. 1.]
 [1. 0. 0. 1. 1. 1. 0. 0. 0. 0. 0. 0. 1. 0. 1.]
 [1. 0. 0. 1. 1. 1. 0. 0. 0. 0. 0. 0. 1. 0. 1.]
 [1. 0. 0. 1. 1. 1. 0. 0. 0. 0. 0. 0. 1. 0. 1.]
 [1. 0. 0. 1. 1. 1. 0. 0. 0. 0. 0. 0. 1. 0. 1.]
 [1. 0. 0. 1. 1. 1. 0. 0. 0. 0. 0. 0. 1. 0. 1.]
 [1. 0. 0. 1. 1. 1. 0. 0. 0. 0. 0. 0. 1. 0. 1.]
 [1. 0. 0. 1. 1. 1. 0. 0. 0. 0. 0. 0. 1. 0. 1.]
 [1. 0. 0. 1. 1. 1. 0. 0. 0. 0. 0. 0. 1. 0. 1.]
 [1. 0. 0. 1. 1. 1. 0. 0. 0. 0. 0. 0. 1. 0. 1.]
 [1. 0. 0. 1. 1. 1. 0. 0. 0. 0. 0. 0. 1. 0. 1.]
 [1. 0. 0. 1. 1. 1. 0. 0. 0. 0. 0. 0. 1. 0. 1.]
 [0. 1. 1. 0. 0. 0. 0. 0. 1. 0. 1. 0. 0. 0. 0.]
 [0. 1. 1. 0. 0. 0. 0. 0. 1. 0. 1. 0. 0. 0. 0.]
 [0. 1. 1. 0. 0. 0. 0. 0. 1. 0. 1. 0. 0. 0. 0.]
 [0. 1. 1. 0. 0. 0. 0. 0. 1. 0. 1. 0. 0. 0. 0.]
 [0. 1. 1. 0. 0. 0. 0. 0. 1. 0. 1. 0. 0. 0. 0.]
 [0. 1. 1. 0. 0. 0. 0. 0. 1. 0. 1. 0. 0. 0. 0.]
 [0. 1. 1. 0. 0. 0. 0. 0. 1. 0. 1. 0. 0. 0. 0.]
 [0. 1. 1. 0. 0. 0. 0. 0. 1. 0. 1. 0. 0. 0. 0.]
 [1. 1. 1. 1. 1. 1. 1. 1. 1. 1. 1. 1. 1. 1. 1.]
 [1. 1. 1. 1. 1. 1. 1. 1. 1. 1. 1. 1. 1. 1. 1.]
 [1. 1. 1. 1. 1. 1. 1. 1. 1. 1. 1. 1. 1. 1. 1.]
 [1. 1. 1. 1. 1. 1. 1. 1. 1. 1. 1. 1. 1. 1. 1.]
 [1. 1. 1. 1. 1. 1. 1. 1. 1. 1. 1. 1. 1. 1. 1.]
 [1. 1. 1. 1. 1. 1. 1. 1. 1. 1. 1. 1. 1. 1. 1.]]","[[0.         1.         0.        ]
 [1.         0.         0.        ]
 [1.         0.         0.        ]
 [0.         1.         0.        ]
 [1.         0.         0.        ]
 [0.         1.         0.        ]
 [0.83629452 0.         0.        ]
 [0.83629452 0.         0.        ]
 [1.         0.         0.        ]
 [0.83629452 0.         0.        ]
 [1.         0.         0.        ]
 [0.         0.23182635 0.        ]
 [0.         0.04       0.        ]
 [0.         0.04       0.        ]
 [1.         0.         0.        ]]",[[80 85 90]],0.7135,5.405611991882324
55,13,"[[0.30229637 0.3024662  0.3024662  0.30229633 0.35281198 0.30229633
  0.18484418 0.3024662  0.1916622  0.21877213 0.18934827 0.22550411
  0.23778777]]","[[0.6432     0.15985121 0.6432     0.6432     0.6432     0.6432
  0.72941493 0.         0.         0.19329402 0.8        0.70579289
  0.42260064]
 [0.6432     0.15985121 0.6432     0.6432     0.6432     0.6432
  0.72941493 0.         0.         0.19329402 0.8        0.70579289
  0.42260064]
 [0.6432     0.15985121 0.6432     0.6432     0.6432     0.6432
  0.72941493 0.         0.         0.19329402 0.8        0.70579289
  0.42260064]
 [0.6432     0.15985121 0.6432     0.6432     0.6432     0.6432
  0.72941493 0.         0.         0.19329402 0.8        0.70579289
  0.42260064]
 [0.6432     0.15985121 0.6432     0.6432     0.6432     0.6432
  0.72941493 0.         0.         0.19329402 0.8        0.70579289
  0.42260064]
 [0.6432     0.15985121 0.6432     0.6432     0.6432     0.6432
  0.72941493 0.         0.         0.19329402 0.8        0.70579289
  0.42260064]
 [0.6432     0.15985121 0.6432     0.6432     0.6432     0.6432
  0.72941493 0.         0.         0.19329402 0.8        0.70579289
  0.42260064]
 [0.6432     0.15985121 0.6432     0.6432     0.6432     0.6432
  0.72941493 0.         0.         0.19329402 0.8        0.70579289
  0.42260064]
 [0.6432     0.5231959  0.40155741 0.6432     0.6432     0.6432
  0.56745051 0.32713079 0.30894711 0.5540298  0.8        0.8
  0.75378912]
 [0.6432     0.5231959  0.40155741 0.6432     0.6432     0.6432
  0.56745051 0.32713079 0.30894711 0.5540298  0.8        0.8
  0.75378912]
 [0.6432     0.5231959  0.40155741 0.6432     0.6432     0.6432
  0.56745051 0.32713079 0.30894711 0.5540298  0.8        0.8
  0.75378912]
 [0.6432     0.5231959  0.40155741 0.6432     0.6432     0.6432
  0.56745051 0.32713079 0.30894711 0.5540298  0.8        0.8
  0.75378912]
 [0.6432     0.5231959  0.40155741 0.6432     0.6432     0.6432
  0.56745051 0.32713079 0.30894711 0.5540298  0.8        0.8
  0.75378912]
 [0.6432     0.5231959  0.40155741 0.6432     0.6432     0.6432
  0.56745051 0.32713079 0.30894711 0.5540298  0.8        0.8
  0.75378912]
 [0.6432     0.5231959  0.40155741 0.6432     0.6432     0.6432
  0.56745051 0.32713079 0.30894711 0.5540298  0.8        0.8
  0.75378912]
 [0.6432     0.5231959  0.40155741 0.6432     0.6432     0.6432
  0.56745051 0.32713079 0.30894711 0.5540298  0.8        0.8
  0.75378912]
 [0.6432     0.31925764 0.41387919 0.6432     0.57775749 0.6432
  0.27502056 0.21340822 0.22688908 0.33134909 0.8        0.69082309
  0.4432571 ]
 [0.6432     0.31925764 0.41387919 0.6432     0.57775749 0.6432
  0.27502056 0.21340822 0.22688908 0.33134909 0.8        0.69082309
  0.4432571 ]
 [0.6432     0.31925764 0.41387919 0.6432     0.57775749 0.6432
  0.27502056 0.21340822 0.22688908 0.33134909 0.8        0.69082309
  0.4432571 ]
 [0.6432     0.31925764 0.41387919 0.6432     0.57775749 0.6432
  0.27502056 0.21340822 0.22688908 0.33134909 0.8        0.69082309
  0.4432571 ]
 [0.6432     0.31925764 0.41387919 0.6432     0.57775749 0.6432
  0.27502056 0.21340822 0.22688908 0.33134909 0.8        0.69082309
  0.4432571 ]
 [0.6432     0.31925764 0.41387919 0.6432     0.57775749 0.6432
  0.27502056 0.21340822 0.22688908 0.33134909 0.8        0.69082309
  0.4432571 ]
 [0.6432     0.31925764 0.41387919 0.6432     0.57775749 0.6432
  0.27502056 0.21340822 0.22688908 0.33134909 0.8        0.69082309
  0.4432571 ]
 [0.6432     0.31925764 0.41387919 0.6432     0.57775749 0.6432
  0.27502056 0.21340822 0.22688908 0.33134909 0.8        0.69082309
  0.4432571 ]
 [0.47587623 0.         0.6432     0.61491827 0.42340882 0.59757317
  0.18514091 0.         0.         0.         0.6635863  0.24609795
  0.        ]
 [0.47587623 0.         0.6432     0.61491827 0.42340882 0.59757317
  0.18514091 0.         0.         0.         0.6635863  0.24609795
  0.        ]
 [0.47587623 0.         0.6432     0.61491827 0.42340882 0.59757317
  0.18514091 0.         0.         0.         0.6635863  0.24609795
  0.        ]
 [0.47587623 0.         0.6432     0.61491827 0.42340882 0.59757317
  0.18514091 0.         0.         0.         0.6635863  0.24609795
  0.        ]
 [0.47587623 0.         0.6432     0.61491827 0.42340882 0.59757317
  0.18514091 0.         0.         0.         0.6635863  0.24609795
  0.        ]
 [0.47587623 0.         0.6432     0.61491827 0.42340882 0.59757317
  0.18514091 0.         0.         0.         0.6635863  0.24609795
  0.        ]
 [0.47587623 0.         0.6432     0.61491827 0.42340882 0.59757317
  0.18514091 0.         0.         0.         0.6635863  0.24609795
  0.        ]
 [0.47587623 0.         0.6432     0.61491827 0.42340882 0.59757317
  0.18514091 0.         0.         0.         0.6635863  0.24609795
  0.        ]
 [0.32739204 0.11837349 0.36778746 0.31244624 0.5879769  0.31881223
  0.736      0.         0.         0.16963618 0.6091528  0.62614988
  0.47346021]
 [0.32739204 0.11837349 0.36778746 0.31244624 0.5879769  0.31881223
  0.736      0.         0.         0.16963618 0.6091528  0.62614988
  0.47346021]
 [0.32739204 0.11837349 0.36778746 0.31244624 0.5879769  0.31881223
  0.736      0.         0.         0.16963618 0.6091528  0.62614988
  0.47346021]
 [0.32739204 0.11837349 0.36778746 0.31244624 0.5879769  0.31881223
  0.736      0.         0.         0.16963618 0.6091528  0.62614988
  0.47346021]
 [0.32739204 0.11837349 0.36778746 0.31244624 0.5879769  0.31881223
  0.736      0.         0.         0.16963618 0.6091528  0.62614988
  0.47346021]
 [0.32739204 0.11837349 0.36778746 0.31244624 0.5879769  0.31881223
  0.736      0.         0.         0.16963618 0.6091528  0.62614988
  0.47346021]
 [0.32739204 0.11837349 0.36778746 0.31244624 0.5879769  0.31881223
  0.736      0.         0.         0.16963618 0.6091528  0.62614988
  0.47346021]
 [0.32739204 0.11837349 0.36778746 0.31244624 0.5879769  0.31881223
  0.736      0.         0.         0.16963618 0.6091528  0.62614988
  0.47346021]
 [0.42611017 0.49680101 0.         0.30693668 0.16363525 0.31989983
  0.         0.54718186 0.60119562 0.49105652 0.42405638 0.54708006
  0.48006609]
 [0.42611017 0.49680101 0.         0.30693668 0.16363525 0.31989983
  0.         0.54718186 0.60119562 0.49105652 0.42405638 0.54708006
  0.48006609]
 [0.42611017 0.49680101 0.         0.30693668 0.16363525 0.31989983
  0.         0.54718186 0.60119562 0.49105652 0.42405638 0.54708006
  0.48006609]
 [0.42611017 0.49680101 0.         0.30693668 0.16363525 0.31989983
  0.         0.54718186 0.60119562 0.49105652 0.42405638 0.54708006
  0.48006609]
 [0.42611017 0.49680101 0.         0.30693668 0.16363525 0.31989983
  0.         0.54718186 0.60119562 0.49105652 0.42405638 0.54708006
  0.48006609]
 [0.42611017 0.49680101 0.         0.30693668 0.16363525 0.31989983
  0.         0.54718186 0.60119562 0.49105652 0.42405638 0.54708006
  0.48006609]
 [0.42611017 0.49680101 0.         0.30693668 0.16363525 0.31989983
  0.         0.54718186 0.60119562 0.49105652 0.42405638 0.54708006
  0.48006609]
 [0.42611017 0.49680101 0.         0.30693668 0.16363525 0.31989983
  0.         0.54718186 0.60119562 0.49105652 0.42405638 0.54708006
  0.48006609]
 [0.6432     0.6432     0.6432     0.6432     0.6432     0.6432
  0.736      0.6432     0.672      0.672      0.8        0.8
  0.8       ]
 [0.6432     0.6432     0.6432     0.6432     0.6432     0.6432
  0.736      0.6432     0.672      0.672      0.8        0.8
  0.8       ]
 [0.6932     0.6932     0.6932     0.6932     0.6932     0.6932
  0.786      0.65807606 0.67358021 0.722      0.85       0.85
  0.85      ]
 [0.6932     0.6932     0.6932     0.6932     0.6932     0.6932
  0.786      0.65807606 0.67358021 0.722      0.85       0.85
  0.85      ]
 [0.6932     0.6932     0.6932     0.6932     0.6932     0.6932
  0.786      0.65807606 0.67358021 0.722      0.85       0.85
  0.85      ]
 [0.6932     0.6932     0.6932     0.6932     0.6932     0.6932
  0.786      0.65807606 0.67358021 0.722      0.85       0.85
  0.85      ]
 [0.6932     0.6932     0.6932     0.6932     0.6932     0.6932
  0.786      0.65807606 0.67358021 0.722      0.85       0.85
  0.85      ]]","[[1. 0. 1. 1. 0. 1. 0. 0. 0. 0. 1. 0. 0.]
 [1. 0. 1. 1. 0. 1. 0. 0. 0. 0. 1. 0. 0.]
 [1. 0. 1. 1. 0. 1. 0. 0. 0. 0. 1. 0. 0.]
 [1. 0. 1. 1. 0. 1. 0. 0. 0. 0. 1. 0. 0.]
 [1. 0. 1. 1. 0. 1. 0. 0. 0. 0. 1. 0. 0.]
 [1. 0. 1. 1. 0. 1. 0. 0. 0. 0. 1. 0. 0.]
 [1. 0. 1. 1. 0. 1. 0. 0. 0. 0. 1. 0. 0.]
 [1. 0. 1. 1. 0. 1. 0. 0. 0. 0. 1. 0. 0.]
 [1. 1. 1. 1. 1. 1. 0. 0. 0. 0. 1. 0. 0.]
 [1. 1. 1. 1. 1. 1. 0. 0. 0. 0. 1. 0. 0.]
 [1. 1. 1. 1. 1. 1. 0. 0. 0. 0. 1. 0. 0.]
 [1. 1. 1. 1. 1. 1. 0. 0. 0. 0. 1. 0. 0.]
 [1. 1. 1. 1. 1. 1. 0. 0. 0. 0. 1. 0. 0.]
 [1. 1. 1. 1. 1. 1. 0. 0. 0. 0. 1. 0. 0.]
 [1. 1. 1. 1. 1. 1. 0. 0. 0. 0. 1. 0. 0.]
 [1. 1. 1. 1. 1. 1. 0. 0. 0. 0. 1. 0. 0.]
 [1. 0. 1. 1. 1. 1. 0. 0. 0. 0. 1. 0. 0.]
 [1. 0. 1. 1. 1. 1. 0. 0. 0. 0. 1. 0. 0.]
 [1. 0. 1. 1. 1. 1. 0. 0. 0. 0. 1. 0. 0.]
 [1. 0. 1. 1. 1. 1. 0. 0. 0. 0. 1. 0. 0.]
 [1. 0. 1. 1. 1. 1. 0. 0. 0. 0. 1. 0. 0.]
 [1. 0. 1. 1. 1. 1. 0. 0. 0. 0. 1. 0. 0.]
 [1. 0. 1. 1. 1. 1. 0. 0. 0. 0. 1. 0. 0.]
 [1. 0. 1. 1. 1. 1. 0. 0. 0. 0. 1. 0. 0.]
 [1. 0. 1. 1. 1. 1. 0. 0. 0. 0. 1. 0. 0.]
 [1. 0. 1. 1. 1. 1. 0. 0. 0. 0. 1. 0. 0.]
 [1. 0. 1. 1. 1. 1. 0. 0. 0. 0. 1. 0. 0.]
 [1. 0. 1. 1. 1. 1. 0. 0. 0. 0. 1. 0. 0.]
 [1. 0. 1. 1. 1. 1. 0. 0. 0. 0. 1. 0. 0.]
 [1. 0. 1. 1. 1. 1. 0. 0. 0. 0. 1. 0. 0.]
 [1. 0. 1. 1. 1. 1. 0. 0. 0. 0. 1. 0. 0.]
 [1. 0. 1. 1. 1. 1. 0. 0. 0. 0. 1. 0. 0.]
 [0. 0. 0. 0. 1. 0. 0. 0. 0. 0. 1. 0. 0.]
 [0. 0. 0. 0. 1. 0. 0. 0. 0. 0. 1. 0. 0.]
 [0. 0. 0. 0. 1. 0. 0. 0. 0. 0. 1. 0. 0.]
 [0. 0. 0. 0. 1. 0. 0. 0. 0. 0. 1. 0. 0.]
 [0. 0. 0. 0. 1. 0. 0. 0. 0. 0. 1. 0. 0.]
 [0. 0. 0. 0. 1. 0. 0. 0. 0. 0. 1. 0. 0.]
 [0. 0. 0. 0. 1. 0. 0. 0. 0. 0. 1. 0. 0.]
 [0. 0. 0. 0. 1. 0. 0. 0. 0. 0. 1. 0. 0.]
 [1. 1. 0. 0. 0. 0. 0. 1. 0. 0. 0. 0. 0.]
 [1. 1. 0. 0. 0. 0. 0. 1. 0. 0. 0. 0. 0.]
 [1. 1. 0. 0. 0. 0. 0. 1. 0. 0. 0. 0. 0.]
 [1. 1. 0. 0. 0. 0. 0. 1. 0. 0. 0. 0. 0.]
 [1. 1. 0. 0. 0. 0. 0. 1. 0. 0. 0. 0. 0.]
 [1. 1. 0. 0. 0. 0. 0. 1. 0. 0. 0. 0. 0.]
 [1. 1. 0. 0. 0. 0. 0. 1. 0. 0. 0. 0. 0.]
 [1. 1. 0. 0. 0. 0. 0. 1. 0. 0. 0. 0. 0.]
 [1. 1. 1. 1. 1. 1. 1. 1. 1. 1. 1. 1. 1.]
 [1. 1. 1. 1. 1. 1. 1. 1. 1. 1. 1. 1. 1.]
 [1. 1. 1. 1. 1. 1. 1. 1. 1. 1. 1. 1. 1.]
 [1. 1. 1. 1. 1. 1. 1. 1. 1. 1. 1. 1. 1.]
 [1. 1. 1. 1. 1. 1. 1. 1. 1. 1. 1. 1. 1.]
 [1. 1. 1. 1. 1. 1. 1. 1. 1. 1. 1. 1. 1.]
 [1. 1. 1. 1. 1. 1. 1. 1. 1. 1. 1. 1. 1.]]","[[1.         0.         0.        ]
 [1.         0.         0.        ]
 [1.         0.         0.        ]
 [1.         0.         0.        ]
 [0.         1.         0.        ]
 [1.         0.         0.        ]
 [0.83629452 0.         0.        ]
 [1.         0.         0.        ]
 [0.23182635 0.         0.        ]
 [0.         0.23182635 0.        ]
 [0.         0.04       0.        ]
 [0.         0.04       0.        ]
 [0.         0.04       0.        ]]",[[80 85 90]],0.6889,5.355258226394653
5,5,[[0.35946054 0.35946179 0.35946354 0.35946375 0.35946471]],"[[0.6932 0.6932 0.6932 0.6932 0.6932]
 [0.6932 0.6932 0.6932 0.6932 0.6932]
 [0.6932 0.6932 0.6932 0.6932 0.6932]
 [0.6932 0.6932 0.6932 0.6932 0.6932]
 [0.6932 0.6932 0.6932 0.6932 0.6932]]","[[1. 1. 1. 1. 1.]
 [1. 1. 1. 1. 1.]
 [1. 1. 1. 1. 1.]
 [1. 1. 1. 1. 1.]
 [1. 1. 1. 1. 1.]]","[[1. 0. 0.]
 [1. 0. 0.]
 [1. 0. 0.]
 [1. 0. 0.]
 [1. 0. 0.]]",[[80 85 90]],0.6932,0.22823357582092285
4,4,[[0.33889039 0.18484418 0.18484418 0.18484418]],"[[0.786 0.786 0.786 0.786]
 [0.786 0.786 0.786 0.786]
 [0.786 0.786 0.786 0.786]
 [0.786 0.786 0.786 0.786]]","[[1. 1. 1. 1.]
 [1. 1. 1. 1.]
 [1. 1. 1. 1.]
 [1. 1. 1. 1.]]","[[0.83629452 0.         0.        ]
 [0.83629452 0.         0.        ]
 [0.83629452 0.         0.        ]
 [0.83629452 0.         0.        ]]",[[80 85 90]],0.786,0.17142701148986816
3,3,[[0.32351317 0.29842395 0.30424143]],"[[0.818 0.818 0.818]
 [0.818 0.818 0.818]
 [0.818 0.818 0.818]]","[[1. 1. 1.]
 [1. 1. 1.]
 [1. 1. 1.]]","[[0.61488563 0.         0.        ]
 [0.         0.61488563 0.        ]
 [0.61488563 0.         0.        ]]",[[80 85 90]],0.818,0.12358307838439941
6,6,[[0.29845201 0.30424143 0.20498452 0.20495072 0.20499364 0.20499358]],"[[0.69385401 0.77323629 0.85       0.85       0.85       0.85      ]
 [0.69385401 0.77323629 0.85       0.85       0.85       0.85      ]
 [0.69385401 0.77323629 0.85       0.85       0.85       0.85      ]
 [0.69385401 0.77323629 0.85       0.85       0.85       0.85      ]
 [0.818      0.7946792  0.70509093 0.70357565 0.70549767 0.7054947 ]
 [0.818      0.7946792  0.70509093 0.70357565 0.70549767 0.7054947 ]]","[[1. 1. 1. 1. 1. 1.]
 [1. 1. 1. 1. 1. 1.]
 [1. 1. 1. 1. 1. 1.]
 [1. 1. 1. 1. 1. 1.]
 [1. 1. 1. 1. 1. 1.]
 [1. 1. 1. 1. 1. 1.]]","[[0.         0.61488563 0.        ]
 [0.61488563 0.         0.        ]
 [0.22       0.         0.        ]
 [0.22       0.         0.        ]
 [0.22       0.         0.        ]
 [0.22       0.         0.        ]]",[[80 85 90]],0.8315,0.2820611000061035
5,5,[[0.32370654 0.11328349 0.17472193 0.05797452 0.13340718]],"[[0.818 0.85  0.85  0.85  0.85 ]
 [0.818 0.85  0.85  0.85  0.85 ]
 [0.818 0.85  0.85  0.85  0.85 ]
 [0.818 0.85  0.85  0.85  0.85 ]
 [0.818 0.85  0.85  0.85  0.85 ]]","[[1. 1. 1. 1. 1.]
 [1. 1. 1. 1. 1.]
 [1. 1. 1. 1. 1.]
 [1. 1. 1. 1. 1.]
 [1. 1. 1. 1. 1.]]","[[0.61488563 0.         0.        ]
 [0.         0.22       0.        ]
 [0.         0.22       0.        ]
 [0.22       0.         0.        ]
 [0.         0.22       0.        ]]",[[80 85 90]],0.8371,0.22922992706298828
8,8,"[[0.29686596 0.33937865 0.32278608 0.32338504 0.04512725 0.04552522
  0.04651936 0.04930304]]","[[0.6932     0.786      0.75319652 0.818      0.85       0.85
  0.85       0.85      ]
 [0.6932     0.786      0.75319652 0.818      0.85       0.85
  0.85       0.85      ]
 [0.6932     0.786      0.75319652 0.818      0.85       0.85
  0.85       0.85      ]
 [0.6932     0.786      0.75319652 0.818      0.85       0.85
  0.85       0.85      ]
 [0.6932     0.786      0.75319652 0.818      0.85       0.85
  0.85       0.85      ]
 [0.6932     0.786      0.75319652 0.818      0.85       0.85
  0.85       0.85      ]
 [0.6932     0.76664588 0.76226465 0.818      0.77482898 0.77190163
  0.7644923  0.7444846 ]
 [0.6932     0.76664588 0.76226465 0.818      0.77482898 0.77190163
  0.7644923  0.7444846 ]]","[[1. 1. 1. 1. 1. 1. 1. 1.]
 [1. 1. 1. 1. 1. 1. 1. 1.]
 [1. 1. 1. 1. 1. 1. 1. 1.]
 [1. 1. 1. 1. 1. 1. 1. 1.]
 [1. 1. 1. 1. 1. 1. 1. 1.]
 [1. 1. 1. 1. 1. 1. 1. 1.]
 [1. 1. 1. 1. 1. 1. 1. 1.]
 [1. 1. 1. 1. 1. 1. 1. 1.]]","[[1.         0.         0.        ]
 [0.83629452 0.         0.        ]
 [0.61488563 0.         0.        ]
 [0.61488563 0.         0.        ]
 [0.22       0.         0.        ]
 [0.22       0.         0.        ]
 [0.22       0.         0.        ]
 [0.22       0.         0.        ]]",[[80 85 90]],0.7772,0.4136478900909424
7,7,"[[0.31127508 0.31087257 0.31081531 0.03780096 0.03788206 0.03811546
  0.03898745]]","[[0.70668919 0.75241302 0.78208153 0.85       0.85       0.85
  0.85      ]
 [0.818      0.60947882 0.818      0.6308383  0.63256967 0.63646858
  0.64473718]
 [0.818      0.60947882 0.818      0.6308383  0.63256967 0.63646858
  0.64473718]
 [0.818      0.60947882 0.818      0.6308383  0.63256967 0.63646858
  0.64473718]
 [0.818      0.60947882 0.818      0.6308383  0.63256967 0.63646858
  0.64473718]
 [0.818      0.60947882 0.818      0.6308383  0.63256967 0.63646858
  0.64473718]
 [0.818      0.60947882 0.818      0.6308383  0.63256967 0.63646858
  0.64473718]]","[[1. 1. 1. 1. 1. 1. 1.]
 [1. 1. 1. 1. 1. 1. 1.]
 [1. 1. 1. 1. 1. 1. 1.]
 [1. 1. 1. 1. 1. 1. 1.]
 [1. 1. 1. 1. 1. 1. 1.]
 [1. 1. 1. 1. 1. 1. 1.]
 [1. 1. 1. 1. 1. 1. 1.]]","[[0.61488563 0.         0.        ]
 [0.61488563 0.         0.        ]
 [0.61488563 0.         0.        ]
 [0.22       0.         0.        ]
 [0.22       0.         0.        ]
 [0.22       0.         0.        ]
 [0.22       0.         0.        ]]",[[80 85 90]],0.7736,0.3448469638824463
16,16,"[[0.16539553 0.36209311 0.36224093 0.18918166 0.36218945 0.36207342
  0.36216416 0.3580946  0.35700976 0.35610532 0.35734563 0.35701677
  0.35701055 0.33538918 0.19027802 0.19035843]]","[[0.818      0.67058911 0.68331035 0.786      0.68508604 0.65881861
  0.68485732 0.6932     0.68724189 0.6932     0.41705182 0.6932
  0.68991681 0.66342645 0.71007648 0.70958009]
 [0.818      0.67058911 0.68331035 0.786      0.68508604 0.65881861
  0.68485732 0.6932     0.68724189 0.6932     0.41705182 0.6932
  0.68991681 0.66342645 0.71007648 0.70958009]
 [0.818      0.67058911 0.68331035 0.786      0.68508604 0.65881861
  0.68485732 0.6932     0.68724189 0.6932     0.41705182 0.6932
  0.68991681 0.66342645 0.71007648 0.70958009]
 [0.818      0.67058911 0.68331035 0.786      0.68508604 0.65881861
  0.68485732 0.6932     0.68724189 0.6932     0.41705182 0.6932
  0.68991681 0.66342645 0.71007648 0.70958009]
 [0.818      0.67058911 0.68331035 0.786      0.68508604 0.65881861
  0.68485732 0.6932     0.68724189 0.6932     0.41705182 0.6932
  0.68991681 0.66342645 0.71007648 0.70958009]
 [0.818      0.67058911 0.68331035 0.786      0.68508604 0.65881861
  0.68485732 0.6932     0.68724189 0.6932     0.41705182 0.6932
  0.68991681 0.66342645 0.71007648 0.70958009]
 [0.818      0.6932     0.6932     0.786      0.6932     0.6932
  0.6932     0.68979763 0.6932     0.68321802 0.68087022 0.6932
  0.6932     0.65426186 0.786      0.786     ]
 [0.818      0.6932     0.6932     0.786      0.6932     0.6932
  0.6932     0.68979763 0.6932     0.68321802 0.68087022 0.6932
  0.6932     0.65426186 0.786      0.786     ]
 [0.818      0.6932     0.6932     0.786      0.6932     0.6932
  0.6932     0.68979763 0.6932     0.68321802 0.68087022 0.6932
  0.6932     0.65426186 0.786      0.786     ]
 [0.818      0.6932     0.6932     0.786      0.6932     0.6932
  0.6932     0.68979763 0.6932     0.68321802 0.68087022 0.6932
  0.6932     0.65426186 0.786      0.786     ]
 [0.818      0.6932     0.6932     0.786      0.6932     0.6932
  0.6932     0.6932     0.6932     0.6932     0.6932     0.6932
  0.6932     0.6932     0.786      0.786     ]
 [0.818      0.6932     0.6932     0.786      0.6932     0.6932
  0.6932     0.6932     0.6932     0.6932     0.6932     0.6932
  0.6932     0.6932     0.786      0.786     ]
 [0.818      0.6932     0.6932     0.786      0.6932     0.6932
  0.6932     0.6932     0.6932     0.6932     0.6932     0.6932
  0.6932     0.6932     0.786      0.786     ]
 [0.818      0.6932     0.6932     0.786      0.6932     0.6932
  0.6932     0.6932     0.6932     0.6932     0.6932     0.6932
  0.6932     0.6932     0.786      0.786     ]
 [0.818      0.6932     0.6932     0.786      0.6932     0.6932
  0.6932     0.6932     0.6932     0.6932     0.6932     0.6932
  0.6932     0.6932     0.786      0.786     ]
 [0.818      0.6932     0.6932     0.786      0.6932     0.6932
  0.6932     0.6932     0.6932     0.6932     0.6932     0.6932
  0.6932     0.6932     0.786      0.786     ]]","[[1. 1. 1. 1. 1. 1. 1. 1. 1. 1. 1. 1. 1. 1. 1. 1.]
 [1. 1. 1. 1. 1. 1. 1. 1. 1. 1. 1. 1. 1. 1. 1. 1.]
 [1. 1. 1. 1. 1. 1. 1. 1. 1. 1. 1. 1. 1. 1. 1. 1.]
 [1. 1. 1. 1. 1. 1. 1. 1. 1. 1. 1. 1. 1. 1. 1. 1.]
 [1. 1. 1. 1. 1. 1. 1. 1. 1. 1. 1. 1. 1. 1. 1. 1.]
 [1. 1. 1. 1. 1. 1. 1. 1. 1. 1. 1. 1. 1. 1. 1. 1.]
 [1. 1. 1. 1. 1. 1. 1. 1. 1. 1. 1. 1. 1. 1. 1. 1.]
 [1. 1. 1. 1. 1. 1. 1. 1. 1. 1. 1. 1. 1. 1. 1. 1.]
 [1. 1. 1. 1. 1. 1. 1. 1. 1. 1. 1. 1. 1. 1. 1. 1.]
 [1. 1. 1. 1. 1. 1. 1. 1. 1. 1. 1. 1. 1. 1. 1. 1.]
 [1. 1. 1. 1. 1. 1. 1. 1. 1. 1. 1. 1. 1. 1. 1. 1.]
 [1. 1. 1. 1. 1. 1. 1. 1. 1. 1. 1. 1. 1. 1. 1. 1.]
 [1. 1. 1. 1. 1. 1. 1. 1. 1. 1. 1. 1. 1. 1. 1. 1.]
 [1. 1. 1. 1. 1. 1. 1. 1. 1. 1. 1. 1. 1. 1. 1. 1.]
 [1. 1. 1. 1. 1. 1. 1. 1. 1. 1. 1. 1. 1. 1. 1. 1.]
 [1. 1. 1. 1. 1. 1. 1. 1. 1. 1. 1. 1. 1. 1. 1. 1.]]","[[0.         0.69722469 0.        ]
 [0.         1.         0.        ]
 [0.         1.         0.        ]
 [0.83629452 0.         0.        ]
 [0.         1.         0.        ]
 [0.         1.         0.        ]
 [0.         1.         0.        ]
 [0.         1.         0.        ]
 [0.         0.         1.        ]
 [0.         1.         0.        ]
 [0.         0.         1.        ]
 [0.         0.         1.        ]
 [0.         0.         1.        ]
 [0.         1.         0.        ]
 [0.83629452 0.         0.        ]
 [0.83629452 0.         0.        ]]",[[80 85 90]],0.7076,1.1332364082336426
27,26,"[[0.15732493 0.3619792  0.36207508 0.18734921 0.36202343 0.36197891
  0.36199777 0.35946634 0.36202402 0.35946772 0.3570224  0.3620831
  0.36203282 0.35947039 0.18829111 0.35947064 0.18802319 0.1880537
  0.35947139 0.35700901 0.18876076 0.36267002 0.31546746 0.18429728
  0.3153993  0.30424682]]","[[0.768      0.6432     0.6432     0.736      0.6432     0.6432
  0.6432     0.6432     0.6432     0.6432     0.6432     0.6432
  0.6432     0.6432     0.736      0.6432     0.736      0.736
  0.6432     0.6432     0.736      0.6432     0.6432     0.736
  0.6432     0.672     ]
 [0.818      0.6932     0.6932     0.786      0.6932     0.6932
  0.6932     0.6932     0.6932     0.6932     0.53978428 0.6932
  0.6932     0.6932     0.786      0.6932     0.786      0.786
  0.6932     0.6932     0.786      0.68535464 0.36936368 0.43438478
  0.37522093 0.6315304 ]
 [0.818      0.6932     0.6932     0.786      0.6932     0.6932
  0.6932     0.6932     0.6932     0.6932     0.53978428 0.6932
  0.6932     0.6932     0.786      0.6932     0.786      0.786
  0.6932     0.6932     0.786      0.68535464 0.36936368 0.43438478
  0.37522093 0.6315304 ]
 [0.818      0.6932     0.6932     0.786      0.6932     0.6932
  0.6932     0.6932     0.6932     0.6932     0.53978428 0.6932
  0.6932     0.6932     0.786      0.6932     0.786      0.786
  0.6932     0.6932     0.786      0.68535464 0.36936368 0.43438478
  0.37522093 0.6315304 ]
 [0.818      0.6932     0.6932     0.786      0.6932     0.6932
  0.6932     0.6932     0.6932     0.6932     0.53978428 0.6932
  0.6932     0.6932     0.786      0.6932     0.786      0.786
  0.6932     0.6932     0.786      0.68535464 0.36936368 0.43438478
  0.37522093 0.6315304 ]
 [0.818      0.6932     0.6932     0.786      0.6932     0.6932
  0.6932     0.6932     0.6932     0.6932     0.53978428 0.6932
  0.6932     0.6932     0.786      0.6932     0.786      0.786
  0.6932     0.6932     0.786      0.68535464 0.36936368 0.43438478
  0.37522093 0.6315304 ]
 [0.818      0.6932     0.6932     0.786      0.6932     0.6932
  0.6932     0.6932     0.6932     0.6932     0.53978428 0.6932
  0.6932     0.6932     0.786      0.6932     0.786      0.786
  0.6932     0.6932     0.786      0.68535464 0.36936368 0.43438478
  0.37522093 0.6315304 ]
 [0.818      0.6932     0.6932     0.786      0.6932     0.6932
  0.6932     0.6932     0.6932     0.6932     0.6932     0.6932
  0.6932     0.6932     0.786      0.6932     0.786      0.786
  0.6932     0.6932     0.786      0.6932     0.61087225 0.67287056
  0.61477783 0.722     ]
 [0.818      0.6932     0.6932     0.786      0.6932     0.6932
  0.6932     0.6932     0.6932     0.6932     0.6932     0.6932
  0.6932     0.6932     0.786      0.6932     0.786      0.786
  0.6932     0.6932     0.786      0.6932     0.61087225 0.67287056
  0.61477783 0.722     ]
 [0.818      0.6932     0.6932     0.786      0.6932     0.6932
  0.6932     0.6932     0.6932     0.6932     0.6932     0.6932
  0.6932     0.6932     0.786      0.6932     0.786      0.786
  0.6932     0.6932     0.786      0.6932     0.61087225 0.67287056
  0.61477783 0.722     ]
 [0.818      0.6932     0.6932     0.786      0.6932     0.6932
  0.6932     0.6932     0.6932     0.6932     0.6932     0.6932
  0.6932     0.6932     0.786      0.6932     0.786      0.786
  0.6932     0.6932     0.786      0.6932     0.61087225 0.67287056
  0.61477783 0.722     ]
 [0.818      0.6932     0.6932     0.786      0.6932     0.6932
  0.6932     0.6932     0.6932     0.6932     0.6932     0.6932
  0.6932     0.6932     0.786      0.6932     0.786      0.786
  0.6932     0.6932     0.786      0.6932     0.61087225 0.67287056
  0.61477783 0.722     ]
 [0.818      0.6932     0.6932     0.786      0.6932     0.6932
  0.6932     0.6932     0.6932     0.6932     0.6932     0.6932
  0.6932     0.6932     0.786      0.6932     0.786      0.786
  0.6932     0.6932     0.786      0.6932     0.61087225 0.67287056
  0.61477783 0.722     ]
 [0.818      0.65060048 0.63565808 0.786      0.63713948 0.65798043
  0.6385543  0.6932     0.6932     0.6932     0.4165554  0.6932
  0.6932     0.6932     0.786      0.6932     0.786      0.786
  0.6932     0.6932     0.786      0.6932     0.39499883 0.46808694
  0.40240546 0.68609462]
 [0.818      0.65060048 0.63565808 0.786      0.63713948 0.65798043
  0.6385543  0.6932     0.6932     0.6932     0.4165554  0.6932
  0.6932     0.6932     0.786      0.6932     0.786      0.786
  0.6932     0.6932     0.786      0.6932     0.39499883 0.46808694
  0.40240546 0.68609462]
 [0.818      0.65060048 0.63565808 0.786      0.63713948 0.65798043
  0.6385543  0.6932     0.6932     0.6932     0.4165554  0.6932
  0.6932     0.6932     0.786      0.6932     0.786      0.786
  0.6932     0.6932     0.786      0.6932     0.39499883 0.46808694
  0.40240546 0.68609462]
 [0.818      0.65060048 0.63565808 0.786      0.63713948 0.65798043
  0.6385543  0.6932     0.6932     0.6932     0.4165554  0.6932
  0.6932     0.6932     0.786      0.6932     0.786      0.786
  0.6932     0.6932     0.786      0.6932     0.39499883 0.46808694
  0.40240546 0.68609462]
 [0.818      0.65060048 0.63565808 0.786      0.63713948 0.65798043
  0.6385543  0.6932     0.6932     0.6932     0.4165554  0.6932
  0.6932     0.6932     0.786      0.6932     0.786      0.786
  0.6932     0.6932     0.786      0.6932     0.39499883 0.46808694
  0.40240546 0.68609462]
 [0.818      0.65060048 0.63565808 0.786      0.63713948 0.65798043
  0.6385543  0.6932     0.6932     0.6932     0.4165554  0.6932
  0.6932     0.6932     0.786      0.6932     0.786      0.786
  0.6932     0.6932     0.786      0.6932     0.39499883 0.46808694
  0.40240546 0.68609462]
 [0.818      0.6932     0.6932     0.786      0.6932     0.6932
  0.6932     0.6932     0.6932     0.6932     0.6237166  0.6932
  0.6932     0.6932     0.786      0.6932     0.786      0.786
  0.6932     0.6932     0.786      0.6932     0.64664393 0.71954691
  0.65405072 0.722     ]
 [0.818      0.6932     0.6932     0.786      0.6932     0.6932
  0.6932     0.6932     0.6932     0.6932     0.6237166  0.6932
  0.6932     0.6932     0.786      0.6932     0.786      0.786
  0.6932     0.6932     0.786      0.6932     0.64664393 0.71954691
  0.65405072 0.722     ]
 [0.818      0.6932     0.6932     0.786      0.6932     0.6932
  0.6932     0.6932     0.6932     0.6932     0.6237166  0.6932
  0.6932     0.6932     0.786      0.6932     0.786      0.786
  0.6932     0.6932     0.786      0.6932     0.64664393 0.71954691
  0.65405072 0.722     ]
 [0.818      0.6932     0.6932     0.786      0.6932     0.6932
  0.6932     0.6932     0.6932     0.6932     0.6237166  0.6932
  0.6932     0.6932     0.786      0.6932     0.786      0.786
  0.6932     0.6932     0.786      0.6932     0.64664393 0.71954691
  0.65405072 0.722     ]
 [0.818      0.6932     0.6932     0.786      0.6932     0.6932
  0.6932     0.6932     0.6932     0.6932     0.6237166  0.6932
  0.6932     0.6932     0.786      0.6932     0.786      0.786
  0.6932     0.6932     0.786      0.6932     0.64664393 0.71954691
  0.65405072 0.722     ]
 [0.818      0.6932     0.6932     0.786      0.6932     0.6932
  0.6932     0.6932     0.6932     0.6932     0.6237166  0.6932
  0.6932     0.6932     0.786      0.6932     0.786      0.786
  0.6932     0.6932     0.786      0.6932     0.64664393 0.71954691
  0.65405072 0.722     ]
 [0.818      0.6932     0.6932     0.786      0.6932     0.6932
  0.6932     0.6932     0.6932     0.6932     0.6932     0.6932
  0.6932     0.6932     0.786      0.6932     0.786      0.786
  0.6932     0.6932     0.786      0.6932     0.6932     0.786
  0.6932     0.722     ]
 [0.818      0.6932     0.6932     0.786      0.6932     0.6932
  0.6932     0.6932     0.6932     0.6932     0.6932     0.6932
  0.6932     0.6932     0.786      0.6932     0.786      0.786
  0.6932     0.6932     0.786      0.6932     0.6932     0.786
  0.6932     0.722     ]]","[[1. 1. 1. 1. 1. 1. 1. 1. 1. 1. 1. 1. 1. 1. 1. 1. 1. 1. 1. 1. 1. 1. 1. 1.
  1. 1.]
 [1. 1. 1. 1. 1. 1. 1. 1. 1. 1. 1. 1. 1. 1. 1. 1. 1. 1. 1. 1. 1. 1. 0. 1.
  0. 1.]
 [1. 1. 1. 1. 1. 1. 1. 1. 1. 1. 1. 1. 1. 1. 1. 1. 1. 1. 1. 1. 1. 1. 0. 1.
  0. 1.]
 [1. 1. 1. 1. 1. 1. 1. 1. 1. 1. 1. 1. 1. 1. 1. 1. 1. 1. 1. 1. 1. 1. 0. 1.
  0. 1.]
 [1. 1. 1. 1. 1. 1. 1. 1. 1. 1. 1. 1. 1. 1. 1. 1. 1. 1. 1. 1. 1. 1. 0. 1.
  0. 1.]
 [1. 1. 1. 1. 1. 1. 1. 1. 1. 1. 1. 1. 1. 1. 1. 1. 1. 1. 1. 1. 1. 1. 0. 1.
  0. 1.]
 [1. 1. 1. 1. 1. 1. 1. 1. 1. 1. 1. 1. 1. 1. 1. 1. 1. 1. 1. 1. 1. 1. 0. 1.
  0. 1.]
 [1. 0. 0. 1. 0. 0. 0. 1. 1. 1. 1. 1. 1. 1. 1. 1. 1. 1. 1. 1. 1. 1. 1. 1.
  1. 1.]
 [1. 0. 0. 1. 0. 0. 0. 1. 1. 1. 1. 1. 1. 1. 1. 1. 1. 1. 1. 1. 1. 1. 1. 1.
  1. 1.]
 [1. 0. 0. 1. 0. 0. 0. 1. 1. 1. 1. 1. 1. 1. 1. 1. 1. 1. 1. 1. 1. 1. 1. 1.
  1. 1.]
 [1. 0. 0. 1. 0. 0. 0. 1. 1. 1. 1. 1. 1. 1. 1. 1. 1. 1. 1. 1. 1. 1. 1. 1.
  1. 1.]
 [1. 0. 0. 1. 0. 0. 0. 1. 1. 1. 1. 1. 1. 1. 1. 1. 1. 1. 1. 1. 1. 1. 1. 1.
  1. 1.]
 [1. 0. 0. 1. 0. 0. 0. 1. 1. 1. 1. 1. 1. 1. 1. 1. 1. 1. 1. 1. 1. 1. 1. 1.
  1. 1.]
 [1. 1. 1. 1. 1. 1. 1. 1. 1. 1. 0. 1. 1. 1. 1. 1. 1. 1. 1. 1. 1. 1. 0. 0.
  0. 1.]
 [1. 1. 1. 1. 1. 1. 1. 1. 1. 1. 0. 1. 1. 1. 1. 1. 1. 1. 1. 1. 1. 1. 0. 0.
  0. 1.]
 [1. 1. 1. 1. 1. 1. 1. 1. 1. 1. 0. 1. 1. 1. 1. 1. 1. 1. 1. 1. 1. 1. 0. 0.
  0. 1.]
 [1. 1. 1. 1. 1. 1. 1. 1. 1. 1. 0. 1. 1. 1. 1. 1. 1. 1. 1. 1. 1. 1. 0. 0.
  0. 1.]
 [1. 1. 1. 1. 1. 1. 1. 1. 1. 1. 0. 1. 1. 1. 1. 1. 1. 1. 1. 1. 1. 1. 0. 0.
  0. 1.]
 [1. 1. 1. 1. 1. 1. 1. 1. 1. 1. 0. 1. 1. 1. 1. 1. 1. 1. 1. 1. 1. 1. 0. 0.
  0. 1.]
 [1. 1. 1. 1. 1. 1. 1. 1. 1. 1. 1. 1. 1. 1. 1. 1. 1. 1. 1. 1. 1. 1. 1. 1.
  1. 1.]
 [1. 1. 1. 1. 1. 1. 1. 1. 1. 1. 1. 1. 1. 1. 1. 1. 1. 1. 1. 1. 1. 1. 1. 1.
  1. 1.]
 [1. 1. 1. 1. 1. 1. 1. 1. 1. 1. 1. 1. 1. 1. 1. 1. 1. 1. 1. 1. 1. 1. 1. 1.
  1. 1.]
 [1. 1. 1. 1. 1. 1. 1. 1. 1. 1. 1. 1. 1. 1. 1. 1. 1. 1. 1. 1. 1. 1. 1. 1.
  1. 1.]
 [1. 1. 1. 1. 1. 1. 1. 1. 1. 1. 1. 1. 1. 1. 1. 1. 1. 1. 1. 1. 1. 1. 1. 1.
  1. 1.]
 [1. 1. 1. 1. 1. 1. 1. 1. 1. 1. 1. 1. 1. 1. 1. 1. 1. 1. 1. 1. 1. 1. 1. 1.
  1. 1.]
 [1. 1. 1. 1. 1. 1. 1. 1. 1. 1. 1. 1. 1. 1. 1. 1. 1. 1. 1. 1. 1. 1. 1. 1.
  1. 1.]
 [1. 1. 1. 1. 1. 1. 1. 1. 1. 1. 1. 1. 1. 1. 1. 1. 1. 1. 1. 1. 1. 1. 1. 1.
  1. 1.]]","[[0.69722469 0.         0.        ]
 [0.         1.         0.        ]
 [0.         1.         0.        ]
 [0.83629452 0.         0.        ]
 [0.         1.         0.        ]
 [0.         1.         0.        ]
 [0.         1.         0.        ]
 [1.         0.         0.        ]
 [0.         1.         0.        ]
 [1.         0.         0.        ]
 [0.         0.         1.        ]
 [0.         1.         0.        ]
 [0.         1.         0.        ]
 [1.         0.         0.        ]
 [0.83629452 0.         0.        ]
 [1.         0.         0.        ]
 [0.83629452 0.         0.        ]
 [0.83629452 0.         0.        ]
 [1.         0.         0.        ]
 [0.         0.         1.        ]
 [0.83629452 0.         0.        ]
 [0.         1.         0.        ]
 [0.         0.         1.        ]
 [0.         0.         0.83629452]
 [0.         0.         1.        ]
 [0.         0.23182635 0.        ]]",[[80 85 90]],0.7083,2.603364944458008
34,33,"[[0.15540388 0.35700901 0.35700955 0.1859516  0.35700955 0.35700901
  0.35700955 0.35946371 0.36197662 0.36236402 0.35702215 0.36197745
  0.36197678 0.36196502 0.1837961  0.36196502 0.18498725 0.1837961
  0.36197028 0.36213976 0.18707183 0.35700955 0.35702148 0.1837961
  0.35702023 0.3570254  0.1837961  0.31377145 0.1837961  1.
  0.30737701 0.306572   0.30117426]]","[[0.768      0.6432     0.6432     0.736      0.6432     0.6432
  0.6432     0.6432     0.6432     0.6432     0.6432     0.6432
  0.6432     0.6432     0.736      0.6432     0.736      0.736
  0.6432     0.6432     0.736      0.6432     0.6432     0.736
  0.6432     0.6432     0.736      0.6432     0.736      0.768
  0.672      0.672      0.672     ]
 [0.768      0.6432     0.6432     0.736      0.6432     0.6432
  0.6432     0.6432     0.6432     0.6432     0.6432     0.6432
  0.6432     0.6432     0.736      0.6432     0.736      0.736
  0.6432     0.6432     0.736      0.6432     0.6432     0.736
  0.6432     0.6432     0.736      0.6432     0.736      0.768
  0.672      0.672      0.672     ]
 [0.768      0.6432     0.6432     0.736      0.6432     0.6432
  0.6432     0.6432     0.6432     0.6432     0.6432     0.6432
  0.6432     0.6432     0.736      0.6432     0.736      0.736
  0.6432     0.6432     0.736      0.6432     0.6432     0.736
  0.6432     0.6432     0.736      0.6432     0.736      0.768
  0.672      0.672      0.672     ]
 [0.768      0.6432     0.6432     0.736      0.6432     0.6432
  0.6432     0.6432     0.6432     0.6432     0.6432     0.6432
  0.6432     0.6432     0.736      0.6432     0.736      0.736
  0.6432     0.6432     0.736      0.6432     0.6432     0.736
  0.6432     0.6432     0.736      0.6432     0.736      0.768
  0.672      0.672      0.672     ]
 [0.80089197 0.6932     0.6932     0.786      0.6932     0.6932
  0.6932     0.6932     0.6932     0.6932     0.56234391 0.6932
  0.6932     0.6932     0.786      0.6932     0.786      0.786
  0.6932     0.6932     0.786      0.6932     0.50824472 0.56540461
  0.51382515 0.4502829  0.50520242 0.40079547 0.48199529 0.818
  0.722      0.69014268 0.6162306 ]
 [0.80089197 0.6932     0.6932     0.786      0.6932     0.6932
  0.6932     0.6932     0.6932     0.6932     0.56234391 0.6932
  0.6932     0.6932     0.786      0.6932     0.786      0.786
  0.6932     0.6932     0.786      0.6932     0.50824472 0.56540461
  0.51382515 0.4502829  0.50520242 0.40079547 0.48199529 0.818
  0.722      0.69014268 0.6162306 ]
 [0.80089197 0.6932     0.6932     0.786      0.6932     0.6932
  0.6932     0.6932     0.6932     0.6932     0.56234391 0.6932
  0.6932     0.6932     0.786      0.6932     0.786      0.786
  0.6932     0.6932     0.786      0.6932     0.50824472 0.56540461
  0.51382515 0.4502829  0.50520242 0.40079547 0.48199529 0.818
  0.722      0.69014268 0.6162306 ]
 [0.80089197 0.6932     0.6932     0.786      0.6932     0.6932
  0.6932     0.6932     0.6932     0.6932     0.56234391 0.6932
  0.6932     0.6932     0.786      0.6932     0.786      0.786
  0.6932     0.6932     0.786      0.6932     0.50824472 0.56540461
  0.51382515 0.4502829  0.50520242 0.40079547 0.48199529 0.818
  0.722      0.69014268 0.6162306 ]
 [0.80089197 0.6932     0.6932     0.786      0.6932     0.6932
  0.6932     0.6932     0.6932     0.6932     0.56234391 0.6932
  0.6932     0.6932     0.786      0.6932     0.786      0.786
  0.6932     0.6932     0.786      0.6932     0.50824472 0.56540461
  0.51382515 0.4502829  0.50520242 0.40079547 0.48199529 0.818
  0.722      0.69014268 0.6162306 ]
 [0.80089197 0.6932     0.6932     0.786      0.6932     0.6932
  0.6932     0.6932     0.6932     0.6932     0.56234391 0.6932
  0.6932     0.6932     0.786      0.6932     0.786      0.786
  0.6932     0.6932     0.786      0.6932     0.50824472 0.56540461
  0.51382515 0.4502829  0.50520242 0.40079547 0.48199529 0.818
  0.722      0.69014268 0.6162306 ]
 [0.818      0.6932     0.6932     0.786      0.6932     0.6932
  0.6932     0.6932     0.6932     0.6932     0.6932     0.6932
  0.6932     0.6932     0.786      0.6932     0.786      0.786
  0.6932     0.6932     0.786      0.6932     0.6932     0.786
  0.6932     0.6932     0.7717367  0.65093324 0.73047651 0.71737699
  0.722      0.722      0.722     ]
 [0.818      0.6932     0.6932     0.786      0.6932     0.6932
  0.6932     0.6932     0.6932     0.6932     0.6932     0.6932
  0.6932     0.6932     0.786      0.6932     0.786      0.786
  0.6932     0.6932     0.786      0.6932     0.6932     0.786
  0.6932     0.6932     0.7717367  0.65093324 0.73047651 0.71737699
  0.722      0.722      0.722     ]
 [0.818      0.6932     0.6932     0.786      0.6932     0.6932
  0.6932     0.6932     0.6932     0.6932     0.6932     0.6932
  0.6932     0.6932     0.786      0.6932     0.786      0.786
  0.6932     0.6932     0.786      0.6932     0.6932     0.786
  0.6932     0.6932     0.7717367  0.65093324 0.73047651 0.71737699
  0.722      0.722      0.722     ]
 [0.818      0.6932     0.6932     0.786      0.6932     0.6932
  0.6932     0.6932     0.6932     0.6932     0.6932     0.6932
  0.6932     0.6932     0.786      0.6932     0.786      0.786
  0.6932     0.6932     0.786      0.6932     0.6932     0.786
  0.6932     0.6932     0.7717367  0.65093324 0.73047651 0.71737699
  0.722      0.722      0.722     ]
 [0.818      0.6932     0.6932     0.786      0.6932     0.6932
  0.6932     0.6932     0.6932     0.6932     0.6932     0.6932
  0.6932     0.6932     0.786      0.6932     0.786      0.786
  0.6932     0.6932     0.786      0.6932     0.6932     0.786
  0.6932     0.6932     0.7717367  0.65093324 0.73047651 0.71737699
  0.722      0.722      0.722     ]
 [0.818      0.6932     0.6932     0.786      0.6932     0.6932
  0.6932     0.6932     0.6932     0.6932     0.6932     0.6932
  0.6932     0.6932     0.786      0.6932     0.786      0.786
  0.6932     0.6932     0.786      0.6932     0.6932     0.786
  0.6932     0.6932     0.7717367  0.65093324 0.73047651 0.71737699
  0.722      0.722      0.722     ]
 [0.818      0.50194295 0.48279061 0.76216147 0.48325903 0.51407584
  0.4846109  0.68027862 0.57941002 0.69136917 0.33856726 0.57012533
  0.57651684 0.6932     0.786      0.6932     0.786      0.786
  0.6932     0.65380636 0.786      0.6932     0.43295655 0.51575936
  0.43900016 0.412121   0.49029763 0.41019735 0.49546652 0.818
  0.70056207 0.70804696 0.67485852]
 [0.818      0.50194295 0.48279061 0.76216147 0.48325903 0.51407584
  0.4846109  0.68027862 0.57941002 0.69136917 0.33856726 0.57012533
  0.57651684 0.6932     0.786      0.6932     0.786      0.786
  0.6932     0.65380636 0.786      0.6932     0.43295655 0.51575936
  0.43900016 0.412121   0.49029763 0.41019735 0.49546652 0.818
  0.70056207 0.70804696 0.67485852]
 [0.818      0.50194295 0.48279061 0.76216147 0.48325903 0.51407584
  0.4846109  0.68027862 0.57941002 0.69136917 0.33856726 0.57012533
  0.57651684 0.6932     0.786      0.6932     0.786      0.786
  0.6932     0.65380636 0.786      0.6932     0.43295655 0.51575936
  0.43900016 0.412121   0.49029763 0.41019735 0.49546652 0.818
  0.70056207 0.70804696 0.67485852]
 [0.818      0.50194295 0.48279061 0.76216147 0.48325903 0.51407584
  0.4846109  0.68027862 0.57941002 0.69136917 0.33856726 0.57012533
  0.57651684 0.6932     0.786      0.6932     0.786      0.786
  0.6932     0.65380636 0.786      0.6932     0.43295655 0.51575936
  0.43900016 0.412121   0.49029763 0.41019735 0.49546652 0.818
  0.70056207 0.70804696 0.67485852]
 [0.818      0.50194295 0.48279061 0.76216147 0.48325903 0.51407584
  0.4846109  0.68027862 0.57941002 0.69136917 0.33856726 0.57012533
  0.57651684 0.6932     0.786      0.6932     0.786      0.786
  0.6932     0.65380636 0.786      0.6932     0.43295655 0.51575936
  0.43900016 0.412121   0.49029763 0.41019735 0.49546652 0.818
  0.70056207 0.70804696 0.67485852]
 [0.818      0.50194295 0.48279061 0.76216147 0.48325903 0.51407584
  0.4846109  0.68027862 0.57941002 0.69136917 0.33856726 0.57012533
  0.57651684 0.6932     0.786      0.6932     0.786      0.786
  0.6932     0.65380636 0.786      0.6932     0.43295655 0.51575936
  0.43900016 0.412121   0.49029763 0.41019735 0.49546652 0.818
  0.70056207 0.70804696 0.67485852]
 [0.818      0.55455579 0.53108918 0.786      0.5312824  0.57021393
  0.53281369 0.65433923 0.62340452 0.66886059 0.48200507 0.61269424
  0.61995934 0.6932     0.786      0.6932     0.786      0.786
  0.6932     0.6932     0.786      0.6932     0.66197374 0.75459665
  0.66782819 0.65471208 0.73836072 0.66112959 0.74672604 0.818
  0.722      0.722      0.722     ]
 [0.818      0.55455579 0.53108918 0.786      0.5312824  0.57021393
  0.53281369 0.65433923 0.62340452 0.66886059 0.48200507 0.61269424
  0.61995934 0.6932     0.786      0.6932     0.786      0.786
  0.6932     0.6932     0.786      0.6932     0.66197374 0.75459665
  0.66782819 0.65471208 0.73836072 0.66112959 0.74672604 0.818
  0.722      0.722      0.722     ]
 [0.818      0.55455579 0.53108918 0.786      0.5312824  0.57021393
  0.53281369 0.65433923 0.62340452 0.66886059 0.48200507 0.61269424
  0.61995934 0.6932     0.786      0.6932     0.786      0.786
  0.6932     0.6932     0.786      0.6932     0.66197374 0.75459665
  0.66782819 0.65471208 0.73836072 0.66112959 0.74672604 0.818
  0.722      0.722      0.722     ]
 [0.818      0.55455579 0.53108918 0.786      0.5312824  0.57021393
  0.53281369 0.65433923 0.62340452 0.66886059 0.48200507 0.61269424
  0.61995934 0.6932     0.786      0.6932     0.786      0.786
  0.6932     0.6932     0.786      0.6932     0.66197374 0.75459665
  0.66782819 0.65471208 0.73836072 0.66112959 0.74672604 0.818
  0.722      0.722      0.722     ]
 [0.818      0.55455579 0.53108918 0.786      0.5312824  0.57021393
  0.53281369 0.65433923 0.62340452 0.66886059 0.48200507 0.61269424
  0.61995934 0.6932     0.786      0.6932     0.786      0.786
  0.6932     0.6932     0.786      0.6932     0.66197374 0.75459665
  0.66782819 0.65471208 0.73836072 0.66112959 0.74672604 0.818
  0.722      0.722      0.722     ]
 [0.818      0.55455579 0.53108918 0.786      0.5312824  0.57021393
  0.53281369 0.65433923 0.62340452 0.66886059 0.48200507 0.61269424
  0.61995934 0.6932     0.786      0.6932     0.786      0.786
  0.6932     0.6932     0.786      0.6932     0.66197374 0.75459665
  0.66782819 0.65471208 0.73836072 0.66112959 0.74672604 0.818
  0.722      0.722      0.722     ]
 [0.818      0.58226639 0.55856864 0.76898754 0.55843673 0.59859746
  0.55988388 0.58369401 0.62702087 0.59749847 0.62598416 0.61740489
  0.62384135 0.63797006 0.786      0.6439139  0.786      0.786
  0.67532527 0.6932     0.786      0.6932     0.6932     0.786
  0.6932     0.6932     0.786      0.6932     0.786      0.80964452
  0.722      0.722      0.722     ]
 [0.818      0.58226639 0.55856864 0.76898754 0.55843673 0.59859746
  0.55988388 0.58369401 0.62702087 0.59749847 0.62598416 0.61740489
  0.62384135 0.63797006 0.786      0.6439139  0.786      0.786
  0.67532527 0.6932     0.786      0.6932     0.6932     0.786
  0.6932     0.6932     0.786      0.6932     0.786      0.80964452
  0.722      0.722      0.722     ]
 [0.818      0.58226639 0.55856864 0.76898754 0.55843673 0.59859746
  0.55988388 0.58369401 0.62702087 0.59749847 0.62598416 0.61740489
  0.62384135 0.63797006 0.786      0.6439139  0.786      0.786
  0.67532527 0.6932     0.786      0.6932     0.6932     0.786
  0.6932     0.6932     0.786      0.6932     0.786      0.80964452
  0.722      0.722      0.722     ]
 [0.818      0.58226639 0.55856864 0.76898754 0.55843673 0.59859746
  0.55988388 0.58369401 0.62702087 0.59749847 0.62598416 0.61740489
  0.62384135 0.63797006 0.786      0.6439139  0.786      0.786
  0.67532527 0.6932     0.786      0.6932     0.6932     0.786
  0.6932     0.6932     0.786      0.6932     0.786      0.80964452
  0.722      0.722      0.722     ]
 [0.818      0.58226639 0.55856864 0.76898754 0.55843673 0.59859746
  0.55988388 0.58369401 0.62702087 0.59749847 0.62598416 0.61740489
  0.62384135 0.63797006 0.786      0.6439139  0.786      0.786
  0.67532527 0.6932     0.786      0.6932     0.6932     0.786
  0.6932     0.6932     0.786      0.6932     0.786      0.80964452
  0.722      0.722      0.722     ]
 [0.818      0.58226639 0.55856864 0.76898754 0.55843673 0.59859746
  0.55988388 0.58369401 0.62702087 0.59749847 0.62598416 0.61740489
  0.62384135 0.63797006 0.786      0.6439139  0.786      0.786
  0.67532527 0.6932     0.786      0.6932     0.6932     0.786
  0.6932     0.6932     0.786      0.6932     0.786      0.80964452
  0.722      0.722      0.722     ]]","[[1. 1. 1. 1. 1. 1. 1. 1. 0. 1. 1. 0. 0. 1. 1. 1. 1. 1. 1. 1. 1. 1. 1. 1.
  1. 1. 1. 1. 1. 1. 1. 1. 1.]
 [1. 1. 1. 1. 1. 1. 1. 1. 0. 1. 1. 0. 0. 1. 1. 1. 1. 1. 1. 1. 1. 1. 1. 1.
  1. 1. 1. 1. 1. 1. 1. 1. 1.]
 [1. 1. 1. 1. 1. 1. 1. 1. 0. 1. 1. 0. 0. 1. 1. 1. 1. 1. 1. 1. 1. 1. 1. 1.
  1. 1. 1. 1. 1. 1. 1. 1. 1.]
 [1. 1. 1. 1. 1. 1. 1. 1. 0. 1. 1. 0. 0. 1. 1. 1. 1. 1. 1. 1. 1. 1. 1. 1.
  1. 1. 1. 1. 1. 1. 1. 1. 1.]
 [1. 1. 1. 1. 1. 1. 1. 1. 1. 1. 1. 1. 1. 1. 1. 1. 1. 1. 1. 1. 1. 1. 1. 1.
  1. 1. 1. 1. 1. 1. 1. 1. 1.]
 [1. 1. 1. 1. 1. 1. 1. 1. 1. 1. 1. 1. 1. 1. 1. 1. 1. 1. 1. 1. 1. 1. 1. 1.
  1. 1. 1. 1. 1. 1. 1. 1. 1.]
 [1. 1. 1. 1. 1. 1. 1. 1. 1. 1. 1. 1. 1. 1. 1. 1. 1. 1. 1. 1. 1. 1. 1. 1.
  1. 1. 1. 1. 1. 1. 1. 1. 1.]
 [1. 1. 1. 1. 1. 1. 1. 1. 1. 1. 1. 1. 1. 1. 1. 1. 1. 1. 1. 1. 1. 1. 1. 1.
  1. 1. 1. 1. 1. 1. 1. 1. 1.]
 [1. 1. 1. 1. 1. 1. 1. 1. 1. 1. 1. 1. 1. 1. 1. 1. 1. 1. 1. 1. 1. 1. 1. 1.
  1. 1. 1. 1. 1. 1. 1. 1. 1.]
 [1. 1. 1. 1. 1. 1. 1. 1. 1. 1. 1. 1. 1. 1. 1. 1. 1. 1. 1. 1. 1. 1. 1. 1.
  1. 1. 1. 1. 1. 1. 1. 1. 1.]
 [1. 1. 1. 1. 1. 1. 1. 1. 1. 1. 1. 1. 1. 1. 1. 1. 1. 1. 1. 1. 1. 1. 1. 1.
  1. 1. 1. 1. 1. 1. 1. 1. 1.]
 [1. 1. 1. 1. 1. 1. 1. 1. 1. 1. 1. 1. 1. 1. 1. 1. 1. 1. 1. 1. 1. 1. 1. 1.
  1. 1. 1. 1. 1. 1. 1. 1. 1.]
 [1. 1. 1. 1. 1. 1. 1. 1. 1. 1. 1. 1. 1. 1. 1. 1. 1. 1. 1. 1. 1. 1. 1. 1.
  1. 1. 1. 1. 1. 1. 1. 1. 1.]
 [1. 1. 1. 1. 1. 1. 1. 1. 1. 1. 1. 1. 1. 1. 1. 1. 1. 1. 1. 1. 1. 1. 1. 1.
  1. 1. 1. 1. 1. 1. 1. 1. 1.]
 [1. 1. 1. 1. 1. 1. 1. 1. 1. 1. 1. 1. 1. 1. 1. 1. 1. 1. 1. 1. 1. 1. 1. 1.
  1. 1. 1. 1. 1. 1. 1. 1. 1.]
 [1. 1. 1. 1. 1. 1. 1. 1. 1. 1. 1. 1. 1. 1. 1. 1. 1. 1. 1. 1. 1. 1. 1. 1.
  1. 1. 1. 1. 1. 1. 1. 1. 1.]
 [1. 1. 1. 1. 1. 1. 1. 1. 1. 1. 0. 1. 1. 1. 1. 1. 1. 1. 1. 1. 1. 1. 0. 0.
  1. 0. 0. 0. 0. 1. 1. 1. 1.]
 [1. 1. 1. 1. 1. 1. 1. 1. 1. 1. 0. 1. 1. 1. 1. 1. 1. 1. 1. 1. 1. 1. 0. 0.
  1. 0. 0. 0. 0. 1. 1. 1. 1.]
 [1. 1. 1. 1. 1. 1. 1. 1. 1. 1. 0. 1. 1. 1. 1. 1. 1. 1. 1. 1. 1. 1. 0. 0.
  1. 0. 0. 0. 0. 1. 1. 1. 1.]
 [1. 1. 1. 1. 1. 1. 1. 1. 1. 1. 0. 1. 1. 1. 1. 1. 1. 1. 1. 1. 1. 1. 0. 0.
  1. 0. 0. 0. 0. 1. 1. 1. 1.]
 [1. 1. 1. 1. 1. 1. 1. 1. 1. 1. 0. 1. 1. 1. 1. 1. 1. 1. 1. 1. 1. 1. 0. 0.
  1. 0. 0. 0. 0. 1. 1. 1. 1.]
 [1. 1. 1. 1. 1. 1. 1. 1. 1. 1. 0. 1. 1. 1. 1. 1. 1. 1. 1. 1. 1. 1. 0. 0.
  1. 0. 0. 0. 0. 1. 1. 1. 1.]
 [1. 1. 1. 1. 1. 1. 1. 1. 1. 1. 1. 1. 1. 1. 1. 1. 1. 1. 1. 1. 1. 1. 1. 1.
  1. 1. 1. 1. 1. 1. 1. 1. 1.]
 [1. 1. 1. 1. 1. 1. 1. 1. 1. 1. 1. 1. 1. 1. 1. 1. 1. 1. 1. 1. 1. 1. 1. 1.
  1. 1. 1. 1. 1. 1. 1. 1. 1.]
 [1. 1. 1. 1. 1. 1. 1. 1. 1. 1. 1. 1. 1. 1. 1. 1. 1. 1. 1. 1. 1. 1. 1. 1.
  1. 1. 1. 1. 1. 1. 1. 1. 1.]
 [1. 1. 1. 1. 1. 1. 1. 1. 1. 1. 1. 1. 1. 1. 1. 1. 1. 1. 1. 1. 1. 1. 1. 1.
  1. 1. 1. 1. 1. 1. 1. 1. 1.]
 [1. 1. 1. 1. 1. 1. 1. 1. 1. 1. 1. 1. 1. 1. 1. 1. 1. 1. 1. 1. 1. 1. 1. 1.
  1. 1. 1. 1. 1. 1. 1. 1. 1.]
 [1. 1. 1. 1. 1. 1. 1. 1. 1. 1. 1. 1. 1. 1. 1. 1. 1. 1. 1. 1. 1. 1. 1. 1.
  1. 1. 1. 1. 1. 1. 1. 1. 1.]
 [1. 1. 1. 1. 1. 1. 1. 1. 1. 1. 1. 1. 1. 1. 1. 1. 1. 1. 1. 1. 1. 1. 1. 1.
  1. 1. 1. 1. 1. 1. 1. 1. 1.]
 [1. 1. 1. 1. 1. 1. 1. 1. 1. 1. 1. 1. 1. 1. 1. 1. 1. 1. 1. 1. 1. 1. 1. 1.
  1. 1. 1. 1. 1. 1. 1. 1. 1.]
 [1. 1. 1. 1. 1. 1. 1. 1. 1. 1. 1. 1. 1. 1. 1. 1. 1. 1. 1. 1. 1. 1. 1. 1.
  1. 1. 1. 1. 1. 1. 1. 1. 1.]
 [1. 1. 1. 1. 1. 1. 1. 1. 1. 1. 1. 1. 1. 1. 1. 1. 1. 1. 1. 1. 1. 1. 1. 1.
  1. 1. 1. 1. 1. 1. 1. 1. 1.]
 [1. 1. 1. 1. 1. 1. 1. 1. 1. 1. 1. 1. 1. 1. 1. 1. 1. 1. 1. 1. 1. 1. 1. 1.
  1. 1. 1. 1. 1. 1. 1. 1. 1.]
 [1. 1. 1. 1. 1. 1. 1. 1. 1. 1. 1. 1. 1. 1. 1. 1. 1. 1. 1. 1. 1. 1. 1. 1.
  1. 1. 1. 1. 1. 1. 1. 1. 1.]]","[[0.69722469 0.         0.        ]
 [0.         0.         1.        ]
 [0.         0.         1.        ]
 [0.83629452 0.         0.        ]
 [0.         0.         1.        ]
 [0.         0.         1.        ]
 [0.         0.         1.        ]
 [1.         0.         0.        ]
 [0.         1.         0.        ]
 [0.         1.         0.        ]
 [0.         0.         1.        ]
 [0.         1.         0.        ]
 [0.         1.         0.        ]
 [0.         1.         0.        ]
 [0.         0.         0.83629452]
 [0.         1.         0.        ]
 [0.         0.         0.83629452]
 [0.         0.         0.83629452]
 [0.         1.         0.        ]
 [0.         1.         0.        ]
 [0.83629452 0.         0.        ]
 [0.         0.         1.        ]
 [0.         0.         1.        ]
 [0.         0.         0.83629452]
 [0.         0.         1.        ]
 [0.         0.         1.        ]
 [0.         0.         0.83629452]
 [0.         0.         1.        ]
 [0.         0.         0.83629452]
 [0.         1.         0.        ]
 [0.         0.23182635 0.        ]
 [0.         0.23182635 0.        ]
 [0.         0.23182635 0.        ]]",[[80 85 90]],0.7194,3.852210283279419
38,37,"[[0.15362589 0.18484418 0.35946179 0.36197541 0.35946308 0.36197624
  0.36197553 0.35946496 0.18544756 0.35946517 0.18528392 0.18529912
  0.35946621 0.36202936 0.18574103 0.36234032 0.35701889 0.1837961
  0.35701764 0.35702261 0.1837961  0.35701998 0.1837961  0.1837961
  0.1837961  0.18386228 1.         1.         1.         1.
  0.31013181 1.         0.30997499 0.30419094 0.3097926  0.16611503
  0.16624362]]","[[0.768      0.736      0.6432     0.6432     0.6432     0.6432
  0.6432     0.6432     0.736      0.6432     0.736      0.736
  0.6432     0.6432     0.736      0.6432     0.6432     0.736
  0.6432     0.6432     0.736      0.6432     0.736      0.736
  0.736      0.736      0.768      0.768      0.768      0.768
  0.672      0.768      0.672      0.672      0.768      0.768
  0.768     ]
 [0.768      0.736      0.6432     0.6432     0.6432     0.6432
  0.6432     0.6432     0.736      0.6432     0.736      0.736
  0.6432     0.6432     0.736      0.6432     0.6432     0.736
  0.6432     0.6432     0.736      0.6432     0.736      0.736
  0.736      0.736      0.768      0.768      0.768      0.768
  0.672      0.768      0.672      0.672      0.768      0.768
  0.768     ]
 [0.768      0.736      0.6432     0.6432     0.6432     0.6432
  0.6432     0.6432     0.736      0.6432     0.736      0.736
  0.6432     0.6432     0.736      0.6432     0.6432     0.736
  0.6432     0.6432     0.736      0.6432     0.736      0.736
  0.736      0.736      0.768      0.768      0.768      0.768
  0.672      0.768      0.672      0.672      0.768      0.768
  0.768     ]
 [0.768      0.736      0.6432     0.6432     0.6432     0.6432
  0.6432     0.6432     0.736      0.6432     0.736      0.736
  0.6432     0.6432     0.736      0.6432     0.6432     0.736
  0.6432     0.6432     0.736      0.6432     0.736      0.736
  0.736      0.736      0.768      0.768      0.768      0.768
  0.672      0.768      0.672      0.672      0.768      0.768
  0.768     ]
 [0.768      0.736      0.6432     0.6432     0.6432     0.6432
  0.6432     0.6432     0.736      0.6432     0.736      0.736
  0.6432     0.6432     0.736      0.6432     0.6432     0.736
  0.6432     0.6432     0.736      0.6432     0.736      0.736
  0.736      0.736      0.768      0.768      0.768      0.768
  0.672      0.768      0.672      0.672      0.768      0.768
  0.768     ]
 [0.768      0.736      0.6432     0.6432     0.6432     0.6432
  0.6432     0.6432     0.736      0.6432     0.736      0.736
  0.6432     0.6432     0.736      0.6432     0.6432     0.736
  0.6432     0.6432     0.736      0.6432     0.736      0.736
  0.736      0.736      0.768      0.768      0.768      0.768
  0.672      0.768      0.672      0.672      0.768      0.768
  0.768     ]
 [0.768      0.736      0.6432     0.6432     0.6432     0.6432
  0.6432     0.6432     0.736      0.6432     0.736      0.736
  0.6432     0.6432     0.736      0.6432     0.6432     0.736
  0.6432     0.6432     0.736      0.6432     0.736      0.736
  0.736      0.736      0.768      0.768      0.768      0.768
  0.672      0.768      0.672      0.672      0.768      0.768
  0.768     ]
 [0.768      0.736      0.6432     0.6432     0.6432     0.6432
  0.6432     0.6432     0.736      0.6432     0.736      0.736
  0.6432     0.6432     0.736      0.6432     0.6432     0.736
  0.6432     0.6432     0.736      0.6432     0.736      0.736
  0.736      0.736      0.768      0.768      0.768      0.768
  0.672      0.768      0.672      0.672      0.768      0.768
  0.768     ]
 [0.69980075 0.786      0.6932     0.66856165 0.6932     0.65911593
  0.66550787 0.6932     0.786      0.6932     0.786      0.786
  0.6932     0.6932     0.786      0.6932     0.57410053 0.6448564
  0.57836788 0.55268625 0.60955528 0.53447584 0.60061852 0.54154585
  0.50690833 0.45661311 0.818      0.818      0.818      0.818
  0.722      0.818      0.722      0.722      0.81492384 0.818
  0.818     ]
 [0.69980075 0.786      0.6932     0.66856165 0.6932     0.65911593
  0.66550787 0.6932     0.786      0.6932     0.786      0.786
  0.6932     0.6932     0.786      0.6932     0.57410053 0.6448564
  0.57836788 0.55268625 0.60955528 0.53447584 0.60061852 0.54154585
  0.50690833 0.45661311 0.818      0.818      0.818      0.818
  0.722      0.818      0.722      0.722      0.81492384 0.818
  0.818     ]
 [0.69980075 0.786      0.6932     0.66856165 0.6932     0.65911593
  0.66550787 0.6932     0.786      0.6932     0.786      0.786
  0.6932     0.6932     0.786      0.6932     0.57410053 0.6448564
  0.57836788 0.55268625 0.60955528 0.53447584 0.60061852 0.54154585
  0.50690833 0.45661311 0.818      0.818      0.818      0.818
  0.722      0.818      0.722      0.722      0.81492384 0.818
  0.818     ]
 [0.69980075 0.786      0.6932     0.66856165 0.6932     0.65911593
  0.66550787 0.6932     0.786      0.6932     0.786      0.786
  0.6932     0.6932     0.786      0.6932     0.57410053 0.6448564
  0.57836788 0.55268625 0.60955528 0.53447584 0.60061852 0.54154585
  0.50690833 0.45661311 0.818      0.818      0.818      0.818
  0.722      0.818      0.722      0.722      0.81492384 0.818
  0.818     ]
 [0.69980075 0.786      0.6932     0.66856165 0.6932     0.65911593
  0.66550787 0.6932     0.786      0.6932     0.786      0.786
  0.6932     0.6932     0.786      0.6932     0.57410053 0.6448564
  0.57836788 0.55268625 0.60955528 0.53447584 0.60061852 0.54154585
  0.50690833 0.45661311 0.818      0.818      0.818      0.818
  0.722      0.818      0.722      0.722      0.81492384 0.818
  0.818     ]
 [0.69980075 0.786      0.6932     0.66856165 0.6932     0.65911593
  0.66550787 0.6932     0.786      0.6932     0.786      0.786
  0.6932     0.6932     0.786      0.6932     0.57410053 0.6448564
  0.57836788 0.55268625 0.60955528 0.53447584 0.60061852 0.54154585
  0.50690833 0.45661311 0.818      0.818      0.818      0.818
  0.722      0.818      0.722      0.722      0.81492384 0.818
  0.818     ]
 [0.818      0.786      0.64356239 0.67686464 0.65681081 0.66651382
  0.67350276 0.6932     0.786      0.6932     0.786      0.786
  0.6932     0.6932     0.786      0.6932     0.6932     0.786
  0.6932     0.6932     0.786      0.6932     0.786      0.786
  0.76432205 0.70522788 0.818      0.76406893 0.79081379 0.79067833
  0.722      0.76446658 0.722      0.722      0.75146492 0.818
  0.818     ]
 [0.818      0.786      0.64356239 0.67686464 0.65681081 0.66651382
  0.67350276 0.6932     0.786      0.6932     0.786      0.786
  0.6932     0.6932     0.786      0.6932     0.6932     0.786
  0.6932     0.6932     0.786      0.6932     0.786      0.786
  0.76432205 0.70522788 0.818      0.76406893 0.79081379 0.79067833
  0.722      0.76446658 0.722      0.722      0.75146492 0.818
  0.818     ]
 [0.818      0.786      0.64356239 0.67686464 0.65681081 0.66651382
  0.67350276 0.6932     0.786      0.6932     0.786      0.786
  0.6932     0.6932     0.786      0.6932     0.6932     0.786
  0.6932     0.6932     0.786      0.6932     0.786      0.786
  0.76432205 0.70522788 0.818      0.76406893 0.79081379 0.79067833
  0.722      0.76446658 0.722      0.722      0.75146492 0.818
  0.818     ]
 [0.818      0.786      0.64356239 0.67686464 0.65681081 0.66651382
  0.67350276 0.6932     0.786      0.6932     0.786      0.786
  0.6932     0.6932     0.786      0.6932     0.6932     0.786
  0.6932     0.6932     0.786      0.6932     0.786      0.786
  0.76432205 0.70522788 0.818      0.76406893 0.79081379 0.79067833
  0.722      0.76446658 0.722      0.722      0.75146492 0.818
  0.818     ]
 [0.818      0.786      0.64356239 0.67686464 0.65681081 0.66651382
  0.67350276 0.6932     0.786      0.6932     0.786      0.786
  0.6932     0.6932     0.786      0.6932     0.6932     0.786
  0.6932     0.6932     0.786      0.6932     0.786      0.786
  0.76432205 0.70522788 0.818      0.76406893 0.79081379 0.79067833
  0.722      0.76446658 0.722      0.722      0.75146492 0.818
  0.818     ]
 [0.818      0.786      0.64356239 0.67686464 0.65681081 0.66651382
  0.67350276 0.6932     0.786      0.6932     0.786      0.786
  0.6932     0.6932     0.786      0.6932     0.6932     0.786
  0.6932     0.6932     0.786      0.6932     0.786      0.786
  0.76432205 0.70522788 0.818      0.76406893 0.79081379 0.79067833
  0.722      0.76446658 0.722      0.722      0.75146492 0.818
  0.818     ]
 [0.80221306 0.5952504  0.44021197 0.35924864 0.45324045 0.34956511
  0.35611398 0.49604612 0.69500163 0.50254041 0.66543834 0.66960443
  0.53732138 0.45055751 0.72535939 0.56356704 0.38643718 0.50045477
  0.39026951 0.40197139 0.50381212 0.43478171 0.52451514 0.50227598
  0.50440962 0.47387532 0.818      0.818      0.818      0.818
  0.57519011 0.818      0.68041694 0.69939306 0.818      0.818
  0.818     ]
 [0.80221306 0.5952504  0.44021197 0.35924864 0.45324045 0.34956511
  0.35611398 0.49604612 0.69500163 0.50254041 0.66543834 0.66960443
  0.53732138 0.45055751 0.72535939 0.56356704 0.38643718 0.50045477
  0.39026951 0.40197139 0.50381212 0.43478171 0.52451514 0.50227598
  0.50440962 0.47387532 0.818      0.818      0.818      0.818
  0.57519011 0.818      0.68041694 0.69939306 0.818      0.818
  0.818     ]
 [0.80221306 0.5952504  0.44021197 0.35924864 0.45324045 0.34956511
  0.35611398 0.49604612 0.69500163 0.50254041 0.66543834 0.66960443
  0.53732138 0.45055751 0.72535939 0.56356704 0.38643718 0.50045477
  0.39026951 0.40197139 0.50381212 0.43478171 0.52451514 0.50227598
  0.50440962 0.47387532 0.818      0.818      0.818      0.818
  0.57519011 0.818      0.68041694 0.69939306 0.818      0.818
  0.818     ]
 [0.80221306 0.5952504  0.44021197 0.35924864 0.45324045 0.34956511
  0.35611398 0.49604612 0.69500163 0.50254041 0.66543834 0.66960443
  0.53732138 0.45055751 0.72535939 0.56356704 0.38643718 0.50045477
  0.39026951 0.40197139 0.50381212 0.43478171 0.52451514 0.50227598
  0.50440962 0.47387532 0.818      0.818      0.818      0.818
  0.57519011 0.818      0.68041694 0.69939306 0.818      0.818
  0.818     ]
 [0.80221306 0.5952504  0.44021197 0.35924864 0.45324045 0.34956511
  0.35611398 0.49604612 0.69500163 0.50254041 0.66543834 0.66960443
  0.53732138 0.45055751 0.72535939 0.56356704 0.38643718 0.50045477
  0.39026951 0.40197139 0.50381212 0.43478171 0.52451514 0.50227598
  0.50440962 0.47387532 0.818      0.818      0.818      0.818
  0.57519011 0.818      0.68041694 0.69939306 0.818      0.818
  0.818     ]
 [0.80221306 0.5952504  0.44021197 0.35924864 0.45324045 0.34956511
  0.35611398 0.49604612 0.69500163 0.50254041 0.66543834 0.66960443
  0.53732138 0.45055751 0.72535939 0.56356704 0.38643718 0.50045477
  0.39026951 0.40197139 0.50381212 0.43478171 0.52451514 0.50227598
  0.50440962 0.47387532 0.818      0.818      0.818      0.818
  0.57519011 0.818      0.68041694 0.69939306 0.818      0.818
  0.818     ]
 [0.818      0.5884942  0.39909889 0.36938898 0.41341517 0.35879485
  0.36595146 0.45949992 0.70450949 0.46650007 0.67256359 0.67586192
  0.5042129  0.47223524 0.75710321 0.60895771 0.55479367 0.69608774
  0.5579131  0.5942094  0.7205528  0.6526987  0.75327484 0.7446597
  0.75409644 0.72539618 0.818      0.818      0.818      0.818
  0.64204954 0.818      0.722      0.722      0.818      0.818
  0.818     ]
 [0.818      0.5884942  0.39909889 0.36938898 0.41341517 0.35879485
  0.36595146 0.45949992 0.70450949 0.46650007 0.67256359 0.67586192
  0.5042129  0.47223524 0.75710321 0.60895771 0.55479367 0.69608774
  0.5579131  0.5942094  0.7205528  0.6526987  0.75327484 0.7446597
  0.75409644 0.72539618 0.818      0.818      0.818      0.818
  0.64204954 0.818      0.722      0.722      0.818      0.818
  0.818     ]
 [0.818      0.5884942  0.39909889 0.36938898 0.41341517 0.35879485
  0.36595146 0.45949992 0.70450949 0.46650007 0.67256359 0.67586192
  0.5042129  0.47223524 0.75710321 0.60895771 0.55479367 0.69608774
  0.5579131  0.5942094  0.7205528  0.6526987  0.75327484 0.7446597
  0.75409644 0.72539618 0.818      0.818      0.818      0.818
  0.64204954 0.818      0.722      0.722      0.818      0.818
  0.818     ]
 [0.818      0.5884942  0.39909889 0.36938898 0.41341517 0.35879485
  0.36595146 0.45949992 0.70450949 0.46650007 0.67256359 0.67586192
  0.5042129  0.47223524 0.75710321 0.60895771 0.55479367 0.69608774
  0.5579131  0.5942094  0.7205528  0.6526987  0.75327484 0.7446597
  0.75409644 0.72539618 0.818      0.818      0.818      0.818
  0.64204954 0.818      0.722      0.722      0.818      0.818
  0.818     ]
 [0.818      0.5884942  0.39909889 0.36938898 0.41341517 0.35879485
  0.36595146 0.45949992 0.70450949 0.46650007 0.67256359 0.67586192
  0.5042129  0.47223524 0.75710321 0.60895771 0.55479367 0.69608774
  0.5579131  0.5942094  0.7205528  0.6526987  0.75327484 0.7446597
  0.75409644 0.72539618 0.818      0.818      0.818      0.818
  0.64204954 0.818      0.722      0.722      0.818      0.818
  0.818     ]
 [0.818      0.5884942  0.39909889 0.36938898 0.41341517 0.35879485
  0.36595146 0.45949992 0.70450949 0.46650007 0.67256359 0.67586192
  0.5042129  0.47223524 0.75710321 0.60895771 0.55479367 0.69608774
  0.5579131  0.5942094  0.7205528  0.6526987  0.75327484 0.7446597
  0.75409644 0.72539618 0.818      0.818      0.818      0.818
  0.64204954 0.818      0.722      0.722      0.818      0.818
  0.818     ]
 [0.818      0.56655858 0.35759976 0.38055007 0.37146242 0.37020454
  0.37718929 0.41480988 0.67639876 0.42133258 0.64904062 0.65082643
  0.45630921 0.48181297 0.73743152 0.61748811 0.6932     0.786
  0.6932     0.6932     0.786      0.6932     0.786      0.786
  0.786      0.786      0.80955911 0.77885322 0.80116582 0.8005254
  0.67263318 0.81694437 0.722      0.722      0.818      0.818
  0.818     ]
 [0.818      0.56655858 0.35759976 0.38055007 0.37146242 0.37020454
  0.37718929 0.41480988 0.67639876 0.42133258 0.64904062 0.65082643
  0.45630921 0.48181297 0.73743152 0.61748811 0.6932     0.786
  0.6932     0.6932     0.786      0.6932     0.786      0.786
  0.786      0.786      0.80955911 0.77885322 0.80116582 0.8005254
  0.67263318 0.81694437 0.722      0.722      0.818      0.818
  0.818     ]
 [0.818      0.56655858 0.35759976 0.38055007 0.37146242 0.37020454
  0.37718929 0.41480988 0.67639876 0.42133258 0.64904062 0.65082643
  0.45630921 0.48181297 0.73743152 0.61748811 0.6932     0.786
  0.6932     0.6932     0.786      0.6932     0.786      0.786
  0.786      0.786      0.80955911 0.77885322 0.80116582 0.8005254
  0.67263318 0.81694437 0.722      0.722      0.818      0.818
  0.818     ]
 [0.818      0.56655858 0.35759976 0.38055007 0.37146242 0.37020454
  0.37718929 0.41480988 0.67639876 0.42133258 0.64904062 0.65082643
  0.45630921 0.48181297 0.73743152 0.61748811 0.6932     0.786
  0.6932     0.6932     0.786      0.6932     0.786      0.786
  0.786      0.786      0.80955911 0.77885322 0.80116582 0.8005254
  0.67263318 0.81694437 0.722      0.722      0.818      0.818
  0.818     ]
 [0.818      0.56655858 0.35759976 0.38055007 0.37146242 0.37020454
  0.37718929 0.41480988 0.67639876 0.42133258 0.64904062 0.65082643
  0.45630921 0.48181297 0.73743152 0.61748811 0.6932     0.786
  0.6932     0.6932     0.786      0.6932     0.786      0.786
  0.786      0.786      0.80955911 0.77885322 0.80116582 0.8005254
  0.67263318 0.81694437 0.722      0.722      0.818      0.818
  0.818     ]
 [0.818      0.56655858 0.35759976 0.38055007 0.37146242 0.37020454
  0.37718929 0.41480988 0.67639876 0.42133258 0.64904062 0.65082643
  0.45630921 0.48181297 0.73743152 0.61748811 0.6932     0.786
  0.6932     0.6932     0.786      0.6932     0.786      0.786
  0.786      0.786      0.80955911 0.77885322 0.80116582 0.8005254
  0.67263318 0.81694437 0.722      0.722      0.818      0.818
  0.818     ]]","[[1. 1. 1. 1. 1. 1. 1. 1. 1. 1. 1. 1. 1. 1. 1. 0. 1. 1. 1. 1. 1. 1. 1. 1.
  1. 1. 1. 1. 1. 1. 1. 1. 1. 1. 1. 1. 1.]
 [1. 1. 1. 1. 1. 1. 1. 1. 1. 1. 1. 1. 1. 1. 1. 0. 1. 1. 1. 1. 1. 1. 1. 1.
  1. 1. 1. 1. 1. 1. 1. 1. 1. 1. 1. 1. 1.]
 [1. 1. 1. 1. 1. 1. 1. 1. 1. 1. 1. 1. 1. 1. 1. 0. 1. 1. 1. 1. 1. 1. 1. 1.
  1. 1. 1. 1. 1. 1. 1. 1. 1. 1. 1. 1. 1.]
 [1. 1. 1. 1. 1. 1. 1. 1. 1. 1. 1. 1. 1. 1. 1. 0. 1. 1. 1. 1. 1. 1. 1. 1.
  1. 1. 1. 1. 1. 1. 1. 1. 1. 1. 1. 1. 1.]
 [1. 1. 1. 0. 1. 1. 1. 1. 1. 1. 1. 1. 1. 1. 1. 1. 1. 1. 1. 1. 1. 1. 1. 1.
  1. 1. 1. 1. 1. 1. 1. 1. 1. 1. 1. 1. 1.]
 [1. 1. 1. 0. 1. 1. 1. 1. 1. 1. 1. 1. 1. 1. 1. 1. 1. 1. 1. 1. 1. 1. 1. 1.
  1. 1. 1. 1. 1. 1. 1. 1. 1. 1. 1. 1. 1.]
 [1. 1. 1. 0. 1. 1. 1. 1. 1. 1. 1. 1. 1. 1. 1. 1. 1. 1. 1. 1. 1. 1. 1. 1.
  1. 1. 1. 1. 1. 1. 1. 1. 1. 1. 1. 1. 1.]
 [1. 1. 1. 0. 1. 1. 1. 1. 1. 1. 1. 1. 1. 1. 1. 1. 1. 1. 1. 1. 1. 1. 1. 1.
  1. 1. 1. 1. 1. 1. 1. 1. 1. 1. 1. 1. 1.]
 [1. 1. 1. 1. 1. 1. 1. 1. 1. 1. 1. 1. 1. 1. 1. 1. 1. 1. 1. 1. 1. 1. 1. 1.
  1. 1. 1. 1. 1. 1. 1. 1. 1. 1. 1. 1. 1.]
 [1. 1. 1. 1. 1. 1. 1. 1. 1. 1. 1. 1. 1. 1. 1. 1. 1. 1. 1. 1. 1. 1. 1. 1.
  1. 1. 1. 1. 1. 1. 1. 1. 1. 1. 1. 1. 1.]
 [1. 1. 1. 1. 1. 1. 1. 1. 1. 1. 1. 1. 1. 1. 1. 1. 1. 1. 1. 1. 1. 1. 1. 1.
  1. 1. 1. 1. 1. 1. 1. 1. 1. 1. 1. 1. 1.]
 [1. 1. 1. 1. 1. 1. 1. 1. 1. 1. 1. 1. 1. 1. 1. 1. 1. 1. 1. 1. 1. 1. 1. 1.
  1. 1. 1. 1. 1. 1. 1. 1. 1. 1. 1. 1. 1.]
 [1. 1. 1. 1. 1. 1. 1. 1. 1. 1. 1. 1. 1. 1. 1. 1. 1. 1. 1. 1. 1. 1. 1. 1.
  1. 1. 1. 1. 1. 1. 1. 1. 1. 1. 1. 1. 1.]
 [1. 1. 1. 1. 1. 1. 1. 1. 1. 1. 1. 1. 1. 1. 1. 1. 1. 1. 1. 1. 1. 1. 1. 1.
  1. 1. 1. 1. 1. 1. 1. 1. 1. 1. 1. 1. 1.]
 [1. 1. 1. 1. 1. 1. 1. 1. 1. 1. 1. 1. 1. 1. 1. 1. 1. 1. 1. 1. 1. 1. 1. 1.
  1. 1. 1. 1. 1. 1. 1. 1. 0. 1. 1. 1. 1.]
 [1. 1. 1. 1. 1. 1. 1. 1. 1. 1. 1. 1. 1. 1. 1. 1. 1. 1. 1. 1. 1. 1. 1. 1.
  1. 1. 1. 1. 1. 1. 1. 1. 0. 1. 1. 1. 1.]
 [1. 1. 1. 1. 1. 1. 1. 1. 1. 1. 1. 1. 1. 1. 1. 1. 1. 1. 1. 1. 1. 1. 1. 1.
  1. 1. 1. 1. 1. 1. 1. 1. 0. 1. 1. 1. 1.]
 [1. 1. 1. 1. 1. 1. 1. 1. 1. 1. 1. 1. 1. 1. 1. 1. 1. 1. 1. 1. 1. 1. 1. 1.
  1. 1. 1. 1. 1. 1. 1. 1. 0. 1. 1. 1. 1.]
 [1. 1. 1. 1. 1. 1. 1. 1. 1. 1. 1. 1. 1. 1. 1. 1. 1. 1. 1. 1. 1. 1. 1. 1.
  1. 1. 1. 1. 1. 1. 1. 1. 0. 1. 1. 1. 1.]
 [1. 1. 1. 1. 1. 1. 1. 1. 1. 1. 1. 1. 1. 1. 1. 1. 1. 1. 1. 1. 1. 1. 1. 1.
  1. 1. 1. 1. 1. 1. 1. 1. 0. 1. 1. 1. 1.]
 [1. 1. 1. 0. 1. 0. 0. 1. 1. 1. 1. 1. 1. 1. 1. 1. 0. 0. 0. 0. 0. 0. 0. 0.
  0. 0. 1. 0. 1. 1. 1. 1. 1. 1. 1. 1. 1.]
 [1. 1. 1. 0. 1. 0. 0. 1. 1. 1. 1. 1. 1. 1. 1. 1. 0. 0. 0. 0. 0. 0. 0. 0.
  0. 0. 1. 0. 1. 1. 1. 1. 1. 1. 1. 1. 1.]
 [1. 1. 1. 0. 1. 0. 0. 1. 1. 1. 1. 1. 1. 1. 1. 1. 0. 0. 0. 0. 0. 0. 0. 0.
  0. 0. 1. 0. 1. 1. 1. 1. 1. 1. 1. 1. 1.]
 [1. 1. 1. 0. 1. 0. 0. 1. 1. 1. 1. 1. 1. 1. 1. 1. 0. 0. 0. 0. 0. 0. 0. 0.
  0. 0. 1. 0. 1. 1. 1. 1. 1. 1. 1. 1. 1.]
 [1. 1. 1. 0. 1. 0. 0. 1. 1. 1. 1. 1. 1. 1. 1. 1. 0. 0. 0. 0. 0. 0. 0. 0.
  0. 0. 1. 0. 1. 1. 1. 1. 1. 1. 1. 1. 1.]
 [1. 1. 1. 0. 1. 0. 0. 1. 1. 1. 1. 1. 1. 1. 1. 1. 0. 0. 0. 0. 0. 0. 0. 0.
  0. 0. 1. 0. 1. 1. 1. 1. 1. 1. 1. 1. 1.]
 [1. 1. 0. 0. 1. 0. 0. 1. 1. 1. 1. 1. 1. 1. 1. 1. 1. 1. 1. 1. 1. 1. 1. 1.
  1. 1. 1. 1. 1. 1. 1. 1. 1. 1. 1. 1. 1.]
 [1. 1. 0. 0. 1. 0. 0. 1. 1. 1. 1. 1. 1. 1. 1. 1. 1. 1. 1. 1. 1. 1. 1. 1.
  1. 1. 1. 1. 1. 1. 1. 1. 1. 1. 1. 1. 1.]
 [1. 1. 0. 0. 1. 0. 0. 1. 1. 1. 1. 1. 1. 1. 1. 1. 1. 1. 1. 1. 1. 1. 1. 1.
  1. 1. 1. 1. 1. 1. 1. 1. 1. 1. 1. 1. 1.]
 [1. 1. 0. 0. 1. 0. 0. 1. 1. 1. 1. 1. 1. 1. 1. 1. 1. 1. 1. 1. 1. 1. 1. 1.
  1. 1. 1. 1. 1. 1. 1. 1. 1. 1. 1. 1. 1.]
 [1. 1. 0. 0. 1. 0. 0. 1. 1. 1. 1. 1. 1. 1. 1. 1. 1. 1. 1. 1. 1. 1. 1. 1.
  1. 1. 1. 1. 1. 1. 1. 1. 1. 1. 1. 1. 1.]
 [1. 1. 0. 0. 1. 0. 0. 1. 1. 1. 1. 1. 1. 1. 1. 1. 1. 1. 1. 1. 1. 1. 1. 1.
  1. 1. 1. 1. 1. 1. 1. 1. 1. 1. 1. 1. 1.]
 [1. 1. 0. 0. 0. 0. 0. 1. 1. 1. 1. 1. 1. 1. 1. 1. 1. 1. 1. 1. 1. 1. 1. 1.
  1. 1. 1. 1. 1. 1. 1. 1. 1. 1. 1. 1. 1.]
 [1. 1. 0. 0. 0. 0. 0. 1. 1. 1. 1. 1. 1. 1. 1. 1. 1. 1. 1. 1. 1. 1. 1. 1.
  1. 1. 1. 1. 1. 1. 1. 1. 1. 1. 1. 1. 1.]
 [1. 1. 0. 0. 0. 0. 0. 1. 1. 1. 1. 1. 1. 1. 1. 1. 1. 1. 1. 1. 1. 1. 1. 1.
  1. 1. 1. 1. 1. 1. 1. 1. 1. 1. 1. 1. 1.]
 [1. 1. 0. 0. 0. 0. 0. 1. 1. 1. 1. 1. 1. 1. 1. 1. 1. 1. 1. 1. 1. 1. 1. 1.
  1. 1. 1. 1. 1. 1. 1. 1. 1. 1. 1. 1. 1.]
 [1. 1. 0. 0. 0. 0. 0. 1. 1. 1. 1. 1. 1. 1. 1. 1. 1. 1. 1. 1. 1. 1. 1. 1.
  1. 1. 1. 1. 1. 1. 1. 1. 1. 1. 1. 1. 1.]
 [1. 1. 0. 0. 0. 0. 0. 1. 1. 1. 1. 1. 1. 1. 1. 1. 1. 1. 1. 1. 1. 1. 1. 1.
  1. 1. 1. 1. 1. 1. 1. 1. 1. 1. 1. 1. 1.]]","[[0.69722469 0.         0.        ]
 [0.83629452 0.         0.        ]
 [1.         0.         0.        ]
 [0.         1.         0.        ]
 [1.         0.         0.        ]
 [0.         1.         0.        ]
 [0.         1.         0.        ]
 [1.         0.         0.        ]
 [0.83629452 0.         0.        ]
 [1.         0.         0.        ]
 [0.83629452 0.         0.        ]
 [0.83629452 0.         0.        ]
 [1.         0.         0.        ]
 [0.         1.         0.        ]
 [0.83629452 0.         0.        ]
 [0.         1.         0.        ]
 [0.         0.         1.        ]
 [0.         0.         0.83629452]
 [0.         0.         1.        ]
 [0.         0.         1.        ]
 [0.         0.         0.83629452]
 [0.         0.         1.        ]
 [0.         0.         0.83629452]
 [0.         0.         0.83629452]
 [0.         0.         0.83629452]
 [0.         0.         0.83629452]
 [1.         0.         0.        ]
 [1.         0.         0.        ]
 [1.         0.         0.        ]
 [1.         0.         0.        ]
 [0.         0.23182635 0.        ]
 [0.         1.         0.        ]
 [0.         0.23182635 0.        ]
 [0.         0.23182635 0.        ]
 [0.         0.61488563 0.        ]
 [0.61488563 0.         0.        ]
 [0.61488563 0.         0.        ]]",[[80 85 90]],0.7541,4.832732439041138
39,35,"[[0.18484418 0.18484418 0.18484418 0.18484418 0.36224582 0.35702065
  0.1837961  0.35701939 0.35702891 0.1837961  0.35701756 0.1837961
  0.1837961  0.1837961  0.1837961  0.1837961  0.1837961  0.1837961
  0.1837961  1.         1.         1.         1.         0.33956842
  1.         0.34194614 1.         0.30647526 0.3097926  0.16274582
  0.30979339 0.16783277 0.15909508 0.15985896 0.23663666]]","[[0.736      0.736      0.736      0.736      0.6432     0.6432
  0.736      0.6432     0.6432     0.736      0.6432     0.736
  0.736      0.736      0.736      0.736      0.736      0.736
  0.736      0.768      0.768      0.768      0.768      0.672
  0.768      0.672      0.768      0.672      0.768      0.768
  0.768      0.768      0.768      0.768      0.8       ]
 [0.736      0.736      0.736      0.736      0.6432     0.6432
  0.736      0.6432     0.6432     0.736      0.6432     0.736
  0.736      0.736      0.736      0.736      0.736      0.736
  0.736      0.768      0.768      0.768      0.768      0.672
  0.768      0.672      0.768      0.672      0.768      0.768
  0.768      0.768      0.768      0.768      0.8       ]
 [0.736      0.736      0.736      0.736      0.6432     0.6432
  0.736      0.6432     0.6432     0.736      0.6432     0.736
  0.736      0.736      0.736      0.736      0.736      0.736
  0.736      0.768      0.768      0.768      0.768      0.672
  0.768      0.672      0.768      0.672      0.768      0.768
  0.768      0.768      0.768      0.768      0.8       ]
 [0.736      0.736      0.736      0.736      0.6432     0.6432
  0.736      0.6432     0.6432     0.736      0.6432     0.736
  0.736      0.736      0.736      0.736      0.736      0.736
  0.736      0.768      0.768      0.768      0.768      0.672
  0.768      0.672      0.768      0.672      0.768      0.768
  0.768      0.768      0.768      0.768      0.8       ]
 [0.736      0.736      0.736      0.736      0.6432     0.6432
  0.736      0.6432     0.6432     0.736      0.6432     0.736
  0.736      0.736      0.736      0.736      0.736      0.736
  0.736      0.768      0.768      0.768      0.768      0.672
  0.768      0.672      0.768      0.672      0.768      0.768
  0.768      0.768      0.768      0.768      0.8       ]
 [0.736      0.736      0.736      0.736      0.6432     0.6432
  0.736      0.6432     0.6432     0.736      0.6432     0.736
  0.736      0.736      0.736      0.736      0.736      0.736
  0.736      0.768      0.768      0.768      0.768      0.672
  0.768      0.672      0.768      0.672      0.768      0.768
  0.768      0.768      0.768      0.768      0.8       ]
 [0.736      0.736      0.736      0.736      0.6432     0.6432
  0.736      0.6432     0.6432     0.736      0.6432     0.736
  0.736      0.736      0.736      0.736      0.736      0.736
  0.736      0.768      0.768      0.768      0.768      0.672
  0.768      0.672      0.768      0.672      0.768      0.768
  0.768      0.768      0.768      0.768      0.8       ]
 [0.736      0.736      0.736      0.736      0.6432     0.6432
  0.736      0.6432     0.6432     0.736      0.6432     0.736
  0.736      0.736      0.736      0.736      0.736      0.736
  0.736      0.768      0.768      0.768      0.768      0.672
  0.768      0.672      0.768      0.672      0.768      0.768
  0.768      0.768      0.768      0.768      0.8       ]
 [0.736      0.736      0.736      0.736      0.6432     0.6432
  0.736      0.6432     0.6432     0.736      0.6432     0.736
  0.736      0.736      0.736      0.736      0.736      0.736
  0.736      0.768      0.768      0.768      0.768      0.672
  0.768      0.672      0.768      0.672      0.768      0.768
  0.768      0.768      0.768      0.768      0.8       ]
 [0.786      0.786      0.786      0.786      0.65669857 0.52526627
  0.65035514 0.5273628  0.548087   0.64939517 0.57612602 0.65986879
  0.62981599 0.61620324 0.57950123 0.53140564 0.5350527  0.5376266
  0.49076785 0.818      0.818      0.818      0.818      0.67582944
  0.818      0.722      0.818      0.722      0.818      0.818
  0.818      0.80693028 0.72484002 0.69157038 0.81246708]
 [0.786      0.786      0.786      0.786      0.65669857 0.52526627
  0.65035514 0.5273628  0.548087   0.64939517 0.57612602 0.65986879
  0.62981599 0.61620324 0.57950123 0.53140564 0.5350527  0.5376266
  0.49076785 0.818      0.818      0.818      0.818      0.67582944
  0.818      0.722      0.818      0.722      0.818      0.818
  0.818      0.80693028 0.72484002 0.69157038 0.81246708]
 [0.786      0.786      0.786      0.786      0.65669857 0.52526627
  0.65035514 0.5273628  0.548087   0.64939517 0.57612602 0.65986879
  0.62981599 0.61620324 0.57950123 0.53140564 0.5350527  0.5376266
  0.49076785 0.818      0.818      0.818      0.818      0.67582944
  0.818      0.722      0.818      0.722      0.818      0.818
  0.818      0.80693028 0.72484002 0.69157038 0.81246708]
 [0.786      0.786      0.786      0.786      0.65669857 0.52526627
  0.65035514 0.5273628  0.548087   0.64939517 0.57612602 0.65986879
  0.62981599 0.61620324 0.57950123 0.53140564 0.5350527  0.5376266
  0.49076785 0.818      0.818      0.818      0.818      0.67582944
  0.818      0.722      0.818      0.722      0.818      0.818
  0.818      0.80693028 0.72484002 0.69157038 0.81246708]
 [0.786      0.786      0.786      0.786      0.65669857 0.52526627
  0.65035514 0.5273628  0.548087   0.64939517 0.57612602 0.65986879
  0.62981599 0.61620324 0.57950123 0.53140564 0.5350527  0.5376266
  0.49076785 0.818      0.818      0.818      0.818      0.67582944
  0.818      0.722      0.818      0.722      0.818      0.818
  0.818      0.80693028 0.72484002 0.69157038 0.81246708]
 [0.786      0.786      0.786      0.786      0.65669857 0.52526627
  0.65035514 0.5273628  0.548087   0.64939517 0.57612602 0.65986879
  0.62981599 0.61620324 0.57950123 0.53140564 0.5350527  0.5376266
  0.49076785 0.818      0.818      0.818      0.818      0.67582944
  0.818      0.722      0.818      0.722      0.818      0.818
  0.818      0.80693028 0.72484002 0.69157038 0.81246708]
 [0.76426691 0.73612705 0.73821876 0.786      0.66436036 0.6932
  0.786      0.6932     0.6932     0.786      0.6932     0.786
  0.786      0.786      0.786      0.786      0.786      0.786
  0.74925544 0.818      0.818      0.818      0.818      0.70931159
  0.818      0.722      0.78647342 0.722      0.6467157  0.818
  0.818      0.818      0.818      0.818      0.83672128]
 [0.76426691 0.73612705 0.73821876 0.786      0.66436036 0.6932
  0.786      0.6932     0.6932     0.786      0.6932     0.786
  0.786      0.786      0.786      0.786      0.786      0.786
  0.74925544 0.818      0.818      0.818      0.818      0.70931159
  0.818      0.722      0.78647342 0.722      0.6467157  0.818
  0.818      0.818      0.818      0.818      0.83672128]
 [0.76426691 0.73612705 0.73821876 0.786      0.66436036 0.6932
  0.786      0.6932     0.6932     0.786      0.6932     0.786
  0.786      0.786      0.786      0.786      0.786      0.786
  0.74925544 0.818      0.818      0.818      0.818      0.70931159
  0.818      0.722      0.78647342 0.722      0.6467157  0.818
  0.818      0.818      0.818      0.818      0.83672128]
 [0.76426691 0.73612705 0.73821876 0.786      0.66436036 0.6932
  0.786      0.6932     0.6932     0.786      0.6932     0.786
  0.786      0.786      0.786      0.786      0.786      0.786
  0.74925544 0.818      0.818      0.818      0.818      0.70931159
  0.818      0.722      0.78647342 0.722      0.6467157  0.818
  0.818      0.818      0.818      0.818      0.83672128]
 [0.76426691 0.73612705 0.73821876 0.786      0.66436036 0.6932
  0.786      0.6932     0.6932     0.786      0.6932     0.786
  0.786      0.786      0.786      0.786      0.786      0.786
  0.74925544 0.818      0.818      0.818      0.818      0.70931159
  0.818      0.722      0.78647342 0.722      0.6467157  0.818
  0.818      0.818      0.818      0.818      0.83672128]
 [0.76426691 0.73612705 0.73821876 0.786      0.66436036 0.6932
  0.786      0.6932     0.6932     0.786      0.6932     0.786
  0.786      0.786      0.786      0.786      0.786      0.786
  0.74925544 0.818      0.818      0.818      0.818      0.70931159
  0.818      0.722      0.78647342 0.722      0.6467157  0.818
  0.818      0.818      0.818      0.818      0.83672128]
 [0.51392108 0.48367563 0.48717502 0.55737915 0.34712746 0.26207568
  0.4258343  0.26380047 0.30642733 0.45541293 0.36823422 0.48946696
  0.49748082 0.52151212 0.51069961 0.52342666 0.52358464 0.52293582
  0.48944093 0.818      0.818      0.818      0.818      0.3685822
  0.818      0.52770564 0.818      0.58257086 0.818      0.818
  0.818      0.818      0.74503829 0.75214574 0.50438031]
 [0.51392108 0.48367563 0.48717502 0.55737915 0.34712746 0.26207568
  0.4258343  0.26380047 0.30642733 0.45541293 0.36823422 0.48946696
  0.49748082 0.52151212 0.51069961 0.52342666 0.52358464 0.52293582
  0.48944093 0.818      0.818      0.818      0.818      0.3685822
  0.818      0.52770564 0.818      0.58257086 0.818      0.818
  0.818      0.818      0.74503829 0.75214574 0.50438031]
 [0.51392108 0.48367563 0.48717502 0.55737915 0.34712746 0.26207568
  0.4258343  0.26380047 0.30642733 0.45541293 0.36823422 0.48946696
  0.49748082 0.52151212 0.51069961 0.52342666 0.52358464 0.52293582
  0.48944093 0.818      0.818      0.818      0.818      0.3685822
  0.818      0.52770564 0.818      0.58257086 0.818      0.818
  0.818      0.818      0.74503829 0.75214574 0.50438031]
 [0.51392108 0.48367563 0.48717502 0.55737915 0.34712746 0.26207568
  0.4258343  0.26380047 0.30642733 0.45541293 0.36823422 0.48946696
  0.49748082 0.52151212 0.51069961 0.52342666 0.52358464 0.52293582
  0.48944093 0.818      0.818      0.818      0.818      0.3685822
  0.818      0.52770564 0.818      0.58257086 0.818      0.818
  0.818      0.818      0.74503829 0.75214574 0.50438031]
 [0.51392108 0.48367563 0.48717502 0.55737915 0.34712746 0.26207568
  0.4258343  0.26380047 0.30642733 0.45541293 0.36823422 0.48946696
  0.49748082 0.52151212 0.51069961 0.52342666 0.52358464 0.52293582
  0.48944093 0.818      0.818      0.818      0.818      0.3685822
  0.818      0.52770564 0.818      0.58257086 0.818      0.818
  0.818      0.818      0.74503829 0.75214574 0.50438031]
 [0.51392108 0.48367563 0.48717502 0.55737915 0.34712746 0.26207568
  0.4258343  0.26380047 0.30642733 0.45541293 0.36823422 0.48946696
  0.49748082 0.52151212 0.51069961 0.52342666 0.52358464 0.52293582
  0.48944093 0.818      0.818      0.818      0.818      0.3685822
  0.818      0.52770564 0.818      0.58257086 0.818      0.818
  0.818      0.818      0.74503829 0.75214574 0.50438031]
 [0.49405057 0.46252561 0.46558171 0.54919803 0.3563717  0.37106007
  0.56910374 0.37220536 0.43568718 0.62129177 0.52251643 0.66921974
  0.70052992 0.74228472 0.74313866 0.77200822 0.77157703 0.77035828
  0.73946488 0.818      0.818      0.818      0.818      0.3901563
  0.818      0.57731604 0.818      0.65393205 0.818      0.818
  0.818      0.818      0.818      0.818      0.5217728 ]
 [0.49405057 0.46252561 0.46558171 0.54919803 0.3563717  0.37106007
  0.56910374 0.37220536 0.43568718 0.62129177 0.52251643 0.66921974
  0.70052992 0.74228472 0.74313866 0.77200822 0.77157703 0.77035828
  0.73946488 0.818      0.818      0.818      0.818      0.3901563
  0.818      0.57731604 0.818      0.65393205 0.818      0.818
  0.818      0.818      0.818      0.818      0.5217728 ]
 [0.49405057 0.46252561 0.46558171 0.54919803 0.3563717  0.37106007
  0.56910374 0.37220536 0.43568718 0.62129177 0.52251643 0.66921974
  0.70052992 0.74228472 0.74313866 0.77200822 0.77157703 0.77035828
  0.73946488 0.818      0.818      0.818      0.818      0.3901563
  0.818      0.57731604 0.818      0.65393205 0.818      0.818
  0.818      0.818      0.818      0.818      0.5217728 ]
 [0.49405057 0.46252561 0.46558171 0.54919803 0.3563717  0.37106007
  0.56910374 0.37220536 0.43568718 0.62129177 0.52251643 0.66921974
  0.70052992 0.74228472 0.74313866 0.77200822 0.77157703 0.77035828
  0.73946488 0.818      0.818      0.818      0.818      0.3901563
  0.818      0.57731604 0.818      0.65393205 0.818      0.818
  0.818      0.818      0.818      0.818      0.5217728 ]
 [0.49405057 0.46252561 0.46558171 0.54919803 0.3563717  0.37106007
  0.56910374 0.37220536 0.43568718 0.62129177 0.52251643 0.66921974
  0.70052992 0.74228472 0.74313866 0.77200822 0.77157703 0.77035828
  0.73946488 0.818      0.818      0.818      0.818      0.3901563
  0.818      0.57731604 0.818      0.65393205 0.818      0.818
  0.818      0.818      0.818      0.818      0.5217728 ]
 [0.49405057 0.46252561 0.46558171 0.54919803 0.3563717  0.37106007
  0.56910374 0.37220536 0.43568718 0.62129177 0.52251643 0.66921974
  0.70052992 0.74228472 0.74313866 0.77200822 0.77157703 0.77035828
  0.73946488 0.818      0.818      0.818      0.818      0.3901563
  0.818      0.57731604 0.818      0.65393205 0.818      0.818
  0.818      0.818      0.818      0.818      0.5217728 ]
 [0.47229897 0.44310018 0.44540074 0.53163237 0.36805556 0.48670573
  0.71353736 0.48709358 0.56795473 0.786      0.67498522 0.786
  0.786      0.786      0.786      0.786      0.786      0.786
  0.786      0.71584951 0.73239793 0.7437686  0.74300866 0.41366704
  0.78371098 0.60298735 0.77659308 0.68661749 0.67692352 0.818
  0.76582662 0.818      0.818      0.818      0.54067545]
 [0.47229897 0.44310018 0.44540074 0.53163237 0.36805556 0.48670573
  0.71353736 0.48709358 0.56795473 0.786      0.67498522 0.786
  0.786      0.786      0.786      0.786      0.786      0.786
  0.786      0.71584951 0.73239793 0.7437686  0.74300866 0.41366704
  0.78371098 0.60298735 0.77659308 0.68661749 0.67692352 0.818
  0.76582662 0.818      0.818      0.818      0.54067545]
 [0.47229897 0.44310018 0.44540074 0.53163237 0.36805556 0.48670573
  0.71353736 0.48709358 0.56795473 0.786      0.67498522 0.786
  0.786      0.786      0.786      0.786      0.786      0.786
  0.786      0.71584951 0.73239793 0.7437686  0.74300866 0.41366704
  0.78371098 0.60298735 0.77659308 0.68661749 0.67692352 0.818
  0.76582662 0.818      0.818      0.818      0.54067545]
 [0.47229897 0.44310018 0.44540074 0.53163237 0.36805556 0.48670573
  0.71353736 0.48709358 0.56795473 0.786      0.67498522 0.786
  0.786      0.786      0.786      0.786      0.786      0.786
  0.786      0.71584951 0.73239793 0.7437686  0.74300866 0.41366704
  0.78371098 0.60298735 0.77659308 0.68661749 0.67692352 0.818
  0.76582662 0.818      0.818      0.818      0.54067545]
 [0.47229897 0.44310018 0.44540074 0.53163237 0.36805556 0.48670573
  0.71353736 0.48709358 0.56795473 0.786      0.67498522 0.786
  0.786      0.786      0.786      0.786      0.786      0.786
  0.786      0.71584951 0.73239793 0.7437686  0.74300866 0.41366704
  0.78371098 0.60298735 0.77659308 0.68661749 0.67692352 0.818
  0.76582662 0.818      0.818      0.818      0.54067545]
 [0.47229897 0.44310018 0.44540074 0.53163237 0.36805556 0.48670573
  0.71353736 0.48709358 0.56795473 0.786      0.67498522 0.786
  0.786      0.786      0.786      0.786      0.786      0.786
  0.786      0.71584951 0.73239793 0.7437686  0.74300866 0.41366704
  0.78371098 0.60298735 0.77659308 0.68661749 0.67692352 0.818
  0.76582662 0.818      0.818      0.818      0.54067545]]","[[1. 1. 1. 1. 1. 1. 1. 1. 1. 1. 1. 1. 1. 1. 1. 1. 1. 1. 1. 1. 1. 1. 1. 1.
  1. 1. 1. 1. 1. 1. 1. 1. 1. 1. 1.]
 [1. 1. 1. 1. 1. 1. 1. 1. 1. 1. 1. 1. 1. 1. 1. 1. 1. 1. 1. 1. 1. 1. 1. 1.
  1. 1. 1. 1. 1. 1. 1. 1. 1. 1. 1.]
 [1. 1. 1. 1. 1. 1. 1. 1. 1. 1. 1. 1. 1. 1. 1. 1. 1. 1. 1. 1. 1. 1. 1. 1.
  1. 1. 1. 1. 1. 1. 1. 1. 1. 1. 1.]
 [1. 1. 1. 1. 1. 1. 1. 1. 1. 1. 1. 1. 1. 1. 1. 1. 1. 1. 1. 1. 1. 1. 1. 1.
  1. 1. 1. 1. 1. 1. 1. 1. 1. 1. 1.]
 [1. 1. 1. 1. 1. 1. 1. 1. 1. 1. 1. 1. 1. 1. 1. 1. 1. 1. 1. 1. 1. 1. 1. 1.
  1. 1. 1. 1. 1. 1. 1. 1. 1. 1. 1.]
 [1. 1. 1. 1. 1. 1. 1. 1. 1. 1. 1. 1. 1. 1. 1. 1. 1. 1. 1. 1. 1. 1. 1. 1.
  1. 1. 1. 1. 1. 1. 1. 1. 1. 1. 1.]
 [1. 1. 1. 1. 1. 1. 1. 1. 1. 1. 1. 1. 1. 1. 1. 1. 1. 1. 1. 1. 1. 1. 1. 1.
  1. 1. 1. 1. 1. 1. 1. 1. 1. 1. 1.]
 [1. 1. 1. 1. 1. 1. 1. 1. 1. 1. 1. 1. 1. 1. 1. 1. 1. 1. 1. 1. 1. 1. 1. 1.
  1. 1. 1. 1. 1. 1. 1. 1. 1. 1. 1.]
 [1. 1. 1. 1. 1. 1. 1. 1. 1. 1. 1. 1. 1. 1. 1. 1. 1. 1. 1. 1. 1. 1. 1. 1.
  1. 1. 1. 1. 1. 1. 1. 1. 1. 1. 1.]
 [1. 1. 1. 1. 1. 1. 1. 1. 1. 1. 1. 1. 1. 1. 1. 1. 1. 1. 1. 0. 1. 1. 1. 1.
  1. 1. 1. 1. 1. 1. 1. 1. 1. 1. 1.]
 [1. 1. 1. 1. 1. 1. 1. 1. 1. 1. 1. 1. 1. 1. 1. 1. 1. 1. 1. 0. 1. 1. 1. 1.
  1. 1. 1. 1. 1. 1. 1. 1. 1. 1. 1.]
 [1. 1. 1. 1. 1. 1. 1. 1. 1. 1. 1. 1. 1. 1. 1. 1. 1. 1. 1. 0. 1. 1. 1. 1.
  1. 1. 1. 1. 1. 1. 1. 1. 1. 1. 1.]
 [1. 1. 1. 1. 1. 1. 1. 1. 1. 1. 1. 1. 1. 1. 1. 1. 1. 1. 1. 0. 1. 1. 1. 1.
  1. 1. 1. 1. 1. 1. 1. 1. 1. 1. 1.]
 [1. 1. 1. 1. 1. 1. 1. 1. 1. 1. 1. 1. 1. 1. 1. 1. 1. 1. 1. 0. 1. 1. 1. 1.
  1. 1. 1. 1. 1. 1. 1. 1. 1. 1. 1.]
 [1. 1. 1. 1. 1. 1. 1. 1. 1. 1. 1. 1. 1. 1. 1. 1. 1. 1. 1. 0. 1. 1. 1. 1.
  1. 1. 1. 1. 1. 1. 1. 1. 1. 1. 1.]
 [1. 1. 1. 1. 1. 1. 1. 1. 1. 1. 1. 1. 1. 1. 1. 1. 1. 1. 1. 1. 1. 1. 1. 1.
  1. 1. 1. 1. 1. 1. 1. 1. 1. 1. 1.]
 [1. 1. 1. 1. 1. 1. 1. 1. 1. 1. 1. 1. 1. 1. 1. 1. 1. 1. 1. 1. 1. 1. 1. 1.
  1. 1. 1. 1. 1. 1. 1. 1. 1. 1. 1.]
 [1. 1. 1. 1. 1. 1. 1. 1. 1. 1. 1. 1. 1. 1. 1. 1. 1. 1. 1. 1. 1. 1. 1. 1.
  1. 1. 1. 1. 1. 1. 1. 1. 1. 1. 1.]
 [1. 1. 1. 1. 1. 1. 1. 1. 1. 1. 1. 1. 1. 1. 1. 1. 1. 1. 1. 1. 1. 1. 1. 1.
  1. 1. 1. 1. 1. 1. 1. 1. 1. 1. 1.]
 [1. 1. 1. 1. 1. 1. 1. 1. 1. 1. 1. 1. 1. 1. 1. 1. 1. 1. 1. 1. 1. 1. 1. 1.
  1. 1. 1. 1. 1. 1. 1. 1. 1. 1. 1.]
 [1. 1. 1. 1. 1. 1. 1. 1. 1. 1. 1. 1. 1. 1. 1. 1. 1. 1. 1. 1. 1. 1. 1. 1.
  1. 1. 1. 1. 1. 1. 1. 1. 1. 1. 1.]
 [1. 1. 1. 1. 0. 0. 0. 0. 0. 0. 0. 0. 0. 0. 0. 1. 1. 1. 0. 1. 1. 1. 1. 0.
  1. 1. 0. 1. 1. 1. 1. 1. 1. 1. 1.]
 [1. 1. 1. 1. 0. 0. 0. 0. 0. 0. 0. 0. 0. 0. 0. 1. 1. 1. 0. 1. 1. 1. 1. 0.
  1. 1. 0. 1. 1. 1. 1. 1. 1. 1. 1.]
 [1. 1. 1. 1. 0. 0. 0. 0. 0. 0. 0. 0. 0. 0. 0. 1. 1. 1. 0. 1. 1. 1. 1. 0.
  1. 1. 0. 1. 1. 1. 1. 1. 1. 1. 1.]
 [1. 1. 1. 1. 0. 0. 0. 0. 0. 0. 0. 0. 0. 0. 0. 1. 1. 1. 0. 1. 1. 1. 1. 0.
  1. 1. 0. 1. 1. 1. 1. 1. 1. 1. 1.]
 [1. 1. 1. 1. 0. 0. 0. 0. 0. 0. 0. 0. 0. 0. 0. 1. 1. 1. 0. 1. 1. 1. 1. 0.
  1. 1. 0. 1. 1. 1. 1. 1. 1. 1. 1.]
 [1. 1. 1. 1. 0. 0. 0. 0. 0. 0. 0. 0. 0. 0. 0. 1. 1. 1. 0. 1. 1. 1. 1. 0.
  1. 1. 0. 1. 1. 1. 1. 1. 1. 1. 1.]
 [1. 1. 1. 1. 0. 0. 1. 0. 1. 1. 1. 1. 1. 1. 1. 1. 1. 1. 1. 1. 1. 1. 1. 0.
  1. 1. 1. 1. 1. 1. 1. 1. 1. 1. 1.]
 [1. 1. 1. 1. 0. 0. 1. 0. 1. 1. 1. 1. 1. 1. 1. 1. 1. 1. 1. 1. 1. 1. 1. 0.
  1. 1. 1. 1. 1. 1. 1. 1. 1. 1. 1.]
 [1. 1. 1. 1. 0. 0. 1. 0. 1. 1. 1. 1. 1. 1. 1. 1. 1. 1. 1. 1. 1. 1. 1. 0.
  1. 1. 1. 1. 1. 1. 1. 1. 1. 1. 1.]
 [1. 1. 1. 1. 0. 0. 1. 0. 1. 1. 1. 1. 1. 1. 1. 1. 1. 1. 1. 1. 1. 1. 1. 0.
  1. 1. 1. 1. 1. 1. 1. 1. 1. 1. 1.]
 [1. 1. 1. 1. 0. 0. 1. 0. 1. 1. 1. 1. 1. 1. 1. 1. 1. 1. 1. 1. 1. 1. 1. 0.
  1. 1. 1. 1. 1. 1. 1. 1. 1. 1. 1.]
 [1. 1. 1. 1. 0. 0. 1. 0. 1. 1. 1. 1. 1. 1. 1. 1. 1. 1. 1. 1. 1. 1. 1. 0.
  1. 1. 1. 1. 1. 1. 1. 1. 1. 1. 1.]
 [1. 1. 1. 1. 0. 1. 1. 1. 1. 1. 1. 1. 1. 1. 1. 1. 1. 1. 1. 1. 1. 1. 1. 1.
  1. 1. 1. 1. 1. 1. 1. 1. 0. 1. 1.]
 [1. 1. 1. 1. 0. 1. 1. 1. 1. 1. 1. 1. 1. 1. 1. 1. 1. 1. 1. 1. 1. 1. 1. 1.
  1. 1. 1. 1. 1. 1. 1. 1. 0. 1. 1.]
 [1. 1. 1. 1. 0. 1. 1. 1. 1. 1. 1. 1. 1. 1. 1. 1. 1. 1. 1. 1. 1. 1. 1. 1.
  1. 1. 1. 1. 1. 1. 1. 1. 0. 1. 1.]
 [1. 1. 1. 1. 0. 1. 1. 1. 1. 1. 1. 1. 1. 1. 1. 1. 1. 1. 1. 1. 1. 1. 1. 1.
  1. 1. 1. 1. 1. 1. 1. 1. 0. 1. 1.]
 [1. 1. 1. 1. 0. 1. 1. 1. 1. 1. 1. 1. 1. 1. 1. 1. 1. 1. 1. 1. 1. 1. 1. 1.
  1. 1. 1. 1. 1. 1. 1. 1. 0. 1. 1.]
 [1. 1. 1. 1. 0. 1. 1. 1. 1. 1. 1. 1. 1. 1. 1. 1. 1. 1. 1. 1. 1. 1. 1. 1.
  1. 1. 1. 1. 1. 1. 1. 1. 0. 1. 1.]]","[[0.83629452 0.         0.        ]
 [0.83629452 0.         0.        ]
 [0.83629452 0.         0.        ]
 [0.83629452 0.         0.        ]
 [0.         1.         0.        ]
 [0.         0.         1.        ]
 [0.         0.         0.83629452]
 [0.         0.         1.        ]
 [0.         0.         1.        ]
 [0.         0.         0.83629452]
 [0.         0.         1.        ]
 [0.         0.         0.83629452]
 [0.         0.         0.83629452]
 [0.         0.         0.83629452]
 [0.         0.         0.83629452]
 [0.         0.         0.83629452]
 [0.         0.         0.83629452]
 [0.         0.         0.83629452]
 [0.         0.         0.83629452]
 [1.         0.         0.        ]
 [1.         0.         0.        ]
 [1.         0.         0.        ]
 [1.         0.         0.        ]
 [0.23182635 0.         0.        ]
 [1.         0.         0.        ]
 [0.         0.         0.23182635]
 [1.         0.         0.        ]
 [0.         0.23182635 0.        ]
 [0.         0.61488563 0.        ]
 [0.61488563 0.         0.        ]
 [0.         0.61488563 0.        ]
 [0.         0.61488563 0.        ]
 [0.         0.         0.61488563]
 [0.         0.         0.61488563]
 [0.         0.04       0.        ]]",[[80 85 90]],0.7825,4.681459903717041
37,29,"[[0.30246629 0.30246629 0.3024662  0.1837961  0.1837961  0.35701789
  0.1837961  0.1837961  0.1837961  0.1837961  0.1837961  0.1837961
  0.1837961  0.1837961  0.07914738 1.         1.         1.
  1.         0.1916622  1.         1.         0.32189557 0.32389237
  0.30979178 0.29007892 0.30979421 0.15893626 0.23578854]]","[[0.6432     0.6432     0.6432     0.736      0.736      0.6432
  0.736      0.736      0.736      0.736      0.736      0.736
  0.736      0.736      0.736      0.768      0.768      0.768
  0.768      0.672      0.768      0.768      0.672      0.768
  0.768      0.768      0.768      0.768      0.8       ]
 [0.6432     0.6432     0.6432     0.736      0.736      0.6432
  0.736      0.736      0.736      0.736      0.736      0.736
  0.736      0.736      0.736      0.768      0.768      0.768
  0.768      0.672      0.768      0.768      0.672      0.768
  0.768      0.768      0.768      0.768      0.8       ]
 [0.6432     0.6432     0.6432     0.736      0.736      0.6432
  0.736      0.736      0.736      0.736      0.736      0.736
  0.736      0.736      0.736      0.768      0.768      0.768
  0.768      0.672      0.768      0.768      0.672      0.768
  0.768      0.768      0.768      0.768      0.8       ]
 [0.6432     0.6432     0.6432     0.736      0.736      0.6432
  0.736      0.736      0.736      0.736      0.736      0.736
  0.736      0.736      0.736      0.768      0.768      0.768
  0.768      0.672      0.768      0.768      0.672      0.768
  0.768      0.768      0.768      0.768      0.8       ]
 [0.6432     0.6432     0.6432     0.736      0.736      0.6432
  0.736      0.736      0.736      0.736      0.736      0.736
  0.736      0.736      0.736      0.768      0.768      0.768
  0.768      0.672      0.768      0.768      0.672      0.768
  0.768      0.768      0.768      0.768      0.8       ]
 [0.6432     0.6432     0.6432     0.736      0.736      0.6432
  0.736      0.736      0.736      0.736      0.736      0.736
  0.736      0.736      0.736      0.768      0.768      0.768
  0.768      0.672      0.768      0.768      0.672      0.768
  0.768      0.768      0.768      0.768      0.8       ]
 [0.6432     0.6432     0.6432     0.736      0.736      0.6432
  0.736      0.736      0.736      0.736      0.736      0.736
  0.736      0.736      0.736      0.768      0.768      0.768
  0.768      0.672      0.768      0.768      0.672      0.768
  0.768      0.768      0.768      0.768      0.8       ]
 [0.6432     0.6432     0.6432     0.736      0.736      0.6432
  0.736      0.736      0.736      0.736      0.736      0.736
  0.736      0.736      0.736      0.768      0.768      0.768
  0.768      0.672      0.768      0.768      0.672      0.768
  0.768      0.768      0.768      0.768      0.8       ]
 [0.6932     0.6932     0.64820227 0.57993629 0.61169272 0.50298729
  0.64090624 0.6475606  0.66155743 0.64659628 0.635223   0.63686815
  0.63768145 0.60255703 0.786      0.818      0.818      0.818
  0.818      0.68192275 0.818      0.818      0.6896847  0.818
  0.818      0.818      0.818      0.80982116 0.82251762]
 [0.6932     0.6932     0.64820227 0.57993629 0.61169272 0.50298729
  0.64090624 0.6475606  0.66155743 0.64659628 0.635223   0.63686815
  0.63768145 0.60255703 0.786      0.818      0.818      0.818
  0.818      0.68192275 0.818      0.818      0.6896847  0.818
  0.818      0.818      0.818      0.80982116 0.82251762]
 [0.6932     0.6932     0.64820227 0.57993629 0.61169272 0.50298729
  0.64090624 0.6475606  0.66155743 0.64659628 0.635223   0.63686815
  0.63768145 0.60255703 0.786      0.818      0.818      0.818
  0.818      0.68192275 0.818      0.818      0.6896847  0.818
  0.818      0.818      0.818      0.80982116 0.82251762]
 [0.6932     0.6932     0.64820227 0.57993629 0.61169272 0.50298729
  0.64090624 0.6475606  0.66155743 0.64659628 0.635223   0.63686815
  0.63768145 0.60255703 0.786      0.818      0.818      0.818
  0.818      0.68192275 0.818      0.818      0.6896847  0.818
  0.818      0.818      0.818      0.80982116 0.82251762]
 [0.6932     0.6932     0.64820227 0.57993629 0.61169272 0.50298729
  0.64090624 0.6475606  0.66155743 0.64659628 0.635223   0.63686815
  0.63768145 0.60255703 0.786      0.818      0.818      0.818
  0.818      0.68192275 0.818      0.818      0.6896847  0.818
  0.818      0.818      0.818      0.80982116 0.82251762]
 [0.6932     0.6932     0.64820227 0.57993629 0.61169272 0.50298729
  0.64090624 0.6475606  0.66155743 0.64659628 0.635223   0.63686815
  0.63768145 0.60255703 0.786      0.818      0.818      0.818
  0.818      0.68192275 0.818      0.818      0.6896847  0.818
  0.818      0.818      0.818      0.80982116 0.82251762]
 [0.6932     0.6932     0.6932     0.76689646 0.786      0.68937974
  0.786      0.786      0.786      0.786      0.786      0.786
  0.786      0.786      0.71767334 0.818      0.818      0.818
  0.818      0.722      0.818      0.818      0.72030134 0.818
  0.63488114 0.818      0.818      0.818      0.84883218]
 [0.6932     0.6932     0.6932     0.76689646 0.786      0.68937974
  0.786      0.786      0.786      0.786      0.786      0.786
  0.786      0.786      0.71767334 0.818      0.818      0.818
  0.818      0.722      0.818      0.818      0.72030134 0.818
  0.63488114 0.818      0.818      0.818      0.84883218]
 [0.6932     0.6932     0.6932     0.76689646 0.786      0.68937974
  0.786      0.786      0.786      0.786      0.786      0.786
  0.786      0.786      0.71767334 0.818      0.818      0.818
  0.818      0.722      0.818      0.818      0.72030134 0.818
  0.63488114 0.818      0.818      0.818      0.84883218]
 [0.6932     0.6932     0.6932     0.76689646 0.786      0.68937974
  0.786      0.786      0.786      0.786      0.786      0.786
  0.786      0.786      0.71767334 0.818      0.818      0.818
  0.818      0.722      0.818      0.818      0.72030134 0.818
  0.63488114 0.818      0.818      0.818      0.84883218]
 [0.6932     0.6932     0.6932     0.76689646 0.786      0.68937974
  0.786      0.786      0.786      0.786      0.786      0.786
  0.786      0.786      0.71767334 0.818      0.818      0.818
  0.818      0.722      0.818      0.818      0.72030134 0.818
  0.63488114 0.818      0.818      0.818      0.84883218]
 [0.6932     0.6932     0.6932     0.76689646 0.786      0.68937974
  0.786      0.786      0.786      0.786      0.786      0.786
  0.786      0.786      0.71767334 0.818      0.818      0.818
  0.818      0.722      0.818      0.818      0.72030134 0.818
  0.63488114 0.818      0.818      0.818      0.84883218]
 [0.47619267 0.47615835 0.34864302 0.30643563 0.35552544 0.22971968
  0.39856074 0.43252095 0.47506754 0.48465864 0.5318537  0.52981671
  0.5273709  0.51131305 0.786      0.73258649 0.818      0.81351748
  0.81296091 0.40358369 0.818      0.818      0.3824562  0.818
  0.818      0.818      0.818      0.74163312 0.5149099 ]
 [0.47619267 0.47615835 0.34864302 0.30643563 0.35552544 0.22971968
  0.39856074 0.43252095 0.47506754 0.48465864 0.5318537  0.52981671
  0.5273709  0.51131305 0.786      0.73258649 0.818      0.81351748
  0.81296091 0.40358369 0.818      0.818      0.3824562  0.818
  0.818      0.818      0.818      0.74163312 0.5149099 ]
 [0.47619267 0.47615835 0.34864302 0.30643563 0.35552544 0.22971968
  0.39856074 0.43252095 0.47506754 0.48465864 0.5318537  0.52981671
  0.5273709  0.51131305 0.786      0.73258649 0.818      0.81351748
  0.81296091 0.40358369 0.818      0.818      0.3824562  0.818
  0.818      0.818      0.818      0.74163312 0.5149099 ]
 [0.47619267 0.47615835 0.34864302 0.30643563 0.35552544 0.22971968
  0.39856074 0.43252095 0.47506754 0.48465864 0.5318537  0.52981671
  0.5273709  0.51131305 0.786      0.73258649 0.818      0.81351748
  0.81296091 0.40358369 0.818      0.818      0.3824562  0.818
  0.818      0.818      0.818      0.74163312 0.5149099 ]
 [0.47619267 0.47615835 0.34864302 0.30643563 0.35552544 0.22971968
  0.39856074 0.43252095 0.47506754 0.48465864 0.5318537  0.52981671
  0.5273709  0.51131305 0.786      0.73258649 0.818      0.81351748
  0.81296091 0.40358369 0.818      0.818      0.3824562  0.818
  0.818      0.818      0.818      0.74163312 0.5149099 ]
 [0.47619267 0.47615835 0.34864302 0.30643563 0.35552544 0.22971968
  0.39856074 0.43252095 0.47506754 0.48465864 0.5318537  0.52981671
  0.5273709  0.51131305 0.786      0.73258649 0.818      0.81351748
  0.81296091 0.40358369 0.818      0.818      0.3824562  0.818
  0.818      0.818      0.818      0.74163312 0.5149099 ]
 [0.5767845  0.57673415 0.39265249 0.40538124 0.4727172  0.32794913
  0.5271828  0.58349996 0.64471246 0.67059608 0.74760565 0.74386579
  0.73993841 0.73438843 0.786      0.65626095 0.73235802 0.72607975
  0.72533767 0.48305754 0.78839603 0.818      0.40317425 0.818
  0.77509973 0.818      0.818      0.818      0.53373668]
 [0.5767845  0.57673415 0.39265249 0.40538124 0.4727172  0.32794913
  0.5271828  0.58349996 0.64471246 0.67059608 0.74760565 0.74386579
  0.73993841 0.73438843 0.786      0.65626095 0.73235802 0.72607975
  0.72533767 0.48305754 0.78839603 0.818      0.40317425 0.818
  0.77509973 0.818      0.818      0.818      0.53373668]
 [0.5767845  0.57673415 0.39265249 0.40538124 0.4727172  0.32794913
  0.5271828  0.58349996 0.64471246 0.67059608 0.74760565 0.74386579
  0.73993841 0.73438843 0.786      0.65626095 0.73235802 0.72607975
  0.72533767 0.48305754 0.78839603 0.818      0.40317425 0.818
  0.77509973 0.818      0.818      0.818      0.53373668]
 [0.5767845  0.57673415 0.39265249 0.40538124 0.4727172  0.32794913
  0.5271828  0.58349996 0.64471246 0.67059608 0.74760565 0.74386579
  0.73993841 0.73438843 0.786      0.65626095 0.73235802 0.72607975
  0.72533767 0.48305754 0.78839603 0.818      0.40317425 0.818
  0.77509973 0.818      0.818      0.818      0.53373668]
 [0.5767845  0.57673415 0.39265249 0.40538124 0.4727172  0.32794913
  0.5271828  0.58349996 0.64471246 0.67059608 0.74760565 0.74386579
  0.73993841 0.73438843 0.786      0.65626095 0.73235802 0.72607975
  0.72533767 0.48305754 0.78839603 0.818      0.40317425 0.818
  0.77509973 0.818      0.818      0.818      0.53373668]
 [0.5767845  0.57673415 0.39265249 0.40538124 0.4727172  0.32794913
  0.5271828  0.58349996 0.64471246 0.67059608 0.74760565 0.74386579
  0.73993841 0.73438843 0.786      0.65626095 0.73235802 0.72607975
  0.72533767 0.48305754 0.78839603 0.818      0.40317425 0.818
  0.77509973 0.818      0.818      0.818      0.53373668]
 [0.65403254 0.65397326 0.43564227 0.5151826  0.59674197 0.43565321
  0.6588448  0.73569559 0.786      0.786      0.786      0.786
  0.786      0.786      0.786      0.56637255 0.61376756 0.61595961
  0.61520066 0.55629567 0.66827637 0.71401246 0.42438479 0.72340722
  0.55332166 0.818      0.818      0.818      0.55275214]
 [0.65403254 0.65397326 0.43564227 0.5151826  0.59674197 0.43565321
  0.6588448  0.73569559 0.786      0.786      0.786      0.786
  0.786      0.786      0.786      0.56637255 0.61376756 0.61595961
  0.61520066 0.55629567 0.66827637 0.71401246 0.42438479 0.72340722
  0.55332166 0.818      0.818      0.818      0.55275214]
 [0.65403254 0.65397326 0.43564227 0.5151826  0.59674197 0.43565321
  0.6588448  0.73569559 0.786      0.786      0.786      0.786
  0.786      0.786      0.786      0.56637255 0.61376756 0.61595961
  0.61520066 0.55629567 0.66827637 0.71401246 0.42438479 0.72340722
  0.55332166 0.818      0.818      0.818      0.55275214]
 [0.65403254 0.65397326 0.43564227 0.5151826  0.59674197 0.43565321
  0.6588448  0.73569559 0.786      0.786      0.786      0.786
  0.786      0.786      0.786      0.56637255 0.61376756 0.61595961
  0.61520066 0.55629567 0.66827637 0.71401246 0.42438479 0.72340722
  0.55332166 0.818      0.818      0.818      0.55275214]
 [0.65403254 0.65397326 0.43564227 0.5151826  0.59674197 0.43565321
  0.6588448  0.73569559 0.786      0.786      0.786      0.786
  0.786      0.786      0.786      0.56637255 0.61376756 0.61595961
  0.61520066 0.55629567 0.66827637 0.71401246 0.42438479 0.72340722
  0.55332166 0.818      0.818      0.818      0.55275214]]","[[1. 1. 1. 1. 1. 1. 1. 1. 1. 1. 1. 1. 1. 1. 1. 1. 1. 1. 1. 1. 1. 1. 1. 1.
  1. 1. 1. 1. 1.]
 [1. 1. 1. 1. 1. 1. 1. 1. 1. 1. 1. 1. 1. 1. 1. 1. 1. 1. 1. 1. 1. 1. 1. 1.
  1. 1. 1. 1. 1.]
 [1. 1. 1. 1. 1. 1. 1. 1. 1. 1. 1. 1. 1. 1. 1. 1. 1. 1. 1. 1. 1. 1. 1. 1.
  1. 1. 1. 1. 1.]
 [1. 1. 1. 1. 1. 1. 1. 1. 1. 1. 1. 1. 1. 1. 1. 1. 1. 1. 1. 1. 1. 1. 0. 1.
  1. 1. 1. 1. 0.]
 [1. 1. 1. 1. 1. 1. 1. 1. 1. 1. 1. 1. 1. 1. 1. 1. 1. 1. 1. 1. 1. 1. 0. 1.
  1. 1. 1. 1. 0.]
 [1. 1. 1. 1. 1. 1. 1. 1. 1. 1. 1. 1. 1. 1. 1. 1. 1. 1. 1. 1. 1. 1. 0. 1.
  1. 1. 1. 1. 0.]
 [1. 1. 1. 1. 1. 1. 1. 1. 1. 1. 1. 1. 1. 1. 1. 1. 1. 1. 1. 1. 1. 1. 0. 1.
  1. 1. 1. 1. 0.]
 [1. 1. 1. 1. 1. 1. 1. 1. 1. 1. 1. 1. 1. 1. 1. 1. 1. 1. 1. 1. 1. 1. 1. 1.
  1. 1. 1. 1. 1.]
 [1. 1. 1. 1. 1. 1. 1. 1. 1. 1. 1. 1. 1. 1. 1. 1. 1. 1. 1. 1. 1. 1. 1. 1.
  1. 1. 1. 1. 1.]
 [1. 1. 1. 1. 1. 1. 1. 1. 1. 1. 1. 1. 1. 1. 1. 1. 1. 1. 1. 1. 1. 1. 1. 1.
  1. 1. 1. 1. 1.]
 [1. 1. 1. 1. 1. 1. 1. 1. 1. 1. 1. 1. 1. 1. 1. 1. 1. 1. 1. 1. 1. 1. 1. 1.
  1. 1. 1. 1. 1.]
 [1. 1. 1. 1. 1. 1. 1. 1. 1. 1. 1. 1. 1. 1. 1. 1. 1. 1. 1. 1. 1. 1. 1. 1.
  1. 1. 1. 1. 1.]
 [1. 1. 1. 1. 1. 1. 1. 1. 1. 1. 1. 1. 1. 1. 1. 1. 1. 1. 1. 1. 1. 1. 1. 1.
  1. 1. 1. 1. 1.]
 [1. 1. 1. 1. 1. 1. 1. 1. 1. 1. 1. 1. 1. 1. 1. 1. 1. 1. 1. 1. 1. 1. 1. 1.
  1. 1. 1. 1. 1.]
 [1. 1. 1. 1. 1. 1. 1. 1. 1. 1. 1. 1. 1. 1. 1. 1. 1. 1. 1. 1. 1. 1. 1. 1.
  1. 1. 1. 1. 1.]
 [1. 1. 1. 1. 1. 1. 1. 1. 1. 1. 1. 1. 1. 1. 1. 1. 1. 1. 1. 1. 1. 1. 1. 1.
  1. 1. 1. 1. 1.]
 [1. 1. 1. 1. 1. 1. 1. 1. 1. 1. 1. 1. 1. 1. 1. 1. 1. 1. 1. 1. 1. 1. 1. 1.
  1. 1. 1. 1. 1.]
 [1. 1. 1. 1. 1. 1. 1. 1. 1. 1. 1. 1. 1. 1. 1. 1. 1. 1. 1. 1. 1. 1. 1. 1.
  1. 1. 1. 1. 1.]
 [1. 1. 1. 1. 1. 1. 1. 1. 1. 1. 1. 1. 1. 1. 1. 1. 1. 1. 1. 1. 1. 1. 1. 1.
  1. 1. 1. 1. 1.]
 [1. 1. 1. 1. 1. 1. 1. 1. 1. 1. 1. 1. 1. 1. 1. 1. 1. 1. 1. 1. 1. 1. 1. 1.
  1. 1. 1. 1. 1.]
 [1. 1. 0. 0. 0. 0. 0. 0. 0. 0. 1. 1. 1. 0. 1. 1. 1. 1. 1. 1. 1. 1. 0. 1.
  1. 1. 1. 1. 1.]
 [1. 1. 0. 0. 0. 0. 0. 0. 0. 0. 1. 1. 1. 0. 1. 1. 1. 1. 1. 1. 1. 1. 0. 1.
  1. 1. 1. 1. 1.]
 [1. 1. 0. 0. 0. 0. 0. 0. 0. 0. 1. 1. 1. 0. 1. 1. 1. 1. 1. 1. 1. 1. 0. 1.
  1. 1. 1. 1. 1.]
 [1. 1. 0. 0. 0. 0. 0. 0. 0. 0. 1. 1. 1. 0. 1. 1. 1. 1. 1. 1. 1. 1. 0. 1.
  1. 1. 1. 1. 1.]
 [1. 1. 0. 0. 0. 0. 0. 0. 0. 0. 1. 1. 1. 0. 1. 1. 1. 1. 1. 1. 1. 1. 0. 1.
  1. 1. 1. 1. 1.]
 [1. 1. 0. 0. 0. 0. 0. 0. 0. 0. 1. 1. 1. 0. 1. 1. 1. 1. 1. 1. 1. 1. 0. 1.
  1. 1. 1. 1. 1.]
 [1. 1. 0. 1. 1. 0. 1. 1. 1. 1. 1. 1. 1. 1. 1. 1. 1. 1. 1. 1. 1. 1. 1. 1.
  1. 1. 1. 1. 1.]
 [1. 1. 0. 1. 1. 0. 1. 1. 1. 1. 1. 1. 1. 1. 1. 1. 1. 1. 1. 1. 1. 1. 1. 1.
  1. 1. 1. 1. 1.]
 [1. 1. 0. 1. 1. 0. 1. 1. 1. 1. 1. 1. 1. 1. 1. 1. 1. 1. 1. 1. 1. 1. 1. 1.
  1. 1. 1. 1. 1.]
 [1. 1. 0. 1. 1. 0. 1. 1. 1. 1. 1. 1. 1. 1. 1. 1. 1. 1. 1. 1. 1. 1. 1. 1.
  1. 1. 1. 1. 1.]
 [1. 1. 0. 1. 1. 0. 1. 1. 1. 1. 1. 1. 1. 1. 1. 1. 1. 1. 1. 1. 1. 1. 1. 1.
  1. 1. 1. 1. 1.]
 [1. 1. 0. 1. 1. 0. 1. 1. 1. 1. 1. 1. 1. 1. 1. 1. 1. 1. 1. 1. 1. 1. 1. 1.
  1. 1. 1. 1. 1.]
 [1. 1. 1. 1. 1. 1. 1. 1. 1. 1. 1. 1. 1. 1. 1. 1. 1. 1. 1. 1. 1. 1. 1. 1.
  1. 1. 1. 1. 1.]
 [1. 1. 1. 1. 1. 1. 1. 1. 1. 1. 1. 1. 1. 1. 1. 1. 1. 1. 1. 1. 1. 1. 1. 1.
  1. 1. 1. 1. 1.]
 [1. 1. 1. 1. 1. 1. 1. 1. 1. 1. 1. 1. 1. 1. 1. 1. 1. 1. 1. 1. 1. 1. 1. 1.
  1. 1. 1. 1. 1.]
 [1. 1. 1. 1. 1. 1. 1. 1. 1. 1. 1. 1. 1. 1. 1. 1. 1. 1. 1. 1. 1. 1. 1. 1.
  1. 1. 1. 1. 1.]
 [1. 1. 1. 1. 1. 1. 1. 1. 1. 1. 1. 1. 1. 1. 1. 1. 1. 1. 1. 1. 1. 1. 1. 1.
  1. 1. 1. 1. 1.]]","[[1.         0.         0.        ]
 [1.         0.         0.        ]
 [1.         0.         0.        ]
 [0.         0.         0.83629452]
 [0.         0.         0.83629452]
 [0.         0.         1.        ]
 [0.         0.         0.83629452]
 [0.         0.         0.83629452]
 [0.         0.         0.83629452]
 [0.         0.         0.83629452]
 [0.         0.         0.83629452]
 [0.         0.         0.83629452]
 [0.         0.         0.83629452]
 [0.         0.         0.83629452]
 [0.         0.         0.2       ]
 [1.         0.         0.        ]
 [1.         0.         0.        ]
 [1.         0.         0.        ]
 [1.         0.         0.        ]
 [0.23182635 0.         0.        ]
 [1.         0.         0.        ]
 [1.         0.         0.        ]
 [0.         0.23182635 0.        ]
 [0.61488563 0.         0.        ]
 [0.         0.61488563 0.        ]
 [0.         0.         0.61488563]
 [0.         0.61488563 0.        ]
 [0.         0.         0.61488563]
 [0.         0.04       0.        ]]",[[80 85 90]],0.7919,4.093758821487427
39,38,"[[0.3024662  0.3024662  0.30246624 0.3024662  0.3024662  0.3024662
  0.1837961  0.1837961  0.1837961  0.1837961  0.1837961  0.1837961
  0.1837961  0.33526409 0.07914738 0.07914738 0.07914738 1.
  1.         1.         1.         0.1916622  1.         0.1916622
  1.         0.1916622  0.32389551 0.29846011 0.30979589 0.32429963
  0.20272982 0.2027202  0.20271412 0.20271435 0.20610335 0.20598036
  0.205942   0.20590743]]","[[0.6432     0.6432     0.6432     0.6432     0.6432     0.6432
  0.736      0.736      0.736      0.736      0.736      0.736
  0.736      0.768      0.736      0.736      0.736      0.768
  0.768      0.768      0.768      0.672      0.768      0.672
  0.768      0.672      0.768      0.768      0.768      0.768
  0.8        0.8        0.8        0.8        0.8        0.8
  0.8        0.8       ]
 [0.6432     0.6432     0.6432     0.6432     0.6432     0.6432
  0.736      0.736      0.736      0.736      0.736      0.736
  0.736      0.768      0.736      0.736      0.736      0.768
  0.768      0.768      0.768      0.672      0.768      0.672
  0.768      0.672      0.768      0.768      0.768      0.768
  0.8        0.8        0.8        0.8        0.8        0.8
  0.8        0.8       ]
 [0.6432     0.6432     0.6432     0.6432     0.6432     0.6432
  0.736      0.736      0.736      0.736      0.736      0.736
  0.736      0.768      0.736      0.736      0.736      0.768
  0.768      0.768      0.768      0.672      0.768      0.672
  0.768      0.672      0.768      0.768      0.768      0.768
  0.8        0.8        0.8        0.8        0.8        0.8
  0.8        0.8       ]
 [0.6432     0.6432     0.6432     0.6432     0.6432     0.6432
  0.736      0.736      0.736      0.736      0.736      0.736
  0.736      0.768      0.736      0.736      0.736      0.768
  0.768      0.768      0.768      0.672      0.768      0.672
  0.768      0.672      0.768      0.768      0.768      0.768
  0.8        0.8        0.8        0.8        0.8        0.8
  0.8        0.8       ]
 [0.6432     0.6432     0.6432     0.6432     0.6432     0.6432
  0.736      0.736      0.736      0.736      0.736      0.736
  0.736      0.768      0.736      0.736      0.736      0.768
  0.768      0.768      0.768      0.672      0.768      0.672
  0.768      0.672      0.768      0.768      0.768      0.768
  0.8        0.8        0.8        0.8        0.8        0.8
  0.8        0.8       ]
 [0.6432     0.6432     0.6432     0.6432     0.6432     0.6432
  0.736      0.736      0.736      0.736      0.736      0.736
  0.736      0.768      0.736      0.736      0.736      0.768
  0.768      0.768      0.768      0.672      0.768      0.672
  0.768      0.672      0.768      0.768      0.768      0.768
  0.8        0.8        0.8        0.8        0.8        0.8
  0.8        0.8       ]
 [0.6432     0.6432     0.6432     0.6432     0.6432     0.6432
  0.736      0.736      0.736      0.736      0.736      0.736
  0.736      0.768      0.736      0.736      0.736      0.768
  0.768      0.768      0.768      0.672      0.768      0.672
  0.768      0.672      0.768      0.768      0.768      0.768
  0.8        0.8        0.8        0.8        0.8        0.8
  0.8        0.8       ]
 [0.6432     0.6432     0.6432     0.6432     0.6432     0.6432
  0.736      0.736      0.736      0.736      0.736      0.736
  0.736      0.768      0.736      0.736      0.736      0.768
  0.768      0.768      0.768      0.672      0.768      0.672
  0.768      0.672      0.768      0.768      0.768      0.768
  0.8        0.8        0.8        0.8        0.8        0.8
  0.8        0.8       ]
 [0.6432     0.6432     0.6432     0.6432     0.6432     0.6432
  0.736      0.736      0.736      0.736      0.736      0.736
  0.736      0.768      0.736      0.736      0.736      0.768
  0.768      0.768      0.768      0.672      0.768      0.672
  0.768      0.672      0.768      0.768      0.768      0.768
  0.8        0.8        0.8        0.8        0.8        0.8
  0.8        0.8       ]
 [0.6932     0.6932     0.6932     0.6932     0.6932     0.6932
  0.58869016 0.62783716 0.63793696 0.67132526 0.67025022 0.66876532
  0.6526598  0.7655976  0.78346009 0.78436263 0.786      0.818
  0.818      0.818      0.818      0.722      0.818      0.71519808
  0.818      0.67417418 0.818      0.818      0.818      0.818
  0.85       0.85       0.85       0.85       0.85       0.85
  0.85       0.85      ]
 [0.6932     0.6932     0.6932     0.6932     0.6932     0.6932
  0.58869016 0.62783716 0.63793696 0.67132526 0.67025022 0.66876532
  0.6526598  0.7655976  0.78346009 0.78436263 0.786      0.818
  0.818      0.818      0.818      0.722      0.818      0.71519808
  0.818      0.67417418 0.818      0.818      0.818      0.818
  0.85       0.85       0.85       0.85       0.85       0.85
  0.85       0.85      ]
 [0.6932     0.6932     0.6932     0.6932     0.6932     0.6932
  0.58869016 0.62783716 0.63793696 0.67132526 0.67025022 0.66876532
  0.6526598  0.7655976  0.78346009 0.78436263 0.786      0.818
  0.818      0.818      0.818      0.722      0.818      0.71519808
  0.818      0.67417418 0.818      0.818      0.818      0.818
  0.85       0.85       0.85       0.85       0.85       0.85
  0.85       0.85      ]
 [0.6932     0.6932     0.6932     0.6932     0.6932     0.6932
  0.58869016 0.62783716 0.63793696 0.67132526 0.67025022 0.66876532
  0.6526598  0.7655976  0.78346009 0.78436263 0.786      0.818
  0.818      0.818      0.818      0.722      0.818      0.71519808
  0.818      0.67417418 0.818      0.818      0.818      0.818
  0.85       0.85       0.85       0.85       0.85       0.85
  0.85       0.85      ]
 [0.6932     0.6932     0.6932     0.6932     0.6932     0.6932
  0.58869016 0.62783716 0.63793696 0.67132526 0.67025022 0.66876532
  0.6526598  0.7655976  0.78346009 0.78436263 0.786      0.818
  0.818      0.818      0.818      0.722      0.818      0.71519808
  0.818      0.67417418 0.818      0.818      0.818      0.818
  0.85       0.85       0.85       0.85       0.85       0.85
  0.85       0.85      ]
 [0.6932     0.6932     0.6932     0.6932     0.6932     0.6932
  0.58869016 0.62783716 0.63793696 0.67132526 0.67025022 0.66876532
  0.6526598  0.7655976  0.78346009 0.78436263 0.786      0.818
  0.818      0.818      0.818      0.722      0.818      0.71519808
  0.818      0.67417418 0.818      0.818      0.818      0.818
  0.85       0.85       0.85       0.85       0.85       0.85
  0.85       0.85      ]
 [0.6932     0.6932     0.6932     0.6932     0.6932     0.6932
  0.786      0.786      0.786      0.786      0.786      0.786
  0.786      0.53282486 0.68792418 0.68904198 0.786      0.78741775
  0.72143432 0.72086457 0.71999598 0.722      0.77248721 0.722
  0.81791014 0.722      0.77590856 0.818      0.818      0.818
  0.74356489 0.74456176 0.7433391  0.74334063 0.8134327  0.8078742
  0.80193307 0.7960235 ]
 [0.6932     0.6932     0.6932     0.6932     0.6932     0.6932
  0.786      0.786      0.786      0.786      0.786      0.786
  0.786      0.53282486 0.68792418 0.68904198 0.786      0.78741775
  0.72143432 0.72086457 0.71999598 0.722      0.77248721 0.722
  0.81791014 0.722      0.77590856 0.818      0.818      0.818
  0.74356489 0.74456176 0.7433391  0.74334063 0.8134327  0.8078742
  0.80193307 0.7960235 ]
 [0.6932     0.6932     0.6932     0.6932     0.6932     0.6932
  0.786      0.786      0.786      0.786      0.786      0.786
  0.786      0.53282486 0.68792418 0.68904198 0.786      0.78741775
  0.72143432 0.72086457 0.71999598 0.722      0.77248721 0.722
  0.81791014 0.722      0.77590856 0.818      0.818      0.818
  0.74356489 0.74456176 0.7433391  0.74334063 0.8134327  0.8078742
  0.80193307 0.7960235 ]
 [0.6932     0.6932     0.6932     0.6932     0.6932     0.6932
  0.786      0.786      0.786      0.786      0.786      0.786
  0.786      0.53282486 0.68792418 0.68904198 0.786      0.78741775
  0.72143432 0.72086457 0.71999598 0.722      0.77248721 0.722
  0.81791014 0.722      0.77590856 0.818      0.818      0.818
  0.74356489 0.74456176 0.7433391  0.74334063 0.8134327  0.8078742
  0.80193307 0.7960235 ]
 [0.6932     0.6932     0.6932     0.6932     0.6932     0.6932
  0.786      0.786      0.786      0.786      0.786      0.786
  0.786      0.53282486 0.68792418 0.68904198 0.786      0.78741775
  0.72143432 0.72086457 0.71999598 0.722      0.77248721 0.722
  0.81791014 0.722      0.77590856 0.818      0.818      0.818
  0.74356489 0.74456176 0.7433391  0.74334063 0.8134327  0.8078742
  0.80193307 0.7960235 ]
 [0.6932     0.6932     0.6932     0.6932     0.6932     0.6932
  0.786      0.786      0.786      0.786      0.786      0.786
  0.786      0.53282486 0.68792418 0.68904198 0.786      0.78741775
  0.72143432 0.72086457 0.71999598 0.722      0.77248721 0.722
  0.81791014 0.722      0.77590856 0.818      0.818      0.818
  0.74356489 0.74456176 0.7433391  0.74334063 0.8134327  0.8078742
  0.80193307 0.7960235 ]
 [0.6112373  0.61122141 0.53497931 0.45894324 0.51274573 0.46812492
  0.32044283 0.3755917  0.40178398 0.47629311 0.47238309 0.46847693
  0.4703496  0.818      0.786      0.786      0.786      0.6352055
  0.61759333 0.60259459 0.60203883 0.56143919 0.6632799  0.45251961
  0.78914969 0.39326534 0.818      0.818      0.818      0.71590416
  0.85       0.85       0.85       0.85       0.85       0.85
  0.85       0.85      ]
 [0.6112373  0.61122141 0.53497931 0.45894324 0.51274573 0.46812492
  0.32044283 0.3755917  0.40178398 0.47629311 0.47238309 0.46847693
  0.4703496  0.818      0.786      0.786      0.786      0.6352055
  0.61759333 0.60259459 0.60203883 0.56143919 0.6632799  0.45251961
  0.78914969 0.39326534 0.818      0.818      0.818      0.71590416
  0.85       0.85       0.85       0.85       0.85       0.85
  0.85       0.85      ]
 [0.6112373  0.61122141 0.53497931 0.45894324 0.51274573 0.46812492
  0.32044283 0.3755917  0.40178398 0.47629311 0.47238309 0.46847693
  0.4703496  0.818      0.786      0.786      0.786      0.6352055
  0.61759333 0.60259459 0.60203883 0.56143919 0.6632799  0.45251961
  0.78914969 0.39326534 0.818      0.818      0.818      0.71590416
  0.85       0.85       0.85       0.85       0.85       0.85
  0.85       0.85      ]
 [0.6112373  0.61122141 0.53497931 0.45894324 0.51274573 0.46812492
  0.32044283 0.3755917  0.40178398 0.47629311 0.47238309 0.46847693
  0.4703496  0.818      0.786      0.786      0.786      0.6352055
  0.61759333 0.60259459 0.60203883 0.56143919 0.6632799  0.45251961
  0.78914969 0.39326534 0.818      0.818      0.818      0.71590416
  0.85       0.85       0.85       0.85       0.85       0.85
  0.85       0.85      ]
 [0.6112373  0.61122141 0.53497931 0.45894324 0.51274573 0.46812492
  0.32044283 0.3755917  0.40178398 0.47629311 0.47238309 0.46847693
  0.4703496  0.818      0.786      0.786      0.786      0.6352055
  0.61759333 0.60259459 0.60203883 0.56143919 0.6632799  0.45251961
  0.78914969 0.39326534 0.818      0.818      0.818      0.71590416
  0.85       0.85       0.85       0.85       0.85       0.85
  0.85       0.85      ]
 [0.6112373  0.61122141 0.53497931 0.45894324 0.51274573 0.46812492
  0.32044283 0.3755917  0.40178398 0.47629311 0.47238309 0.46847693
  0.4703496  0.818      0.786      0.786      0.786      0.6352055
  0.61759333 0.60259459 0.60203883 0.56143919 0.6632799  0.45251961
  0.78914969 0.39326534 0.818      0.818      0.818      0.71590416
  0.85       0.85       0.85       0.85       0.85       0.85
  0.85       0.85      ]
 [0.6932     0.6932     0.63145771 0.5225247  0.55768124 0.53973494
  0.42548712 0.4956391  0.53627559 0.6393337  0.63360512 0.6281767
  0.64352063 0.78620333 0.786      0.786      0.786      0.57690206
  0.5348989  0.52504559 0.5242925  0.70832301 0.5881462  0.5469767
  0.69561949 0.46996911 0.78548964 0.818      0.818      0.818
  0.85       0.85       0.85       0.85       0.85       0.85
  0.85       0.85      ]
 [0.6932     0.6932     0.63145771 0.5225247  0.55768124 0.53973494
  0.42548712 0.4956391  0.53627559 0.6393337  0.63360512 0.6281767
  0.64352063 0.78620333 0.786      0.786      0.786      0.57690206
  0.5348989  0.52504559 0.5242925  0.70832301 0.5881462  0.5469767
  0.69561949 0.46996911 0.78548964 0.818      0.818      0.818
  0.85       0.85       0.85       0.85       0.85       0.85
  0.85       0.85      ]
 [0.6932     0.6932     0.63145771 0.5225247  0.55768124 0.53973494
  0.42548712 0.4956391  0.53627559 0.6393337  0.63360512 0.6281767
  0.64352063 0.78620333 0.786      0.786      0.786      0.57690206
  0.5348989  0.52504559 0.5242925  0.70832301 0.5881462  0.5469767
  0.69561949 0.46996911 0.78548964 0.818      0.818      0.818
  0.85       0.85       0.85       0.85       0.85       0.85
  0.85       0.85      ]
 [0.6932     0.6932     0.63145771 0.5225247  0.55768124 0.53973494
  0.42548712 0.4956391  0.53627559 0.6393337  0.63360512 0.6281767
  0.64352063 0.78620333 0.786      0.786      0.786      0.57690206
  0.5348989  0.52504559 0.5242925  0.70832301 0.5881462  0.5469767
  0.69561949 0.46996911 0.78548964 0.818      0.818      0.818
  0.85       0.85       0.85       0.85       0.85       0.85
  0.85       0.85      ]
 [0.6932     0.6932     0.63145771 0.5225247  0.55768124 0.53973494
  0.42548712 0.4956391  0.53627559 0.6393337  0.63360512 0.6281767
  0.64352063 0.78620333 0.786      0.786      0.786      0.57690206
  0.5348989  0.52504559 0.5242925  0.70832301 0.5881462  0.5469767
  0.69561949 0.46996911 0.78548964 0.818      0.818      0.818
  0.85       0.85       0.85       0.85       0.85       0.85
  0.85       0.85      ]
 [0.6932     0.6932     0.63145771 0.5225247  0.55768124 0.53973494
  0.42548712 0.4956391  0.53627559 0.6393337  0.63360512 0.6281767
  0.64352063 0.78620333 0.786      0.786      0.786      0.57690206
  0.5348989  0.52504559 0.5242925  0.70832301 0.5881462  0.5469767
  0.69561949 0.46996911 0.78548964 0.818      0.818      0.818
  0.85       0.85       0.85       0.85       0.85       0.85
  0.85       0.85      ]
 [0.6932     0.6932     0.69151638 0.5678917  0.57666479 0.59087037
  0.54025183 0.62067099 0.67385253 0.786      0.786      0.7858919
  0.786      0.53990345 0.78451791 0.78542953 0.786      0.51343282
  0.4546388  0.45036007 0.44951014 0.722      0.50844582 0.62763849
  0.58569235 0.54188945 0.61627419 0.818      0.818      0.818
  0.72130137 0.72151023 0.72129722 0.72129712 0.8360636  0.83428403
  0.83212994 0.82988633]
 [0.6932     0.6932     0.69151638 0.5678917  0.57666479 0.59087037
  0.54025183 0.62067099 0.67385253 0.786      0.786      0.7858919
  0.786      0.53990345 0.78451791 0.78542953 0.786      0.51343282
  0.4546388  0.45036007 0.44951014 0.722      0.50844582 0.62763849
  0.58569235 0.54188945 0.61627419 0.818      0.818      0.818
  0.72130137 0.72151023 0.72129722 0.72129712 0.8360636  0.83428403
  0.83212994 0.82988633]
 [0.6932     0.6932     0.69151638 0.5678917  0.57666479 0.59087037
  0.54025183 0.62067099 0.67385253 0.786      0.786      0.7858919
  0.786      0.53990345 0.78451791 0.78542953 0.786      0.51343282
  0.4546388  0.45036007 0.44951014 0.722      0.50844582 0.62763849
  0.58569235 0.54188945 0.61627419 0.818      0.818      0.818
  0.72130137 0.72151023 0.72129722 0.72129712 0.8360636  0.83428403
  0.83212994 0.82988633]
 [0.6932     0.6932     0.69151638 0.5678917  0.57666479 0.59087037
  0.54025183 0.62067099 0.67385253 0.786      0.786      0.7858919
  0.786      0.53990345 0.78451791 0.78542953 0.786      0.51343282
  0.4546388  0.45036007 0.44951014 0.722      0.50844582 0.62763849
  0.58569235 0.54188945 0.61627419 0.818      0.818      0.818
  0.72130137 0.72151023 0.72129722 0.72129712 0.8360636  0.83428403
  0.83212994 0.82988633]
 [0.6932     0.6932     0.69151638 0.5678917  0.57666479 0.59087037
  0.54025183 0.62067099 0.67385253 0.786      0.786      0.7858919
  0.786      0.53990345 0.78451791 0.78542953 0.786      0.51343282
  0.4546388  0.45036007 0.44951014 0.722      0.50844582 0.62763849
  0.58569235 0.54188945 0.61627419 0.818      0.818      0.818
  0.72130137 0.72151023 0.72129722 0.72129712 0.8360636  0.83428403
  0.83212994 0.82988633]
 [0.6932     0.6932     0.69151638 0.5678917  0.57666479 0.59087037
  0.54025183 0.62067099 0.67385253 0.786      0.786      0.7858919
  0.786      0.53990345 0.78451791 0.78542953 0.786      0.51343282
  0.4546388  0.45036007 0.44951014 0.722      0.50844582 0.62763849
  0.58569235 0.54188945 0.61627419 0.818      0.818      0.818
  0.72130137 0.72151023 0.72129722 0.72129712 0.8360636  0.83428403
  0.83212994 0.82988633]]","[[1. 1. 1. 1. 1. 1. 1. 1. 1. 1. 1. 1. 1. 1. 1. 1. 1. 1. 1. 1. 1. 1. 1. 1.
  1. 1. 1. 1. 1. 1. 1. 1. 1. 1. 1. 1. 1. 1.]
 [1. 1. 1. 1. 1. 1. 1. 1. 1. 1. 1. 1. 1. 1. 1. 1. 1. 1. 1. 1. 1. 1. 1. 1.
  1. 1. 1. 1. 1. 1. 1. 1. 1. 1. 1. 1. 1. 1.]
 [1. 1. 1. 1. 1. 1. 1. 1. 1. 1. 1. 1. 1. 1. 1. 1. 1. 1. 1. 1. 1. 1. 1. 1.
  1. 1. 1. 1. 1. 1. 1. 1. 1. 1. 1. 1. 1. 1.]
 [1. 1. 1. 1. 1. 1. 1. 1. 1. 1. 1. 1. 1. 1. 1. 1. 1. 1. 1. 1. 1. 1. 1. 1.
  1. 1. 1. 1. 1. 1. 1. 1. 1. 1. 1. 1. 1. 1.]
 [1. 1. 1. 1. 1. 1. 1. 1. 1. 1. 1. 1. 1. 1. 1. 1. 1. 1. 1. 1. 1. 1. 1. 1.
  1. 1. 1. 1. 1. 1. 1. 1. 1. 1. 1. 1. 1. 1.]
 [1. 1. 1. 1. 1. 1. 1. 1. 1. 1. 1. 1. 1. 1. 1. 1. 1. 1. 1. 1. 1. 1. 1. 1.
  1. 1. 1. 1. 1. 1. 1. 1. 1. 1. 1. 1. 1. 1.]
 [1. 1. 1. 1. 1. 1. 1. 1. 1. 1. 1. 1. 1. 1. 1. 1. 1. 1. 1. 1. 1. 1. 1. 1.
  1. 1. 1. 1. 1. 1. 1. 1. 1. 1. 1. 1. 1. 1.]
 [1. 1. 1. 1. 1. 1. 1. 1. 1. 1. 1. 1. 1. 1. 1. 1. 1. 1. 1. 1. 1. 1. 1. 1.
  1. 1. 1. 1. 1. 1. 1. 1. 1. 1. 1. 1. 1. 1.]
 [1. 1. 1. 1. 1. 1. 1. 1. 1. 1. 1. 1. 1. 1. 1. 1. 1. 1. 1. 1. 1. 1. 1. 1.
  1. 1. 1. 1. 1. 1. 1. 1. 1. 1. 1. 1. 1. 1.]
 [1. 1. 1. 1. 1. 1. 1. 1. 1. 1. 1. 1. 1. 1. 1. 1. 1. 1. 1. 1. 1. 1. 1. 1.
  1. 1. 1. 1. 1. 1. 1. 1. 1. 1. 1. 1. 1. 1.]
 [1. 1. 1. 1. 1. 1. 1. 1. 1. 1. 1. 1. 1. 1. 1. 1. 1. 1. 1. 1. 1. 1. 1. 1.
  1. 1. 1. 1. 1. 1. 1. 1. 1. 1. 1. 1. 1. 1.]
 [1. 1. 1. 1. 1. 1. 1. 1. 1. 1. 1. 1. 1. 1. 1. 1. 1. 1. 1. 1. 1. 1. 1. 1.
  1. 1. 1. 1. 1. 1. 1. 1. 1. 1. 1. 1. 1. 1.]
 [1. 1. 1. 1. 1. 1. 1. 1. 1. 1. 1. 1. 1. 1. 1. 1. 1. 1. 1. 1. 1. 1. 1. 1.
  1. 1. 1. 1. 1. 1. 1. 1. 1. 1. 1. 1. 1. 1.]
 [1. 1. 1. 1. 1. 1. 1. 1. 1. 1. 1. 1. 1. 1. 1. 1. 1. 1. 1. 1. 1. 1. 1. 1.
  1. 1. 1. 1. 1. 1. 1. 1. 1. 1. 1. 1. 1. 1.]
 [1. 1. 1. 1. 1. 1. 1. 1. 1. 1. 1. 1. 1. 1. 1. 1. 1. 1. 1. 1. 1. 1. 1. 1.
  1. 1. 1. 1. 1. 1. 1. 1. 1. 1. 1. 1. 1. 1.]
 [1. 1. 1. 1. 1. 1. 1. 1. 1. 1. 1. 1. 1. 0. 1. 1. 1. 1. 1. 1. 1. 1. 1. 1.
  1. 1. 1. 1. 1. 1. 1. 1. 1. 1. 1. 1. 1. 1.]
 [1. 1. 1. 1. 1. 1. 1. 1. 1. 1. 1. 1. 1. 0. 1. 1. 1. 1. 1. 1. 1. 1. 1. 1.
  1. 1. 1. 1. 1. 1. 1. 1. 1. 1. 1. 1. 1. 1.]
 [1. 1. 1. 1. 1. 1. 1. 1. 1. 1. 1. 1. 1. 0. 1. 1. 1. 1. 1. 1. 1. 1. 1. 1.
  1. 1. 1. 1. 1. 1. 1. 1. 1. 1. 1. 1. 1. 1.]
 [1. 1. 1. 1. 1. 1. 1. 1. 1. 1. 1. 1. 1. 0. 1. 1. 1. 1. 1. 1. 1. 1. 1. 1.
  1. 1. 1. 1. 1. 1. 1. 1. 1. 1. 1. 1. 1. 1.]
 [1. 1. 1. 1. 1. 1. 1. 1. 1. 1. 1. 1. 1. 0. 1. 1. 1. 1. 1. 1. 1. 1. 1. 1.
  1. 1. 1. 1. 1. 1. 1. 1. 1. 1. 1. 1. 1. 1.]
 [1. 1. 1. 1. 1. 1. 1. 1. 1. 1. 1. 1. 1. 0. 1. 1. 1. 1. 1. 1. 1. 1. 1. 1.
  1. 1. 1. 1. 1. 1. 1. 1. 1. 1. 1. 1. 1. 1.]
 [1. 1. 1. 1. 1. 1. 0. 0. 0. 1. 1. 1. 0. 1. 1. 1. 1. 1. 1. 1. 1. 1. 1. 1.
  1. 0. 1. 1. 1. 1. 1. 1. 1. 1. 1. 1. 1. 1.]
 [1. 1. 1. 1. 1. 1. 0. 0. 0. 1. 1. 1. 0. 1. 1. 1. 1. 1. 1. 1. 1. 1. 1. 1.
  1. 0. 1. 1. 1. 1. 1. 1. 1. 1. 1. 1. 1. 1.]
 [1. 1. 1. 1. 1. 1. 0. 0. 0. 1. 1. 1. 0. 1. 1. 1. 1. 1. 1. 1. 1. 1. 1. 1.
  1. 0. 1. 1. 1. 1. 1. 1. 1. 1. 1. 1. 1. 1.]
 [1. 1. 1. 1. 1. 1. 0. 0. 0. 1. 1. 1. 0. 1. 1. 1. 1. 1. 1. 1. 1. 1. 1. 1.
  1. 0. 1. 1. 1. 1. 1. 1. 1. 1. 1. 1. 1. 1.]
 [1. 1. 1. 1. 1. 1. 0. 0. 0. 1. 1. 1. 0. 1. 1. 1. 1. 1. 1. 1. 1. 1. 1. 1.
  1. 0. 1. 1. 1. 1. 1. 1. 1. 1. 1. 1. 1. 1.]
 [1. 1. 1. 1. 1. 1. 0. 0. 0. 1. 1. 1. 0. 1. 1. 1. 1. 1. 1. 1. 1. 1. 1. 1.
  1. 0. 1. 1. 1. 1. 1. 1. 1. 1. 1. 1. 1. 1.]
 [1. 1. 1. 1. 1. 1. 1. 1. 1. 1. 1. 1. 1. 1. 1. 1. 1. 1. 1. 1. 1. 1. 1. 1.
  1. 1. 1. 1. 1. 1. 1. 1. 1. 1. 1. 1. 1. 1.]
 [1. 1. 1. 1. 1. 1. 1. 1. 1. 1. 1. 1. 1. 1. 1. 1. 1. 1. 1. 1. 1. 1. 1. 1.
  1. 1. 1. 1. 1. 1. 1. 1. 1. 1. 1. 1. 1. 1.]
 [1. 1. 1. 1. 1. 1. 1. 1. 1. 1. 1. 1. 1. 1. 1. 1. 1. 1. 1. 1. 1. 1. 1. 1.
  1. 1. 1. 1. 1. 1. 1. 1. 1. 1. 1. 1. 1. 1.]
 [1. 1. 1. 1. 1. 1. 1. 1. 1. 1. 1. 1. 1. 1. 1. 1. 1. 1. 1. 1. 1. 1. 1. 1.
  1. 1. 1. 1. 1. 1. 1. 1. 1. 1. 1. 1. 1. 1.]
 [1. 1. 1. 1. 1. 1. 1. 1. 1. 1. 1. 1. 1. 1. 1. 1. 1. 1. 1. 1. 1. 1. 1. 1.
  1. 1. 1. 1. 1. 1. 1. 1. 1. 1. 1. 1. 1. 1.]
 [1. 1. 1. 1. 1. 1. 1. 1. 1. 1. 1. 1. 1. 1. 1. 1. 1. 1. 1. 1. 1. 1. 1. 1.
  1. 1. 1. 1. 1. 1. 1. 1. 1. 1. 1. 1. 1. 1.]
 [1. 1. 1. 1. 1. 1. 1. 1. 1. 1. 1. 1. 1. 1. 1. 1. 1. 1. 1. 1. 1. 1. 1. 1.
  1. 1. 1. 1. 1. 1. 1. 1. 1. 1. 1. 1. 1. 1.]
 [1. 1. 1. 1. 1. 1. 1. 1. 1. 1. 1. 1. 1. 1. 1. 1. 1. 1. 1. 1. 1. 1. 1. 1.
  1. 1. 1. 1. 1. 1. 1. 1. 1. 1. 1. 1. 1. 1.]
 [1. 1. 1. 1. 1. 1. 1. 1. 1. 1. 1. 1. 1. 1. 1. 1. 1. 1. 1. 1. 1. 1. 1. 1.
  1. 1. 1. 1. 1. 1. 1. 1. 1. 1. 1. 1. 1. 1.]
 [1. 1. 1. 1. 1. 1. 1. 1. 1. 1. 1. 1. 1. 1. 1. 1. 1. 1. 1. 1. 1. 1. 1. 1.
  1. 1. 1. 1. 1. 1. 1. 1. 1. 1. 1. 1. 1. 1.]
 [1. 1. 1. 1. 1. 1. 1. 1. 1. 1. 1. 1. 1. 1. 1. 1. 1. 1. 1. 1. 1. 1. 1. 1.
  1. 1. 1. 1. 1. 1. 1. 1. 1. 1. 1. 1. 1. 1.]
 [1. 1. 1. 1. 1. 1. 1. 1. 1. 1. 1. 1. 1. 1. 1. 1. 1. 1. 1. 1. 1. 1. 1. 1.
  1. 1. 1. 1. 1. 1. 1. 1. 1. 1. 1. 1. 1. 1.]]","[[1.         0.         0.        ]
 [1.         0.         0.        ]
 [1.         0.         0.        ]
 [1.         0.         0.        ]
 [1.         0.         0.        ]
 [1.         0.         0.        ]
 [0.         0.         0.83629452]
 [0.         0.         0.83629452]
 [0.         0.         0.83629452]
 [0.         0.         0.83629452]
 [0.         0.         0.83629452]
 [0.         0.         0.83629452]
 [0.         0.         0.83629452]
 [1.         0.         0.        ]
 [0.         0.         0.2       ]
 [0.         0.         0.2       ]
 [0.         0.         0.2       ]
 [1.         0.         0.        ]
 [1.         0.         0.        ]
 [1.         0.         0.        ]
 [1.         0.         0.        ]
 [0.23182635 0.         0.        ]
 [1.         0.         0.        ]
 [0.23182635 0.         0.        ]
 [1.         0.         0.        ]
 [0.23182635 0.         0.        ]
 [0.61488563 0.         0.        ]
 [0.         0.61488563 0.        ]
 [0.         0.61488563 0.        ]
 [0.61488563 0.         0.        ]
 [0.22       0.         0.        ]
 [0.22       0.         0.        ]
 [0.22       0.         0.        ]
 [0.22       0.         0.        ]
 [0.         0.22       0.        ]
 [0.         0.22       0.        ]
 [0.         0.22       0.        ]
 [0.         0.22       0.        ]]",[[80 85 90]],0.7904,4.880795001983643
42,42,"[[0.3024662  0.3024662  0.3024662  0.30246622 0.3024662  0.3024662
  0.3024662  0.3024662  0.3024662  0.30246622 0.1837961  0.1837961
  0.1837961  0.1837961  0.334901   0.08147719 0.08147719 0.08147719
  1.         1.         1.         1.         0.1916622  1.
  0.1916622  1.         0.1916622  0.24069219 0.29838272 0.30979178
  0.29930434 0.20492759 0.20491505 0.20491365 0.20491338 0.2071256
  0.2071256  0.2071256  0.2071256  0.06126834 0.05740335 0.06180863]]","[[0.6432     0.6432     0.6432     0.6432     0.6432     0.6432
  0.6432     0.6432     0.6432     0.6432     0.736      0.736
  0.736      0.736      0.768      0.736      0.736      0.736
  0.768      0.768      0.768      0.768      0.672      0.768
  0.672      0.768      0.672      0.768      0.768      0.768
  0.768      0.8        0.8        0.8        0.8        0.8
  0.8        0.8        0.8        0.8        0.8        0.8       ]
 [0.6432     0.6432     0.6432     0.6432     0.6432     0.6432
  0.6432     0.6432     0.6432     0.6432     0.736      0.736
  0.736      0.736      0.768      0.736      0.736      0.736
  0.768      0.768      0.768      0.768      0.672      0.768
  0.672      0.768      0.672      0.768      0.768      0.768
  0.768      0.8        0.8        0.8        0.8        0.8
  0.8        0.8        0.8        0.8        0.8        0.8       ]
 [0.6432     0.6432     0.6432     0.6432     0.6432     0.6432
  0.6432     0.6432     0.6432     0.6432     0.736      0.736
  0.736      0.736      0.768      0.736      0.736      0.736
  0.768      0.768      0.768      0.768      0.672      0.768
  0.672      0.768      0.672      0.768      0.768      0.768
  0.768      0.8        0.8        0.8        0.8        0.8
  0.8        0.8        0.8        0.8        0.8        0.8       ]
 [0.6432     0.6432     0.6432     0.6432     0.6432     0.6432
  0.6432     0.6432     0.6432     0.6432     0.736      0.736
  0.736      0.736      0.768      0.736      0.736      0.736
  0.768      0.768      0.768      0.768      0.672      0.768
  0.672      0.768      0.672      0.768      0.768      0.768
  0.768      0.8        0.8        0.8        0.8        0.8
  0.8        0.8        0.8        0.8        0.8        0.8       ]
 [0.6432     0.6432     0.6432     0.6432     0.6432     0.6432
  0.6432     0.6432     0.6432     0.6432     0.736      0.736
  0.736      0.736      0.768      0.736      0.736      0.736
  0.768      0.768      0.768      0.768      0.672      0.768
  0.672      0.768      0.672      0.768      0.768      0.768
  0.768      0.8        0.8        0.8        0.8        0.8
  0.8        0.8        0.8        0.8        0.8        0.8       ]
 [0.6432     0.6432     0.6432     0.6432     0.6432     0.6432
  0.6432     0.6432     0.6432     0.6432     0.736      0.736
  0.736      0.736      0.768      0.736      0.736      0.736
  0.768      0.768      0.768      0.768      0.672      0.768
  0.672      0.768      0.672      0.768      0.768      0.768
  0.768      0.8        0.8        0.8        0.8        0.8
  0.8        0.8        0.8        0.8        0.8        0.8       ]
 [0.6432     0.6432     0.6432     0.6432     0.6432     0.6432
  0.6432     0.6432     0.6432     0.6432     0.736      0.736
  0.736      0.736      0.768      0.736      0.736      0.736
  0.768      0.768      0.768      0.768      0.672      0.768
  0.672      0.768      0.672      0.768      0.768      0.768
  0.768      0.8        0.8        0.8        0.8        0.8
  0.8        0.8        0.8        0.8        0.8        0.8       ]
 [0.6432     0.6432     0.6432     0.6432     0.6432     0.6432
  0.6432     0.6432     0.6432     0.6432     0.736      0.736
  0.736      0.736      0.768      0.736      0.736      0.736
  0.768      0.768      0.768      0.768      0.672      0.768
  0.672      0.768      0.672      0.768      0.768      0.768
  0.768      0.8        0.8        0.8        0.8        0.8
  0.8        0.8        0.8        0.8        0.8        0.8       ]
 [0.6432     0.6432     0.6432     0.6432     0.6432     0.6432
  0.6432     0.6432     0.6432     0.6432     0.736      0.736
  0.736      0.736      0.768      0.736      0.736      0.736
  0.768      0.768      0.768      0.768      0.672      0.768
  0.672      0.768      0.672      0.768      0.768      0.768
  0.768      0.8        0.8        0.8        0.8        0.8
  0.8        0.8        0.8        0.8        0.8        0.8       ]
 [0.59702061 0.59706441 0.6932     0.6932     0.6932     0.6932
  0.51098647 0.6932     0.6932     0.6932     0.62699705 0.62339781
  0.61987541 0.62501383 0.74998373 0.786      0.786      0.786
  0.818      0.818      0.818      0.818      0.6591795  0.818
  0.722      0.818      0.722      0.818      0.818      0.818
  0.818      0.85       0.85       0.85       0.85       0.85
  0.85       0.85       0.85       0.85       0.85       0.85      ]
 [0.59702061 0.59706441 0.6932     0.6932     0.6932     0.6932
  0.51098647 0.6932     0.6932     0.6932     0.62699705 0.62339781
  0.61987541 0.62501383 0.74998373 0.786      0.786      0.786
  0.818      0.818      0.818      0.818      0.6591795  0.818
  0.722      0.818      0.722      0.818      0.818      0.818
  0.818      0.85       0.85       0.85       0.85       0.85
  0.85       0.85       0.85       0.85       0.85       0.85      ]
 [0.59702061 0.59706441 0.6932     0.6932     0.6932     0.6932
  0.51098647 0.6932     0.6932     0.6932     0.62699705 0.62339781
  0.61987541 0.62501383 0.74998373 0.786      0.786      0.786
  0.818      0.818      0.818      0.818      0.6591795  0.818
  0.722      0.818      0.722      0.818      0.818      0.818
  0.818      0.85       0.85       0.85       0.85       0.85
  0.85       0.85       0.85       0.85       0.85       0.85      ]
 [0.59702061 0.59706441 0.6932     0.6932     0.6932     0.6932
  0.51098647 0.6932     0.6932     0.6932     0.62699705 0.62339781
  0.61987541 0.62501383 0.74998373 0.786      0.786      0.786
  0.818      0.818      0.818      0.818      0.6591795  0.818
  0.722      0.818      0.722      0.818      0.818      0.818
  0.818      0.85       0.85       0.85       0.85       0.85
  0.85       0.85       0.85       0.85       0.85       0.85      ]
 [0.59702061 0.59706441 0.6932     0.6932     0.6932     0.6932
  0.51098647 0.6932     0.6932     0.6932     0.62699705 0.62339781
  0.61987541 0.62501383 0.74998373 0.786      0.786      0.786
  0.818      0.818      0.818      0.818      0.6591795  0.818
  0.722      0.818      0.722      0.818      0.818      0.818
  0.818      0.85       0.85       0.85       0.85       0.85
  0.85       0.85       0.85       0.85       0.85       0.85      ]
 [0.59702061 0.59706441 0.6932     0.6932     0.6932     0.6932
  0.51098647 0.6932     0.6932     0.6932     0.62699705 0.62339781
  0.61987541 0.62501383 0.74998373 0.786      0.786      0.786
  0.818      0.818      0.818      0.818      0.6591795  0.818
  0.722      0.818      0.722      0.818      0.818      0.818
  0.818      0.85       0.85       0.85       0.85       0.85
  0.85       0.85       0.85       0.85       0.85       0.85      ]
 [0.6932     0.6932     0.6932     0.6932     0.6932     0.6932
  0.6932     0.6932     0.6932     0.6932     0.786      0.786
  0.786      0.786      0.53098348 0.74825396 0.74828707 0.786
  0.818      0.818      0.818      0.818      0.722      0.818
  0.722      0.74261207 0.722      0.65450209 0.75510792 0.818
  0.818      0.83276317 0.83321276 0.83268032 0.83268082 0.85
  0.85       0.85       0.85       0.85       0.85       0.85      ]
 [0.6932     0.6932     0.6932     0.6932     0.6932     0.6932
  0.6932     0.6932     0.6932     0.6932     0.786      0.786
  0.786      0.786      0.53098348 0.74825396 0.74828707 0.786
  0.818      0.818      0.818      0.818      0.722      0.818
  0.722      0.74261207 0.722      0.65450209 0.75510792 0.818
  0.818      0.83276317 0.83321276 0.83268032 0.83268082 0.85
  0.85       0.85       0.85       0.85       0.85       0.85      ]
 [0.6932     0.6932     0.6932     0.6932     0.6932     0.6932
  0.6932     0.6932     0.6932     0.6932     0.786      0.786
  0.786      0.786      0.53098348 0.74825396 0.74828707 0.786
  0.818      0.818      0.818      0.818      0.722      0.818
  0.722      0.74261207 0.722      0.65450209 0.75510792 0.818
  0.818      0.83276317 0.83321276 0.83268032 0.83268082 0.85
  0.85       0.85       0.85       0.85       0.85       0.85      ]
 [0.6932     0.6932     0.6932     0.6932     0.6932     0.6932
  0.6932     0.6932     0.6932     0.6932     0.786      0.786
  0.786      0.786      0.53098348 0.74825396 0.74828707 0.786
  0.818      0.818      0.818      0.818      0.722      0.818
  0.722      0.74261207 0.722      0.65450209 0.75510792 0.818
  0.818      0.83276317 0.83321276 0.83268032 0.83268082 0.85
  0.85       0.85       0.85       0.85       0.85       0.85      ]
 [0.6932     0.6932     0.6932     0.6932     0.6932     0.6932
  0.6932     0.6932     0.6932     0.6932     0.786      0.786
  0.786      0.786      0.53098348 0.74825396 0.74828707 0.786
  0.818      0.818      0.818      0.818      0.722      0.818
  0.722      0.74261207 0.722      0.65450209 0.75510792 0.818
  0.818      0.83276317 0.83321276 0.83268032 0.83268082 0.85
  0.85       0.85       0.85       0.85       0.85       0.85      ]
 [0.6932     0.6932     0.6932     0.6932     0.6932     0.6932
  0.6932     0.6932     0.6932     0.6932     0.786      0.786
  0.786      0.786      0.53098348 0.74825396 0.74828707 0.786
  0.818      0.818      0.818      0.818      0.722      0.818
  0.722      0.74261207 0.722      0.65450209 0.75510792 0.818
  0.818      0.83276317 0.83321276 0.83268032 0.83268082 0.85
  0.85       0.85       0.85       0.85       0.85       0.85      ]
 [0.63532753 0.6353398  0.64978806 0.61431938 0.55152715 0.53904606
  0.29820884 0.50537145 0.6932     0.6579293  0.3693062  0.36412249
  0.35927376 0.37572765 0.818      0.786      0.786      0.786
  0.81682832 0.75891409 0.74393274 0.74346886 0.62385594 0.72493946
  0.58984965 0.61420951 0.55481904 0.818      0.818      0.818
  0.79928722 0.85       0.85       0.85       0.85       0.85
  0.85       0.85       0.85       0.85       0.85       0.85      ]
 [0.63532753 0.6353398  0.64978806 0.61431938 0.55152715 0.53904606
  0.29820884 0.50537145 0.6932     0.6579293  0.3693062  0.36412249
  0.35927376 0.37572765 0.818      0.786      0.786      0.786
  0.81682832 0.75891409 0.74393274 0.74346886 0.62385594 0.72493946
  0.58984965 0.61420951 0.55481904 0.818      0.818      0.818
  0.79928722 0.85       0.85       0.85       0.85       0.85
  0.85       0.85       0.85       0.85       0.85       0.85      ]
 [0.63532753 0.6353398  0.64978806 0.61431938 0.55152715 0.53904606
  0.29820884 0.50537145 0.6932     0.6579293  0.3693062  0.36412249
  0.35927376 0.37572765 0.818      0.786      0.786      0.786
  0.81682832 0.75891409 0.74393274 0.74346886 0.62385594 0.72493946
  0.58984965 0.61420951 0.55481904 0.818      0.818      0.818
  0.79928722 0.85       0.85       0.85       0.85       0.85
  0.85       0.85       0.85       0.85       0.85       0.85      ]
 [0.63532753 0.6353398  0.64978806 0.61431938 0.55152715 0.53904606
  0.29820884 0.50537145 0.6932     0.6579293  0.3693062  0.36412249
  0.35927376 0.37572765 0.818      0.786      0.786      0.786
  0.81682832 0.75891409 0.74393274 0.74346886 0.62385594 0.72493946
  0.58984965 0.61420951 0.55481904 0.818      0.818      0.818
  0.79928722 0.85       0.85       0.85       0.85       0.85
  0.85       0.85       0.85       0.85       0.85       0.85      ]
 [0.63532753 0.6353398  0.64978806 0.61431938 0.55152715 0.53904606
  0.29820884 0.50537145 0.6932     0.6579293  0.3693062  0.36412249
  0.35927376 0.37572765 0.818      0.786      0.786      0.786
  0.81682832 0.75891409 0.74393274 0.74346886 0.62385594 0.72493946
  0.58984965 0.61420951 0.55481904 0.818      0.818      0.818
  0.79928722 0.85       0.85       0.85       0.85       0.85
  0.85       0.85       0.85       0.85       0.85       0.85      ]
 [0.63532753 0.6353398  0.64978806 0.61431938 0.55152715 0.53904606
  0.29820884 0.50537145 0.6932     0.6579293  0.3693062  0.36412249
  0.35927376 0.37572765 0.818      0.786      0.786      0.786
  0.81682832 0.75891409 0.74393274 0.74346886 0.62385594 0.72493946
  0.58984965 0.61420951 0.55481904 0.818      0.818      0.818
  0.79928722 0.85       0.85       0.85       0.85       0.85
  0.85       0.85       0.85       0.85       0.85       0.85      ]
 [0.6932     0.6932     0.6932     0.6932     0.54695655 0.533856
  0.45460479 0.55580998 0.6932     0.6932     0.48372065 0.47709127
  0.47104332 0.49897015 0.80089416 0.786      0.786      0.786
  0.78741301 0.70613675 0.6951584  0.69445152 0.722      0.67567894
  0.722      0.54249242 0.69718172 0.68249361 0.818      0.818
  0.818      0.85       0.85       0.85       0.85       0.85
  0.85       0.85       0.85       0.85       0.85       0.85      ]
 [0.6932     0.6932     0.6932     0.6932     0.54695655 0.533856
  0.45460479 0.55580998 0.6932     0.6932     0.48372065 0.47709127
  0.47104332 0.49897015 0.80089416 0.786      0.786      0.786
  0.78741301 0.70613675 0.6951584  0.69445152 0.722      0.67567894
  0.722      0.54249242 0.69718172 0.68249361 0.818      0.818
  0.818      0.85       0.85       0.85       0.85       0.85
  0.85       0.85       0.85       0.85       0.85       0.85      ]
 [0.6932     0.6932     0.6932     0.6932     0.54695655 0.533856
  0.45460479 0.55580998 0.6932     0.6932     0.48372065 0.47709127
  0.47104332 0.49897015 0.80089416 0.786      0.786      0.786
  0.78741301 0.70613675 0.6951584  0.69445152 0.722      0.67567894
  0.722      0.54249242 0.69718172 0.68249361 0.818      0.818
  0.818      0.85       0.85       0.85       0.85       0.85
  0.85       0.85       0.85       0.85       0.85       0.85      ]
 [0.6932     0.6932     0.6932     0.6932     0.54695655 0.533856
  0.45460479 0.55580998 0.6932     0.6932     0.48372065 0.47709127
  0.47104332 0.49897015 0.80089416 0.786      0.786      0.786
  0.78741301 0.70613675 0.6951584  0.69445152 0.722      0.67567894
  0.722      0.54249242 0.69718172 0.68249361 0.818      0.818
  0.818      0.85       0.85       0.85       0.85       0.85
  0.85       0.85       0.85       0.85       0.85       0.85      ]
 [0.6932     0.6932     0.6932     0.6932     0.54695655 0.533856
  0.45460479 0.55580998 0.6932     0.6932     0.48372065 0.47709127
  0.47104332 0.49897015 0.80089416 0.786      0.786      0.786
  0.78741301 0.70613675 0.6951584  0.69445152 0.722      0.67567894
  0.722      0.54249242 0.69718172 0.68249361 0.818      0.818
  0.818      0.85       0.85       0.85       0.85       0.85
  0.85       0.85       0.85       0.85       0.85       0.85      ]
 [0.6932     0.6932     0.6932     0.6932     0.54695655 0.533856
  0.45460479 0.55580998 0.6932     0.6932     0.48372065 0.47709127
  0.47104332 0.49897015 0.80089416 0.786      0.786      0.786
  0.78741301 0.70613675 0.6951584  0.69445152 0.722      0.67567894
  0.722      0.54249242 0.69718172 0.68249361 0.818      0.818
  0.818      0.85       0.85       0.85       0.85       0.85
  0.85       0.85       0.85       0.85       0.85       0.85      ]
 [0.6932     0.6932     0.6932     0.6932     0.51853343 0.50716486
  0.61716219 0.58096499 0.6932     0.6932     0.60353909 0.59593048
  0.58912069 0.62732593 0.55384822 0.786      0.786      0.786
  0.71171924 0.62797011 0.62240907 0.62161805 0.722      0.60587989
  0.722      0.47111451 0.722      0.49838032 0.69149698 0.69747109
  0.818      0.70060795 0.70022955 0.70074752 0.70074641 0.84264685
  0.84409986 0.84535814 0.84647611 0.85       0.85       0.85      ]
 [0.6932     0.6932     0.6932     0.6932     0.51853343 0.50716486
  0.61716219 0.58096499 0.6932     0.6932     0.60353909 0.59593048
  0.58912069 0.62732593 0.55384822 0.786      0.786      0.786
  0.71171924 0.62797011 0.62240907 0.62161805 0.722      0.60587989
  0.722      0.47111451 0.722      0.49838032 0.69149698 0.69747109
  0.818      0.70060795 0.70022955 0.70074752 0.70074641 0.84264685
  0.84409986 0.84535814 0.84647611 0.85       0.85       0.85      ]
 [0.6932     0.6932     0.6932     0.6932     0.51853343 0.50716486
  0.61716219 0.58096499 0.6932     0.6932     0.60353909 0.59593048
  0.58912069 0.62732593 0.55384822 0.786      0.786      0.786
  0.71171924 0.62797011 0.62240907 0.62161805 0.722      0.60587989
  0.722      0.47111451 0.722      0.49838032 0.69149698 0.69747109
  0.818      0.70060795 0.70022955 0.70074752 0.70074641 0.84264685
  0.84409986 0.84535814 0.84647611 0.85       0.85       0.85      ]
 [0.6932     0.6932     0.6932     0.6932     0.51853343 0.50716486
  0.61716219 0.58096499 0.6932     0.6932     0.60353909 0.59593048
  0.58912069 0.62732593 0.55384822 0.786      0.786      0.786
  0.71171924 0.62797011 0.62240907 0.62161805 0.722      0.60587989
  0.722      0.47111451 0.722      0.49838032 0.69149698 0.69747109
  0.818      0.70060795 0.70022955 0.70074752 0.70074641 0.84264685
  0.84409986 0.84535814 0.84647611 0.85       0.85       0.85      ]
 [0.6932     0.6932     0.6932     0.6932     0.51853343 0.50716486
  0.61716219 0.58096499 0.6932     0.6932     0.60353909 0.59593048
  0.58912069 0.62732593 0.55384822 0.786      0.786      0.786
  0.71171924 0.62797011 0.62240907 0.62161805 0.722      0.60587989
  0.722      0.47111451 0.722      0.49838032 0.69149698 0.69747109
  0.818      0.70060795 0.70022955 0.70074752 0.70074641 0.84264685
  0.84409986 0.84535814 0.84647611 0.85       0.85       0.85      ]
 [0.6932     0.6932     0.6932     0.6932     0.51853343 0.50716486
  0.61716219 0.58096499 0.6932     0.6932     0.60353909 0.59593048
  0.58912069 0.62732593 0.55384822 0.786      0.786      0.786
  0.71171924 0.62797011 0.62240907 0.62161805 0.722      0.60587989
  0.722      0.47111451 0.722      0.49838032 0.69149698 0.69747109
  0.818      0.70060795 0.70022955 0.70074752 0.70074641 0.84264685
  0.84409986 0.84535814 0.84647611 0.85       0.85       0.85      ]
 [0.24964234 0.24969607 0.45017975 0.55824454 0.6932     0.6932
  0.43966347 0.6932     0.59064015 0.56492866 0.64755087 0.64940056
  0.65065496 0.62470074 0.40686393 0.43924796 0.44004087 0.49561737
  0.818      0.818      0.818      0.818      0.35022114 0.818
  0.51017827 0.818      0.57448277 0.80512838 0.64706254 0.77213554
  0.73831608 0.80508746 0.80666194 0.80466488 0.80466793 0.75867127
  0.75211906 0.7453377  0.73863062 0.6139103  0.56611515 0.58930511]
 [0.24964234 0.24969607 0.45017975 0.55824454 0.6932     0.6932
  0.43966347 0.6932     0.59064015 0.56492866 0.64755087 0.64940056
  0.65065496 0.62470074 0.40686393 0.43924796 0.44004087 0.49561737
  0.818      0.818      0.818      0.818      0.35022114 0.818
  0.51017827 0.818      0.57448277 0.80512838 0.64706254 0.77213554
  0.73831608 0.80508746 0.80666194 0.80466488 0.80466793 0.75867127
  0.75211906 0.7453377  0.73863062 0.6139103  0.56611515 0.58930511]
 [0.24964234 0.24969607 0.45017975 0.55824454 0.6932     0.6932
  0.43966347 0.6932     0.59064015 0.56492866 0.64755087 0.64940056
  0.65065496 0.62470074 0.40686393 0.43924796 0.44004087 0.49561737
  0.818      0.818      0.818      0.818      0.35022114 0.818
  0.51017827 0.818      0.57448277 0.80512838 0.64706254 0.77213554
  0.73831608 0.80508746 0.80666194 0.80466488 0.80466793 0.75867127
  0.75211906 0.7453377  0.73863062 0.6139103  0.56611515 0.58930511]]","[[1. 1. 1. 1. 1. 1. 1. 1. 1. 1. 1. 1. 1. 1. 1. 1. 1. 1. 1. 1. 1. 1. 1. 1.
  1. 1. 1. 1. 1. 1. 1. 1. 1. 1. 1. 1. 1. 1. 1. 1. 1. 1.]
 [1. 1. 1. 1. 1. 1. 1. 1. 1. 1. 1. 1. 1. 1. 1. 1. 1. 1. 1. 1. 1. 1. 1. 1.
  1. 1. 1. 1. 1. 1. 1. 1. 1. 1. 1. 1. 1. 1. 1. 1. 1. 1.]
 [1. 1. 1. 1. 1. 1. 1. 1. 1. 1. 1. 1. 1. 1. 1. 1. 1. 1. 1. 1. 1. 1. 1. 1.
  1. 1. 1. 1. 1. 1. 1. 1. 1. 1. 1. 1. 1. 1. 1. 1. 1. 1.]
 [1. 1. 1. 1. 1. 1. 1. 1. 1. 1. 1. 1. 1. 1. 1. 1. 1. 1. 1. 1. 1. 1. 1. 1.
  1. 1. 1. 1. 1. 1. 1. 1. 1. 1. 1. 1. 1. 1. 1. 1. 1. 1.]
 [1. 1. 1. 1. 1. 1. 1. 1. 1. 1. 1. 1. 1. 1. 1. 1. 1. 1. 1. 1. 1. 1. 1. 1.
  1. 1. 1. 1. 1. 1. 1. 1. 1. 1. 1. 1. 1. 1. 1. 1. 1. 1.]
 [1. 1. 1. 1. 1. 1. 1. 1. 1. 1. 1. 1. 1. 1. 1. 1. 1. 1. 1. 1. 1. 1. 1. 1.
  1. 1. 1. 1. 1. 1. 1. 1. 1. 1. 1. 1. 1. 1. 1. 1. 1. 1.]
 [1. 1. 1. 1. 1. 1. 1. 1. 1. 1. 1. 1. 1. 1. 1. 1. 1. 1. 1. 1. 1. 1. 1. 1.
  1. 1. 1. 1. 1. 1. 1. 1. 1. 1. 1. 1. 1. 1. 1. 1. 1. 1.]
 [1. 1. 1. 1. 1. 1. 1. 1. 1. 1. 1. 1. 1. 1. 1. 1. 1. 1. 1. 1. 1. 1. 1. 1.
  1. 1. 1. 1. 1. 1. 1. 1. 1. 1. 1. 1. 1. 1. 1. 1. 1. 1.]
 [1. 1. 1. 1. 1. 1. 1. 1. 1. 1. 1. 1. 1. 1. 1. 1. 1. 1. 1. 1. 1. 1. 1. 1.
  1. 1. 1. 1. 1. 1. 1. 1. 1. 1. 1. 1. 1. 1. 1. 1. 1. 1.]
 [1. 1. 1. 1. 1. 1. 1. 1. 1. 1. 1. 1. 1. 1. 1. 1. 1. 1. 1. 1. 1. 1. 1. 1.
  1. 1. 1. 1. 1. 1. 1. 1. 1. 1. 1. 1. 1. 1. 1. 1. 1. 1.]
 [1. 1. 1. 1. 1. 1. 1. 1. 1. 1. 1. 1. 1. 1. 1. 1. 1. 1. 1. 1. 1. 1. 1. 1.
  1. 1. 1. 1. 1. 1. 1. 1. 1. 1. 1. 1. 1. 1. 1. 1. 1. 1.]
 [1. 1. 1. 1. 1. 1. 1. 1. 1. 1. 1. 1. 1. 1. 1. 1. 1. 1. 1. 1. 1. 1. 1. 1.
  1. 1. 1. 1. 1. 1. 1. 1. 1. 1. 1. 1. 1. 1. 1. 1. 1. 1.]
 [1. 1. 1. 1. 1. 1. 1. 1. 1. 1. 1. 1. 1. 1. 1. 1. 1. 1. 1. 1. 1. 1. 1. 1.
  1. 1. 1. 1. 1. 1. 1. 1. 1. 1. 1. 1. 1. 1. 1. 1. 1. 1.]
 [1. 1. 1. 1. 1. 1. 1. 1. 1. 1. 1. 1. 1. 1. 1. 1. 1. 1. 1. 1. 1. 1. 1. 1.
  1. 1. 1. 1. 1. 1. 1. 1. 1. 1. 1. 1. 1. 1. 1. 1. 1. 1.]
 [1. 1. 1. 1. 1. 1. 1. 1. 1. 1. 1. 1. 1. 1. 1. 1. 1. 1. 1. 1. 1. 1. 1. 1.
  1. 1. 1. 1. 1. 1. 1. 1. 1. 1. 1. 1. 1. 1. 1. 1. 1. 1.]
 [1. 1. 1. 0. 1. 1. 1. 1. 1. 0. 1. 1. 1. 1. 0. 1. 1. 1. 1. 1. 1. 1. 1. 1.
  1. 1. 1. 1. 1. 1. 1. 1. 1. 1. 1. 1. 1. 1. 1. 1. 1. 1.]
 [1. 1. 1. 0. 1. 1. 1. 1. 1. 0. 1. 1. 1. 1. 0. 1. 1. 1. 1. 1. 1. 1. 1. 1.
  1. 1. 1. 1. 1. 1. 1. 1. 1. 1. 1. 1. 1. 1. 1. 1. 1. 1.]
 [1. 1. 1. 0. 1. 1. 1. 1. 1. 0. 1. 1. 1. 1. 0. 1. 1. 1. 1. 1. 1. 1. 1. 1.
  1. 1. 1. 1. 1. 1. 1. 1. 1. 1. 1. 1. 1. 1. 1. 1. 1. 1.]
 [1. 1. 1. 0. 1. 1. 1. 1. 1. 0. 1. 1. 1. 1. 0. 1. 1. 1. 1. 1. 1. 1. 1. 1.
  1. 1. 1. 1. 1. 1. 1. 1. 1. 1. 1. 1. 1. 1. 1. 1. 1. 1.]
 [1. 1. 1. 0. 1. 1. 1. 1. 1. 0. 1. 1. 1. 1. 0. 1. 1. 1. 1. 1. 1. 1. 1. 1.
  1. 1. 1. 1. 1. 1. 1. 1. 1. 1. 1. 1. 1. 1. 1. 1. 1. 1.]
 [1. 1. 1. 0. 1. 1. 1. 1. 1. 0. 1. 1. 1. 1. 0. 1. 1. 1. 1. 1. 1. 1. 1. 1.
  1. 1. 1. 1. 1. 1. 1. 1. 1. 1. 1. 1. 1. 1. 1. 1. 1. 1.]
 [1. 1. 1. 1. 1. 1. 0. 1. 1. 1. 0. 0. 0. 0. 1. 1. 1. 1. 1. 1. 1. 1. 1. 1.
  1. 1. 1. 1. 1. 1. 1. 1. 1. 1. 1. 1. 1. 1. 1. 1. 1. 1.]
 [1. 1. 1. 1. 1. 1. 0. 1. 1. 1. 0. 0. 0. 0. 1. 1. 1. 1. 1. 1. 1. 1. 1. 1.
  1. 1. 1. 1. 1. 1. 1. 1. 1. 1. 1. 1. 1. 1. 1. 1. 1. 1.]
 [1. 1. 1. 1. 1. 1. 0. 1. 1. 1. 0. 0. 0. 0. 1. 1. 1. 1. 1. 1. 1. 1. 1. 1.
  1. 1. 1. 1. 1. 1. 1. 1. 1. 1. 1. 1. 1. 1. 1. 1. 1. 1.]
 [1. 1. 1. 1. 1. 1. 0. 1. 1. 1. 0. 0. 0. 0. 1. 1. 1. 1. 1. 1. 1. 1. 1. 1.
  1. 1. 1. 1. 1. 1. 1. 1. 1. 1. 1. 1. 1. 1. 1. 1. 1. 1.]
 [1. 1. 1. 1. 1. 1. 0. 1. 1. 1. 0. 0. 0. 0. 1. 1. 1. 1. 1. 1. 1. 1. 1. 1.
  1. 1. 1. 1. 1. 1. 1. 1. 1. 1. 1. 1. 1. 1. 1. 1. 1. 1.]
 [1. 1. 1. 1. 1. 1. 0. 1. 1. 1. 0. 0. 0. 0. 1. 1. 1. 1. 1. 1. 1. 1. 1. 1.
  1. 1. 1. 1. 1. 1. 1. 1. 1. 1. 1. 1. 1. 1. 1. 1. 1. 1.]
 [1. 1. 1. 1. 1. 1. 1. 1. 1. 1. 1. 1. 1. 1. 1. 1. 1. 1. 1. 1. 1. 1. 1. 1.
  1. 1. 1. 1. 1. 1. 1. 1. 1. 1. 1. 1. 1. 1. 1. 1. 1. 1.]
 [1. 1. 1. 1. 1. 1. 1. 1. 1. 1. 1. 1. 1. 1. 1. 1. 1. 1. 1. 1. 1. 1. 1. 1.
  1. 1. 1. 1. 1. 1. 1. 1. 1. 1. 1. 1. 1. 1. 1. 1. 1. 1.]
 [1. 1. 1. 1. 1. 1. 1. 1. 1. 1. 1. 1. 1. 1. 1. 1. 1. 1. 1. 1. 1. 1. 1. 1.
  1. 1. 1. 1. 1. 1. 1. 1. 1. 1. 1. 1. 1. 1. 1. 1. 1. 1.]
 [1. 1. 1. 1. 1. 1. 1. 1. 1. 1. 1. 1. 1. 1. 1. 1. 1. 1. 1. 1. 1. 1. 1. 1.
  1. 1. 1. 1. 1. 1. 1. 1. 1. 1. 1. 1. 1. 1. 1. 1. 1. 1.]
 [1. 1. 1. 1. 1. 1. 1. 1. 1. 1. 1. 1. 1. 1. 1. 1. 1. 1. 1. 1. 1. 1. 1. 1.
  1. 1. 1. 1. 1. 1. 1. 1. 1. 1. 1. 1. 1. 1. 1. 1. 1. 1.]
 [1. 1. 1. 1. 1. 1. 1. 1. 1. 1. 1. 1. 1. 1. 1. 1. 1. 1. 1. 1. 1. 1. 1. 1.
  1. 1. 1. 1. 1. 1. 1. 1. 1. 1. 1. 1. 1. 1. 1. 1. 1. 1.]
 [1. 1. 1. 1. 1. 1. 1. 1. 1. 1. 1. 1. 1. 1. 1. 1. 1. 1. 1. 1. 1. 1. 1. 1.
  1. 1. 1. 1. 1. 1. 1. 1. 1. 1. 1. 1. 1. 1. 1. 1. 1. 1.]
 [1. 1. 1. 1. 1. 1. 1. 1. 1. 1. 1. 1. 1. 1. 1. 1. 1. 1. 1. 1. 1. 1. 1. 1.
  1. 1. 1. 1. 1. 1. 1. 1. 1. 1. 1. 1. 1. 1. 1. 1. 1. 1.]
 [1. 1. 1. 1. 1. 1. 1. 1. 1. 1. 1. 1. 1. 1. 1. 1. 1. 1. 1. 1. 1. 1. 1. 1.
  1. 1. 1. 1. 1. 1. 1. 1. 1. 1. 1. 1. 1. 1. 1. 1. 1. 1.]
 [1. 1. 1. 1. 1. 1. 1. 1. 1. 1. 1. 1. 1. 1. 1. 1. 1. 1. 1. 1. 1. 1. 1. 1.
  1. 1. 1. 1. 1. 1. 1. 1. 1. 1. 1. 1. 1. 1. 1. 1. 1. 1.]
 [1. 1. 1. 1. 1. 1. 1. 1. 1. 1. 1. 1. 1. 1. 1. 1. 1. 1. 1. 1. 1. 1. 1. 1.
  1. 1. 1. 1. 1. 1. 1. 1. 1. 1. 1. 1. 1. 1. 1. 1. 1. 1.]
 [1. 1. 1. 1. 1. 1. 1. 1. 1. 1. 1. 1. 1. 1. 1. 1. 1. 1. 1. 1. 1. 1. 1. 1.
  1. 1. 1. 1. 1. 1. 1. 1. 1. 1. 1. 1. 1. 1. 1. 1. 1. 1.]
 [0. 0. 1. 1. 1. 1. 1. 1. 1. 1. 1. 1. 1. 1. 1. 1. 1. 1. 1. 1. 1. 1. 0. 1.
  1. 1. 1. 1. 1. 1. 1. 1. 1. 1. 1. 1. 1. 1. 1. 1. 1. 1.]
 [0. 0. 1. 1. 1. 1. 1. 1. 1. 1. 1. 1. 1. 1. 1. 1. 1. 1. 1. 1. 1. 1. 0. 1.
  1. 1. 1. 1. 1. 1. 1. 1. 1. 1. 1. 1. 1. 1. 1. 1. 1. 1.]
 [0. 0. 1. 1. 1. 1. 1. 1. 1. 1. 1. 1. 1. 1. 1. 1. 1. 1. 1. 1. 1. 1. 0. 1.
  1. 1. 1. 1. 1. 1. 1. 1. 1. 1. 1. 1. 1. 1. 1. 1. 1. 1.]]","[[1.         0.         0.        ]
 [1.         0.         0.        ]
 [1.         0.         0.        ]
 [1.         0.         0.        ]
 [1.         0.         0.        ]
 [1.         0.         0.        ]
 [1.         0.         0.        ]
 [1.         0.         0.        ]
 [1.         0.         0.        ]
 [1.         0.         0.        ]
 [0.         0.         0.83629452]
 [0.         0.         0.83629452]
 [0.         0.         0.83629452]
 [0.         0.         0.83629452]
 [1.         0.         0.        ]
 [0.         0.2        0.        ]
 [0.         0.2        0.        ]
 [0.         0.2        0.        ]
 [1.         0.         0.        ]
 [1.         0.         0.        ]
 [1.         0.         0.        ]
 [1.         0.         0.        ]
 [0.23182635 0.         0.        ]
 [1.         0.         0.        ]
 [0.23182635 0.         0.        ]
 [1.         0.         0.        ]
 [0.23182635 0.         0.        ]
 [0.         0.61488563 0.        ]
 [0.         0.61488563 0.        ]
 [0.         0.61488563 0.        ]
 [0.         0.61488563 0.        ]
 [0.22       0.         0.        ]
 [0.22       0.         0.        ]
 [0.22       0.         0.        ]
 [0.22       0.         0.        ]
 [0.         0.22       0.        ]
 [0.         0.22       0.        ]
 [0.         0.22       0.        ]
 [0.         0.22       0.        ]
 [0.         0.         0.01      ]
 [0.         0.         0.01      ]
 [0.         0.         0.01      ]]",[[80 85 90]],0.7835,5.652390718460083
38,34,"[[0.3024662  0.3024662  0.3024662  0.3024662  0.3024662  0.3024662
  0.3024662  0.3024662  0.3024662  0.3024662  0.30246626 0.30246626
  0.08366465 0.08366465 0.08366465 1.         1.         1.
  1.         1.         0.1916622  1.         0.1916622  0.32346854
  0.3097926  0.29849637 0.20669222 0.20667273 0.20667884 0.20667908
  0.2067866  0.20680109 0.20681602 0.20683068]]","[[0.6432     0.6432     0.6432     0.6432     0.6432     0.6432
  0.6432     0.6432     0.6432     0.6432     0.6432     0.6432
  0.736      0.736      0.736      0.768      0.768      0.768
  0.768      0.768      0.672      0.768      0.672      0.768
  0.768      0.768      0.8        0.8        0.8        0.8
  0.8        0.8        0.8        0.8       ]
 [0.6432     0.6432     0.6432     0.6432     0.6432     0.6432
  0.6432     0.6432     0.6432     0.6432     0.6432     0.6432
  0.736      0.736      0.736      0.768      0.768      0.768
  0.768      0.768      0.672      0.768      0.672      0.768
  0.768      0.768      0.8        0.8        0.8        0.8
  0.8        0.8        0.8        0.8       ]
 [0.6432     0.6432     0.6432     0.6432     0.6432     0.6432
  0.6432     0.6432     0.6432     0.6432     0.6432     0.6432
  0.736      0.736      0.736      0.768      0.768      0.768
  0.768      0.768      0.672      0.768      0.672      0.768
  0.768      0.768      0.8        0.8        0.8        0.8
  0.8        0.8        0.8        0.8       ]
 [0.6432     0.6432     0.6432     0.6432     0.6432     0.6432
  0.6432     0.6432     0.6432     0.6432     0.6432     0.6432
  0.736      0.736      0.736      0.768      0.768      0.768
  0.768      0.768      0.672      0.768      0.672      0.768
  0.768      0.768      0.8        0.8        0.8        0.8
  0.8        0.8        0.8        0.8       ]
 [0.6432     0.6432     0.6432     0.6432     0.6432     0.6432
  0.6432     0.6432     0.6432     0.6432     0.6432     0.6432
  0.736      0.736      0.736      0.768      0.768      0.768
  0.768      0.768      0.672      0.768      0.672      0.768
  0.768      0.768      0.8        0.8        0.8        0.8
  0.8        0.8        0.8        0.8       ]
 [0.6432     0.6432     0.6432     0.6432     0.6432     0.6432
  0.6432     0.6432     0.6432     0.6432     0.6432     0.6432
  0.736      0.736      0.736      0.768      0.768      0.768
  0.768      0.768      0.672      0.768      0.672      0.768
  0.768      0.768      0.8        0.8        0.8        0.8
  0.8        0.8        0.8        0.8       ]
 [0.6432     0.6432     0.6432     0.6432     0.6432     0.6432
  0.6432     0.6432     0.6432     0.6432     0.6432     0.6432
  0.736      0.736      0.736      0.768      0.768      0.768
  0.768      0.768      0.672      0.768      0.672      0.768
  0.768      0.768      0.8        0.8        0.8        0.8
  0.8        0.8        0.8        0.8       ]
 [0.6432     0.6432     0.6432     0.6432     0.6432     0.6432
  0.6432     0.6432     0.6432     0.6432     0.6432     0.6432
  0.736      0.736      0.736      0.768      0.768      0.768
  0.768      0.768      0.672      0.768      0.672      0.768
  0.768      0.768      0.8        0.8        0.8        0.8
  0.8        0.8        0.8        0.8       ]
 [0.57555214 0.67064542 0.6932     0.6932     0.51874556 0.6932
  0.6932     0.6932     0.6932     0.6932     0.47670829 0.47658972
  0.786      0.786      0.786      0.818      0.818      0.818
  0.818      0.818      0.61414806 0.818      0.66748713 0.818
  0.818      0.818      0.85       0.85       0.85       0.85
  0.85       0.85       0.85       0.85      ]
 [0.57555214 0.67064542 0.6932     0.6932     0.51874556 0.6932
  0.6932     0.6932     0.6932     0.6932     0.47670829 0.47658972
  0.786      0.786      0.786      0.818      0.818      0.818
  0.818      0.818      0.61414806 0.818      0.66748713 0.818
  0.818      0.818      0.85       0.85       0.85       0.85
  0.85       0.85       0.85       0.85      ]
 [0.57555214 0.67064542 0.6932     0.6932     0.51874556 0.6932
  0.6932     0.6932     0.6932     0.6932     0.47670829 0.47658972
  0.786      0.786      0.786      0.818      0.818      0.818
  0.818      0.818      0.61414806 0.818      0.66748713 0.818
  0.818      0.818      0.85       0.85       0.85       0.85
  0.85       0.85       0.85       0.85      ]
 [0.57555214 0.67064542 0.6932     0.6932     0.51874556 0.6932
  0.6932     0.6932     0.6932     0.6932     0.47670829 0.47658972
  0.786      0.786      0.786      0.818      0.818      0.818
  0.818      0.818      0.61414806 0.818      0.66748713 0.818
  0.818      0.818      0.85       0.85       0.85       0.85
  0.85       0.85       0.85       0.85      ]
 [0.57555214 0.67064542 0.6932     0.6932     0.51874556 0.6932
  0.6932     0.6932     0.6932     0.6932     0.47670829 0.47658972
  0.786      0.786      0.786      0.818      0.818      0.818
  0.818      0.818      0.61414806 0.818      0.66748713 0.818
  0.818      0.818      0.85       0.85       0.85       0.85
  0.85       0.85       0.85       0.85      ]
 [0.57555214 0.67064542 0.6932     0.6932     0.51874556 0.6932
  0.6932     0.6932     0.6932     0.6932     0.47670829 0.47658972
  0.786      0.786      0.786      0.818      0.818      0.818
  0.818      0.818      0.61414806 0.818      0.66748713 0.818
  0.818      0.818      0.85       0.85       0.85       0.85
  0.85       0.85       0.85       0.85      ]
 [0.6932     0.6932     0.6932     0.6932     0.6932     0.6932
  0.6932     0.6932     0.6932     0.6932     0.6932     0.6932
  0.68583168 0.68082117 0.786      0.818      0.818      0.818
  0.818      0.81681612 0.722      0.70955886 0.722      0.63901862
  0.65635552 0.818      0.83633315 0.8360327  0.83643969 0.83643885
  0.85       0.85       0.85       0.85      ]
 [0.6932     0.6932     0.6932     0.6932     0.6932     0.6932
  0.6932     0.6932     0.6932     0.6932     0.6932     0.6932
  0.68583168 0.68082117 0.786      0.818      0.818      0.818
  0.818      0.81681612 0.722      0.70955886 0.722      0.63901862
  0.65635552 0.818      0.83633315 0.8360327  0.83643969 0.83643885
  0.85       0.85       0.85       0.85      ]
 [0.6932     0.6932     0.6932     0.6932     0.6932     0.6932
  0.6932     0.6932     0.6932     0.6932     0.6932     0.6932
  0.68583168 0.68082117 0.786      0.818      0.818      0.818
  0.818      0.81681612 0.722      0.70955886 0.722      0.63901862
  0.65635552 0.818      0.83633315 0.8360327  0.83643969 0.83643885
  0.85       0.85       0.85       0.85      ]
 [0.6932     0.6932     0.6932     0.6932     0.6932     0.6932
  0.6932     0.6932     0.6932     0.6932     0.6932     0.6932
  0.68583168 0.68082117 0.786      0.818      0.818      0.818
  0.818      0.81681612 0.722      0.70955886 0.722      0.63901862
  0.65635552 0.818      0.83633315 0.8360327  0.83643969 0.83643885
  0.85       0.85       0.85       0.85      ]
 [0.6932     0.6932     0.6932     0.6932     0.6932     0.6932
  0.6932     0.6932     0.6932     0.6932     0.6932     0.6932
  0.68583168 0.68082117 0.786      0.818      0.818      0.818
  0.818      0.81681612 0.722      0.70955886 0.722      0.63901862
  0.65635552 0.818      0.83633315 0.8360327  0.83643969 0.83643885
  0.85       0.85       0.85       0.85      ]
 [0.6932     0.6932     0.6932     0.6932     0.6932     0.6932
  0.6932     0.6932     0.6932     0.6932     0.6932     0.6932
  0.68583168 0.68082117 0.786      0.818      0.818      0.818
  0.818      0.81681612 0.722      0.70955886 0.722      0.63901862
  0.65635552 0.818      0.83633315 0.8360327  0.83643969 0.83643885
  0.85       0.85       0.85       0.85      ]
 [0.63864573 0.6659908  0.6932     0.6932     0.40222784 0.6932
  0.60159359 0.59733654 0.6932     0.6932     0.23606295 0.23585757
  0.786      0.786      0.786      0.818      0.818      0.81628842
  0.81578109 0.79548637 0.61868773 0.67419667 0.62371674 0.818
  0.818      0.818      0.84010283 0.83855295 0.84052345 0.84052039
  0.85       0.85       0.85       0.85      ]
 [0.63864573 0.6659908  0.6932     0.6932     0.40222784 0.6932
  0.60159359 0.59733654 0.6932     0.6932     0.23606295 0.23585757
  0.786      0.786      0.786      0.818      0.818      0.81628842
  0.81578109 0.79548637 0.61868773 0.67419667 0.62371674 0.818
  0.818      0.818      0.84010283 0.83855295 0.84052345 0.84052039
  0.85       0.85       0.85       0.85      ]
 [0.63864573 0.6659908  0.6932     0.6932     0.40222784 0.6932
  0.60159359 0.59733654 0.6932     0.6932     0.23606295 0.23585757
  0.786      0.786      0.786      0.818      0.818      0.81628842
  0.81578109 0.79548637 0.61868773 0.67419667 0.62371674 0.818
  0.818      0.818      0.84010283 0.83855295 0.84052345 0.84052039
  0.85       0.85       0.85       0.85      ]
 [0.63864573 0.6659908  0.6932     0.6932     0.40222784 0.6932
  0.60159359 0.59733654 0.6932     0.6932     0.23606295 0.23585757
  0.786      0.786      0.786      0.818      0.818      0.81628842
  0.81578109 0.79548637 0.61868773 0.67419667 0.62371674 0.818
  0.818      0.818      0.84010283 0.83855295 0.84052345 0.84052039
  0.85       0.85       0.85       0.85      ]
 [0.63864573 0.6659908  0.6932     0.6932     0.40222784 0.6932
  0.60159359 0.59733654 0.6932     0.6932     0.23606295 0.23585757
  0.786      0.786      0.786      0.818      0.818      0.81628842
  0.81578109 0.79548637 0.61868773 0.67419667 0.62371674 0.818
  0.818      0.818      0.84010283 0.83855295 0.84052345 0.84052039
  0.85       0.85       0.85       0.85      ]
 [0.63864573 0.6659908  0.6932     0.6932     0.40222784 0.6932
  0.60159359 0.59733654 0.6932     0.6932     0.23606295 0.23585757
  0.786      0.786      0.786      0.818      0.818      0.81628842
  0.81578109 0.79548637 0.61868773 0.67419667 0.62371674 0.818
  0.818      0.818      0.84010283 0.83855295 0.84052345 0.84052039
  0.85       0.85       0.85       0.85      ]
 [0.6932     0.6932     0.6932     0.6932     0.61414591 0.6932
  0.57951804 0.57437038 0.6932     0.6932     0.3716644  0.37138635
  0.786      0.786      0.786      0.81002497 0.7307862  0.71921396
  0.7185298  0.69958801 0.722      0.56649319 0.722      0.75594608
  0.66403283 0.818      0.7344514  0.73319922 0.73480368 0.73480109
  0.83785364 0.84408824 0.85       0.85      ]
 [0.6932     0.6932     0.6932     0.6932     0.61414591 0.6932
  0.57951804 0.57437038 0.6932     0.6932     0.3716644  0.37138635
  0.786      0.786      0.786      0.81002497 0.7307862  0.71921396
  0.7185298  0.69958801 0.722      0.56649319 0.722      0.75594608
  0.66403283 0.818      0.7344514  0.73319922 0.73480368 0.73480109
  0.83785364 0.84408824 0.85       0.85      ]
 [0.6932     0.6932     0.6932     0.6932     0.61414591 0.6932
  0.57951804 0.57437038 0.6932     0.6932     0.3716644  0.37138635
  0.786      0.786      0.786      0.81002497 0.7307862  0.71921396
  0.7185298  0.69958801 0.722      0.56649319 0.722      0.75594608
  0.66403283 0.818      0.7344514  0.73319922 0.73480368 0.73480109
  0.83785364 0.84408824 0.85       0.85      ]
 [0.6932     0.6932     0.6932     0.6932     0.61414591 0.6932
  0.57951804 0.57437038 0.6932     0.6932     0.3716644  0.37138635
  0.786      0.786      0.786      0.81002497 0.7307862  0.71921396
  0.7185298  0.69958801 0.722      0.56649319 0.722      0.75594608
  0.66403283 0.818      0.7344514  0.73319922 0.73480368 0.73480109
  0.83785364 0.84408824 0.85       0.85      ]
 [0.6932     0.6932     0.6932     0.6932     0.61414591 0.6932
  0.57951804 0.57437038 0.6932     0.6932     0.3716644  0.37138635
  0.786      0.786      0.786      0.81002497 0.7307862  0.71921396
  0.7185298  0.69958801 0.722      0.56649319 0.722      0.75594608
  0.66403283 0.818      0.7344514  0.73319922 0.73480368 0.73480109
  0.83785364 0.84408824 0.85       0.85      ]
 [0.6932     0.6932     0.6932     0.6932     0.61414591 0.6932
  0.57951804 0.57437038 0.6932     0.6932     0.3716644  0.37138635
  0.786      0.786      0.786      0.81002497 0.7307862  0.71921396
  0.7185298  0.69958801 0.722      0.56649319 0.722      0.75594608
  0.66403283 0.818      0.7344514  0.73319922 0.73480368 0.73480109
  0.83785364 0.84408824 0.85       0.85      ]
 [0.6932     0.6932     0.6932     0.6932     0.6932     0.6932
  0.52870621 0.52374249 0.6932     0.6932     0.51730657 0.51696898
  0.76930389 0.76534688 0.786      0.68336149 0.608689   0.60272861
  0.6020195  0.58716539 0.722      0.46139068 0.722      0.54107491
  0.48776383 0.81221564 0.6139559  0.61312372 0.61420196 0.61420012
  0.76026277 0.76423643 0.76823604 0.77211046]
 [0.6932     0.6932     0.6932     0.6932     0.6932     0.6932
  0.52870621 0.52374249 0.6932     0.6932     0.51730657 0.51696898
  0.76930389 0.76534688 0.786      0.68336149 0.608689   0.60272861
  0.6020195  0.58716539 0.722      0.46139068 0.722      0.54107491
  0.48776383 0.81221564 0.6139559  0.61312372 0.61420196 0.61420012
  0.76026277 0.76423643 0.76823604 0.77211046]
 [0.6932     0.6932     0.6932     0.6932     0.6932     0.6932
  0.52870621 0.52374249 0.6932     0.6932     0.51730657 0.51696898
  0.76930389 0.76534688 0.786      0.68336149 0.608689   0.60272861
  0.6020195  0.58716539 0.722      0.46139068 0.722      0.54107491
  0.48776383 0.81221564 0.6139559  0.61312372 0.61420196 0.61420012
  0.76026277 0.76423643 0.76823604 0.77211046]
 [0.6932     0.6932     0.6932     0.6932     0.6932     0.6932
  0.52870621 0.52374249 0.6932     0.6932     0.51730657 0.51696898
  0.76930389 0.76534688 0.786      0.68336149 0.608689   0.60272861
  0.6020195  0.58716539 0.722      0.46139068 0.722      0.54107491
  0.48776383 0.81221564 0.6139559  0.61312372 0.61420196 0.61420012
  0.76026277 0.76423643 0.76823604 0.77211046]
 [0.6932     0.6932     0.6932     0.6932     0.6932     0.6932
  0.52870621 0.52374249 0.6932     0.6932     0.51730657 0.51696898
  0.76930389 0.76534688 0.786      0.68336149 0.608689   0.60272861
  0.6020195  0.58716539 0.722      0.46139068 0.722      0.54107491
  0.48776383 0.81221564 0.6139559  0.61312372 0.61420196 0.61420012
  0.76026277 0.76423643 0.76823604 0.77211046]
 [0.6932     0.6932     0.6932     0.6932     0.6932     0.6932
  0.52870621 0.52374249 0.6932     0.6932     0.51730657 0.51696898
  0.76930389 0.76534688 0.786      0.68336149 0.608689   0.60272861
  0.6020195  0.58716539 0.722      0.46139068 0.722      0.54107491
  0.48776383 0.81221564 0.6139559  0.61312372 0.61420196 0.61420012
  0.76026277 0.76423643 0.76823604 0.77211046]]","[[1. 1. 1. 1. 1. 1. 1. 1. 1. 1. 1. 1. 1. 1. 1. 1. 1. 1. 1. 1. 1. 1. 1. 1.
  1. 1. 1. 1. 1. 1. 1. 1. 1. 1.]
 [1. 1. 1. 1. 1. 1. 1. 1. 1. 1. 1. 1. 1. 1. 1. 1. 1. 1. 1. 1. 1. 1. 1. 1.
  1. 1. 1. 1. 1. 1. 1. 1. 1. 1.]
 [1. 1. 1. 1. 1. 1. 1. 1. 1. 1. 1. 1. 1. 1. 1. 1. 1. 1. 1. 1. 1. 1. 1. 1.
  1. 1. 1. 1. 1. 1. 1. 1. 1. 1.]
 [1. 1. 1. 1. 1. 1. 1. 1. 1. 1. 1. 1. 1. 1. 1. 1. 1. 1. 1. 1. 1. 1. 1. 1.
  1. 1. 1. 1. 1. 1. 1. 1. 1. 1.]
 [1. 1. 1. 1. 1. 1. 1. 1. 1. 1. 1. 1. 1. 1. 1. 1. 1. 1. 1. 1. 1. 1. 1. 1.
  1. 1. 1. 1. 1. 1. 1. 1. 1. 1.]
 [1. 1. 1. 1. 1. 1. 1. 1. 1. 1. 1. 1. 1. 1. 1. 1. 1. 1. 1. 1. 1. 1. 1. 1.
  1. 1. 1. 1. 1. 1. 1. 1. 1. 1.]
 [1. 1. 1. 1. 1. 1. 1. 1. 1. 1. 1. 1. 1. 1. 1. 1. 1. 1. 1. 1. 1. 1. 1. 1.
  1. 1. 1. 1. 1. 1. 1. 1. 1. 1.]
 [1. 1. 1. 1. 1. 1. 1. 1. 1. 1. 1. 1. 1. 1. 1. 1. 1. 1. 1. 1. 1. 1. 1. 1.
  1. 1. 1. 1. 1. 1. 1. 1. 1. 1.]
 [1. 1. 1. 1. 1. 1. 1. 1. 1. 1. 1. 1. 1. 1. 1. 1. 1. 1. 1. 1. 1. 1. 1. 1.
  1. 1. 1. 1. 1. 1. 1. 1. 1. 1.]
 [1. 1. 1. 1. 1. 1. 1. 1. 1. 1. 1. 1. 1. 1. 1. 1. 1. 1. 1. 1. 1. 1. 1. 1.
  1. 1. 1. 1. 1. 1. 1. 1. 1. 1.]
 [1. 1. 1. 1. 1. 1. 1. 1. 1. 1. 1. 1. 1. 1. 1. 1. 1. 1. 1. 1. 1. 1. 1. 1.
  1. 1. 1. 1. 1. 1. 1. 1. 1. 1.]
 [1. 1. 1. 1. 1. 1. 1. 1. 1. 1. 1. 1. 1. 1. 1. 1. 1. 1. 1. 1. 1. 1. 1. 1.
  1. 1. 1. 1. 1. 1. 1. 1. 1. 1.]
 [1. 1. 1. 1. 1. 1. 1. 1. 1. 1. 1. 1. 1. 1. 1. 1. 1. 1. 1. 1. 1. 1. 1. 1.
  1. 1. 1. 1. 1. 1. 1. 1. 1. 1.]
 [1. 1. 1. 1. 1. 1. 1. 1. 1. 1. 1. 1. 1. 1. 1. 1. 1. 1. 1. 1. 1. 1. 1. 1.
  1. 1. 1. 1. 1. 1. 1. 1. 1. 1.]
 [1. 1. 1. 1. 1. 1. 1. 1. 1. 1. 1. 1. 1. 1. 1. 1. 1. 1. 1. 1. 1. 1. 1. 1.
  1. 1. 1. 1. 1. 1. 1. 1. 1. 1.]
 [1. 1. 1. 1. 1. 1. 1. 1. 1. 1. 1. 1. 1. 1. 1. 1. 1. 1. 1. 1. 1. 1. 1. 1.
  1. 1. 1. 1. 1. 1. 1. 1. 1. 1.]
 [1. 1. 1. 1. 1. 1. 1. 1. 1. 1. 1. 1. 1. 1. 1. 1. 1. 1. 1. 1. 1. 1. 1. 1.
  1. 1. 1. 1. 1. 1. 1. 1. 1. 1.]
 [1. 1. 1. 1. 1. 1. 1. 1. 1. 1. 1. 1. 1. 1. 1. 1. 1. 1. 1. 1. 1. 1. 1. 1.
  1. 1. 1. 1. 1. 1. 1. 1. 1. 1.]
 [1. 1. 1. 1. 1. 1. 1. 1. 1. 1. 1. 1. 1. 1. 1. 1. 1. 1. 1. 1. 1. 1. 1. 1.
  1. 1. 1. 1. 1. 1. 1. 1. 1. 1.]
 [1. 1. 1. 1. 1. 1. 1. 1. 1. 1. 1. 1. 1. 1. 1. 1. 1. 1. 1. 1. 1. 1. 1. 1.
  1. 1. 1. 1. 1. 1. 1. 1. 1. 1.]
 [1. 1. 1. 1. 0. 1. 1. 1. 1. 1. 0. 0. 1. 1. 1. 1. 1. 1. 1. 1. 1. 1. 1. 1.
  1. 1. 1. 1. 1. 1. 1. 1. 1. 1.]
 [1. 1. 1. 1. 0. 1. 1. 1. 1. 1. 0. 0. 1. 1. 1. 1. 1. 1. 1. 1. 1. 1. 1. 1.
  1. 1. 1. 1. 1. 1. 1. 1. 1. 1.]
 [1. 1. 1. 1. 0. 1. 1. 1. 1. 1. 0. 0. 1. 1. 1. 1. 1. 1. 1. 1. 1. 1. 1. 1.
  1. 1. 1. 1. 1. 1. 1. 1. 1. 1.]
 [1. 1. 1. 1. 0. 1. 1. 1. 1. 1. 0. 0. 1. 1. 1. 1. 1. 1. 1. 1. 1. 1. 1. 1.
  1. 1. 1. 1. 1. 1. 1. 1. 1. 1.]
 [1. 1. 1. 1. 0. 1. 1. 1. 1. 1. 0. 0. 1. 1. 1. 1. 1. 1. 1. 1. 1. 1. 1. 1.
  1. 1. 1. 1. 1. 1. 1. 1. 1. 1.]
 [1. 1. 1. 1. 0. 1. 1. 1. 1. 1. 0. 0. 1. 1. 1. 1. 1. 1. 1. 1. 1. 1. 1. 1.
  1. 1. 1. 1. 1. 1. 1. 1. 1. 1.]
 [1. 1. 1. 1. 1. 1. 1. 1. 1. 1. 0. 0. 1. 1. 1. 1. 1. 1. 1. 1. 1. 1. 1. 1.
  1. 1. 1. 1. 1. 1. 1. 1. 1. 1.]
 [1. 1. 1. 1. 1. 1. 1. 1. 1. 1. 0. 0. 1. 1. 1. 1. 1. 1. 1. 1. 1. 1. 1. 1.
  1. 1. 1. 1. 1. 1. 1. 1. 1. 1.]
 [1. 1. 1. 1. 1. 1. 1. 1. 1. 1. 0. 0. 1. 1. 1. 1. 1. 1. 1. 1. 1. 1. 1. 1.
  1. 1. 1. 1. 1. 1. 1. 1. 1. 1.]
 [1. 1. 1. 1. 1. 1. 1. 1. 1. 1. 0. 0. 1. 1. 1. 1. 1. 1. 1. 1. 1. 1. 1. 1.
  1. 1. 1. 1. 1. 1. 1. 1. 1. 1.]
 [1. 1. 1. 1. 1. 1. 1. 1. 1. 1. 0. 0. 1. 1. 1. 1. 1. 1. 1. 1. 1. 1. 1. 1.
  1. 1. 1. 1. 1. 1. 1. 1. 1. 1.]
 [1. 1. 1. 1. 1. 1. 1. 1. 1. 1. 0. 0. 1. 1. 1. 1. 1. 1. 1. 1. 1. 1. 1. 1.
  1. 1. 1. 1. 1. 1. 1. 1. 1. 1.]
 [1. 1. 1. 1. 1. 1. 1. 1. 1. 1. 1. 1. 1. 1. 1. 1. 1. 1. 1. 1. 0. 1. 1. 1.
  1. 1. 1. 1. 1. 1. 1. 1. 1. 1.]
 [1. 1. 1. 1. 1. 1. 1. 1. 1. 1. 1. 1. 1. 1. 1. 1. 1. 1. 1. 1. 0. 1. 1. 1.
  1. 1. 1. 1. 1. 1. 1. 1. 1. 1.]
 [1. 1. 1. 1. 1. 1. 1. 1. 1. 1. 1. 1. 1. 1. 1. 1. 1. 1. 1. 1. 0. 1. 1. 1.
  1. 1. 1. 1. 1. 1. 1. 1. 1. 1.]
 [1. 1. 1. 1. 1. 1. 1. 1. 1. 1. 1. 1. 1. 1. 1. 1. 1. 1. 1. 1. 0. 1. 1. 1.
  1. 1. 1. 1. 1. 1. 1. 1. 1. 1.]
 [1. 1. 1. 1. 1. 1. 1. 1. 1. 1. 1. 1. 1. 1. 1. 1. 1. 1. 1. 1. 0. 1. 1. 1.
  1. 1. 1. 1. 1. 1. 1. 1. 1. 1.]
 [1. 1. 1. 1. 1. 1. 1. 1. 1. 1. 1. 1. 1. 1. 1. 1. 1. 1. 1. 1. 0. 1. 1. 1.
  1. 1. 1. 1. 1. 1. 1. 1. 1. 1.]]","[[1.         0.         0.        ]
 [1.         0.         0.        ]
 [1.         0.         0.        ]
 [1.         0.         0.        ]
 [1.         0.         0.        ]
 [1.         0.         0.        ]
 [1.         0.         0.        ]
 [1.         0.         0.        ]
 [1.         0.         0.        ]
 [1.         0.         0.        ]
 [1.         0.         0.        ]
 [1.         0.         0.        ]
 [0.2        0.         0.        ]
 [0.2        0.         0.        ]
 [0.2        0.         0.        ]
 [0.         1.         0.        ]
 [0.         1.         0.        ]
 [0.         1.         0.        ]
 [0.         1.         0.        ]
 [1.         0.         0.        ]
 [0.23182635 0.         0.        ]
 [1.         0.         0.        ]
 [0.23182635 0.         0.        ]
 [0.61488563 0.         0.        ]
 [0.         0.61488563 0.        ]
 [0.         0.61488563 0.        ]
 [0.22       0.         0.        ]
 [0.22       0.         0.        ]
 [0.22       0.         0.        ]
 [0.22       0.         0.        ]
 [0.         0.22       0.        ]
 [0.         0.22       0.        ]
 [0.         0.22       0.        ]
 [0.         0.22       0.        ]]",[[80 85 90]],0.7816,4.534198999404907
33,27,"[[0.3024662  0.3024662  0.3024662  0.3024662  0.3024662  0.3024662
  0.3024662  0.3024662  0.3024662  0.30246629 0.30246624 0.08366465
  1.         1.         1.         1.         1.         1.
  0.2984262  0.2067236  0.20672026 0.20672452 0.20672452 0.20684126
  0.20685422 0.20686761 0.20688072]]","[[0.6432     0.6432     0.6432     0.6432     0.6432     0.6432
  0.6432     0.6432     0.6432     0.6432     0.6432     0.736
  0.768      0.768      0.768      0.768      0.768      0.768
  0.768      0.8        0.8        0.8        0.8        0.8
  0.8        0.8        0.8       ]
 [0.6432     0.6432     0.6432     0.6432     0.6432     0.6432
  0.6432     0.6432     0.6432     0.6432     0.6432     0.736
  0.768      0.768      0.768      0.768      0.768      0.768
  0.768      0.8        0.8        0.8        0.8        0.8
  0.8        0.8        0.8       ]
 [0.6432     0.6432     0.6432     0.6432     0.6432     0.6432
  0.6432     0.6432     0.6432     0.6432     0.6432     0.736
  0.768      0.768      0.768      0.768      0.768      0.768
  0.768      0.8        0.8        0.8        0.8        0.8
  0.8        0.8        0.8       ]
 [0.6432     0.6432     0.6432     0.6432     0.6432     0.6432
  0.6432     0.6432     0.6432     0.6432     0.6432     0.736
  0.768      0.768      0.768      0.768      0.768      0.768
  0.768      0.8        0.8        0.8        0.8        0.8
  0.8        0.8        0.8       ]
 [0.6432     0.6432     0.6432     0.6432     0.6432     0.6432
  0.6432     0.6432     0.6432     0.6432     0.6432     0.736
  0.768      0.768      0.768      0.768      0.768      0.768
  0.768      0.8        0.8        0.8        0.8        0.8
  0.8        0.8        0.8       ]
 [0.6432     0.6432     0.6432     0.6432     0.6432     0.6432
  0.6432     0.6432     0.6432     0.6432     0.6432     0.736
  0.768      0.768      0.768      0.768      0.768      0.768
  0.768      0.8        0.8        0.8        0.8        0.8
  0.8        0.8        0.8       ]
 [0.6932     0.6932     0.42448693 0.6932     0.6932     0.6932
  0.6932     0.52896412 0.52898356 0.53939286 0.496442   0.786
  0.818      0.818      0.818      0.818      0.818      0.818
  0.818      0.85       0.85       0.85       0.85       0.85
  0.85       0.85       0.85      ]
 [0.6932     0.6932     0.42448693 0.6932     0.6932     0.6932
  0.6932     0.52896412 0.52898356 0.53939286 0.496442   0.786
  0.818      0.818      0.818      0.818      0.818      0.818
  0.818      0.85       0.85       0.85       0.85       0.85
  0.85       0.85       0.85      ]
 [0.6932     0.6932     0.42448693 0.6932     0.6932     0.6932
  0.6932     0.52896412 0.52898356 0.53939286 0.496442   0.786
  0.818      0.818      0.818      0.818      0.818      0.818
  0.818      0.85       0.85       0.85       0.85       0.85
  0.85       0.85       0.85      ]
 [0.6932     0.6932     0.42448693 0.6932     0.6932     0.6932
  0.6932     0.52896412 0.52898356 0.53939286 0.496442   0.786
  0.818      0.818      0.818      0.818      0.818      0.818
  0.818      0.85       0.85       0.85       0.85       0.85
  0.85       0.85       0.85      ]
 [0.6932     0.6932     0.42448693 0.6932     0.6932     0.6932
  0.6932     0.52896412 0.52898356 0.53939286 0.496442   0.786
  0.818      0.818      0.818      0.818      0.818      0.818
  0.818      0.85       0.85       0.85       0.85       0.85
  0.85       0.85       0.85      ]
 [0.6932     0.6932     0.42448693 0.6932     0.6932     0.6932
  0.6932     0.52896412 0.52898356 0.53939286 0.496442   0.786
  0.818      0.818      0.818      0.818      0.818      0.818
  0.818      0.85       0.85       0.85       0.85       0.85
  0.85       0.85       0.85      ]
 [0.6932     0.6932     0.68024467 0.6932     0.6932     0.6932
  0.6932     0.6932     0.6932     0.6932     0.6932     0.7155074
  0.77364451 0.72660581 0.72056725 0.72172292 0.72225187 0.80628229
  0.818      0.75250814 0.75162376 0.75275728 0.75275542 0.85
  0.85       0.85       0.85      ]
 [0.6932     0.6932     0.68024467 0.6932     0.6932     0.6932
  0.6932     0.6932     0.6932     0.6932     0.6932     0.7155074
  0.77364451 0.72660581 0.72056725 0.72172292 0.72225187 0.80628229
  0.818      0.75250814 0.75162376 0.75275728 0.75275542 0.85
  0.85       0.85       0.85      ]
 [0.6932     0.6932     0.68024467 0.6932     0.6932     0.6932
  0.6932     0.6932     0.6932     0.6932     0.6932     0.7155074
  0.77364451 0.72660581 0.72056725 0.72172292 0.72225187 0.80628229
  0.818      0.75250814 0.75162376 0.75275728 0.75275542 0.85
  0.85       0.85       0.85      ]
 [0.6932     0.6932     0.68024467 0.6932     0.6932     0.6932
  0.6932     0.6932     0.6932     0.6932     0.6932     0.7155074
  0.77364451 0.72660581 0.72056725 0.72172292 0.72225187 0.80628229
  0.818      0.75250814 0.75162376 0.75275728 0.75275542 0.85
  0.85       0.85       0.85      ]
 [0.6932     0.6932     0.68024467 0.6932     0.6932     0.6932
  0.6932     0.6932     0.6932     0.6932     0.6932     0.7155074
  0.77364451 0.72660581 0.72056725 0.72172292 0.72225187 0.80628229
  0.818      0.75250814 0.75162376 0.75275728 0.75275542 0.85
  0.85       0.85       0.85      ]
 [0.6932     0.6932     0.68024467 0.6932     0.6932     0.6932
  0.6932     0.6932     0.6932     0.6932     0.6932     0.7155074
  0.77364451 0.72660581 0.72056725 0.72172292 0.72225187 0.80628229
  0.818      0.75250814 0.75162376 0.75275728 0.75275542 0.85
  0.85       0.85       0.85      ]
 [0.6932     0.6932     0.42244161 0.6932     0.52513538 0.6932
  0.6932     0.3675595  0.3674331  0.29883405 0.26918927 0.786
  0.69003254 0.62094669 0.6056129  0.60551716 0.59068264 0.69106191
  0.818      0.63709734 0.63553395 0.63751903 0.63751594 0.66051043
  0.66744481 0.67466208 0.68179018]
 [0.6932     0.6932     0.42244161 0.6932     0.52513538 0.6932
  0.6932     0.3675595  0.3674331  0.29883405 0.26918927 0.786
  0.69003254 0.62094669 0.6056129  0.60551716 0.59068264 0.69106191
  0.818      0.63709734 0.63553395 0.63751903 0.63751594 0.66051043
  0.66744481 0.67466208 0.68179018]
 [0.6932     0.6932     0.42244161 0.6932     0.52513538 0.6932
  0.6932     0.3675595  0.3674331  0.29883405 0.26918927 0.786
  0.69003254 0.62094669 0.6056129  0.60551716 0.59068264 0.69106191
  0.818      0.63709734 0.63553395 0.63751903 0.63751594 0.66051043
  0.66744481 0.67466208 0.68179018]
 [0.6932     0.6932     0.42244161 0.6932     0.52513538 0.6932
  0.6932     0.3675595  0.3674331  0.29883405 0.26918927 0.786
  0.69003254 0.62094669 0.6056129  0.60551716 0.59068264 0.69106191
  0.818      0.63709734 0.63553395 0.63751903 0.63751594 0.66051043
  0.66744481 0.67466208 0.68179018]
 [0.6932     0.6932     0.42244161 0.6932     0.52513538 0.6932
  0.6932     0.3675595  0.3674331  0.29883405 0.26918927 0.786
  0.69003254 0.62094669 0.6056129  0.60551716 0.59068264 0.69106191
  0.818      0.63709734 0.63553395 0.63751903 0.63751594 0.66051043
  0.66744481 0.67466208 0.68179018]
 [0.6932     0.6932     0.42244161 0.6932     0.52513538 0.6932
  0.6932     0.3675595  0.3674331  0.29883405 0.26918927 0.786
  0.69003254 0.62094669 0.6056129  0.60551716 0.59068264 0.69106191
  0.818      0.63709734 0.63553395 0.63751903 0.63751594 0.66051043
  0.66744481 0.67466208 0.68179018]
 [0.6932     0.6932     0.67203121 0.6932     0.56549529 0.6932
  0.6932     0.55601044 0.55579988 0.42982847 0.4151895  0.786
  0.60639561 0.5394255  0.52683202 0.52730202 0.51813426 0.62242726
  0.77720504 0.5584761  0.55707343 0.55885946 0.55885663 0.64824507
  0.65486158 0.6617324  0.6685091 ]
 [0.6932     0.6932     0.67203121 0.6932     0.56549529 0.6932
  0.6932     0.55601044 0.55579988 0.42982847 0.4151895  0.786
  0.60639561 0.5394255  0.52683202 0.52730202 0.51813426 0.62242726
  0.77720504 0.5584761  0.55707343 0.55885946 0.55885663 0.64824507
  0.65486158 0.6617324  0.6685091 ]
 [0.6932     0.6932     0.67203121 0.6932     0.56549529 0.6932
  0.6932     0.55601044 0.55579988 0.42982847 0.4151895  0.786
  0.60639561 0.5394255  0.52683202 0.52730202 0.51813426 0.62242726
  0.77720504 0.5584761  0.55707343 0.55885946 0.55885663 0.64824507
  0.65486158 0.6617324  0.6685091 ]
 [0.6932     0.6932     0.67203121 0.6932     0.56549529 0.6932
  0.6932     0.55601044 0.55579988 0.42982847 0.4151895  0.786
  0.60639561 0.5394255  0.52683202 0.52730202 0.51813426 0.62242726
  0.77720504 0.5584761  0.55707343 0.55885946 0.55885663 0.64824507
  0.65486158 0.6617324  0.6685091 ]
 [0.6932     0.6932     0.67203121 0.6932     0.56549529 0.6932
  0.6932     0.55601044 0.55579988 0.42982847 0.4151895  0.786
  0.60639561 0.5394255  0.52683202 0.52730202 0.51813426 0.62242726
  0.77720504 0.5584761  0.55707343 0.55885946 0.55885663 0.64824507
  0.65486158 0.6617324  0.6685091 ]
 [0.6932     0.6932     0.67203121 0.6932     0.56549529 0.6932
  0.6932     0.55601044 0.55579988 0.42982847 0.4151895  0.786
  0.60639561 0.5394255  0.52683202 0.52730202 0.51813426 0.62242726
  0.77720504 0.5584761  0.55707343 0.55885946 0.55885663 0.64824507
  0.65486158 0.6617324  0.6685091 ]
 [0.6932     0.6932     0.6932     0.6932     0.57815974 0.6932
  0.6932     0.6932     0.6932     0.56474137 0.56906246 0.786
  0.51710733 0.45971793 0.4508685  0.45179063 0.44862229 0.54390871
  0.66801455 0.48269104 0.48157658 0.48300051 0.48299822 0.62170439
  0.62700672 0.63247769 0.63784447]
 [0.6932     0.6932     0.6932     0.6932     0.57815974 0.6932
  0.6932     0.6932     0.6932     0.56474137 0.56906246 0.786
  0.51710733 0.45971793 0.4508685  0.45179063 0.44862229 0.54390871
  0.66801455 0.48269104 0.48157658 0.48300051 0.48299822 0.62170439
  0.62700672 0.63247769 0.63784447]
 [0.6932     0.6932     0.6932     0.6932     0.57815974 0.6932
  0.6932     0.6932     0.6932     0.56474137 0.56906246 0.786
  0.51710733 0.45971793 0.4508685  0.45179063 0.44862229 0.54390871
  0.66801455 0.48269104 0.48157658 0.48300051 0.48299822 0.62170439
  0.62700672 0.63247769 0.63784447]]","[[1. 1. 1. 1. 0. 1. 1. 1. 1. 1. 1. 1. 1. 1. 1. 1. 1. 1. 1. 1. 1. 1. 1. 1.
  1. 1. 1.]
 [1. 1. 1. 1. 0. 1. 1. 1. 1. 1. 1. 1. 1. 1. 1. 1. 1. 1. 1. 1. 1. 1. 1. 1.
  1. 1. 1.]
 [1. 1. 1. 1. 0. 1. 1. 1. 1. 1. 1. 1. 1. 1. 1. 1. 1. 1. 1. 1. 1. 1. 1. 1.
  1. 1. 1.]
 [1. 1. 1. 1. 0. 1. 1. 1. 1. 1. 1. 1. 1. 1. 1. 1. 1. 1. 1. 1. 1. 1. 1. 1.
  1. 1. 1.]
 [1. 1. 1. 1. 1. 1. 1. 1. 1. 1. 1. 1. 1. 1. 1. 1. 1. 1. 1. 1. 1. 1. 1. 1.
  1. 1. 1.]
 [1. 1. 1. 1. 1. 1. 1. 1. 1. 1. 1. 1. 1. 1. 1. 1. 1. 1. 1. 1. 1. 1. 1. 1.
  1. 1. 1.]
 [1. 1. 1. 1. 1. 1. 1. 1. 1. 1. 1. 1. 1. 1. 1. 1. 1. 1. 1. 1. 1. 1. 1. 1.
  1. 1. 1.]
 [1. 1. 1. 1. 1. 1. 1. 1. 1. 1. 1. 1. 1. 1. 1. 1. 1. 1. 1. 1. 1. 1. 1. 1.
  1. 1. 1.]
 [1. 1. 1. 1. 1. 1. 1. 1. 1. 1. 1. 1. 1. 1. 1. 1. 1. 1. 1. 1. 1. 1. 1. 1.
  1. 1. 1.]
 [1. 1. 1. 1. 1. 1. 1. 1. 1. 1. 1. 1. 1. 1. 1. 1. 1. 1. 1. 1. 1. 1. 1. 1.
  1. 1. 1.]
 [1. 1. 1. 1. 1. 1. 1. 1. 1. 1. 1. 1. 1. 1. 1. 1. 1. 1. 1. 1. 1. 1. 1. 1.
  1. 1. 1.]
 [1. 1. 1. 1. 1. 1. 1. 1. 1. 1. 1. 1. 1. 1. 1. 1. 1. 1. 1. 1. 1. 1. 1. 1.
  1. 1. 1.]
 [1. 1. 1. 1. 1. 1. 1. 1. 1. 1. 1. 1. 1. 1. 1. 1. 1. 1. 1. 1. 1. 1. 1. 1.
  1. 1. 1.]
 [1. 1. 1. 1. 1. 1. 1. 1. 1. 1. 1. 1. 1. 1. 1. 1. 1. 1. 1. 1. 1. 1. 1. 1.
  1. 1. 1.]
 [1. 1. 1. 1. 1. 1. 1. 1. 1. 1. 1. 1. 1. 1. 1. 1. 1. 1. 1. 1. 1. 1. 1. 1.
  1. 1. 1.]
 [1. 1. 1. 1. 1. 1. 1. 1. 1. 1. 1. 1. 1. 1. 1. 1. 1. 1. 1. 1. 1. 1. 1. 1.
  1. 1. 1.]
 [1. 1. 1. 1. 1. 1. 1. 1. 1. 1. 1. 1. 1. 1. 1. 1. 1. 1. 1. 1. 1. 1. 1. 1.
  1. 1. 1.]
 [1. 1. 1. 1. 1. 1. 1. 1. 1. 1. 1. 1. 1. 1. 1. 1. 1. 1. 1. 1. 1. 1. 1. 1.
  1. 1. 1.]
 [1. 1. 0. 1. 1. 1. 1. 0. 0. 0. 0. 1. 1. 1. 1. 1. 1. 1. 1. 1. 1. 1. 1. 1.
  1. 1. 1.]
 [1. 1. 0. 1. 1. 1. 1. 0. 0. 0. 0. 1. 1. 1. 1. 1. 1. 1. 1. 1. 1. 1. 1. 1.
  1. 1. 1.]
 [1. 1. 0. 1. 1. 1. 1. 0. 0. 0. 0. 1. 1. 1. 1. 1. 1. 1. 1. 1. 1. 1. 1. 1.
  1. 1. 1.]
 [1. 1. 0. 1. 1. 1. 1. 0. 0. 0. 0. 1. 1. 1. 1. 1. 1. 1. 1. 1. 1. 1. 1. 1.
  1. 1. 1.]
 [1. 1. 0. 1. 1. 1. 1. 0. 0. 0. 0. 1. 1. 1. 1. 1. 1. 1. 1. 1. 1. 1. 1. 1.
  1. 1. 1.]
 [1. 1. 0. 1. 1. 1. 1. 0. 0. 0. 0. 1. 1. 1. 1. 1. 1. 1. 1. 1. 1. 1. 1. 1.
  1. 1. 1.]
 [1. 1. 1. 1. 1. 1. 1. 1. 1. 1. 1. 1. 1. 1. 1. 1. 0. 1. 1. 1. 1. 1. 1. 1.
  1. 1. 1.]
 [1. 1. 1. 1. 1. 1. 1. 1. 1. 1. 1. 1. 1. 1. 1. 1. 0. 1. 1. 1. 1. 1. 1. 1.
  1. 1. 1.]
 [1. 1. 1. 1. 1. 1. 1. 1. 1. 1. 1. 1. 1. 1. 1. 1. 0. 1. 1. 1. 1. 1. 1. 1.
  1. 1. 1.]
 [1. 1. 1. 1. 1. 1. 1. 1. 1. 1. 1. 1. 1. 1. 1. 1. 0. 1. 1. 1. 1. 1. 1. 1.
  1. 1. 1.]
 [1. 1. 1. 1. 1. 1. 1. 1. 1. 1. 1. 1. 1. 1. 1. 1. 0. 1. 1. 1. 1. 1. 1. 1.
  1. 1. 1.]
 [1. 1. 1. 1. 1. 1. 1. 1. 1. 1. 1. 1. 1. 1. 1. 1. 0. 1. 1. 1. 1. 1. 1. 1.
  1. 1. 1.]
 [1. 1. 1. 1. 1. 1. 1. 1. 1. 1. 1. 1. 1. 1. 0. 0. 0. 1. 1. 1. 1. 1. 1. 1.
  1. 1. 1.]
 [1. 1. 1. 1. 1. 1. 1. 1. 1. 1. 1. 1. 1. 1. 0. 0. 0. 1. 1. 1. 1. 1. 1. 1.
  1. 1. 1.]
 [1. 1. 1. 1. 1. 1. 1. 1. 1. 1. 1. 1. 1. 1. 0. 0. 0. 1. 1. 1. 1. 1. 1. 1.
  1. 1. 1.]]","[[1.         0.         0.        ]
 [1.         0.         0.        ]
 [1.         0.         0.        ]
 [1.         0.         0.        ]
 [1.         0.         0.        ]
 [1.         0.         0.        ]
 [1.         0.         0.        ]
 [1.         0.         0.        ]
 [1.         0.         0.        ]
 [1.         0.         0.        ]
 [1.         0.         0.        ]
 [0.2        0.         0.        ]
 [1.         0.         0.        ]
 [1.         0.         0.        ]
 [0.         1.         0.        ]
 [0.         1.         0.        ]
 [0.         1.         0.        ]
 [1.         0.         0.        ]
 [0.         0.61488563 0.        ]
 [0.22       0.         0.        ]
 [0.22       0.         0.        ]
 [0.22       0.         0.        ]
 [0.22       0.         0.        ]
 [0.22       0.         0.        ]
 [0.22       0.         0.        ]
 [0.22       0.         0.        ]
 [0.22       0.         0.        ]]",[[80 85 90]],0.7813,3.394716739654541
21,15,"[[0.30246622 0.3024662  0.3024662  0.3024662  0.3024662  0.3024662
  0.3024662  0.3024662  1.         1.         1.         1.
  1.         1.         0.32371087]]","[[0.6432     0.6432     0.6432     0.6432     0.6432     0.6432
  0.6432     0.6432     0.768      0.768      0.768      0.768
  0.768      0.768      0.768     ]
 [0.6432     0.6432     0.6432     0.6432     0.6432     0.6432
  0.6432     0.6432     0.768      0.768      0.768      0.768
  0.768      0.768      0.768     ]
 [0.6432     0.6432     0.6432     0.6432     0.6432     0.6432
  0.6432     0.6432     0.768      0.768      0.768      0.768
  0.768      0.768      0.768     ]
 [0.6432     0.6432     0.6432     0.6432     0.6432     0.6432
  0.6432     0.6432     0.768      0.768      0.768      0.768
  0.768      0.768      0.768     ]
 [0.6432     0.6432     0.6432     0.6432     0.6432     0.6432
  0.6432     0.6432     0.768      0.768      0.768      0.768
  0.768      0.768      0.768     ]
 [0.6432     0.6432     0.6432     0.6432     0.6432     0.6432
  0.6432     0.6432     0.768      0.768      0.768      0.768
  0.768      0.768      0.768     ]
 [0.6932     0.6932     0.6932     0.6932     0.47462839 0.47478215
  0.55957672 0.52611443 0.818      0.818      0.818      0.818
  0.818      0.818      0.818     ]
 [0.6932     0.6932     0.6932     0.6932     0.47462839 0.47478215
  0.55957672 0.52611443 0.818      0.818      0.818      0.818
  0.818      0.818      0.818     ]
 [0.6932     0.6932     0.6932     0.6932     0.47462839 0.47478215
  0.55957672 0.52611443 0.818      0.818      0.818      0.818
  0.818      0.818      0.818     ]
 [0.6932     0.6932     0.6932     0.6932     0.47462839 0.47478215
  0.55957672 0.52611443 0.818      0.818      0.818      0.818
  0.818      0.818      0.818     ]
 [0.6932     0.6932     0.6932     0.6932     0.47462839 0.47478215
  0.55957672 0.52611443 0.818      0.818      0.818      0.818
  0.818      0.818      0.818     ]
 [0.6932     0.6932     0.6932     0.6932     0.47462839 0.47478215
  0.55957672 0.52611443 0.818      0.818      0.818      0.818
  0.818      0.818      0.818     ]
 [0.6932     0.6932     0.6932     0.6932     0.6932     0.6932
  0.6932     0.6932     0.64844549 0.818      0.818      0.818
  0.818      0.818      0.7669211 ]
 [0.6932     0.6932     0.6932     0.6932     0.6932     0.6932
  0.6932     0.6932     0.64844549 0.818      0.818      0.818
  0.818      0.818      0.7669211 ]
 [0.6932     0.6932     0.6932     0.6932     0.6932     0.6932
  0.6932     0.6932     0.64844549 0.818      0.818      0.818
  0.818      0.818      0.7669211 ]
 [0.5682844  0.6932     0.6932     0.6932     0.6642004  0.6641361
  0.60037596 0.58785295 0.51011925 0.64284622 0.65110127 0.65643128
  0.67642366 0.818      0.66329394]
 [0.5682844  0.6932     0.6932     0.6932     0.6642004  0.6641361
  0.60037596 0.58785295 0.51011925 0.64284622 0.65110127 0.65643128
  0.67642366 0.818      0.66329394]
 [0.5682844  0.6932     0.6932     0.6932     0.6642004  0.6641361
  0.60037596 0.58785295 0.51011925 0.64284622 0.65110127 0.65643128
  0.67642366 0.818      0.66329394]
 [0.5682844  0.6932     0.6932     0.6932     0.6642004  0.6641361
  0.60037596 0.58785295 0.51011925 0.64284622 0.65110127 0.65643128
  0.67642366 0.818      0.66329394]
 [0.5682844  0.6932     0.6932     0.6932     0.6642004  0.6641361
  0.60037596 0.58785295 0.51011925 0.64284622 0.65110127 0.65643128
  0.67642366 0.818      0.66329394]
 [0.5682844  0.6932     0.6932     0.6932     0.6642004  0.6641361
  0.60037596 0.58785295 0.51011925 0.64284622 0.65110127 0.65643128
  0.67642366 0.818      0.66329394]]","[[1. 1. 1. 1. 1. 1. 1. 1. 1. 1. 1. 1. 1. 1. 1.]
 [1. 1. 1. 1. 1. 1. 1. 1. 1. 1. 1. 1. 1. 1. 1.]
 [1. 1. 1. 1. 1. 1. 1. 1. 1. 1. 1. 1. 1. 1. 1.]
 [1. 1. 1. 1. 1. 1. 1. 1. 1. 1. 1. 1. 1. 1. 1.]
 [1. 1. 1. 1. 1. 1. 1. 1. 1. 1. 1. 1. 1. 1. 1.]
 [1. 1. 1. 1. 1. 1. 1. 1. 1. 1. 1. 1. 1. 1. 1.]
 [1. 1. 1. 1. 1. 1. 1. 1. 1. 1. 1. 1. 1. 1. 1.]
 [1. 1. 1. 1. 1. 1. 1. 1. 1. 1. 1. 1. 1. 1. 1.]
 [1. 1. 1. 1. 1. 1. 1. 1. 1. 1. 1. 1. 1. 1. 1.]
 [1. 1. 1. 1. 1. 1. 1. 1. 1. 1. 1. 1. 1. 1. 1.]
 [1. 1. 1. 1. 1. 1. 1. 1. 1. 1. 1. 1. 1. 1. 1.]
 [1. 1. 1. 1. 1. 1. 1. 1. 1. 1. 1. 1. 1. 1. 1.]
 [1. 1. 1. 1. 1. 1. 1. 1. 1. 1. 1. 1. 1. 1. 1.]
 [1. 1. 1. 1. 1. 1. 1. 1. 1. 1. 1. 1. 1. 1. 1.]
 [1. 1. 1. 1. 1. 1. 1. 1. 1. 1. 1. 1. 1. 1. 1.]
 [1. 1. 1. 1. 1. 1. 1. 1. 1. 1. 1. 1. 1. 1. 1.]
 [1. 1. 1. 1. 1. 1. 1. 1. 1. 1. 1. 1. 1. 1. 1.]
 [1. 1. 1. 1. 1. 1. 1. 1. 1. 1. 1. 1. 1. 1. 1.]
 [1. 1. 1. 1. 1. 1. 1. 1. 1. 1. 1. 1. 1. 1. 1.]
 [1. 1. 1. 1. 1. 1. 1. 1. 1. 1. 1. 1. 1. 1. 1.]
 [1. 1. 1. 1. 1. 1. 1. 1. 1. 1. 1. 1. 1. 1. 1.]]","[[1.         0.         0.        ]
 [1.         0.         0.        ]
 [1.         0.         0.        ]
 [1.         0.         0.        ]
 [1.         0.         0.        ]
 [1.         0.         0.        ]
 [1.         0.         0.        ]
 [1.         0.         0.        ]
 [1.         0.         0.        ]
 [1.         0.         0.        ]
 [1.         0.         0.        ]
 [1.         0.         0.        ]
 [1.         0.         0.        ]
 [1.         0.         0.        ]
 [0.61488563 0.         0.        ]]",[[80 85 90]],0.7815,1.5350663661956787
23,17,"[[0.21440642 0.2144311  0.30246622 0.3024662  0.3024662  0.3024662
  1.         1.         1.         1.         1.         1.
  0.32383107 0.2071256  0.2071256  0.2071256  0.2071256 ]]","[[0.768      0.768      0.6432     0.6432     0.6432     0.6432
  0.768      0.768      0.768      0.768      0.768      0.768
  0.768      0.8        0.8        0.8        0.8       ]
 [0.768      0.768      0.6432     0.6432     0.6432     0.6432
  0.768      0.768      0.768      0.768      0.768      0.768
  0.768      0.8        0.8        0.8        0.8       ]
 [0.768      0.768      0.6432     0.6432     0.6432     0.6432
  0.768      0.768      0.768      0.768      0.768      0.768
  0.768      0.8        0.8        0.8        0.8       ]
 [0.768      0.768      0.6432     0.6432     0.6432     0.6432
  0.768      0.768      0.768      0.768      0.768      0.768
  0.768      0.8        0.8        0.8        0.8       ]
 [0.768      0.768      0.6432     0.6432     0.6432     0.6432
  0.768      0.768      0.768      0.768      0.768      0.768
  0.768      0.8        0.8        0.8        0.8       ]
 [0.768      0.768      0.6432     0.6432     0.6432     0.6432
  0.768      0.768      0.768      0.768      0.768      0.768
  0.768      0.8        0.8        0.8        0.8       ]
 [0.64223849 0.64279184 0.6932     0.6932     0.4698624  0.45049552
  0.818      0.818      0.818      0.818      0.818      0.818
  0.818      0.64821355 0.64811897 0.64882512 0.64765171]
 [0.64223849 0.64279184 0.6932     0.6932     0.4698624  0.45049552
  0.818      0.818      0.818      0.818      0.818      0.818
  0.818      0.64821355 0.64811897 0.64882512 0.64765171]
 [0.64223849 0.64279184 0.6932     0.6932     0.4698624  0.45049552
  0.818      0.818      0.818      0.818      0.818      0.818
  0.818      0.64821355 0.64811897 0.64882512 0.64765171]
 [0.64223849 0.64279184 0.6932     0.6932     0.4698624  0.45049552
  0.818      0.818      0.818      0.818      0.818      0.818
  0.818      0.64821355 0.64811897 0.64882512 0.64765171]
 [0.64223849 0.64279184 0.6932     0.6932     0.4698624  0.45049552
  0.818      0.818      0.818      0.818      0.818      0.818
  0.818      0.64821355 0.64811897 0.64882512 0.64765171]
 [0.64223849 0.64279184 0.6932     0.6932     0.4698624  0.45049552
  0.818      0.818      0.818      0.818      0.818      0.818
  0.818      0.64821355 0.64811897 0.64882512 0.64765171]
 [0.818      0.818      0.6932     0.6932     0.6932     0.6932
  0.74612148 0.818      0.818      0.818      0.818      0.818
  0.65923074 0.85       0.85       0.85       0.85      ]
 [0.818      0.818      0.6932     0.6932     0.6932     0.6932
  0.74612148 0.818      0.818      0.818      0.818      0.818
  0.65923074 0.85       0.85       0.85       0.85      ]
 [0.818      0.818      0.6932     0.6932     0.6932     0.6932
  0.74612148 0.818      0.818      0.818      0.818      0.818
  0.65923074 0.85       0.85       0.85       0.85      ]
 [0.818      0.818      0.6932     0.6932     0.6932     0.6932
  0.74612148 0.818      0.818      0.818      0.818      0.818
  0.65923074 0.85       0.85       0.85       0.85      ]
 [0.818      0.818      0.6932     0.6932     0.6932     0.6932
  0.74612148 0.818      0.818      0.818      0.818      0.818
  0.65923074 0.85       0.85       0.85       0.85      ]
 [0.818      0.818      0.6932     0.6932     0.6932     0.6932
  0.74612148 0.818      0.818      0.818      0.818      0.818
  0.65923074 0.85       0.85       0.85       0.85      ]
 [0.70223909 0.70239756 0.68845869 0.6932     0.43533599 0.42591879
  0.818      0.818      0.818      0.818      0.818      0.818
  0.69269945 0.50231576 0.50246449 0.50205604 0.50249515]
 [0.70223909 0.70239756 0.68845869 0.6932     0.43533599 0.42591879
  0.818      0.818      0.818      0.818      0.818      0.818
  0.69269945 0.50231576 0.50246449 0.50205604 0.50249515]
 [0.70223909 0.70239756 0.68845869 0.6932     0.43533599 0.42591879
  0.818      0.818      0.818      0.818      0.818      0.818
  0.69269945 0.50231576 0.50246449 0.50205604 0.50249515]
 [0.818      0.818      0.6932     0.6932     0.6932     0.6932
  0.54940862 0.75502112 0.76126347 0.76500842 0.77906466 0.81597462
  0.42881302 0.85       0.85       0.85       0.85      ]
 [0.818      0.818      0.6932     0.6932     0.6932     0.6932
  0.54940862 0.75502112 0.76126347 0.76500842 0.77906466 0.81597462
  0.42881302 0.85       0.85       0.85       0.85      ]]","[[1. 1. 1. 1. 1. 1. 1. 1. 1. 1. 1. 1. 1. 1. 1. 1. 1.]
 [1. 1. 1. 1. 1. 1. 1. 1. 1. 1. 1. 1. 1. 1. 1. 1. 1.]
 [1. 1. 1. 1. 1. 1. 1. 1. 1. 1. 1. 1. 1. 1. 1. 1. 1.]
 [1. 1. 1. 1. 1. 1. 1. 1. 1. 1. 1. 1. 1. 1. 1. 1. 1.]
 [1. 1. 1. 1. 1. 1. 1. 1. 1. 1. 1. 1. 1. 1. 1. 1. 1.]
 [1. 1. 1. 1. 1. 1. 1. 1. 1. 1. 1. 1. 1. 1. 1. 1. 1.]
 [1. 1. 1. 1. 1. 1. 1. 1. 1. 1. 1. 1. 1. 1. 1. 1. 1.]
 [1. 1. 1. 1. 1. 1. 1. 1. 1. 1. 1. 1. 1. 1. 1. 1. 1.]
 [1. 1. 1. 1. 1. 1. 1. 1. 1. 1. 1. 1. 1. 1. 1. 1. 1.]
 [1. 1. 1. 1. 1. 1. 1. 1. 1. 1. 1. 1. 1. 1. 1. 1. 1.]
 [1. 1. 1. 1. 1. 1. 1. 1. 1. 1. 1. 1. 1. 1. 1. 1. 1.]
 [1. 1. 1. 1. 1. 1. 1. 1. 1. 1. 1. 1. 1. 1. 1. 1. 1.]
 [1. 1. 1. 1. 1. 1. 1. 1. 1. 1. 1. 1. 1. 1. 1. 1. 1.]
 [1. 1. 1. 1. 1. 1. 1. 1. 1. 1. 1. 1. 1. 1. 1. 1. 1.]
 [1. 1. 1. 1. 1. 1. 1. 1. 1. 1. 1. 1. 1. 1. 1. 1. 1.]
 [1. 1. 1. 1. 1. 1. 1. 1. 1. 1. 1. 1. 1. 1. 1. 1. 1.]
 [1. 1. 1. 1. 1. 1. 1. 1. 1. 1. 1. 1. 1. 1. 1. 1. 1.]
 [1. 1. 1. 1. 1. 1. 1. 1. 1. 1. 1. 1. 1. 1. 1. 1. 1.]
 [1. 1. 1. 1. 0. 0. 1. 1. 1. 1. 1. 1. 1. 0. 0. 0. 0.]
 [1. 1. 1. 1. 0. 0. 1. 1. 1. 1. 1. 1. 1. 0. 0. 0. 0.]
 [1. 1. 1. 1. 0. 0. 1. 1. 1. 1. 1. 1. 1. 0. 0. 0. 0.]
 [1. 1. 1. 1. 1. 1. 1. 1. 1. 1. 1. 1. 0. 1. 1. 1. 1.]
 [1. 1. 1. 1. 1. 1. 1. 1. 1. 1. 1. 1. 0. 1. 1. 1. 1.]]","[[0.         0.         0.58837803]
 [0.         0.         0.58837803]
 [1.         0.         0.        ]
 [1.         0.         0.        ]
 [1.         0.         0.        ]
 [1.         0.         0.        ]
 [1.         0.         0.        ]
 [1.         0.         0.        ]
 [1.         0.         0.        ]
 [1.         0.         0.        ]
 [1.         0.         0.        ]
 [1.         0.         0.        ]
 [0.61488563 0.         0.        ]
 [0.         0.         0.22      ]
 [0.         0.         0.22      ]
 [0.         0.         0.22      ]
 [0.         0.         0.22      ]]",[[80 85 90]],0.8038,1.7838342189788818
21,15,"[[0.16184314 0.21678536 0.21681002 0.25587403 0.3024662  1.
  1.         1.         1.         1.         1.         0.20701864
  0.20701975 0.20701474 0.20702195]]","[[0.768      0.768      0.768      0.6432     0.6432     0.768
  0.768      0.768      0.768      0.768      0.768      0.8
  0.8        0.8        0.8       ]
 [0.768      0.768      0.768      0.6432     0.6432     0.768
  0.768      0.768      0.768      0.768      0.768      0.8
  0.8        0.8        0.8       ]
 [0.768      0.768      0.768      0.6432     0.6432     0.768
  0.768      0.768      0.768      0.768      0.768      0.8
  0.8        0.8        0.8       ]
 [0.768      0.768      0.768      0.6432     0.6432     0.768
  0.768      0.768      0.768      0.768      0.768      0.8
  0.8        0.8        0.8       ]
 [0.768      0.768      0.768      0.6432     0.6432     0.768
  0.768      0.768      0.768      0.768      0.768      0.8
  0.8        0.8        0.8       ]
 [0.768      0.768      0.768      0.6432     0.6432     0.768
  0.768      0.768      0.768      0.768      0.768      0.8
  0.8        0.8        0.8       ]
 [0.69434142 0.69246131 0.6929459  0.66352161 0.6932     0.818
  0.818      0.818      0.818      0.818      0.818      0.66718781
  0.66727537 0.66705303 0.6672717 ]
 [0.69434142 0.69246131 0.6929459  0.66352161 0.6932     0.818
  0.818      0.818      0.818      0.818      0.818      0.66718781
  0.66727537 0.66705303 0.6672717 ]
 [0.69434142 0.69246131 0.6929459  0.66352161 0.6932     0.818
  0.818      0.818      0.818      0.818      0.818      0.66718781
  0.66727537 0.66705303 0.6672717 ]
 [0.69434142 0.69246131 0.6929459  0.66352161 0.6932     0.818
  0.818      0.818      0.818      0.818      0.818      0.66718781
  0.66727537 0.66705303 0.6672717 ]
 [0.69434142 0.69246131 0.6929459  0.66352161 0.6932     0.818
  0.818      0.818      0.818      0.818      0.818      0.66718781
  0.66727537 0.66705303 0.6672717 ]
 [0.69434142 0.69246131 0.6929459  0.66352161 0.6932     0.818
  0.818      0.818      0.818      0.818      0.818      0.66718781
  0.66727537 0.66705303 0.6672717 ]
 [0.818      0.818      0.818      0.6932     0.6932     0.76405561
  0.818      0.818      0.818      0.818      0.76125254 0.85
  0.85       0.85       0.85      ]
 [0.818      0.818      0.818      0.6932     0.6932     0.76405561
  0.818      0.818      0.818      0.818      0.76125254 0.85
  0.85       0.85       0.85      ]
 [0.818      0.818      0.818      0.6932     0.6932     0.76405561
  0.818      0.818      0.818      0.818      0.76125254 0.85
  0.85       0.85       0.85      ]
 [0.818      0.818      0.818      0.40495413 0.6932     0.65915368
  0.818      0.818      0.818      0.818      0.818      0.75883581
  0.75936919 0.75701229 0.76037128]
 [0.818      0.818      0.818      0.40495413 0.6932     0.65915368
  0.818      0.818      0.818      0.818      0.818      0.75883581
  0.75936919 0.75701229 0.76037128]
 [0.818      0.818      0.818      0.40495413 0.6932     0.65915368
  0.818      0.818      0.818      0.818      0.818      0.75883581
  0.75936919 0.75701229 0.76037128]
 [0.818      0.818      0.818      0.40495413 0.6932     0.65915368
  0.818      0.818      0.818      0.818      0.818      0.75883581
  0.75936919 0.75701229 0.76037128]
 [0.818      0.818      0.818      0.40495413 0.6932     0.65915368
  0.818      0.818      0.818      0.818      0.818      0.75883581
  0.75936919 0.75701229 0.76037128]
 [0.818      0.818      0.818      0.40495413 0.6932     0.65915368
  0.818      0.818      0.818      0.818      0.818      0.75883581
  0.75936919 0.75701229 0.76037128]]","[[1. 1. 1. 1. 1. 1. 1. 1. 1. 1. 1. 1. 1. 1. 1.]
 [1. 1. 1. 1. 1. 1. 1. 1. 1. 1. 1. 1. 1. 1. 1.]
 [1. 1. 1. 1. 1. 1. 1. 1. 1. 1. 1. 1. 1. 1. 1.]
 [1. 1. 1. 1. 1. 1. 1. 1. 1. 1. 1. 1. 1. 1. 1.]
 [1. 1. 1. 0. 1. 1. 1. 1. 1. 1. 1. 1. 1. 1. 1.]
 [1. 1. 1. 0. 1. 1. 1. 1. 1. 1. 1. 1. 1. 1. 1.]
 [1. 1. 1. 1. 1. 1. 1. 1. 1. 1. 1. 1. 1. 1. 1.]
 [1. 1. 1. 1. 1. 1. 1. 1. 1. 1. 1. 1. 1. 1. 1.]
 [1. 1. 1. 1. 1. 1. 1. 1. 1. 1. 1. 1. 1. 1. 1.]
 [1. 1. 1. 1. 1. 1. 1. 1. 1. 1. 1. 1. 1. 1. 1.]
 [1. 1. 1. 1. 1. 1. 1. 1. 1. 1. 1. 1. 1. 1. 1.]
 [1. 1. 1. 1. 1. 1. 1. 1. 1. 1. 1. 1. 1. 1. 1.]
 [1. 1. 1. 1. 1. 1. 1. 1. 1. 1. 1. 1. 1. 1. 1.]
 [1. 1. 1. 1. 1. 1. 1. 1. 1. 1. 1. 1. 1. 1. 1.]
 [1. 1. 1. 1. 1. 1. 1. 1. 1. 1. 1. 1. 1. 1. 1.]
 [1. 1. 1. 1. 1. 1. 1. 1. 1. 1. 1. 1. 1. 1. 1.]
 [1. 1. 1. 1. 1. 1. 1. 1. 1. 1. 1. 1. 1. 1. 1.]
 [1. 1. 1. 1. 1. 1. 1. 1. 1. 1. 1. 1. 1. 1. 1.]
 [1. 1. 1. 1. 1. 1. 1. 1. 1. 1. 1. 1. 1. 1. 1.]
 [1. 1. 1. 1. 1. 1. 1. 1. 1. 1. 1. 1. 1. 1. 1.]
 [1. 1. 1. 1. 1. 1. 1. 1. 1. 1. 1. 1. 1. 1. 1.]]","[[0.         0.69722469 0.        ]
 [0.         0.         0.58837803]
 [0.         0.         0.58837803]
 [1.         0.         0.        ]
 [1.         0.         0.        ]
 [1.         0.         0.        ]
 [1.         0.         0.        ]
 [1.         0.         0.        ]
 [1.         0.         0.        ]
 [1.         0.         0.        ]
 [1.         0.         0.        ]
 [0.         0.         0.22      ]
 [0.         0.         0.22      ]
 [0.         0.         0.22      ]
 [0.         0.         0.22      ]]",[[80 85 90]],0.81,1.585700273513794
18,13,"[[0.15393064 0.2202066  0.22024748 0.29686596 1.         1.
  1.         1.         1.         0.20660514 0.20660651 0.20660025
  0.20660931]]","[[0.768      0.768      0.768      0.6432     0.768      0.768
  0.768      0.768      0.768      0.8        0.8        0.8
  0.8       ]
 [0.768      0.768      0.768      0.6432     0.768      0.768
  0.768      0.768      0.768      0.8        0.8        0.8
  0.8       ]
 [0.768      0.768      0.768      0.6432     0.768      0.768
  0.768      0.768      0.768      0.8        0.8        0.8
  0.8       ]
 [0.768      0.768      0.768      0.6432     0.768      0.768
  0.768      0.768      0.768      0.8        0.8        0.8
  0.8       ]
 [0.768      0.768      0.768      0.6432     0.768      0.768
  0.768      0.768      0.768      0.8        0.8        0.8
  0.8       ]
 [0.72788782 0.73513742 0.73553347 0.6932     0.818      0.818
  0.818      0.818      0.81612381 0.61933924 0.61959228 0.61850492
  0.62003285]
 [0.72788782 0.73513742 0.73553347 0.6932     0.818      0.818
  0.818      0.818      0.81612381 0.61933924 0.61959228 0.61850492
  0.62003285]
 [0.72788782 0.73513742 0.73553347 0.6932     0.818      0.818
  0.818      0.818      0.81612381 0.61933924 0.61959228 0.61850492
  0.62003285]
 [0.818      0.70957004 0.70948469 0.52215719 0.818      0.818
  0.818      0.818      0.818      0.35155281 0.35191374 0.35032202
  0.35258704]
 [0.818      0.70957004 0.70948469 0.52215719 0.818      0.818
  0.818      0.818      0.818      0.35155281 0.35191374 0.35032202
  0.35258704]
 [0.818      0.70957004 0.70948469 0.52215719 0.818      0.818
  0.818      0.818      0.818      0.35155281 0.35191374 0.35032202
  0.35258704]
 [0.818      0.70957004 0.70948469 0.52215719 0.818      0.818
  0.818      0.818      0.818      0.35155281 0.35191374 0.35032202
  0.35258704]
 [0.818      0.70957004 0.70948469 0.52215719 0.818      0.818
  0.818      0.818      0.818      0.35155281 0.35191374 0.35032202
  0.35258704]
 [0.818      0.70957004 0.70948469 0.52215719 0.818      0.818
  0.818      0.818      0.818      0.35155281 0.35191374 0.35032202
  0.35258704]
 [0.818      0.818      0.818      0.58409745 0.818      0.818
  0.818      0.818      0.818      0.45927702 0.45975471 0.45760971
  0.46068556]
 [0.818      0.818      0.818      0.61586285 0.70387019 0.818
  0.818      0.818      0.818      0.57947095 0.58003859 0.57745801
  0.58117755]
 [0.818      0.818      0.818      0.61586285 0.70387019 0.818
  0.818      0.818      0.818      0.57947095 0.58003859 0.57745801
  0.58117755]
 [0.818      0.818      0.818      0.61586285 0.70387019 0.818
  0.818      0.818      0.818      0.57947095 0.58003859 0.57745801
  0.58117755]]","[[1. 1. 1. 1. 1. 1. 1. 1. 1. 1. 1. 1. 1.]
 [1. 1. 1. 1. 1. 1. 1. 1. 1. 1. 1. 1. 1.]
 [1. 1. 1. 1. 1. 1. 1. 1. 1. 1. 1. 1. 1.]
 [1. 1. 1. 1. 1. 1. 1. 1. 1. 1. 1. 1. 1.]
 [1. 1. 1. 1. 1. 1. 1. 1. 1. 1. 1. 1. 1.]
 [1. 1. 1. 1. 1. 1. 1. 1. 1. 1. 1. 1. 1.]
 [1. 1. 1. 1. 1. 1. 1. 1. 1. 1. 1. 1. 1.]
 [1. 1. 1. 1. 1. 1. 1. 1. 1. 1. 1. 1. 1.]
 [1. 1. 1. 1. 1. 1. 1. 1. 1. 0. 0. 0. 0.]
 [1. 1. 1. 1. 1. 1. 1. 1. 1. 0. 0. 0. 0.]
 [1. 1. 1. 1. 1. 1. 1. 1. 1. 0. 0. 0. 0.]
 [1. 1. 1. 1. 1. 1. 1. 1. 1. 0. 0. 0. 0.]
 [1. 1. 1. 1. 1. 1. 1. 1. 1. 0. 0. 0. 0.]
 [1. 1. 1. 1. 1. 1. 1. 1. 1. 0. 0. 0. 0.]
 [1. 1. 1. 1. 1. 1. 1. 1. 1. 1. 1. 1. 1.]
 [1. 1. 1. 1. 1. 1. 1. 1. 1. 1. 1. 1. 1.]
 [1. 1. 1. 1. 1. 1. 1. 1. 1. 1. 1. 1. 1.]
 [1. 1. 1. 1. 1. 1. 1. 1. 1. 1. 1. 1. 1.]]","[[0.69722469 0.         0.        ]
 [0.         0.         0.58837803]
 [0.         0.         0.58837803]
 [1.         0.         0.        ]
 [1.         0.         0.        ]
 [1.         0.         0.        ]
 [1.         0.         0.        ]
 [1.         0.         0.        ]
 [1.         0.         0.        ]
 [0.         0.         0.22      ]
 [0.         0.         0.22      ]
 [0.         0.         0.22      ]
 [0.         0.         0.22      ]]",[[80 85 90]],0.8103,1.2548344135284424
7,7,"[[0.22413162 0.22417222 0.29686596 0.33937865 0.33937865 0.29686596
  0.33937865]]","[[0.818      0.818      0.6932     0.75271835 0.74656591 0.6552927
  0.67333134]
 [0.818      0.818      0.6932     0.75271835 0.74656591 0.6552927
  0.67333134]
 [0.818      0.818      0.6932     0.75271835 0.74656591 0.6552927
  0.67333134]
 [0.818      0.818      0.6932     0.75271835 0.74656591 0.6552927
  0.67333134]
 [0.818      0.818      0.6932     0.75271835 0.74656591 0.6552927
  0.67333134]
 [0.818      0.818      0.6932     0.45899606 0.45198709 0.37022878
  0.38768764]
 [0.818      0.818      0.6932     0.45899606 0.45198709 0.37022878
  0.38768764]]","[[1. 1. 0. 1. 1. 1. 1.]
 [1. 1. 0. 1. 1. 1. 1.]
 [1. 1. 0. 1. 1. 1. 1.]
 [1. 1. 0. 1. 1. 1. 1.]
 [1. 1. 0. 1. 1. 1. 1.]
 [1. 1. 1. 1. 1. 0. 0.]
 [1. 1. 1. 1. 1. 0. 0.]]","[[0.         0.         0.58837803]
 [0.         0.         0.58837803]
 [1.         0.         0.        ]
 [0.83629452 0.         0.        ]
 [0.83629452 0.         0.        ]
 [1.         0.         0.        ]
 [0.83629452 0.         0.        ]]",[[80 85 90]],0.7302,0.34684109687805176
19,19,"[[0.22802723 0.22806745 0.29686596 0.33937865 0.33937865 0.33937865
  0.33937865 0.29686596 0.33937865 0.33937865 0.33937865 0.33937865
  0.33937865 0.33937865 0.33937865 0.33937865 0.33937865 0.33937865
  0.33937865]]","[[0.78962729 0.78978137 0.6932     0.786      0.786      0.786
  0.786      0.6932     0.786      0.58701749 0.61257678 0.65875356
  0.64223464 0.63534996 0.62490107 0.57296058 0.6948557  0.56319199
  0.67857024]
 [0.78962729 0.78978137 0.6932     0.786      0.786      0.786
  0.786      0.6932     0.786      0.58701749 0.61257678 0.65875356
  0.64223464 0.63534996 0.62490107 0.57296058 0.6948557  0.56319199
  0.67857024]
 [0.78962729 0.78978137 0.6932     0.786      0.786      0.786
  0.786      0.6932     0.786      0.58701749 0.61257678 0.65875356
  0.64223464 0.63534996 0.62490107 0.57296058 0.6948557  0.56319199
  0.67857024]
 [0.78962729 0.78978137 0.6932     0.786      0.786      0.786
  0.786      0.6932     0.786      0.58701749 0.61257678 0.65875356
  0.64223464 0.63534996 0.62490107 0.57296058 0.6948557  0.56319199
  0.67857024]
 [0.78962729 0.78978137 0.6932     0.786      0.786      0.786
  0.786      0.6932     0.786      0.58701749 0.61257678 0.65875356
  0.64223464 0.63534996 0.62490107 0.57296058 0.6948557  0.56319199
  0.67857024]
 [0.78962729 0.78978137 0.6932     0.786      0.786      0.786
  0.786      0.6932     0.786      0.58701749 0.61257678 0.65875356
  0.64223464 0.63534996 0.62490107 0.57296058 0.6948557  0.56319199
  0.67857024]
 [0.818      0.818      0.6932     0.786      0.786      0.786
  0.786      0.6932     0.786      0.786      0.786      0.786
  0.786      0.786      0.786      0.786      0.786      0.78265876
  0.786     ]
 [0.818      0.818      0.6932     0.786      0.786      0.786
  0.786      0.6932     0.786      0.786      0.786      0.786
  0.786      0.786      0.786      0.786      0.786      0.78265876
  0.786     ]
 [0.818      0.818      0.6932     0.786      0.786      0.786
  0.786      0.6932     0.786      0.786      0.786      0.786
  0.786      0.786      0.786      0.786      0.786      0.78265876
  0.786     ]
 [0.818      0.818      0.6932     0.786      0.786      0.786
  0.786      0.6932     0.786      0.786      0.786      0.786
  0.786      0.786      0.786      0.786      0.786      0.78265876
  0.786     ]
 [0.818      0.818      0.6932     0.786      0.786      0.786
  0.786      0.6932     0.786      0.786      0.786      0.786
  0.786      0.786      0.786      0.786      0.786      0.78265876
  0.786     ]
 [0.818      0.818      0.6932     0.786      0.786      0.786
  0.786      0.6932     0.786      0.786      0.786      0.786
  0.786      0.786      0.786      0.786      0.786      0.78265876
  0.786     ]
 [0.67091134 0.67060247 0.6932     0.67015315 0.65720257 0.53523868
  0.53843332 0.65684736 0.67258097 0.34083651 0.35878314 0.38823854
  0.37913254 0.38483268 0.37368745 0.31534325 0.42358561 0.30466787
  0.40515083]
 [0.818      0.818      0.6932     0.66470535 0.65778301 0.55956031
  0.56216735 0.5524049  0.59419103 0.60775441 0.60463344 0.58572838
  0.59786694 0.63131939 0.62156242 0.56245366 0.6092203  0.55193365
  0.59028528]
 [0.818      0.818      0.6932     0.66470535 0.65778301 0.55956031
  0.56216735 0.5524049  0.59419103 0.60775441 0.60463344 0.58572838
  0.59786694 0.63131939 0.62156242 0.56245366 0.6092203  0.55193365
  0.59028528]
 [0.818      0.818      0.6932     0.66470535 0.65778301 0.55956031
  0.56216735 0.5524049  0.59419103 0.60775441 0.60463344 0.58572838
  0.59786694 0.63131939 0.62156242 0.56245366 0.6092203  0.55193365
  0.59028528]
 [0.818      0.818      0.6932     0.66470535 0.65778301 0.55956031
  0.56216735 0.5524049  0.59419103 0.60775441 0.60463344 0.58572838
  0.59786694 0.63131939 0.62156242 0.56245366 0.6092203  0.55193365
  0.59028528]
 [0.818      0.818      0.6932     0.66470535 0.65778301 0.55956031
  0.56216735 0.5524049  0.59419103 0.60775441 0.60463344 0.58572838
  0.59786694 0.63131939 0.62156242 0.56245366 0.6092203  0.55193365
  0.59028528]
 [0.818      0.818      0.6932     0.66470535 0.65778301 0.55956031
  0.56216735 0.5524049  0.59419103 0.60775441 0.60463344 0.58572838
  0.59786694 0.63131939 0.62156242 0.56245366 0.6092203  0.55193365
  0.59028528]]","[[1. 1. 1. 1. 1. 1. 1. 1. 1. 1. 1. 1. 1. 1. 1. 1. 1. 1. 1.]
 [1. 1. 1. 1. 1. 1. 1. 1. 1. 1. 1. 1. 1. 1. 1. 1. 1. 1. 1.]
 [1. 1. 1. 1. 1. 1. 1. 1. 1. 1. 1. 1. 1. 1. 1. 1. 1. 1. 1.]
 [1. 1. 1. 1. 1. 1. 1. 1. 1. 1. 1. 1. 1. 1. 1. 1. 1. 1. 1.]
 [1. 1. 1. 1. 1. 1. 1. 1. 1. 1. 1. 1. 1. 1. 1. 1. 1. 1. 1.]
 [1. 1. 1. 1. 1. 1. 1. 1. 1. 1. 1. 1. 1. 1. 1. 1. 1. 1. 1.]
 [1. 1. 1. 1. 1. 1. 1. 1. 1. 1. 1. 1. 1. 1. 1. 1. 1. 1. 1.]
 [1. 1. 1. 1. 1. 1. 1. 1. 1. 1. 1. 1. 1. 1. 1. 1. 1. 1. 1.]
 [1. 1. 1. 1. 1. 1. 1. 1. 1. 1. 1. 1. 1. 1. 1. 1. 1. 1. 1.]
 [1. 1. 1. 1. 1. 1. 1. 1. 1. 1. 1. 1. 1. 1. 1. 1. 1. 1. 1.]
 [1. 1. 1. 1. 1. 1. 1. 1. 1. 1. 1. 1. 1. 1. 1. 1. 1. 1. 1.]
 [1. 1. 1. 1. 1. 1. 1. 1. 1. 1. 1. 1. 1. 1. 1. 1. 1. 1. 1.]
 [1. 1. 1. 1. 1. 1. 1. 1. 1. 0. 0. 0. 0. 0. 0. 0. 1. 0. 1.]
 [1. 1. 1. 1. 1. 1. 1. 1. 1. 1. 1. 1. 1. 1. 1. 1. 1. 1. 1.]
 [1. 1. 1. 1. 1. 1. 1. 1. 1. 1. 1. 1. 1. 1. 1. 1. 1. 1. 1.]
 [1. 1. 1. 1. 1. 1. 1. 1. 1. 1. 1. 1. 1. 1. 1. 1. 1. 1. 1.]
 [1. 1. 1. 1. 1. 1. 1. 1. 1. 1. 1. 1. 1. 1. 1. 1. 1. 1. 1.]
 [1. 1. 1. 1. 1. 1. 1. 1. 1. 1. 1. 1. 1. 1. 1. 1. 1. 1. 1.]
 [1. 1. 1. 1. 1. 1. 1. 1. 1. 1. 1. 1. 1. 1. 1. 1. 1. 1. 1.]]","[[0.         0.         0.58837803]
 [0.         0.         0.58837803]
 [1.         0.         0.        ]
 [0.83629452 0.         0.        ]
 [0.83629452 0.         0.        ]
 [0.83629452 0.         0.        ]
 [0.83629452 0.         0.        ]
 [1.         0.         0.        ]
 [0.83629452 0.         0.        ]
 [0.83629452 0.         0.        ]
 [0.83629452 0.         0.        ]
 [0.83629452 0.         0.        ]
 [0.83629452 0.         0.        ]
 [0.83629452 0.         0.        ]
 [0.83629452 0.         0.        ]
 [0.83629452 0.         0.        ]
 [0.83629452 0.         0.        ]
 [0.83629452 0.         0.        ]
 [0.83629452 0.         0.        ]]",[[80 85 90]],0.7449,1.474139928817749
20,20,"[[0.23188943 0.23192929 0.29686596 0.33937865 0.33937865 0.33937865
  0.33937865 0.29686596 0.33937865 0.33937865 0.33937865 0.33937865
  0.33937865 0.33937865 0.33937865 0.33937865 0.33937865 0.33937865
  0.33937865 0.30166379]]","[[0.79764877 0.79765828 0.54775507 0.786      0.786      0.786
  0.786      0.6932     0.786      0.62986768 0.65282875 0.70249221
  0.68196025 0.66499891 0.65832993 0.63243416 0.72705211 0.62642173
  0.71813758 0.75544613]
 [0.79764877 0.79765828 0.54775507 0.786      0.786      0.786
  0.786      0.6932     0.786      0.62986768 0.65282875 0.70249221
  0.68196025 0.66499891 0.65832993 0.63243416 0.72705211 0.62642173
  0.71813758 0.75544613]
 [0.79764877 0.79765828 0.54775507 0.786      0.786      0.786
  0.786      0.6932     0.786      0.62986768 0.65282875 0.70249221
  0.68196025 0.66499891 0.65832993 0.63243416 0.72705211 0.62642173
  0.71813758 0.75544613]
 [0.79764877 0.79765828 0.54775507 0.786      0.786      0.786
  0.786      0.6932     0.786      0.62986768 0.65282875 0.70249221
  0.68196025 0.66499891 0.65832993 0.63243416 0.72705211 0.62642173
  0.71813758 0.75544613]
 [0.79764877 0.79765828 0.54775507 0.786      0.786      0.786
  0.786      0.6932     0.786      0.62986768 0.65282875 0.70249221
  0.68196025 0.66499891 0.65832993 0.63243416 0.72705211 0.62642173
  0.71813758 0.75544613]
 [0.79764877 0.79765828 0.54775507 0.786      0.786      0.786
  0.786      0.6932     0.786      0.62986768 0.65282875 0.70249221
  0.68196025 0.66499891 0.65832993 0.63243416 0.72705211 0.62642173
  0.71813758 0.75544613]
 [0.818      0.818      0.68590765 0.786      0.786      0.786
  0.786      0.6932     0.786      0.786      0.786      0.786
  0.786      0.786      0.786      0.786      0.786      0.786
  0.786      0.52653489]
 [0.818      0.818      0.68590765 0.786      0.786      0.786
  0.786      0.6932     0.786      0.786      0.786      0.786
  0.786      0.786      0.786      0.786      0.786      0.786
  0.786      0.52653489]
 [0.818      0.818      0.68590765 0.786      0.786      0.786
  0.786      0.6932     0.786      0.786      0.786      0.786
  0.786      0.786      0.786      0.786      0.786      0.786
  0.786      0.52653489]
 [0.818      0.818      0.68590765 0.786      0.786      0.786
  0.786      0.6932     0.786      0.786      0.786      0.786
  0.786      0.786      0.786      0.786      0.786      0.786
  0.786      0.52653489]
 [0.818      0.818      0.68590765 0.786      0.786      0.786
  0.786      0.6932     0.786      0.786      0.786      0.786
  0.786      0.786      0.786      0.786      0.786      0.786
  0.786      0.52653489]
 [0.818      0.818      0.68590765 0.786      0.786      0.786
  0.786      0.6932     0.786      0.786      0.786      0.786
  0.786      0.786      0.786      0.786      0.786      0.786
  0.786      0.52653489]
 [0.63667151 0.63627192 0.64520753 0.786      0.786      0.70660189
  0.70962575 0.6932     0.786      0.44675192 0.46207623 0.49219201
  0.48115152 0.48203488 0.47297442 0.43092044 0.52062733 0.42244465
  0.50591869 0.818     ]
 [0.63667151 0.63627192 0.64520753 0.786      0.786      0.70660189
  0.70962575 0.6932     0.786      0.44675192 0.46207623 0.49219201
  0.48115152 0.48203488 0.47297442 0.43092044 0.52062733 0.42244465
  0.50591869 0.818     ]
 [0.63667151 0.63627192 0.64520753 0.786      0.786      0.70660189
  0.70962575 0.6932     0.786      0.44675192 0.46207623 0.49219201
  0.48115152 0.48203488 0.47297442 0.43092044 0.52062733 0.42244465
  0.50591869 0.818     ]
 [0.63667151 0.63627192 0.64520753 0.786      0.786      0.70660189
  0.70962575 0.6932     0.786      0.44675192 0.46207623 0.49219201
  0.48115152 0.48203488 0.47297442 0.43092044 0.52062733 0.42244465
  0.50591869 0.818     ]
 [0.63667151 0.63627192 0.64520753 0.786      0.786      0.70660189
  0.70962575 0.6932     0.786      0.44675192 0.46207623 0.49219201
  0.48115152 0.48203488 0.47297442 0.43092044 0.52062733 0.42244465
  0.50591869 0.818     ]
 [0.63667151 0.63627192 0.64520753 0.786      0.786      0.70660189
  0.70962575 0.6932     0.786      0.44675192 0.46207623 0.49219201
  0.48115152 0.48203488 0.47297442 0.43092044 0.52062733 0.42244465
  0.50591869 0.818     ]
 [0.8086853  0.80805719 0.6932     0.786      0.786      0.76106971
  0.76423988 0.6932     0.786      0.62149746 0.62978365 0.64121658
  0.63914588 0.65358939 0.64366368 0.59315313 0.66958601 0.58345106
  0.65176034 0.78574545]
 [0.8086853  0.80805719 0.6932     0.786      0.786      0.76106971
  0.76423988 0.6932     0.786      0.62149746 0.62978365 0.64121658
  0.63914588 0.65358939 0.64366368 0.59315313 0.66958601 0.58345106
  0.65176034 0.78574545]]","[[1. 1. 1. 1. 1. 1. 1. 1. 1. 1. 1. 1. 1. 1. 1. 1. 1. 1. 1. 1.]
 [1. 1. 1. 1. 1. 1. 1. 1. 1. 1. 1. 1. 1. 1. 1. 1. 1. 1. 1. 1.]
 [1. 1. 1. 1. 1. 1. 1. 1. 1. 1. 1. 1. 1. 1. 1. 1. 1. 1. 1. 1.]
 [1. 1. 1. 1. 1. 1. 1. 1. 1. 1. 1. 1. 1. 1. 1. 1. 1. 1. 1. 1.]
 [1. 1. 1. 1. 1. 1. 1. 1. 1. 1. 1. 1. 1. 1. 1. 1. 1. 1. 1. 1.]
 [1. 1. 1. 1. 1. 1. 1. 1. 1. 1. 1. 1. 1. 1. 1. 1. 1. 1. 1. 1.]
 [1. 1. 1. 1. 1. 1. 1. 1. 1. 1. 1. 1. 1. 1. 1. 1. 1. 1. 1. 1.]
 [1. 1. 1. 1. 1. 1. 1. 1. 1. 1. 1. 1. 1. 1. 1. 1. 1. 1. 1. 1.]
 [1. 1. 1. 1. 1. 1. 1. 1. 1. 1. 1. 1. 1. 1. 1. 1. 1. 1. 1. 1.]
 [1. 1. 1. 1. 1. 1. 1. 1. 1. 1. 1. 1. 1. 1. 1. 1. 1. 1. 1. 1.]
 [1. 1. 1. 1. 1. 1. 1. 1. 1. 1. 1. 1. 1. 1. 1. 1. 1. 1. 1. 1.]
 [1. 1. 1. 1. 1. 1. 1. 1. 1. 1. 1. 1. 1. 1. 1. 1. 1. 1. 1. 1.]
 [1. 1. 1. 1. 1. 1. 1. 1. 1. 0. 0. 1. 1. 0. 0. 0. 1. 0. 1. 1.]
 [1. 1. 1. 1. 1. 1. 1. 1. 1. 0. 0. 1. 1. 0. 0. 0. 1. 0. 1. 1.]
 [1. 1. 1. 1. 1. 1. 1. 1. 1. 0. 0. 1. 1. 0. 0. 0. 1. 0. 1. 1.]
 [1. 1. 1. 1. 1. 1. 1. 1. 1. 0. 0. 1. 1. 0. 0. 0. 1. 0. 1. 1.]
 [1. 1. 1. 1. 1. 1. 1. 1. 1. 0. 0. 1. 1. 0. 0. 0. 1. 0. 1. 1.]
 [1. 1. 1. 1. 1. 1. 1. 1. 1. 0. 0. 1. 1. 0. 0. 0. 1. 0. 1. 1.]
 [1. 1. 1. 1. 1. 1. 1. 1. 1. 1. 1. 1. 1. 1. 1. 1. 1. 1. 1. 1.]
 [1. 1. 1. 1. 1. 1. 1. 1. 1. 1. 1. 1. 1. 1. 1. 1. 1. 1. 1. 1.]]","[[0.         0.         0.58837803]
 [0.         0.         0.58837803]
 [1.         0.         0.        ]
 [0.83629452 0.         0.        ]
 [0.83629452 0.         0.        ]
 [0.83629452 0.         0.        ]
 [0.83629452 0.         0.        ]
 [1.         0.         0.        ]
 [0.83629452 0.         0.        ]
 [0.83629452 0.         0.        ]
 [0.83629452 0.         0.        ]
 [0.83629452 0.         0.        ]
 [0.83629452 0.         0.        ]
 [0.83629452 0.         0.        ]
 [0.83629452 0.         0.        ]
 [0.83629452 0.         0.        ]
 [0.83629452 0.         0.        ]
 [0.83629452 0.         0.        ]
 [0.83629452 0.         0.        ]
 [0.61488563 0.         0.        ]]",[[80 85 90]],0.7618,1.6136329174041748
18,18,"[[0.23571419 0.23575365 0.33937865 0.33937865 0.33937865 0.33937865
  0.29686596 0.33937865 0.33937865 0.33937865 0.33937865 0.33937865
  0.33937865 0.33937865 0.33937865 0.33937865 0.33937865 0.33937865]]","[[0.79157802 0.79144208 0.786      0.786      0.786      0.786
  0.6932     0.786      0.59780966 0.61524411 0.66134144 0.63985763
  0.61536276 0.61325473 0.61743841 0.67067191 0.61623728 0.67035845]
 [0.79157802 0.79144208 0.786      0.786      0.786      0.786
  0.6932     0.786      0.59780966 0.61524411 0.66134144 0.63985763
  0.61536276 0.61325473 0.61743841 0.67067191 0.61623728 0.67035845]
 [0.79157802 0.79144208 0.786      0.786      0.786      0.786
  0.6932     0.786      0.59780966 0.61524411 0.66134144 0.63985763
  0.61536276 0.61325473 0.61743841 0.67067191 0.61623728 0.67035845]
 [0.79157802 0.79144208 0.786      0.786      0.786      0.786
  0.6932     0.786      0.59780966 0.61524411 0.66134144 0.63985763
  0.61536276 0.61325473 0.61743841 0.67067191 0.61623728 0.67035845]
 [0.79157802 0.79144208 0.786      0.786      0.786      0.786
  0.6932     0.786      0.59780966 0.61524411 0.66134144 0.63985763
  0.61536276 0.61325473 0.61743841 0.67067191 0.61623728 0.67035845]
 [0.79157802 0.79144208 0.786      0.786      0.786      0.786
  0.6932     0.786      0.59780966 0.61524411 0.66134144 0.63985763
  0.61536276 0.61325473 0.61743841 0.67067191 0.61623728 0.67035845]
 [0.818      0.818      0.786      0.786      0.786      0.786
  0.6932     0.786      0.786      0.786      0.786      0.786
  0.786      0.786      0.786      0.786      0.786      0.786     ]
 [0.818      0.818      0.786      0.786      0.786      0.786
  0.6932     0.786      0.786      0.786      0.786      0.786
  0.786      0.786      0.786      0.786      0.786      0.786     ]
 [0.818      0.818      0.786      0.786      0.786      0.786
  0.6932     0.786      0.786      0.786      0.786      0.786
  0.786      0.786      0.786      0.786      0.786      0.786     ]
 [0.818      0.818      0.786      0.786      0.786      0.786
  0.6932     0.786      0.786      0.786      0.786      0.786
  0.786      0.786      0.786      0.786      0.786      0.786     ]
 [0.818      0.818      0.786      0.786      0.786      0.786
  0.6932     0.786      0.786      0.786      0.786      0.786
  0.786      0.786      0.786      0.786      0.786      0.786     ]
 [0.818      0.818      0.786      0.786      0.786      0.786
  0.6932     0.786      0.786      0.786      0.786      0.786
  0.786      0.786      0.786      0.786      0.786      0.786     ]
 [0.74546726 0.74478716 0.786      0.786      0.786      0.786
  0.6932     0.786      0.72538626 0.73260267 0.74970056 0.74310939
  0.74800194 0.74085475 0.71181891 0.77014459 0.70495979 0.75736462]
 [0.74546726 0.74478716 0.786      0.786      0.786      0.786
  0.6932     0.786      0.72538626 0.73260267 0.74970056 0.74310939
  0.74800194 0.74085475 0.71181891 0.77014459 0.70495979 0.75736462]
 [0.74546726 0.74478716 0.786      0.786      0.786      0.786
  0.6932     0.786      0.72538626 0.73260267 0.74970056 0.74310939
  0.74800194 0.74085475 0.71181891 0.77014459 0.70495979 0.75736462]
 [0.74546726 0.74478716 0.786      0.786      0.786      0.786
  0.6932     0.786      0.72538626 0.73260267 0.74970056 0.74310939
  0.74800194 0.74085475 0.71181891 0.77014459 0.70495979 0.75736462]
 [0.74546726 0.74478716 0.786      0.786      0.786      0.786
  0.6932     0.786      0.72538626 0.73260267 0.74970056 0.74310939
  0.74800194 0.74085475 0.71181891 0.77014459 0.70495979 0.75736462]
 [0.74546726 0.74478716 0.786      0.786      0.786      0.786
  0.6932     0.786      0.72538626 0.73260267 0.74970056 0.74310939
  0.74800194 0.74085475 0.71181891 0.77014459 0.70495979 0.75736462]]","[[1. 1. 1. 1. 1. 1. 1. 1. 1. 1. 1. 1. 1. 1. 1. 1. 1. 1.]
 [1. 1. 1. 1. 1. 1. 1. 1. 1. 1. 1. 1. 1. 1. 1. 1. 1. 1.]
 [1. 1. 1. 1. 1. 1. 1. 1. 1. 1. 1. 1. 1. 1. 1. 1. 1. 1.]
 [1. 1. 1. 1. 1. 1. 1. 1. 1. 1. 1. 1. 1. 1. 1. 1. 1. 1.]
 [1. 1. 1. 1. 1. 1. 1. 1. 1. 1. 1. 1. 1. 1. 1. 1. 1. 1.]
 [1. 1. 1. 1. 1. 1. 1. 1. 1. 1. 1. 1. 1. 1. 1. 1. 1. 1.]
 [1. 1. 1. 1. 1. 1. 1. 1. 1. 1. 1. 1. 1. 1. 1. 1. 1. 1.]
 [1. 1. 1. 1. 1. 1. 1. 1. 1. 1. 1. 1. 1. 1. 1. 1. 1. 1.]
 [1. 1. 1. 1. 1. 1. 1. 1. 1. 1. 1. 1. 1. 1. 1. 1. 1. 1.]
 [1. 1. 1. 1. 1. 1. 1. 1. 1. 1. 1. 1. 1. 1. 1. 1. 1. 1.]
 [1. 1. 1. 1. 1. 1. 1. 1. 1. 1. 1. 1. 1. 1. 1. 1. 1. 1.]
 [1. 1. 1. 1. 1. 1. 1. 1. 1. 1. 1. 1. 1. 1. 1. 1. 1. 1.]
 [1. 1. 1. 1. 1. 1. 1. 1. 1. 1. 1. 1. 1. 1. 1. 1. 1. 1.]
 [1. 1. 1. 1. 1. 1. 1. 1. 1. 1. 1. 1. 1. 1. 1. 1. 1. 1.]
 [1. 1. 1. 1. 1. 1. 1. 1. 1. 1. 1. 1. 1. 1. 1. 1. 1. 1.]
 [1. 1. 1. 1. 1. 1. 1. 1. 1. 1. 1. 1. 1. 1. 1. 1. 1. 1.]
 [1. 1. 1. 1. 1. 1. 1. 1. 1. 1. 1. 1. 1. 1. 1. 1. 1. 1.]
 [1. 1. 1. 1. 1. 1. 1. 1. 1. 1. 1. 1. 1. 1. 1. 1. 1. 1.]]","[[0.         0.         0.58837803]
 [0.         0.         0.58837803]
 [0.83629452 0.         0.        ]
 [0.83629452 0.         0.        ]
 [0.83629452 0.         0.        ]
 [0.83629452 0.         0.        ]
 [1.         0.         0.        ]
 [0.83629452 0.         0.        ]
 [0.83629452 0.         0.        ]
 [0.83629452 0.         0.        ]
 [0.83629452 0.         0.        ]
 [0.83629452 0.         0.        ]
 [0.83629452 0.         0.        ]
 [0.83629452 0.         0.        ]
 [0.83629452 0.         0.        ]
 [0.83629452 0.         0.        ]
 [0.83629452 0.         0.        ]
 [0.83629452 0.         0.        ]]",[[80 85 90]],0.7749,1.3405506610870361
17,17,"[[0.23949764 0.23953662 0.33937865 0.33937865 0.33937865 0.33937865
  0.33937865 0.33937865 0.33937865 0.33937865 0.33937865 0.33937865
  0.33937865 0.33937865 0.33937865 0.33937865 0.33937865]]","[[0.77195955 0.77169005 0.69826603 0.70824462 0.786      0.786
  0.74633815 0.50095172 0.51231201 0.55103415 0.53100129 0.50297042
  0.50458997 0.53292287 0.54798473 0.53597816 0.55406461]
 [0.77195955 0.77169005 0.69826603 0.70824462 0.786      0.786
  0.74633815 0.50095172 0.51231201 0.55103415 0.53100129 0.50297042
  0.50458997 0.53292287 0.54798473 0.53597816 0.55406461]
 [0.77195955 0.77169005 0.69826603 0.70824462 0.786      0.786
  0.74633815 0.50095172 0.51231201 0.55103415 0.53100129 0.50297042
  0.50458997 0.53292287 0.54798473 0.53597816 0.55406461]
 [0.77195955 0.77169005 0.69826603 0.70824462 0.786      0.786
  0.74633815 0.50095172 0.51231201 0.55103415 0.53100129 0.50297042
  0.50458997 0.53292287 0.54798473 0.53597816 0.55406461]
 [0.77195955 0.77169005 0.69826603 0.70824462 0.786      0.786
  0.74633815 0.50095172 0.51231201 0.55103415 0.53100129 0.50297042
  0.50458997 0.53292287 0.54798473 0.53597816 0.55406461]
 [0.77195955 0.77169005 0.69826603 0.70824462 0.786      0.786
  0.74633815 0.50095172 0.51231201 0.55103415 0.53100129 0.50297042
  0.50458997 0.53292287 0.54798473 0.53597816 0.55406461]
 [0.818      0.818      0.78435888 0.786      0.786      0.786
  0.786      0.75899676 0.77328018 0.786      0.786      0.75763257
  0.76173448 0.786      0.786      0.786      0.786     ]
 [0.818      0.818      0.78435888 0.786      0.786      0.786
  0.786      0.75899676 0.77328018 0.786      0.786      0.75763257
  0.76173448 0.786      0.786      0.786      0.786     ]
 [0.818      0.818      0.78435888 0.786      0.786      0.786
  0.786      0.75899676 0.77328018 0.786      0.786      0.75763257
  0.76173448 0.786      0.786      0.786      0.786     ]
 [0.818      0.818      0.78435888 0.786      0.786      0.786
  0.786      0.75899676 0.77328018 0.786      0.786      0.75763257
  0.76173448 0.786      0.786      0.786      0.786     ]
 [0.818      0.818      0.78435888 0.786      0.786      0.786
  0.786      0.75899676 0.77328018 0.786      0.786      0.75763257
  0.76173448 0.786      0.786      0.786      0.786     ]
 [0.67810947 0.67739437 0.786      0.786      0.786      0.786
  0.786      0.74836645 0.75295004 0.77413883 0.7629788  0.75502812
  0.75264518 0.75652829 0.78032249 0.75465035 0.7765685 ]
 [0.67810947 0.67739437 0.786      0.786      0.786      0.786
  0.786      0.74836645 0.75295004 0.77413883 0.7629788  0.75502812
  0.75264518 0.75652829 0.78032249 0.75465035 0.7765685 ]
 [0.67810947 0.67739437 0.786      0.786      0.786      0.786
  0.786      0.74836645 0.75295004 0.77413883 0.7629788  0.75502812
  0.75264518 0.75652829 0.78032249 0.75465035 0.7765685 ]
 [0.67810947 0.67739437 0.786      0.786      0.786      0.786
  0.786      0.74836645 0.75295004 0.77413883 0.7629788  0.75502812
  0.75264518 0.75652829 0.78032249 0.75465035 0.7765685 ]
 [0.67810947 0.67739437 0.786      0.786      0.786      0.786
  0.786      0.74836645 0.75295004 0.77413883 0.7629788  0.75502812
  0.75264518 0.75652829 0.78032249 0.75465035 0.7765685 ]
 [0.67810947 0.67739437 0.786      0.786      0.786      0.786
  0.786      0.74836645 0.75295004 0.77413883 0.7629788  0.75502812
  0.75264518 0.75652829 0.78032249 0.75465035 0.7765685 ]]","[[1. 1. 1. 1. 1. 1. 1. 1. 1. 1. 1. 1. 1. 1. 1. 1. 1.]
 [1. 1. 1. 1. 1. 1. 1. 1. 1. 1. 1. 1. 1. 1. 1. 1. 1.]
 [1. 1. 1. 1. 1. 1. 1. 1. 1. 1. 1. 1. 1. 1. 1. 1. 1.]
 [1. 1. 1. 1. 1. 1. 1. 1. 1. 1. 1. 1. 1. 1. 1. 1. 1.]
 [1. 1. 1. 1. 1. 1. 1. 1. 1. 1. 1. 1. 1. 1. 1. 1. 1.]
 [1. 1. 1. 1. 1. 1. 1. 1. 1. 1. 1. 1. 1. 1. 1. 1. 1.]
 [1. 1. 1. 1. 1. 1. 1. 1. 1. 1. 1. 1. 1. 1. 1. 1. 1.]
 [1. 1. 1. 1. 1. 1. 1. 1. 1. 1. 1. 1. 1. 1. 1. 1. 1.]
 [1. 1. 1. 1. 1. 1. 1. 1. 1. 1. 1. 1. 1. 1. 1. 1. 1.]
 [1. 1. 1. 1. 1. 1. 1. 1. 1. 1. 1. 1. 1. 1. 1. 1. 1.]
 [1. 1. 1. 1. 1. 1. 1. 1. 1. 1. 1. 1. 1. 1. 1. 1. 1.]
 [1. 1. 1. 1. 1. 1. 1. 1. 1. 1. 1. 1. 1. 1. 1. 1. 1.]
 [1. 1. 1. 1. 1. 1. 1. 1. 1. 1. 1. 1. 1. 1. 1. 1. 1.]
 [1. 1. 1. 1. 1. 1. 1. 1. 1. 1. 1. 1. 1. 1. 1. 1. 1.]
 [1. 1. 1. 1. 1. 1. 1. 1. 1. 1. 1. 1. 1. 1. 1. 1. 1.]
 [1. 1. 1. 1. 1. 1. 1. 1. 1. 1. 1. 1. 1. 1. 1. 1. 1.]
 [1. 1. 1. 1. 1. 1. 1. 1. 1. 1. 1. 1. 1. 1. 1. 1. 1.]]","[[0.         0.         0.58837803]
 [0.         0.         0.58837803]
 [0.83629452 0.         0.        ]
 [0.83629452 0.         0.        ]
 [0.83629452 0.         0.        ]
 [0.83629452 0.         0.        ]
 [0.83629452 0.         0.        ]
 [0.83629452 0.         0.        ]
 [0.83629452 0.         0.        ]
 [0.83629452 0.         0.        ]
 [0.83629452 0.         0.        ]
 [0.83629452 0.         0.        ]
 [0.83629452 0.         0.        ]
 [0.83629452 0.         0.        ]
 [0.83629452 0.         0.        ]
 [0.83629452 0.         0.        ]
 [0.83629452 0.         0.        ]]",[[80 85 90]],0.7697,1.2378919124603271
4,4,[[0.30246626 0.35701777 0.35701652 0.35702106]],"[[0.6932 0.6932 0.6932 0.6932]
 [0.6932 0.6932 0.6932 0.6932]
 [0.6932 0.6932 0.6932 0.6932]
 [0.6932 0.6932 0.6932 0.6932]]","[[1. 1. 1. 1.]
 [1. 1. 1. 1.]
 [1. 1. 1. 1.]
 [1. 1. 1. 1.]]","[[1. 0. 0.]
 [0. 0. 1.]
 [0. 0. 1.]
 [0. 0. 1.]]",[[80 85 90]],0.6932,0.1714479923248291
5,5,[[0.30246622 0.1837961  0.1837961  0.35701506 0.1837961 ]],"[[0.6932 0.786  0.786  0.6932 0.786 ]
 [0.6932 0.786  0.786  0.6932 0.786 ]
 [0.6932 0.786  0.786  0.6932 0.786 ]
 [0.6932 0.786  0.786  0.6932 0.786 ]
 [0.6932 0.786  0.786  0.6932 0.786 ]]","[[1. 1. 1. 1. 1.]
 [1. 1. 1. 1. 1.]
 [1. 1. 1. 1. 1.]
 [1. 1. 1. 1. 1.]
 [1. 1. 1. 1. 1.]]","[[1.         0.         0.        ]
 [0.         0.         0.83629452]
 [0.         0.         0.83629452]
 [0.         0.         1.        ]
 [0.         0.         0.83629452]]",[[80 85 90]],0.7355,0.22823262214660645
6,6,[[0.30246626 0.30246626 0.1837961  0.1837961  0.1837961  0.1837961 ]],"[[0.6932 0.6932 0.786  0.786  0.786  0.786 ]
 [0.6932 0.6932 0.786  0.786  0.786  0.786 ]
 [0.6932 0.6932 0.786  0.786  0.786  0.786 ]
 [0.6932 0.6932 0.786  0.786  0.786  0.786 ]
 [0.6932 0.6932 0.786  0.786  0.786  0.786 ]
 [0.6932 0.6932 0.786  0.786  0.786  0.786 ]]","[[1. 1. 1. 1. 1. 1.]
 [1. 1. 1. 1. 1. 1.]
 [1. 1. 1. 1. 1. 1.]
 [1. 1. 1. 1. 1. 1.]
 [1. 1. 1. 1. 1. 1.]
 [1. 1. 1. 1. 1. 1.]]","[[1.         0.         0.        ]
 [1.         0.         0.        ]
 [0.         0.         0.83629452]
 [0.         0.         0.83629452]
 [0.         0.         0.83629452]
 [0.         0.         0.83629452]]",[[80 85 90]],0.7441,0.2820556163787842
7,7,"[[0.30246622 0.30246624 0.1837961  0.1837961  0.1837961  0.1837961
  0.1837961 ]]","[[0.6932 0.6932 0.786  0.786  0.786  0.786  0.786 ]
 [0.6932 0.6932 0.786  0.786  0.786  0.786  0.786 ]
 [0.6932 0.6932 0.786  0.786  0.786  0.786  0.786 ]
 [0.6932 0.6932 0.786  0.786  0.786  0.786  0.786 ]
 [0.6932 0.6932 0.786  0.786  0.786  0.786  0.786 ]
 [0.6932 0.6932 0.786  0.786  0.786  0.786  0.786 ]
 [0.6932 0.6932 0.786  0.786  0.786  0.786  0.786 ]]","[[1. 1. 1. 1. 1. 1. 1.]
 [1. 1. 1. 1. 1. 1. 1.]
 [1. 1. 1. 1. 1. 1. 1.]
 [1. 1. 1. 1. 1. 1. 1.]
 [1. 1. 1. 1. 1. 1. 1.]
 [1. 1. 1. 1. 1. 1. 1.]
 [1. 1. 1. 1. 1. 1. 1.]]","[[1.         0.         0.        ]
 [1.         0.         0.        ]
 [0.         0.         0.83629452]
 [0.         0.         0.83629452]
 [0.         0.         0.83629452]
 [0.         0.         0.83629452]
 [0.         0.         0.83629452]]",[[80 85 90]],0.7492,0.3518249988555908
13,13,"[[0.33937865 0.33937865 0.33937865 0.33937865 0.33937865 0.33937865
  0.33937865 0.33937865 0.33937865 0.20395178 0.20396173 0.20391616
  0.20398253]]","[[0.786      0.786      0.786      0.786      0.786      0.786
  0.786      0.786      0.786      0.85       0.85       0.85
  0.85      ]
 [0.786      0.786      0.786      0.786      0.786      0.786
  0.786      0.786      0.786      0.85       0.85       0.85
  0.85      ]
 [0.786      0.786      0.786      0.786      0.786      0.786
  0.786      0.786      0.786      0.85       0.85       0.85
  0.85      ]
 [0.786      0.786      0.786      0.786      0.786      0.786
  0.786      0.786      0.786      0.85       0.85       0.85
  0.85      ]
 [0.786      0.786      0.786      0.786      0.786      0.786
  0.786      0.786      0.786      0.85       0.85       0.85
  0.85      ]
 [0.786      0.786      0.786      0.786      0.786      0.786
  0.786      0.786      0.786      0.85       0.85       0.85
  0.85      ]
 [0.786      0.786      0.786      0.786      0.786      0.786
  0.786      0.786      0.786      0.8489046  0.84947581 0.84684362
  0.85      ]
 [0.786      0.786      0.786      0.786      0.786      0.786
  0.786      0.786      0.786      0.8489046  0.84947581 0.84684362
  0.85      ]
 [0.786      0.786      0.786      0.786      0.786      0.786
  0.786      0.786      0.786      0.8489046  0.84947581 0.84684362
  0.85      ]
 [0.786      0.786      0.786      0.786      0.786      0.786
  0.786      0.786      0.786      0.8489046  0.84947581 0.84684362
  0.85      ]
 [0.786      0.786      0.786      0.786      0.786      0.786
  0.786      0.786      0.786      0.8489046  0.84947581 0.84684362
  0.85      ]
 [0.786      0.786      0.786      0.786      0.786      0.786
  0.786      0.786      0.786      0.8489046  0.84947581 0.84684362
  0.85      ]
 [0.786      0.786      0.786      0.786      0.786      0.786
  0.786      0.786      0.786      0.85       0.85       0.85
  0.85      ]]","[[1. 1. 1. 1. 1. 1. 1. 1. 1. 1. 1. 1. 1.]
 [1. 1. 1. 1. 1. 1. 1. 1. 1. 1. 1. 1. 1.]
 [1. 1. 1. 1. 1. 1. 1. 1. 1. 1. 1. 1. 1.]
 [1. 1. 1. 1. 1. 1. 1. 1. 1. 1. 1. 1. 1.]
 [1. 1. 1. 1. 1. 1. 1. 1. 1. 1. 1. 1. 1.]
 [1. 1. 1. 1. 1. 1. 1. 1. 1. 1. 1. 1. 1.]
 [1. 1. 1. 1. 1. 1. 1. 1. 1. 1. 1. 1. 1.]
 [1. 1. 1. 1. 1. 1. 1. 1. 1. 1. 1. 1. 1.]
 [1. 1. 1. 1. 1. 1. 1. 1. 1. 1. 1. 1. 1.]
 [1. 1. 1. 1. 1. 1. 1. 1. 1. 1. 1. 1. 1.]
 [1. 1. 1. 1. 1. 1. 1. 1. 1. 1. 1. 1. 1.]
 [1. 1. 1. 1. 1. 1. 1. 1. 1. 1. 1. 1. 1.]
 [1. 1. 1. 1. 1. 1. 1. 1. 1. 1. 1. 1. 1.]]","[[0.83629452 0.         0.        ]
 [0.83629452 0.         0.        ]
 [0.83629452 0.         0.        ]
 [0.83629452 0.         0.        ]
 [0.83629452 0.         0.        ]
 [0.83629452 0.         0.        ]
 [0.83629452 0.         0.        ]
 [0.83629452 0.         0.        ]
 [0.83629452 0.         0.        ]
 [0.         0.         0.22      ]
 [0.         0.         0.22      ]
 [0.         0.         0.22      ]
 [0.         0.         0.22      ]]",[[80 85 90]],0.7995,0.812321662902832
8,5,[[0.34145494 0.34107609 0.07914738 0.07914738 0.07914738]],"[[0.768      0.768      0.736      0.736      0.736     ]
 [0.768      0.768      0.736      0.736      0.736     ]
 [0.768      0.768      0.736      0.736      0.736     ]
 [0.42841809 0.43113025 0.29985273 0.30036176 0.34942177]
 [0.768      0.768      0.47643143 0.4768894  0.5131248 ]
 [0.768      0.768      0.47643143 0.4768894  0.5131248 ]
 [0.768      0.768      0.47643143 0.4768894  0.5131248 ]
 [0.768      0.768      0.47643143 0.4768894  0.5131248 ]]","[[1. 1. 1. 1. 1.]
 [1. 1. 1. 1. 1.]
 [1. 1. 1. 1. 1.]
 [0. 0. 0. 0. 0.]
 [1. 1. 0. 0. 0.]
 [1. 1. 0. 0. 0.]
 [1. 1. 0. 0. 0.]
 [1. 1. 0. 0. 0.]]","[[1.  0.  0. ]
 [1.  0.  0. ]
 [0.  0.  0.2]
 [0.  0.  0.2]
 [0.  0.  0.2]]",[[80 85 90]],0.7597,0.3737514019012451
24,12,"[[0.3327456  0.32090654 0.07914738 0.07914738 0.07914738 0.07914738
  0.07914738 1.         1.         1.         1.         1.        ]]","[[0.6432     0.6432     0.736      0.736      0.736      0.736
  0.736      0.768      0.768      0.768      0.768      0.768     ]
 [0.6432     0.6432     0.736      0.736      0.736      0.736
  0.736      0.768      0.768      0.768      0.768      0.768     ]
 [0.6432     0.6432     0.736      0.736      0.736      0.736
  0.736      0.768      0.768      0.768      0.768      0.768     ]
 [0.6432     0.6432     0.736      0.736      0.736      0.736
  0.736      0.768      0.768      0.768      0.768      0.768     ]
 [0.6432     0.6432     0.736      0.736      0.736      0.736
  0.736      0.768      0.768      0.768      0.768      0.768     ]
 [0.6432     0.6432     0.736      0.736      0.736      0.736
  0.736      0.768      0.768      0.768      0.768      0.768     ]
 [0.6432     0.6432     0.736      0.736      0.736      0.736
  0.736      0.768      0.768      0.768      0.768      0.768     ]
 [0.6432     0.6432     0.736      0.736      0.736      0.736
  0.736      0.768      0.768      0.768      0.768      0.768     ]
 [0.6432     0.6432     0.736      0.736      0.736      0.736
  0.736      0.768      0.768      0.768      0.768      0.768     ]
 [0.6432     0.6432     0.736      0.736      0.736      0.736
  0.736      0.768      0.768      0.768      0.768      0.768     ]
 [0.6432     0.6432     0.736      0.736      0.736      0.736
  0.736      0.768      0.768      0.768      0.768      0.768     ]
 [0.6432     0.6432     0.736      0.736      0.736      0.736
  0.736      0.768      0.768      0.768      0.768      0.768     ]
 [0.61418197 0.60864404 0.47955123 0.48004929 0.48417812 0.52873703
  0.48528744 0.57663776 0.52613908 0.54146126 0.54137804 0.52842306]
 [0.61418197 0.60864404 0.47955123 0.48004929 0.48417812 0.52873703
  0.48528744 0.57663776 0.52613908 0.54146126 0.54137804 0.52842306]
 [0.61418197 0.60864404 0.47955123 0.48004929 0.48417812 0.52873703
  0.48528744 0.57663776 0.52613908 0.54146126 0.54137804 0.52842306]
 [0.61418197 0.60864404 0.47955123 0.48004929 0.48417812 0.52873703
  0.48528744 0.57663776 0.52613908 0.54146126 0.54137804 0.52842306]
 [0.63030705 0.61643309 0.6308997  0.63130283 0.59099543 0.66041863
  0.54975212 0.5985649  0.56052899 0.56445503 0.56481297 0.53364425]
 [0.63030705 0.61643309 0.6308997  0.63130283 0.59099543 0.66041863
  0.54975212 0.5985649  0.56052899 0.56445503 0.56481297 0.53364425]
 [0.63030705 0.61643309 0.6308997  0.63130283 0.59099543 0.66041863
  0.54975212 0.5985649  0.56052899 0.56445503 0.56481297 0.53364425]
 [0.63030705 0.61643309 0.6308997  0.63130283 0.59099543 0.66041863
  0.54975212 0.5985649  0.56052899 0.56445503 0.56481297 0.53364425]
 [0.6432     0.6432     0.736      0.736      0.736      0.736
  0.736      0.768      0.768      0.768      0.768      0.768     ]
 [0.6432     0.6432     0.736      0.736      0.736      0.736
  0.736      0.768      0.768      0.768      0.768      0.768     ]
 [0.6432     0.6432     0.736      0.736      0.736      0.736
  0.736      0.768      0.768      0.768      0.768      0.768     ]
 [0.6432     0.6432     0.736      0.736      0.736      0.736
  0.736      0.768      0.768      0.768      0.768      0.768     ]]","[[1. 1. 1. 1. 1. 1. 1. 1. 1. 1. 1. 1.]
 [1. 1. 1. 1. 1. 1. 1. 1. 1. 1. 1. 1.]
 [1. 1. 1. 1. 1. 1. 1. 1. 1. 1. 1. 1.]
 [1. 1. 1. 1. 1. 1. 1. 1. 1. 1. 1. 1.]
 [1. 1. 1. 1. 1. 1. 1. 1. 1. 1. 1. 1.]
 [1. 1. 1. 1. 1. 1. 1. 1. 1. 1. 1. 1.]
 [1. 1. 1. 1. 1. 1. 1. 1. 1. 1. 1. 1.]
 [1. 1. 1. 1. 1. 1. 1. 1. 1. 1. 1. 1.]
 [1. 1. 1. 1. 1. 1. 1. 1. 1. 1. 1. 1.]
 [1. 1. 1. 1. 1. 1. 1. 1. 1. 1. 1. 1.]
 [1. 1. 1. 1. 1. 1. 1. 1. 1. 1. 1. 1.]
 [1. 1. 1. 1. 1. 1. 1. 1. 1. 1. 1. 1.]
 [0. 0. 0. 0. 0. 0. 0. 1. 1. 1. 1. 1.]
 [0. 0. 0. 0. 0. 0. 0. 1. 1. 1. 1. 1.]
 [0. 0. 0. 0. 0. 0. 0. 1. 1. 1. 1. 1.]
 [0. 0. 0. 0. 0. 0. 0. 1. 1. 1. 1. 1.]
 [0. 0. 0. 0. 0. 0. 0. 1. 1. 1. 1. 1.]
 [0. 0. 0. 0. 0. 0. 0. 1. 1. 1. 1. 1.]
 [0. 0. 0. 0. 0. 0. 0. 1. 1. 1. 1. 1.]
 [0. 0. 0. 0. 0. 0. 0. 1. 1. 1. 1. 1.]
 [0. 0. 0. 0. 0. 0. 0. 1. 1. 1. 1. 1.]
 [0. 0. 0. 0. 0. 0. 0. 1. 1. 1. 1. 1.]
 [0. 0. 0. 0. 0. 0. 0. 1. 1. 1. 1. 1.]
 [0. 0. 0. 0. 0. 0. 0. 1. 1. 1. 1. 1.]]","[[0.  1.  0. ]
 [1.  0.  0. ]
 [0.  0.  0.2]
 [0.  0.  0.2]
 [0.  0.  0.2]
 [0.  0.  0.2]
 [0.  0.  0.2]
 [0.  1.  0. ]
 [0.  1.  0. ]
 [0.  1.  0. ]
 [0.  1.  0. ]
 [0.  1.  0. ]]",[[80 85 90]],0.7524,1.6913836002349854
20,15,"[[0.3364713  0.33671556 0.07914738 0.07914738 0.07914738 0.07914738
  0.07914738 0.19671196 0.19670892 0.19669333 0.19669366 0.2013534
  0.20120123 0.20113117 0.20106602]]","[[0.768      0.768      0.736      0.736      0.736      0.736
  0.736      0.8        0.8        0.8        0.8        0.8
  0.8        0.8        0.8       ]
 [0.768      0.768      0.736      0.736      0.736      0.736
  0.736      0.8        0.8        0.8        0.8        0.8
  0.8        0.8        0.8       ]
 [0.768      0.768      0.736      0.736      0.736      0.736
  0.736      0.8        0.8        0.8        0.8        0.8
  0.8        0.8        0.8       ]
 [0.768      0.768      0.736      0.736      0.736      0.736
  0.736      0.8        0.8        0.8        0.8        0.8
  0.8        0.8        0.8       ]
 [0.768      0.768      0.736      0.736      0.736      0.736
  0.736      0.8        0.8        0.8        0.8        0.8
  0.8        0.8        0.8       ]
 [0.55655064 0.55269349 0.59639614 0.59688005 0.60442728 0.64486936
  0.60812699 0.58040813 0.58093011 0.58029632 0.58029706 0.59961744
  0.59719641 0.59456887 0.59196102]
 [0.55655064 0.55269349 0.59639614 0.59688005 0.60442728 0.64486936
  0.60812699 0.58040813 0.58093011 0.58029632 0.58029706 0.59961744
  0.59719641 0.59456887 0.59196102]
 [0.55655064 0.55269349 0.59639614 0.59688005 0.60442728 0.64486936
  0.60812699 0.58040813 0.58093011 0.58029632 0.58029706 0.59961744
  0.59719641 0.59456887 0.59196102]
 [0.55655064 0.55269349 0.59639614 0.59688005 0.60442728 0.64486936
  0.60812699 0.58040813 0.58093011 0.58029632 0.58029706 0.59961744
  0.59719641 0.59456887 0.59196102]
 [0.768      0.768      0.71871599 0.7190468  0.67387879 0.736
  0.62824577 0.73000034 0.73070741 0.72980226 0.72980372 0.7084912
  0.70543732 0.70231467 0.69922974]
 [0.768      0.768      0.71871599 0.7190468  0.67387879 0.736
  0.62824577 0.73000034 0.73070741 0.72980226 0.72980372 0.7084912
  0.70543732 0.70231467 0.69922974]
 [0.768      0.768      0.71871599 0.7190468  0.67387879 0.736
  0.62824577 0.73000034 0.73070741 0.72980226 0.72980372 0.7084912
  0.70543732 0.70231467 0.69922974]
 [0.768      0.768      0.736      0.736      0.736      0.736
  0.736      0.8        0.8        0.8        0.8        0.8
  0.8        0.8        0.8       ]
 [0.768      0.768      0.736      0.736      0.736      0.736
  0.736      0.8        0.8        0.8        0.8        0.8
  0.8        0.8        0.8       ]
 [0.768      0.768      0.736      0.736      0.736      0.736
  0.736      0.8        0.8        0.8        0.8        0.8
  0.8        0.8        0.8       ]
 [0.768      0.768      0.736      0.736      0.736      0.736
  0.736      0.8        0.8        0.8        0.8        0.8
  0.8        0.8        0.8       ]
 [0.768      0.768      0.736      0.736      0.736      0.736
  0.736      0.8        0.8        0.8        0.8        0.8
  0.8        0.8        0.8       ]
 [0.768      0.768      0.736      0.736      0.736      0.736
  0.736      0.8        0.8        0.8        0.8        0.8
  0.8        0.8        0.8       ]
 [0.768      0.768      0.736      0.736      0.736      0.736
  0.736      0.8        0.8        0.8        0.8        0.8
  0.8        0.8        0.8       ]
 [0.768      0.768      0.736      0.736      0.736      0.736
  0.736      0.8        0.8        0.8        0.8        0.8
  0.8        0.8        0.8       ]]","[[1. 1. 1. 1. 1. 1. 1. 1. 1. 1. 1. 1. 1. 1. 1.]
 [1. 1. 1. 1. 1. 1. 1. 1. 1. 1. 1. 1. 1. 1. 1.]
 [1. 1. 1. 1. 1. 1. 1. 1. 1. 1. 1. 1. 1. 1. 1.]
 [1. 1. 1. 1. 1. 1. 1. 1. 1. 1. 1. 1. 1. 1. 1.]
 [1. 1. 1. 1. 1. 1. 1. 1. 1. 1. 1. 1. 1. 1. 1.]
 [1. 1. 0. 0. 0. 0. 0. 1. 1. 1. 1. 1. 1. 1. 1.]
 [1. 1. 0. 0. 0. 0. 0. 1. 1. 1. 1. 1. 1. 1. 1.]
 [1. 1. 0. 0. 0. 0. 0. 1. 1. 1. 1. 1. 1. 1. 1.]
 [1. 1. 0. 0. 0. 0. 0. 1. 1. 1. 1. 1. 1. 1. 1.]
 [1. 1. 0. 0. 0. 0. 0. 1. 1. 1. 1. 1. 1. 1. 1.]
 [1. 1. 0. 0. 0. 0. 0. 1. 1. 1. 1. 1. 1. 1. 1.]
 [1. 1. 0. 0. 0. 0. 0. 1. 1. 1. 1. 1. 1. 1. 1.]
 [1. 1. 0. 0. 0. 0. 0. 1. 1. 1. 1. 1. 1. 1. 1.]
 [1. 1. 0. 0. 0. 0. 0. 1. 1. 1. 1. 1. 1. 1. 1.]
 [1. 1. 0. 0. 0. 0. 0. 1. 1. 1. 1. 1. 1. 1. 1.]
 [1. 1. 0. 0. 0. 0. 0. 1. 1. 1. 1. 1. 1. 1. 1.]
 [1. 1. 0. 0. 0. 0. 0. 1. 1. 1. 1. 1. 1. 1. 1.]
 [1. 1. 0. 0. 0. 0. 0. 1. 1. 1. 1. 1. 1. 1. 1.]
 [1. 1. 0. 0. 0. 0. 0. 1. 1. 1. 1. 1. 1. 1. 1.]
 [1. 1. 0. 0. 0. 0. 0. 1. 1. 1. 1. 1. 1. 1. 1.]]","[[1.   0.   0.  ]
 [1.   0.   0.  ]
 [0.   0.   0.2 ]
 [0.   0.   0.2 ]
 [0.   0.   0.2 ]
 [0.   0.   0.2 ]
 [0.   0.   0.2 ]
 [0.22 0.   0.  ]
 [0.22 0.   0.  ]
 [0.22 0.   0.  ]
 [0.22 0.   0.  ]
 [0.   0.22 0.  ]
 [0.   0.22 0.  ]
 [0.   0.22 0.  ]
 [0.   0.22 0.  ]]",[[80 85 90]],0.7824,1.448225736618042
6,4,[[0.33552976 0.07914738 0.07914738 0.30977175]],"[[0.768 0.736 0.736 0.768]
 [0.768 0.736 0.736 0.768]
 [0.768 0.736 0.736 0.768]
 [0.768 0.736 0.736 0.768]
 [0.768 0.736 0.736 0.768]
 [0.768 0.736 0.736 0.768]]","[[1. 1. 1. 1.]
 [1. 1. 1. 1.]
 [1. 0. 0. 1.]
 [1. 0. 0. 1.]
 [1. 0. 0. 1.]
 [1. 0. 0. 1.]]","[[1.         0.         0.        ]
 [0.         0.         0.2       ]
 [0.         0.         0.2       ]
 [0.         0.61488563 0.        ]]",[[80 85 90]],0.7617,0.26411962509155273
8,6,[[0.33396864 0.33425155 0.08366465 0.08366465 0.16001539 0.15890005]],"[[0.768      0.768      0.736      0.736      0.768      0.768     ]
 [0.768      0.768      0.736      0.736      0.768      0.768     ]
 [0.5790521  0.57787675 0.6609424  0.66758984 0.42482157 0.42381327]
 [0.5790521  0.57787675 0.6609424  0.66758984 0.42482157 0.42381327]
 [0.768      0.768      0.736      0.736      0.768      0.768     ]
 [0.768      0.768      0.736      0.736      0.768      0.768     ]
 [0.768      0.768      0.736      0.736      0.768      0.768     ]
 [0.768      0.768      0.736      0.736      0.768      0.768     ]]","[[1. 1. 1. 1. 1. 1.]
 [1. 1. 1. 1. 1. 1.]
 [1. 1. 0. 0. 1. 1.]
 [1. 1. 0. 0. 1. 1.]
 [1. 1. 0. 0. 1. 1.]
 [1. 1. 0. 0. 1. 1.]
 [1. 1. 0. 0. 1. 1.]
 [1. 1. 0. 0. 1. 1.]]","[[1.         0.         0.        ]
 [1.         0.         0.        ]
 [0.2        0.         0.        ]
 [0.2        0.         0.        ]
 [0.61488563 0.         0.        ]
 [0.         0.         0.61488563]]",[[80 85 90]],0.7634,0.3897099494934082
19,12,"[[0.2413412  0.24272633 0.33260207 0.33289895 0.08366465 0.08366465
  0.08366465 0.08366465 0.08366465 0.30424143 0.15458334 0.15890005]]","[[0.6432     0.6432     0.768      0.768      0.736      0.736
  0.736      0.736      0.736      0.768      0.768      0.768     ]
 [0.6432     0.6432     0.768      0.768      0.736      0.736
  0.736      0.736      0.736      0.768      0.768      0.768     ]
 [0.6432     0.6432     0.768      0.768      0.736      0.736
  0.736      0.736      0.736      0.768      0.768      0.768     ]
 [0.6432     0.6432     0.768      0.768      0.736      0.736
  0.736      0.736      0.736      0.768      0.768      0.768     ]
 [0.6432     0.6432     0.768      0.768      0.736      0.736
  0.736      0.736      0.736      0.768      0.768      0.768     ]
 [0.6432     0.6432     0.768      0.768      0.736      0.736
  0.736      0.736      0.736      0.768      0.768      0.768     ]
 [0.6432     0.6432     0.768      0.768      0.736      0.736
  0.736      0.736      0.736      0.768      0.768      0.768     ]
 [0.58630429 0.5891724  0.58051653 0.58076697 0.58333174 0.58116055
  0.59064891 0.6337904  0.59508269 0.29598072 0.44374686 0.42381327]
 [0.58630429 0.5891724  0.58051653 0.58076697 0.58333174 0.58116055
  0.59064891 0.6337904  0.59508269 0.29598072 0.44374686 0.42381327]
 [0.58630429 0.5891724  0.58051653 0.58076697 0.58333174 0.58116055
  0.59064891 0.6337904  0.59508269 0.29598072 0.44374686 0.42381327]
 [0.58630429 0.5891724  0.58051653 0.58076697 0.58333174 0.58116055
  0.59064891 0.6337904  0.59508269 0.29598072 0.44374686 0.42381327]
 [0.60794858 0.61283043 0.72791658 0.74036129 0.7206942  0.71911505
  0.67573401 0.736      0.63079473 0.768      0.768      0.768     ]
 [0.60794858 0.61283043 0.72791658 0.74036129 0.7206942  0.71911505
  0.67573401 0.736      0.63079473 0.768      0.768      0.768     ]
 [0.60794858 0.61283043 0.72791658 0.74036129 0.7206942  0.71911505
  0.67573401 0.736      0.63079473 0.768      0.768      0.768     ]
 [0.60794858 0.61283043 0.72791658 0.74036129 0.7206942  0.71911505
  0.67573401 0.736      0.63079473 0.768      0.768      0.768     ]
 [0.6432     0.6432     0.768      0.768      0.736      0.736
  0.736      0.736      0.736      0.54513622 0.75005679 0.768     ]
 [0.6432     0.6432     0.768      0.768      0.736      0.736
  0.736      0.736      0.736      0.54513622 0.75005679 0.768     ]
 [0.6432     0.6432     0.768      0.768      0.736      0.736
  0.736      0.736      0.736      0.54513622 0.75005679 0.768     ]
 [0.6432     0.6432     0.768      0.768      0.736      0.736
  0.736      0.736      0.736      0.54513622 0.75005679 0.768     ]]","[[1. 1. 1. 1. 1. 1. 1. 1. 1. 1. 1. 1.]
 [1. 1. 1. 1. 1. 1. 1. 1. 1. 1. 1. 1.]
 [1. 1. 1. 1. 1. 1. 1. 1. 1. 1. 1. 1.]
 [1. 1. 1. 1. 1. 1. 1. 1. 1. 1. 1. 1.]
 [1. 1. 1. 1. 1. 1. 1. 1. 1. 1. 1. 1.]
 [1. 1. 1. 1. 1. 1. 1. 1. 1. 1. 1. 1.]
 [1. 1. 1. 1. 1. 1. 1. 1. 1. 1. 1. 1.]
 [0. 0. 1. 1. 0. 0. 0. 0. 0. 0. 1. 1.]
 [0. 0. 1. 1. 0. 0. 0. 0. 0. 0. 1. 1.]
 [0. 0. 1. 1. 0. 0. 0. 0. 0. 0. 1. 1.]
 [0. 0. 1. 1. 0. 0. 0. 0. 0. 0. 1. 1.]
 [0. 0. 1. 1. 0. 0. 0. 0. 0. 1. 1. 1.]
 [0. 0. 1. 1. 0. 0. 0. 0. 0. 1. 1. 1.]
 [0. 0. 1. 1. 0. 0. 0. 0. 0. 1. 1. 1.]
 [0. 0. 1. 1. 0. 0. 0. 0. 0. 1. 1. 1.]
 [0. 0. 1. 1. 0. 0. 0. 0. 0. 1. 1. 1.]
 [0. 0. 1. 1. 0. 0. 0. 0. 0. 1. 1. 1.]
 [0. 0. 1. 1. 0. 0. 0. 0. 0. 1. 1. 1.]
 [0. 0. 1. 1. 0. 0. 0. 0. 0. 1. 1. 1.]]","[[1.         0.         0.        ]
 [1.         0.         0.        ]
 [1.         0.         0.        ]
 [1.         0.         0.        ]
 [0.2        0.         0.        ]
 [0.2        0.         0.        ]
 [0.2        0.         0.        ]
 [0.2        0.         0.        ]
 [0.2        0.         0.        ]
 [0.61488563 0.         0.        ]
 [0.61488563 0.         0.        ]
 [0.         0.         0.61488563]]",[[80 85 90]],0.7342,1.3166255950927734
25,16,"[[0.29686596 0.29686596 0.29686596 0.29686596 0.33117754 0.33148589
  0.08366465 0.08366465 0.08366465 0.08366465 0.08366465 0.29582407
  0.32342863 0.32391336 0.30424143 0.3257295 ]]","[[0.6432     0.6432     0.6432     0.6432     0.768      0.768
  0.736      0.736      0.736      0.736      0.736      0.768
  0.768      0.768      0.768      0.768     ]
 [0.6432     0.6432     0.6432     0.6432     0.768      0.768
  0.736      0.736      0.736      0.736      0.736      0.768
  0.768      0.768      0.768      0.768     ]
 [0.6432     0.6432     0.6432     0.6432     0.768      0.768
  0.736      0.736      0.736      0.736      0.736      0.768
  0.768      0.768      0.768      0.768     ]
 [0.6432     0.6432     0.6432     0.6432     0.768      0.768
  0.736      0.736      0.736      0.736      0.736      0.768
  0.768      0.768      0.768      0.768     ]
 [0.6432     0.6432     0.6432     0.6432     0.768      0.768
  0.736      0.736      0.736      0.736      0.736      0.768
  0.768      0.768      0.768      0.768     ]
 [0.6432     0.6432     0.6432     0.6432     0.768      0.768
  0.736      0.736      0.736      0.736      0.736      0.768
  0.768      0.768      0.768      0.768     ]
 [0.6432     0.6432     0.6432     0.6432     0.768      0.768
  0.736      0.736      0.736      0.736      0.736      0.768
  0.768      0.768      0.768      0.768     ]
 [0.6432     0.6432     0.6432     0.6432     0.768      0.768
  0.736      0.736      0.736      0.736      0.736      0.768
  0.768      0.768      0.768      0.768     ]
 [0.6432     0.6432     0.6432     0.6432     0.768      0.768
  0.736      0.736      0.736      0.736      0.736      0.768
  0.768      0.768      0.768      0.768     ]
 [0.45717363 0.4612412  0.51791272 0.51911001 0.57526504 0.57695075
  0.51416869 0.51195262 0.51926467 0.56523193 0.52199356 0.34202114
  0.41580353 0.43142732 0.36234821 0.28091568]
 [0.45717363 0.4612412  0.51791272 0.51911001 0.57526504 0.57695075
  0.51416869 0.51195262 0.51926467 0.56523193 0.52199356 0.34202114
  0.41580353 0.43142732 0.36234821 0.28091568]
 [0.45717363 0.4612412  0.51791272 0.51911001 0.57526504 0.57695075
  0.51416869 0.51195262 0.51926467 0.56523193 0.52199356 0.34202114
  0.41580353 0.43142732 0.36234821 0.28091568]
 [0.45717363 0.4612412  0.51791272 0.51911001 0.57526504 0.57695075
  0.51416869 0.51195262 0.51926467 0.56523193 0.52199356 0.34202114
  0.41580353 0.43142732 0.36234821 0.28091568]
 [0.41947608 0.42460438 0.50131707 0.50303997 0.66896663 0.68162419
  0.66778556 0.66600414 0.62580475 0.69717253 0.58361449 0.768
  0.768      0.768      0.768      0.768     ]
 [0.41947608 0.42460438 0.50131707 0.50303997 0.66896663 0.68162419
  0.66778556 0.66600414 0.62580475 0.69717253 0.58361449 0.768
  0.768      0.768      0.768      0.768     ]
 [0.41947608 0.42460438 0.50131707 0.50303997 0.66896663 0.68162419
  0.66778556 0.66600414 0.62580475 0.69717253 0.58361449 0.768
  0.768      0.768      0.768      0.768     ]
 [0.41947608 0.42460438 0.50131707 0.50303997 0.66896663 0.68162419
  0.66778556 0.66600414 0.62580475 0.69717253 0.58361449 0.768
  0.768      0.768      0.768      0.768     ]
 [0.63222444 0.63705101 0.6432     0.6432     0.768      0.768
  0.736      0.736      0.736      0.736      0.736      0.7276336
  0.768      0.768      0.68931144 0.67715346]
 [0.63222444 0.63705101 0.6432     0.6432     0.768      0.768
  0.736      0.736      0.736      0.736      0.736      0.7276336
  0.768      0.768      0.68931144 0.67715346]
 [0.63222444 0.63705101 0.6432     0.6432     0.768      0.768
  0.736      0.736      0.736      0.736      0.736      0.7276336
  0.768      0.768      0.68931144 0.67715346]
 [0.63222444 0.63705101 0.6432     0.6432     0.768      0.768
  0.736      0.736      0.736      0.736      0.736      0.7276336
  0.768      0.768      0.68931144 0.67715346]
 [0.6432     0.6432     0.6432     0.6432     0.768      0.768
  0.736      0.736      0.736      0.736      0.736      0.55556426
  0.68650831 0.71736566 0.52291753 0.50362301]
 [0.6432     0.6432     0.6432     0.6432     0.768      0.768
  0.736      0.736      0.736      0.736      0.736      0.55556426
  0.68650831 0.71736566 0.52291753 0.50362301]
 [0.6432     0.6432     0.6432     0.6432     0.768      0.768
  0.736      0.736      0.736      0.736      0.736      0.55556426
  0.68650831 0.71736566 0.52291753 0.50362301]
 [0.6432     0.6432     0.6432     0.6432     0.768      0.768
  0.736      0.736      0.736      0.736      0.736      0.55556426
  0.68650831 0.71736566 0.52291753 0.50362301]]","[[1. 1. 1. 1. 1. 1. 1. 1. 1. 1. 1. 1. 1. 1. 1. 1.]
 [1. 1. 1. 1. 1. 1. 1. 1. 1. 1. 1. 1. 1. 1. 1. 1.]
 [1. 1. 1. 1. 1. 1. 1. 1. 1. 1. 1. 1. 1. 1. 1. 1.]
 [1. 1. 1. 1. 1. 1. 1. 1. 1. 1. 1. 1. 1. 1. 1. 1.]
 [1. 1. 1. 1. 1. 1. 1. 1. 1. 1. 1. 1. 1. 1. 1. 1.]
 [1. 1. 1. 1. 1. 1. 1. 1. 1. 1. 1. 1. 1. 1. 1. 1.]
 [1. 1. 1. 1. 1. 1. 1. 1. 1. 1. 1. 1. 1. 1. 1. 1.]
 [1. 1. 1. 1. 1. 1. 1. 1. 1. 1. 1. 1. 1. 1. 1. 1.]
 [1. 1. 1. 1. 1. 1. 1. 1. 1. 1. 1. 1. 1. 1. 1. 1.]
 [0. 0. 0. 0. 1. 1. 0. 0. 0. 0. 0. 0. 1. 1. 0. 0.]
 [0. 0. 0. 0. 1. 1. 0. 0. 0. 0. 0. 0. 1. 1. 0. 0.]
 [0. 0. 0. 0. 1. 1. 0. 0. 0. 0. 0. 0. 1. 1. 0. 0.]
 [0. 0. 0. 0. 1. 1. 0. 0. 0. 0. 0. 0. 1. 1. 0. 0.]
 [0. 0. 0. 0. 1. 1. 0. 0. 0. 0. 0. 1. 1. 1. 1. 1.]
 [0. 0. 0. 0. 1. 1. 0. 0. 0. 0. 0. 1. 1. 1. 1. 1.]
 [0. 0. 0. 0. 1. 1. 0. 0. 0. 0. 0. 1. 1. 1. 1. 1.]
 [0. 0. 0. 0. 1. 1. 0. 0. 0. 0. 0. 1. 1. 1. 1. 1.]
 [0. 0. 0. 0. 1. 1. 0. 0. 0. 0. 0. 1. 1. 1. 1. 1.]
 [0. 0. 0. 0. 1. 1. 0. 0. 0. 0. 0. 1. 1. 1. 1. 1.]
 [0. 0. 0. 0. 1. 1. 0. 0. 0. 0. 0. 1. 1. 1. 1. 1.]
 [0. 0. 0. 0. 1. 1. 0. 0. 0. 0. 0. 1. 1. 1. 1. 1.]
 [0. 0. 0. 0. 1. 1. 0. 0. 0. 0. 0. 1. 1. 1. 1. 1.]
 [0. 0. 0. 0. 1. 1. 0. 0. 0. 0. 0. 1. 1. 1. 1. 1.]
 [0. 0. 0. 0. 1. 1. 0. 0. 0. 0. 0. 1. 1. 1. 1. 1.]
 [0. 0. 0. 0. 1. 1. 0. 0. 0. 0. 0. 1. 1. 1. 1. 1.]]","[[1.         0.         0.        ]
 [1.         0.         0.        ]
 [1.         0.         0.        ]
 [1.         0.         0.        ]
 [1.         0.         0.        ]
 [1.         0.         0.        ]
 [0.2        0.         0.        ]
 [0.2        0.         0.        ]
 [0.2        0.         0.        ]
 [0.2        0.         0.        ]
 [0.2        0.         0.        ]
 [0.61488563 0.         0.        ]
 [0.61488563 0.         0.        ]
 [0.61488563 0.         0.        ]
 [0.61488563 0.         0.        ]
 [0.61488563 0.         0.        ]]",[[80 85 90]],0.7259,1.9893808364868164
27,16,"[[0.33335595 0.33328736 0.08366465 0.08366465 0.08366465 0.08366465
  0.08366465 1.         1.         1.         1.         1.
  1.         0.31057581 0.30865656 0.3087617 ]]","[[0.768      0.768      0.736      0.736      0.736      0.736
  0.736      0.768      0.768      0.768      0.768      0.768
  0.768      0.768      0.768      0.768     ]
 [0.768      0.768      0.736      0.736      0.736      0.736
  0.736      0.768      0.768      0.768      0.768      0.768
  0.768      0.768      0.768      0.768     ]
 [0.768      0.768      0.736      0.736      0.736      0.736
  0.736      0.768      0.768      0.768      0.768      0.768
  0.768      0.768      0.768      0.768     ]
 [0.768      0.768      0.736      0.736      0.736      0.736
  0.736      0.768      0.768      0.768      0.768      0.768
  0.768      0.768      0.768      0.768     ]
 [0.768      0.768      0.736      0.736      0.736      0.736
  0.736      0.768      0.768      0.768      0.768      0.768
  0.768      0.768      0.768      0.768     ]
 [0.768      0.768      0.736      0.736      0.736      0.736
  0.736      0.768      0.768      0.768      0.768      0.768
  0.768      0.768      0.768      0.768     ]
 [0.768      0.768      0.736      0.736      0.736      0.736
  0.736      0.768      0.768      0.768      0.768      0.768
  0.768      0.768      0.768      0.768     ]
 [0.768      0.768      0.736      0.736      0.736      0.736
  0.736      0.768      0.768      0.768      0.768      0.768
  0.768      0.768      0.768      0.768     ]
 [0.768      0.768      0.736      0.736      0.736      0.736
  0.736      0.768      0.768      0.768      0.768      0.768
  0.768      0.768      0.768      0.768     ]
 [0.768      0.768      0.736      0.736      0.736      0.736
  0.736      0.768      0.768      0.768      0.768      0.768
  0.768      0.768      0.768      0.768     ]
 [0.768      0.768      0.736      0.736      0.736      0.736
  0.736      0.768      0.768      0.768      0.768      0.768
  0.768      0.768      0.768      0.768     ]
 [0.60669227 0.59628997 0.44380919 0.44156112 0.46064107 0.49525
  0.4720591  0.61580478 0.67815707 0.67609772 0.67458461 0.66902115
  0.59775181 0.37947344 0.46108776 0.35975375]
 [0.60669227 0.59628997 0.44380919 0.44156112 0.46064107 0.49525
  0.4720591  0.61580478 0.67815707 0.67609772 0.67458461 0.66902115
  0.59775181 0.37947344 0.46108776 0.35975375]
 [0.60669227 0.59628997 0.44380919 0.44156112 0.46064107 0.49525
  0.4720591  0.61580478 0.67815707 0.67609772 0.67458461 0.66902115
  0.59775181 0.37947344 0.46108776 0.35975375]
 [0.60669227 0.59628997 0.44380919 0.44156112 0.46064107 0.49525
  0.4720591  0.61580478 0.67815707 0.67609772 0.67458461 0.66902115
  0.59775181 0.37947344 0.46108776 0.35975375]
 [0.64159699 0.64473091 0.60948143 0.60755849 0.5810158  0.64307922
  0.54821651 0.75507118 0.6990418  0.69530245 0.69291706 0.68391601
  0.61450556 0.768      0.768      0.768     ]
 [0.64159699 0.64473091 0.60948143 0.60755849 0.5810158  0.64307922
  0.54821651 0.75507118 0.6990418  0.69530245 0.69291706 0.68391601
  0.61450556 0.768      0.768      0.768     ]
 [0.64159699 0.64473091 0.60948143 0.60755849 0.5810158  0.64307922
  0.54821651 0.75507118 0.6990418  0.69530245 0.69291706 0.68391601
  0.61450556 0.768      0.768      0.768     ]
 [0.64159699 0.64473091 0.60948143 0.60755849 0.5810158  0.64307922
  0.54821651 0.75507118 0.6990418  0.69530245 0.69291706 0.68391601
  0.61450556 0.768      0.768      0.768     ]
 [0.768      0.768      0.736      0.736      0.736      0.736
  0.736      0.768      0.768      0.768      0.768      0.768
  0.768      0.768      0.768      0.768     ]
 [0.768      0.768      0.736      0.736      0.736      0.736
  0.736      0.768      0.768      0.768      0.768      0.768
  0.768      0.768      0.768      0.768     ]
 [0.768      0.768      0.736      0.736      0.736      0.736
  0.736      0.768      0.768      0.768      0.768      0.768
  0.768      0.768      0.768      0.768     ]
 [0.768      0.768      0.736      0.736      0.736      0.736
  0.736      0.768      0.768      0.768      0.768      0.768
  0.768      0.768      0.768      0.768     ]
 [0.768      0.768      0.736      0.736      0.736      0.736
  0.736      0.768      0.768      0.768      0.768      0.768
  0.768      0.68678929 0.768      0.67320742]
 [0.768      0.768      0.736      0.736      0.736      0.736
  0.736      0.768      0.768      0.768      0.768      0.768
  0.768      0.68678929 0.768      0.67320742]
 [0.768      0.768      0.736      0.736      0.736      0.736
  0.736      0.768      0.768      0.768      0.768      0.768
  0.768      0.68678929 0.768      0.67320742]
 [0.768      0.768      0.736      0.736      0.736      0.736
  0.736      0.768      0.768      0.768      0.768      0.768
  0.768      0.68678929 0.768      0.67320742]]","[[1. 1. 1. 1. 1. 1. 1. 1. 1. 1. 1. 1. 1. 1. 1. 1.]
 [1. 1. 1. 1. 1. 1. 1. 1. 1. 1. 1. 1. 1. 1. 1. 1.]
 [1. 1. 1. 1. 1. 1. 1. 1. 1. 1. 1. 1. 1. 1. 1. 1.]
 [1. 1. 1. 1. 1. 1. 1. 1. 1. 1. 1. 1. 1. 1. 1. 1.]
 [1. 1. 1. 1. 1. 1. 1. 1. 1. 1. 1. 1. 1. 1. 1. 1.]
 [1. 1. 1. 1. 1. 1. 1. 1. 1. 1. 1. 1. 1. 1. 1. 1.]
 [1. 1. 1. 1. 1. 1. 1. 1. 1. 1. 1. 1. 1. 1. 1. 1.]
 [1. 1. 1. 1. 1. 1. 1. 1. 1. 1. 1. 1. 1. 1. 1. 1.]
 [1. 1. 1. 1. 1. 1. 1. 1. 1. 1. 1. 1. 1. 1. 1. 1.]
 [1. 1. 1. 1. 1. 1. 1. 1. 1. 1. 1. 1. 1. 1. 1. 1.]
 [1. 1. 1. 1. 1. 1. 1. 1. 1. 1. 1. 1. 1. 1. 1. 1.]
 [1. 1. 0. 0. 0. 0. 0. 1. 1. 1. 1. 1. 1. 0. 0. 0.]
 [1. 1. 0. 0. 0. 0. 0. 1. 1. 1. 1. 1. 1. 0. 0. 0.]
 [1. 1. 0. 0. 0. 0. 0. 1. 1. 1. 1. 1. 1. 0. 0. 0.]
 [1. 1. 0. 0. 0. 0. 0. 1. 1. 1. 1. 1. 1. 0. 0. 0.]
 [1. 1. 0. 0. 0. 0. 0. 1. 1. 1. 1. 1. 1. 1. 1. 1.]
 [1. 1. 0. 0. 0. 0. 0. 1. 1. 1. 1. 1. 1. 1. 1. 1.]
 [1. 1. 0. 0. 0. 0. 0. 1. 1. 1. 1. 1. 1. 1. 1. 1.]
 [1. 1. 0. 0. 0. 0. 0. 1. 1. 1. 1. 1. 1. 1. 1. 1.]
 [1. 1. 0. 0. 0. 0. 0. 1. 1. 1. 1. 1. 1. 1. 1. 1.]
 [1. 1. 0. 0. 0. 0. 0. 1. 1. 1. 1. 1. 1. 1. 1. 1.]
 [1. 1. 0. 0. 0. 0. 0. 1. 1. 1. 1. 1. 1. 1. 1. 1.]
 [1. 1. 0. 0. 0. 0. 0. 1. 1. 1. 1. 1. 1. 1. 1. 1.]
 [1. 1. 0. 0. 0. 0. 0. 1. 1. 1. 1. 1. 1. 1. 1. 1.]
 [1. 1. 0. 0. 0. 0. 0. 1. 1. 1. 1. 1. 1. 1. 1. 1.]
 [1. 1. 0. 0. 0. 0. 0. 1. 1. 1. 1. 1. 1. 1. 1. 1.]
 [1. 1. 0. 0. 0. 0. 0. 1. 1. 1. 1. 1. 1. 1. 1. 1.]]","[[0.         1.         0.        ]
 [0.         1.         0.        ]
 [0.2        0.         0.        ]
 [0.2        0.         0.        ]
 [0.2        0.         0.        ]
 [0.2        0.         0.        ]
 [0.2        0.         0.        ]
 [1.         0.         0.        ]
 [1.         0.         0.        ]
 [1.         0.         0.        ]
 [1.         0.         0.        ]
 [1.         0.         0.        ]
 [1.         0.         0.        ]
 [0.61488563 0.         0.        ]
 [0.61488563 0.         0.        ]
 [0.61488563 0.         0.        ]]",[[80 85 90]],0.7663,2.183786392211914
27,17,"[[0.1523962  0.33357859 0.33354506 0.08366465 0.08366465 0.08366465
  0.08366465 0.08366465 1.         1.         1.         1.
  1.         0.30041131 0.29872332 0.30226146 0.29899583]]","[[0.768      0.768      0.768      0.736      0.736      0.736
  0.736      0.736      0.768      0.768      0.768      0.768
  0.768      0.768      0.768      0.768      0.768     ]
 [0.768      0.768      0.768      0.736      0.736      0.736
  0.736      0.736      0.768      0.768      0.768      0.768
  0.768      0.768      0.768      0.768      0.768     ]
 [0.768      0.768      0.768      0.736      0.736      0.736
  0.736      0.736      0.768      0.768      0.768      0.768
  0.768      0.768      0.768      0.768      0.768     ]
 [0.768      0.768      0.768      0.736      0.736      0.736
  0.736      0.736      0.768      0.768      0.768      0.768
  0.768      0.768      0.768      0.768      0.768     ]
 [0.768      0.768      0.768      0.736      0.736      0.736
  0.736      0.736      0.768      0.768      0.768      0.768
  0.768      0.768      0.768      0.768      0.768     ]
 [0.768      0.768      0.768      0.736      0.736      0.736
  0.736      0.736      0.768      0.768      0.768      0.768
  0.768      0.768      0.768      0.768      0.768     ]
 [0.768      0.768      0.768      0.736      0.736      0.736
  0.736      0.736      0.768      0.768      0.768      0.768
  0.768      0.768      0.768      0.768      0.768     ]
 [0.768      0.768      0.768      0.736      0.736      0.736
  0.736      0.736      0.768      0.768      0.768      0.768
  0.768      0.768      0.768      0.768      0.768     ]
 [0.768      0.768      0.768      0.736      0.736      0.736
  0.736      0.736      0.768      0.768      0.768      0.768
  0.768      0.768      0.768      0.768      0.768     ]
 [0.768      0.768      0.768      0.736      0.736      0.736
  0.736      0.736      0.768      0.768      0.768      0.768
  0.768      0.768      0.768      0.768      0.768     ]
 [0.66853563 0.65363177 0.64389345 0.44333693 0.44108868 0.46064107
  0.44991627 0.4720591  0.50684217 0.54308578 0.54022255 0.53822919
  0.53086637 0.41311241 0.44946517 0.50461747 0.39385025]
 [0.66853563 0.65363177 0.64389345 0.44333693 0.44108868 0.46064107
  0.44991627 0.4720591  0.50684217 0.54308578 0.54022255 0.53822919
  0.53086637 0.41311241 0.44946517 0.50461747 0.39385025]
 [0.66853563 0.65363177 0.64389345 0.44333693 0.44108868 0.46064107
  0.44991627 0.4720591  0.50684217 0.54308578 0.54022255 0.53822919
  0.53086637 0.41311241 0.44946517 0.50461747 0.39385025]
 [0.66853563 0.65363177 0.64389345 0.44333693 0.44108868 0.46064107
  0.44991627 0.4720591  0.50684217 0.54308578 0.54022255 0.53822919
  0.53086637 0.41311241 0.44946517 0.50461747 0.39385025]
 [0.73862759 0.62278195 0.62735183 0.60907855 0.60715483 0.5810158
  0.60577907 0.54821651 0.55666933 0.50758471 0.5037537  0.50128905
  0.49202277 0.768      0.768      0.768      0.768     ]
 [0.73862759 0.62278195 0.62735183 0.60907855 0.60715483 0.5810158
  0.60577907 0.54821651 0.55666933 0.50758471 0.5037537  0.50128905
  0.49202277 0.768      0.768      0.768      0.768     ]
 [0.73862759 0.62278195 0.62735183 0.60907855 0.60715483 0.5810158
  0.60577907 0.54821651 0.55666933 0.50758471 0.5037537  0.50128905
  0.49202277 0.768      0.768      0.768      0.768     ]
 [0.73862759 0.62278195 0.62735183 0.60907855 0.60715483 0.5810158
  0.60577907 0.54821651 0.55666933 0.50758471 0.5037537  0.50128905
  0.49202277 0.768      0.768      0.768      0.768     ]
 [0.768      0.768      0.768      0.736      0.736      0.736
  0.736      0.736      0.768      0.72368587 0.71997448 0.71760722
  0.70867137 0.768      0.768      0.768      0.768     ]
 [0.768      0.768      0.768      0.736      0.736      0.736
  0.736      0.736      0.768      0.72368587 0.71997448 0.71760722
  0.70867137 0.768      0.768      0.768      0.768     ]
 [0.768      0.768      0.768      0.736      0.736      0.736
  0.736      0.736      0.768      0.72368587 0.71997448 0.71760722
  0.70867137 0.768      0.768      0.768      0.768     ]
 [0.768      0.768      0.768      0.736      0.736      0.736
  0.736      0.736      0.768      0.768      0.768      0.768
  0.768      0.768      0.768      0.768      0.768     ]
 [0.768      0.768      0.768      0.736      0.736      0.736
  0.736      0.736      0.768      0.768      0.768      0.768
  0.768      0.768      0.768      0.768      0.768     ]
 [0.768      0.768      0.768      0.736      0.736      0.736
  0.736      0.736      0.768      0.768      0.768      0.768
  0.768      0.768      0.768      0.768      0.768     ]
 [0.768      0.768      0.768      0.736      0.736      0.736
  0.736      0.736      0.768      0.768      0.768      0.768
  0.768      0.768      0.768      0.768      0.768     ]
 [0.768      0.768      0.768      0.736      0.736      0.736
  0.736      0.736      0.768      0.73827797 0.73484366 0.73268377
  0.72447262 0.768      0.768      0.768      0.768     ]
 [0.768      0.768      0.768      0.736      0.736      0.736
  0.736      0.736      0.768      0.73827797 0.73484366 0.73268377
  0.72447262 0.768      0.768      0.768      0.768     ]]","[[1. 1. 1. 1. 1. 1. 1. 1. 1. 1. 1. 1. 1. 1. 1. 1. 1.]
 [1. 1. 1. 1. 1. 1. 1. 1. 1. 1. 1. 1. 1. 1. 1. 1. 1.]
 [1. 1. 1. 1. 1. 1. 1. 1. 1. 1. 1. 1. 1. 1. 1. 1. 1.]
 [1. 1. 1. 1. 1. 1. 1. 1. 1. 1. 1. 1. 1. 1. 1. 1. 1.]
 [1. 1. 1. 1. 1. 1. 1. 1. 1. 1. 1. 1. 1. 1. 1. 1. 1.]
 [1. 1. 1. 1. 1. 1. 1. 1. 1. 1. 1. 1. 1. 1. 1. 1. 1.]
 [1. 1. 1. 1. 1. 1. 1. 1. 1. 1. 1. 1. 1. 1. 1. 1. 1.]
 [1. 1. 1. 1. 1. 1. 1. 1. 1. 1. 1. 1. 1. 1. 1. 1. 1.]
 [1. 1. 1. 1. 1. 1. 1. 1. 1. 1. 1. 1. 1. 1. 1. 1. 1.]
 [1. 1. 1. 1. 1. 1. 1. 1. 1. 1. 1. 1. 1. 1. 1. 1. 1.]
 [1. 1. 1. 0. 0. 0. 0. 0. 1. 1. 1. 1. 1. 0. 0. 0. 0.]
 [1. 1. 1. 0. 0. 0. 0. 0. 1. 1. 1. 1. 1. 0. 0. 0. 0.]
 [1. 1. 1. 0. 0. 0. 0. 0. 1. 1. 1. 1. 1. 0. 0. 0. 0.]
 [1. 1. 1. 0. 0. 0. 0. 0. 1. 1. 1. 1. 1. 0. 0. 0. 0.]
 [1. 1. 1. 0. 0. 0. 0. 0. 1. 1. 1. 1. 1. 1. 1. 1. 1.]
 [1. 1. 1. 0. 0. 0. 0. 0. 1. 1. 1. 1. 1. 1. 1. 1. 1.]
 [1. 1. 1. 0. 0. 0. 0. 0. 1. 1. 1. 1. 1. 1. 1. 1. 1.]
 [1. 1. 1. 0. 0. 0. 0. 0. 1. 1. 1. 1. 1. 1. 1. 1. 1.]
 [1. 1. 1. 0. 0. 0. 0. 0. 1. 1. 1. 1. 1. 1. 1. 1. 1.]
 [1. 1. 1. 0. 0. 0. 0. 0. 1. 1. 1. 1. 1. 1. 1. 1. 1.]
 [1. 1. 1. 0. 0. 0. 0. 0. 1. 1. 1. 1. 1. 1. 1. 1. 1.]
 [1. 1. 1. 0. 0. 0. 0. 0. 1. 1. 1. 1. 1. 1. 1. 1. 1.]
 [1. 1. 1. 0. 0. 0. 0. 0. 1. 1. 1. 1. 1. 1. 1. 1. 1.]
 [1. 1. 1. 0. 0. 0. 0. 0. 1. 1. 1. 1. 1. 1. 1. 1. 1.]
 [1. 1. 1. 0. 0. 0. 0. 0. 1. 1. 1. 1. 1. 1. 1. 1. 1.]
 [1. 1. 1. 0. 0. 0. 0. 0. 1. 1. 1. 1. 1. 1. 1. 1. 1.]
 [1. 1. 1. 0. 0. 0. 0. 0. 1. 1. 1. 1. 1. 1. 1. 1. 1.]]","[[0.69722469 0.         0.        ]
 [0.         1.         0.        ]
 [0.         1.         0.        ]
 [0.2        0.         0.        ]
 [0.2        0.         0.        ]
 [0.2        0.         0.        ]
 [0.2        0.         0.        ]
 [0.2        0.         0.        ]
 [1.         0.         0.        ]
 [1.         0.         0.        ]
 [1.         0.         0.        ]
 [1.         0.         0.        ]
 [1.         0.         0.        ]
 [0.61488563 0.         0.        ]
 [0.61488563 0.         0.        ]
 [0.61488563 0.         0.        ]
 [0.61488563 0.         0.        ]]",[[80 85 90]],0.7662,2.2534942626953125
15,11,"[[0.15075181 0.29686596 0.08366465 0.08366465 0.08366465 0.28562678
  0.28430398 0.28944907 0.28905069 0.28860673 0.28490025]]","[[0.768      0.6432     0.736      0.736      0.736      0.768
  0.768      0.768      0.768      0.768      0.768     ]
 [0.768      0.6432     0.736      0.736      0.736      0.768
  0.768      0.768      0.768      0.768      0.768     ]
 [0.768      0.6432     0.736      0.736      0.736      0.768
  0.768      0.768      0.768      0.768      0.768     ]
 [0.768      0.6432     0.736      0.736      0.736      0.768
  0.768      0.768      0.768      0.768      0.768     ]
 [0.5740195  0.58270484 0.44333693 0.44108868 0.44991627 0.394927
  0.38533387 0.45270883 0.53886299 0.49338914 0.37739299]
 [0.5740195  0.58270484 0.44333693 0.44108868 0.44991627 0.394927
  0.38533387 0.45270883 0.53886299 0.49338914 0.37739299]
 [0.5740195  0.58270484 0.44333693 0.44108868 0.44991627 0.394927
  0.38533387 0.45270883 0.53886299 0.49338914 0.37739299]
 [0.5740195  0.58270484 0.44333693 0.44108868 0.44991627 0.394927
  0.38533387 0.45270883 0.53886299 0.49338914 0.37739299]
 [0.768      0.6432     0.736      0.736      0.736      0.768
  0.768      0.768      0.768      0.768      0.768     ]
 [0.768      0.6432     0.736      0.736      0.736      0.768
  0.768      0.768      0.768      0.768      0.768     ]
 [0.768      0.6432     0.736      0.736      0.736      0.768
  0.768      0.768      0.768      0.768      0.768     ]
 [0.768      0.6432     0.736      0.736      0.736      0.768
  0.768      0.768      0.768      0.768      0.768     ]
 [0.768      0.6432     0.736      0.736      0.736      0.768
  0.768      0.768      0.768      0.768      0.768     ]
 [0.768      0.6432     0.736      0.736      0.736      0.768
  0.768      0.768      0.768      0.768      0.768     ]
 [0.768      0.6432     0.736      0.736      0.736      0.768
  0.768      0.768      0.768      0.768      0.768     ]]","[[1. 1. 1. 1. 1. 1. 1. 1. 1. 1. 1.]
 [1. 1. 1. 1. 1. 1. 1. 1. 1. 1. 1.]
 [1. 1. 1. 1. 1. 1. 1. 1. 1. 1. 1.]
 [1. 1. 1. 1. 1. 1. 1. 1. 1. 1. 1.]
 [1. 0. 0. 0. 0. 0. 0. 0. 1. 1. 0.]
 [1. 0. 0. 0. 0. 0. 0. 0. 1. 1. 0.]
 [1. 0. 0. 0. 0. 0. 0. 0. 1. 1. 0.]
 [1. 0. 0. 0. 0. 0. 0. 0. 1. 1. 0.]
 [1. 0. 0. 0. 0. 1. 1. 1. 1. 1. 1.]
 [1. 0. 0. 0. 0. 1. 1. 1. 1. 1. 1.]
 [1. 0. 0. 0. 0. 1. 1. 1. 1. 1. 1.]
 [1. 0. 0. 0. 0. 1. 1. 1. 1. 1. 1.]
 [1. 0. 0. 0. 0. 1. 1. 1. 0. 1. 1.]
 [1. 0. 0. 0. 0. 1. 1. 1. 0. 1. 1.]
 [1. 0. 0. 0. 0. 1. 1. 1. 0. 1. 1.]]","[[0.69722469 0.         0.        ]
 [1.         0.         0.        ]
 [0.2        0.         0.        ]
 [0.2        0.         0.        ]
 [0.2        0.         0.        ]
 [0.61488563 0.         0.        ]
 [0.61488563 0.         0.        ]
 [0.61488563 0.         0.        ]
 [0.61488563 0.         0.        ]
 [0.61488563 0.         0.        ]
 [0.61488563 0.         0.        ]]",[[80 85 90]],0.7494,0.927908182144165
6,5,[[0.14869876 0.29686596 0.27023039 0.27390681 0.27056535]],"[[0.768      0.6432     0.768      0.768      0.768     ]
 [0.47908879 0.4578521  0.32827543 0.49050748 0.31329516]
 [0.768      0.6432     0.768      0.768      0.768     ]
 [0.768      0.6432     0.768      0.768      0.768     ]
 [0.768      0.6432     0.768      0.768      0.768     ]
 [0.768      0.6432     0.768      0.768      0.768     ]]","[[1. 1. 1. 1. 1.]
 [1. 0. 0. 1. 0.]
 [1. 0. 1. 1. 1.]
 [1. 0. 1. 1. 1.]
 [1. 0. 1. 1. 1.]
 [1. 0. 1. 1. 1.]]","[[0.69722469 0.         0.        ]
 [1.         0.         0.        ]
 [0.61488563 0.         0.        ]
 [0.61488563 0.         0.        ]
 [0.61488563 0.         0.        ]]",[[80 85 90]],0.7386,0.27209043502807617
28,21,"[[0.33116721 0.33120835 0.26532923 0.33115231 0.33124458 0.33113268
  0.35065668 0.32093081 0.3506485  0.3506546  0.26307927 0.26277972
  0.26299109 0.34301726 0.35143365 0.2607014  0.33201663 0.32681756
  0.25802944 0.3266874  0.32773288]]","[[0.6432     0.6432     0.736      0.6432     0.6432     0.6432
  0.6432     0.6432     0.6432     0.6432     0.736      0.736
  0.736      0.6432     0.6432     0.736      0.6432     0.6432
  0.736      0.6432     0.6432    ]
 [0.6432     0.6432     0.736      0.6432     0.6432     0.6432
  0.6432     0.6432     0.6432     0.6432     0.736      0.736
  0.736      0.6432     0.6432     0.736      0.6432     0.6432
  0.736      0.6432     0.6432    ]
 [0.6432     0.6432     0.736      0.6432     0.6432     0.6432
  0.6432     0.6432     0.6432     0.6432     0.736      0.736
  0.736      0.6432     0.6432     0.736      0.6432     0.6432
  0.736      0.6432     0.6432    ]
 [0.6432     0.6432     0.736      0.6432     0.6432     0.6432
  0.6432     0.6432     0.6432     0.6432     0.736      0.736
  0.736      0.6432     0.6432     0.736      0.6432     0.6432
  0.736      0.6432     0.6432    ]
 [0.6432     0.6432     0.736      0.6432     0.6432     0.6432
  0.6432     0.6432     0.6432     0.6432     0.736      0.736
  0.736      0.6432     0.6432     0.736      0.6432     0.6432
  0.736      0.6432     0.6432    ]
 [0.6432     0.6432     0.736      0.6432     0.6432     0.6432
  0.6432     0.6432     0.6432     0.6432     0.736      0.736
  0.736      0.6432     0.6432     0.736      0.6432     0.6432
  0.736      0.6432     0.6432    ]
 [0.6432     0.6432     0.736      0.6432     0.6432     0.6432
  0.6432     0.6432     0.6432     0.6432     0.736      0.736
  0.736      0.6432     0.6432     0.736      0.6432     0.6432
  0.736      0.6432     0.6432    ]
 [0.6131591  0.62424903 0.69398203 0.62366143 0.60657624 0.62268199
  0.56602475 0.61519483 0.57093885 0.56747816 0.63962667 0.65706085
  0.65426963 0.51602925 0.52965329 0.6227358  0.48022237 0.47467598
  0.55384508 0.47470099 0.44019911]
 [0.6131591  0.62424903 0.69398203 0.62366143 0.60657624 0.62268199
  0.56602475 0.61519483 0.57093885 0.56747816 0.63962667 0.65706085
  0.65426963 0.51602925 0.52965329 0.6227358  0.48022237 0.47467598
  0.55384508 0.47470099 0.44019911]
 [0.6131591  0.62424903 0.69398203 0.62366143 0.60657624 0.62268199
  0.56602475 0.61519483 0.57093885 0.56747816 0.63962667 0.65706085
  0.65426963 0.51602925 0.52965329 0.6227358  0.48022237 0.47467598
  0.55384508 0.47470099 0.44019911]
 [0.6131591  0.62424903 0.69398203 0.62366143 0.60657624 0.62268199
  0.56602475 0.61519483 0.57093885 0.56747816 0.63962667 0.65706085
  0.65426963 0.51602925 0.52965329 0.6227358  0.48022237 0.47467598
  0.55384508 0.47470099 0.44019911]
 [0.6432     0.6432     0.736      0.6432     0.6432     0.6432
  0.6432     0.6432     0.6432     0.6432     0.736      0.736
  0.736      0.64115497 0.6432     0.736      0.62519829 0.6432
  0.72325928 0.6432     0.60990039]
 [0.6432     0.6432     0.736      0.6432     0.6432     0.6432
  0.6432     0.6432     0.6432     0.6432     0.736      0.736
  0.736      0.64115497 0.6432     0.736      0.62519829 0.6432
  0.72325928 0.6432     0.60990039]
 [0.6432     0.6432     0.736      0.6432     0.6432     0.6432
  0.6432     0.6432     0.6432     0.6432     0.736      0.736
  0.736      0.64115497 0.6432     0.736      0.62519829 0.6432
  0.72325928 0.6432     0.60990039]
 [0.6432     0.6432     0.736      0.6432     0.6432     0.6432
  0.6432     0.6432     0.6432     0.6432     0.736      0.736
  0.736      0.64115497 0.6432     0.736      0.62519829 0.6432
  0.72325928 0.6432     0.60990039]
 [0.6432     0.6432     0.736      0.6432     0.6432     0.6432
  0.6432     0.6432     0.6432     0.6432     0.736      0.736
  0.736      0.6432     0.6432     0.736      0.6432     0.6432
  0.736      0.6432     0.6432    ]
 [0.6432     0.6432     0.736      0.6432     0.6432     0.6432
  0.6432     0.6432     0.6432     0.6432     0.736      0.736
  0.736      0.6432     0.6432     0.736      0.6432     0.6432
  0.736      0.6432     0.6432    ]
 [0.6432     0.6432     0.736      0.6432     0.6432     0.6432
  0.6432     0.6432     0.6432     0.6432     0.736      0.736
  0.736      0.6432     0.6432     0.736      0.6432     0.6432
  0.736      0.6432     0.6432    ]
 [0.6432     0.6432     0.736      0.6432     0.6432     0.6432
  0.6432     0.6432     0.6432     0.6432     0.736      0.736
  0.736      0.6432     0.6432     0.736      0.6432     0.6432
  0.736      0.6432     0.6432    ]
 [0.6432     0.6432     0.736      0.6432     0.6432     0.6432
  0.6432     0.6432     0.6432     0.6432     0.736      0.736
  0.736      0.63139882 0.6432     0.736      0.64020473 0.6432
  0.736      0.6432     0.6432    ]
 [0.6432     0.6432     0.736      0.6432     0.6432     0.6432
  0.6432     0.6432     0.6432     0.6432     0.736      0.736
  0.736      0.63139882 0.6432     0.736      0.64020473 0.6432
  0.736      0.6432     0.6432    ]
 [0.6432     0.6432     0.736      0.6432     0.6432     0.6432
  0.6432     0.6432     0.6432     0.6432     0.736      0.736
  0.736      0.63139882 0.6432     0.736      0.64020473 0.6432
  0.736      0.6432     0.6432    ]
 [0.6432     0.6432     0.736      0.6432     0.6432     0.6432
  0.6432     0.6432     0.6432     0.6432     0.736      0.736
  0.736      0.63139882 0.6432     0.736      0.64020473 0.6432
  0.736      0.6432     0.6432    ]
 [0.35364961 0.36541055 0.41934703 0.36419498 0.34754825 0.36301817
  0.28797887 0.40189787 0.29307676 0.28939891 0.37076138 0.3885162
  0.38493609 0.23033884 0.2578293  0.3634134  0.21637954 0.26849644
  0.35119638 0.26653367 0.24050978]
 [0.35364961 0.36541055 0.41934703 0.36419498 0.34754825 0.36301817
  0.28797887 0.40189787 0.29307676 0.28939891 0.37076138 0.3885162
  0.38493609 0.23033884 0.2578293  0.3634134  0.21637954 0.26849644
  0.35119638 0.26653367 0.24050978]
 [0.35364961 0.36541055 0.41934703 0.36419498 0.34754825 0.36301817
  0.28797887 0.40189787 0.29307676 0.28939891 0.37076138 0.3885162
  0.38493609 0.23033884 0.2578293  0.3634134  0.21637954 0.26849644
  0.35119638 0.26653367 0.24050978]
 [0.35364961 0.36541055 0.41934703 0.36419498 0.34754825 0.36301817
  0.28797887 0.40189787 0.29307676 0.28939891 0.37076138 0.3885162
  0.38493609 0.23033884 0.2578293  0.3634134  0.21637954 0.26849644
  0.35119638 0.26653367 0.24050978]
 [0.6432     0.6432     0.70263941 0.6432     0.6432     0.6432
  0.57143423 0.6432     0.57619936 0.5726487  0.66677732 0.68304157
  0.67892262 0.50884902 0.55232343 0.67044446 0.52325719 0.61258336
  0.69714673 0.60982669 0.58818156]]","[[1. 1. 1. 1. 1. 1. 1. 1. 1. 1. 1. 1. 1. 1. 1. 1. 1. 1. 1. 1. 1.]
 [1. 1. 1. 1. 1. 1. 1. 1. 1. 1. 1. 1. 1. 1. 1. 1. 1. 1. 1. 1. 1.]
 [1. 1. 1. 1. 1. 1. 1. 1. 1. 1. 1. 1. 1. 1. 1. 1. 1. 1. 1. 1. 1.]
 [1. 1. 1. 1. 1. 1. 1. 1. 1. 1. 1. 1. 1. 1. 1. 1. 1. 1. 1. 1. 1.]
 [1. 1. 1. 1. 1. 1. 1. 1. 1. 1. 1. 1. 1. 1. 1. 1. 1. 1. 1. 1. 1.]
 [1. 1. 1. 1. 1. 1. 1. 1. 1. 1. 1. 1. 1. 1. 1. 1. 1. 1. 1. 1. 1.]
 [1. 1. 1. 1. 1. 1. 1. 1. 1. 1. 1. 1. 1. 1. 1. 1. 1. 1. 1. 1. 1.]
 [0. 0. 1. 0. 0. 0. 0. 0. 0. 0. 1. 1. 1. 0. 0. 1. 0. 0. 1. 0. 0.]
 [0. 0. 1. 0. 0. 0. 0. 0. 0. 0. 1. 1. 1. 0. 0. 1. 0. 0. 1. 0. 0.]
 [0. 0. 1. 0. 0. 0. 0. 0. 0. 0. 1. 1. 1. 0. 0. 1. 0. 0. 1. 0. 0.]
 [0. 0. 1. 0. 0. 0. 0. 0. 0. 0. 1. 1. 1. 0. 0. 1. 0. 0. 1. 0. 0.]
 [0. 0. 1. 0. 0. 0. 0. 0. 0. 0. 1. 1. 1. 0. 0. 1. 0. 0. 1. 0. 0.]
 [0. 0. 1. 0. 0. 0. 0. 0. 0. 0. 1. 1. 1. 0. 0. 1. 0. 0. 1. 0. 0.]
 [0. 0. 1. 0. 0. 0. 0. 0. 0. 0. 1. 1. 1. 0. 0. 1. 0. 0. 1. 0. 0.]
 [0. 0. 1. 0. 0. 0. 0. 0. 0. 0. 1. 1. 1. 0. 0. 1. 0. 0. 1. 0. 0.]
 [0. 0. 1. 0. 0. 0. 0. 0. 0. 0. 1. 1. 1. 0. 0. 1. 0. 0. 1. 0. 0.]
 [0. 0. 1. 0. 0. 0. 0. 0. 0. 0. 1. 1. 1. 0. 0. 1. 0. 0. 1. 0. 0.]
 [0. 0. 1. 0. 0. 0. 0. 0. 0. 0. 1. 1. 1. 0. 0. 1. 0. 0. 1. 0. 0.]
 [0. 0. 1. 0. 0. 0. 0. 0. 0. 0. 1. 1. 1. 0. 0. 1. 0. 0. 1. 0. 0.]
 [0. 0. 1. 0. 0. 0. 0. 0. 0. 0. 1. 1. 1. 0. 0. 1. 0. 0. 1. 0. 0.]
 [0. 0. 1. 0. 0. 0. 0. 0. 0. 0. 1. 1. 1. 0. 0. 1. 0. 0. 1. 0. 0.]
 [0. 0. 1. 0. 0. 0. 0. 0. 0. 0. 1. 1. 1. 0. 0. 1. 0. 0. 1. 0. 0.]
 [0. 0. 1. 0. 0. 0. 0. 0. 0. 0. 1. 1. 1. 0. 0. 1. 0. 0. 1. 0. 0.]
 [0. 0. 1. 0. 0. 0. 0. 0. 0. 0. 0. 0. 0. 0. 0. 0. 0. 0. 0. 0. 0.]
 [0. 0. 1. 0. 0. 0. 0. 0. 0. 0. 0. 0. 0. 0. 0. 0. 0. 0. 0. 0. 0.]
 [0. 0. 1. 0. 0. 0. 0. 0. 0. 0. 0. 0. 0. 0. 0. 0. 0. 0. 0. 0. 0.]
 [0. 0. 1. 0. 0. 0. 0. 0. 0. 0. 0. 0. 0. 0. 0. 0. 0. 0. 0. 0. 0.]
 [0. 0. 1. 0. 0. 0. 0. 0. 0. 0. 1. 1. 1. 0. 0. 1. 0. 0. 1. 0. 0.]]","[[0.         1.         0.        ]
 [0.         1.         0.        ]
 [0.83629452 0.         0.        ]
 [0.         1.         0.        ]
 [0.         1.         0.        ]
 [0.         1.         0.        ]
 [0.         0.         1.        ]
 [0.         0.         1.        ]
 [0.         0.         1.        ]
 [0.         0.         1.        ]
 [0.83629452 0.         0.        ]
 [0.83629452 0.         0.        ]
 [0.83629452 0.         0.        ]
 [0.         0.         1.        ]
 [0.         0.         1.        ]
 [0.83629452 0.         0.        ]
 [0.         1.         0.        ]
 [0.         0.         1.        ]
 [0.         0.         0.83629452]
 [0.         0.         1.        ]
 [0.         0.         1.        ]]",[[80 85 90]],0.4097,2.513669729232788
20,16,"[[0.27730789 0.36251852 0.2694544  0.29158672 0.31905276 0.27027789
  0.31893159 0.31975582 0.26912327 0.32192052 0.26600125 0.26441172
  0.26105445 0.25993874 0.30045975 0.29859122]]","[[0.736      0.6432     0.736      0.6432     0.6432     0.736
  0.6432     0.6432     0.736      0.6432     0.736      0.736
  0.736      0.736      0.672      0.672     ]
 [0.736      0.6432     0.736      0.6432     0.6432     0.736
  0.6432     0.6432     0.736      0.6432     0.736      0.736
  0.736      0.736      0.672      0.672     ]
 [0.736      0.6432     0.736      0.6432     0.6432     0.736
  0.6432     0.6432     0.736      0.6432     0.736      0.736
  0.736      0.736      0.672      0.672     ]
 [0.736      0.6432     0.736      0.6432     0.6432     0.736
  0.6432     0.6432     0.736      0.6432     0.736      0.736
  0.736      0.736      0.672      0.672     ]
 [0.736      0.6432     0.736      0.6432     0.6432     0.736
  0.6432     0.63973824 0.71195577 0.59547357 0.68227954 0.6406191
  0.60158981 0.57347409 0.672      0.61548625]
 [0.736      0.6432     0.736      0.6432     0.6432     0.736
  0.6432     0.63973824 0.71195577 0.59547357 0.68227954 0.6406191
  0.60158981 0.57347409 0.672      0.61548625]
 [0.736      0.6432     0.736      0.6432     0.6432     0.736
  0.6432     0.63973824 0.71195577 0.59547357 0.68227954 0.6406191
  0.60158981 0.57347409 0.672      0.61548625]
 [0.736      0.6432     0.736      0.6432     0.6432     0.736
  0.6432     0.63973824 0.71195577 0.59547357 0.68227954 0.6406191
  0.60158981 0.57347409 0.672      0.61548625]
 [0.736      0.6432     0.736      0.6432     0.6432     0.736
  0.6432     0.6432     0.736      0.6432     0.736      0.736
  0.736      0.736      0.672      0.672     ]
 [0.736      0.6432     0.736      0.6432     0.6432     0.736
  0.6432     0.6432     0.736      0.6432     0.736      0.736
  0.736      0.736      0.672      0.672     ]
 [0.736      0.6432     0.736      0.6432     0.6432     0.736
  0.6432     0.6432     0.736      0.6432     0.736      0.736
  0.736      0.736      0.672      0.672     ]
 [0.736      0.6432     0.736      0.6432     0.6432     0.736
  0.6432     0.6432     0.736      0.6432     0.736      0.736
  0.736      0.736      0.672      0.672     ]
 [0.736      0.6432     0.736      0.6432     0.6432     0.736
  0.6432     0.6432     0.736      0.6432     0.736      0.736
  0.736      0.736      0.672      0.672     ]
 [0.736      0.6432     0.736      0.6432     0.6432     0.736
  0.6432     0.6432     0.736      0.6432     0.736      0.736
  0.736      0.736      0.672      0.672     ]
 [0.736      0.6432     0.736      0.6432     0.6432     0.736
  0.6432     0.6432     0.736      0.6432     0.736      0.736
  0.736      0.736      0.672      0.672     ]
 [0.736      0.6432     0.736      0.6432     0.6432     0.736
  0.6432     0.6432     0.736      0.6432     0.736      0.736
  0.736      0.736      0.672      0.672     ]
 [0.736      0.6432     0.736      0.6432     0.6432     0.736
  0.6432     0.6432     0.736      0.6432     0.736      0.736
  0.736      0.736      0.672      0.672     ]
 [0.736      0.6432     0.736      0.6432     0.6432     0.736
  0.6432     0.6432     0.736      0.6432     0.736      0.736
  0.736      0.736      0.672      0.672     ]
 [0.736      0.6432     0.736      0.6432     0.6432     0.736
  0.6432     0.6432     0.736      0.6432     0.736      0.736
  0.736      0.736      0.672      0.672     ]
 [0.736      0.6432     0.736      0.6432     0.6432     0.736
  0.6432     0.6432     0.736      0.6432     0.736      0.736
  0.736      0.736      0.672      0.672     ]]","[[1. 1. 1. 1. 1. 1. 1. 1. 1. 1. 1. 1. 1. 1. 1. 1.]
 [1. 1. 1. 1. 1. 1. 1. 1. 1. 1. 1. 1. 1. 1. 1. 1.]
 [1. 1. 1. 1. 1. 1. 1. 1. 1. 1. 1. 1. 1. 1. 1. 1.]
 [1. 1. 1. 1. 1. 1. 1. 1. 1. 1. 1. 1. 1. 1. 1. 1.]
 [1. 0. 1. 0. 0. 1. 0. 0. 1. 0. 1. 1. 1. 1. 1. 1.]
 [1. 0. 1. 0. 0. 1. 0. 0. 1. 0. 1. 1. 1. 1. 1. 1.]
 [1. 0. 1. 0. 0. 1. 0. 0. 1. 0. 1. 1. 1. 1. 1. 1.]
 [1. 0. 1. 0. 0. 1. 0. 0. 1. 0. 1. 1. 1. 1. 1. 1.]
 [1. 0. 1. 0. 0. 1. 0. 0. 1. 0. 1. 1. 1. 1. 1. 1.]
 [1. 0. 1. 0. 0. 1. 0. 0. 1. 0. 1. 1. 1. 1. 1. 1.]
 [1. 0. 1. 0. 0. 1. 0. 0. 1. 0. 1. 1. 1. 1. 1. 1.]
 [1. 0. 1. 0. 0. 1. 0. 0. 1. 0. 1. 1. 1. 1. 1. 1.]
 [1. 0. 1. 0. 0. 1. 0. 0. 1. 0. 1. 1. 1. 1. 1. 1.]
 [1. 0. 1. 0. 0. 1. 0. 0. 1. 0. 1. 1. 1. 1. 1. 1.]
 [1. 0. 1. 0. 0. 1. 0. 0. 1. 0. 1. 1. 1. 1. 1. 1.]
 [1. 0. 1. 0. 0. 1. 0. 0. 1. 0. 1. 1. 1. 1. 1. 1.]
 [1. 0. 1. 0. 0. 1. 0. 0. 1. 0. 1. 1. 1. 1. 1. 1.]
 [1. 0. 1. 0. 0. 1. 0. 0. 1. 0. 1. 1. 1. 1. 1. 1.]
 [1. 0. 1. 0. 0. 1. 0. 0. 1. 0. 1. 1. 1. 1. 1. 1.]
 [1. 0. 1. 0. 0. 1. 0. 0. 1. 0. 1. 1. 1. 1. 1. 1.]]","[[0.         0.83629452 0.        ]
 [0.         1.         0.        ]
 [0.         0.83629452 0.        ]
 [0.         1.         0.        ]
 [0.         0.         1.        ]
 [0.         0.         0.83629452]
 [0.         0.         1.        ]
 [0.         0.         1.        ]
 [0.         0.         0.83629452]
 [0.         0.         1.        ]
 [0.         0.         0.83629452]
 [0.         0.         0.83629452]
 [0.         0.         0.83629452]
 [0.         0.         0.83629452]
 [0.         0.23182635 0.        ]
 [0.         0.23182635 0.        ]]",[[80 85 90]],0.6015,1.498004674911499
11,11,"[[0.27772028 0.27315946 0.2720928  0.26857039 0.26845538 0.26847126
  0.26736558 0.16950762 0.17561733 0.16433784 1.        ]]","[[0.736      0.736      0.736      0.71078927 0.71448227 0.7177526
  0.69704441 0.768      0.68335403 0.74140441 0.74078049]
 [0.736      0.736      0.736      0.71078927 0.71448227 0.7177526
  0.69704441 0.768      0.68335403 0.74140441 0.74078049]
 [0.736      0.736      0.736      0.71078927 0.71448227 0.7177526
  0.69704441 0.768      0.68335403 0.74140441 0.74078049]
 [0.736      0.736      0.736      0.736      0.736      0.736
  0.736      0.768      0.768      0.768      0.8       ]
 [0.736      0.736      0.736      0.736      0.736      0.736
  0.736      0.768      0.768      0.768      0.8       ]
 [0.736      0.736      0.736      0.736      0.736      0.736
  0.736      0.768      0.768      0.768      0.8       ]
 [0.736      0.736      0.736      0.736      0.736      0.736
  0.736      0.768      0.768      0.768      0.8       ]
 [0.736      0.736      0.736      0.736      0.736      0.736
  0.736      0.768      0.768      0.768      0.8       ]
 [0.736      0.736      0.736      0.736      0.736      0.736
  0.736      0.768      0.768      0.768      0.8       ]
 [0.736      0.736      0.736      0.736      0.736      0.736
  0.736      0.768      0.768      0.768      0.8       ]
 [0.736      0.736      0.736      0.736      0.736      0.736
  0.736      0.768      0.768      0.768      0.8       ]]","[[1. 1. 1. 1. 1. 1. 1. 1. 1. 1. 1.]
 [1. 1. 1. 1. 1. 1. 1. 1. 1. 1. 1.]
 [1. 1. 1. 1. 1. 1. 1. 1. 1. 1. 1.]
 [1. 1. 1. 1. 1. 1. 1. 1. 1. 1. 1.]
 [1. 1. 1. 1. 1. 1. 1. 1. 1. 1. 1.]
 [1. 1. 1. 1. 1. 1. 1. 1. 1. 1. 1.]
 [1. 1. 1. 1. 1. 1. 1. 1. 1. 1. 1.]
 [1. 1. 1. 1. 1. 1. 1. 1. 1. 1. 1.]
 [1. 1. 1. 1. 1. 1. 1. 1. 1. 1. 1.]
 [1. 1. 1. 1. 1. 1. 1. 1. 1. 1. 1.]
 [1. 1. 1. 1. 1. 1. 1. 1. 1. 1. 1.]]","[[0.         0.         0.83629452]
 [0.         0.         0.83629452]
 [0.         0.         0.83629452]
 [0.         0.         0.83629452]
 [0.         0.         0.83629452]
 [0.         0.         0.83629452]
 [0.         0.         0.83629452]
 [0.         0.61488563 0.        ]
 [0.         0.61488563 0.        ]
 [0.         0.         0.61488563]
 [0.         0.         1.        ]]",[[80 85 90]],0.7596,0.6489181518554688
13,10,"[[0.14667512 0.20723176 0.20725663 0.29895659 0.29895696 0.1916622
  0.20536926 0.20538938 0.20542243 0.20530769]]","[[0.768      0.768      0.768      0.6432     0.6432     0.672
  0.8        0.8        0.8        0.8       ]
 [0.768      0.768      0.768      0.6432     0.6432     0.672
  0.8        0.8        0.8        0.8       ]
 [0.768      0.768      0.768      0.6432     0.6432     0.672
  0.8        0.8        0.8        0.8       ]
 [0.74007058 0.768      0.768      0.6432     0.6432     0.672
  0.8        0.8        0.8        0.8       ]
 [0.74007058 0.768      0.768      0.6432     0.6432     0.672
  0.8        0.8        0.8        0.8       ]
 [0.74007058 0.768      0.768      0.6432     0.6432     0.672
  0.8        0.8        0.8        0.8       ]
 [0.74007058 0.768      0.768      0.6432     0.6432     0.672
  0.8        0.8        0.8        0.8       ]
 [0.768      0.768      0.768      0.6432     0.6432     0.672
  0.8        0.8        0.8        0.8       ]
 [0.768      0.768      0.768      0.6432     0.6432     0.672
  0.8        0.8        0.8        0.8       ]
 [0.768      0.768      0.768      0.6432     0.6432     0.672
  0.8        0.8        0.8        0.8       ]
 [0.768      0.768      0.768      0.6432     0.6432     0.672
  0.8        0.8        0.8        0.8       ]
 [0.768      0.768      0.768      0.6432     0.6432     0.672
  0.8        0.8        0.8        0.8       ]
 [0.768      0.768      0.768      0.6432     0.6432     0.672
  0.8        0.8        0.8        0.8       ]]","[[1. 1. 1. 1. 1. 1. 1. 1. 1. 1.]
 [1. 1. 1. 1. 1. 1. 1. 1. 1. 1.]
 [1. 1. 1. 1. 1. 1. 1. 1. 1. 1.]
 [1. 1. 1. 0. 0. 1. 1. 1. 1. 1.]
 [1. 1. 1. 0. 0. 1. 1. 1. 1. 1.]
 [1. 1. 1. 0. 0. 1. 1. 1. 1. 1.]
 [1. 1. 1. 0. 0. 1. 1. 1. 1. 1.]
 [1. 1. 1. 0. 0. 1. 1. 1. 1. 1.]
 [1. 1. 1. 0. 0. 1. 1. 1. 1. 1.]
 [1. 1. 1. 0. 0. 1. 1. 1. 1. 1.]
 [1. 1. 1. 0. 0. 1. 1. 1. 1. 1.]
 [1. 1. 1. 0. 0. 1. 1. 1. 1. 1.]
 [1. 1. 1. 0. 0. 1. 1. 1. 1. 1.]]","[[0.69722469 0.         0.        ]
 [0.         0.         0.58837803]
 [0.         0.         0.58837803]
 [1.         0.         0.        ]
 [1.         0.         0.        ]
 [0.23182635 0.         0.        ]
 [0.         0.         0.22      ]
 [0.         0.         0.22      ]
 [0.         0.         0.22      ]
 [0.         0.         0.22      ]]",[[80 85 90]],0.7373,0.7823355197906494
21,18,"[[0.15042478 0.21202047 0.21204527 0.29686596 0.29686596 0.29686596
  0.24286673 0.26950613 0.3024662  0.24709984 0.24539103 0.1916622
  0.1916622  0.1916622  0.2071256  0.2071256  0.2071256  0.2071256 ]]","[[0.768      0.768      0.768      0.6432     0.6432     0.6432
  0.6432     0.6432     0.6432     0.6432     0.6432     0.672
  0.672      0.672      0.8        0.8        0.8        0.8       ]
 [0.768      0.768      0.768      0.6432     0.6432     0.6432
  0.6432     0.6432     0.6432     0.6432     0.6432     0.672
  0.672      0.672      0.8        0.8        0.8        0.8       ]
 [0.768      0.768      0.768      0.6432     0.6432     0.6432
  0.6432     0.6432     0.6432     0.6432     0.6432     0.672
  0.672      0.672      0.8        0.8        0.8        0.8       ]
 [0.768      0.768      0.768      0.49131506 0.49134261 0.57370033
  0.61998228 0.6432     0.6432     0.58858073 0.59016312 0.52666009
  0.61016861 0.64999806 0.8        0.8        0.8        0.8       ]
 [0.768      0.768      0.768      0.49131506 0.49134261 0.57370033
  0.61998228 0.6432     0.6432     0.58858073 0.59016312 0.52666009
  0.61016861 0.64999806 0.8        0.8        0.8        0.8       ]
 [0.768      0.768      0.768      0.49131506 0.49134261 0.57370033
  0.61998228 0.6432     0.6432     0.58858073 0.59016312 0.52666009
  0.61016861 0.64999806 0.8        0.8        0.8        0.8       ]
 [0.768      0.768      0.768      0.49131506 0.49134261 0.57370033
  0.61998228 0.6432     0.6432     0.58858073 0.59016312 0.52666009
  0.61016861 0.64999806 0.8        0.8        0.8        0.8       ]
 [0.768      0.768      0.768      0.6432     0.6432     0.6432
  0.6432     0.6432     0.6432     0.6432     0.6432     0.672
  0.672      0.672      0.8        0.8        0.8        0.8       ]
 [0.768      0.768      0.768      0.6432     0.6432     0.6432
  0.6432     0.6432     0.6432     0.6432     0.6432     0.672
  0.672      0.672      0.8        0.8        0.8        0.8       ]
 [0.768      0.768      0.768      0.6432     0.6432     0.6432
  0.6432     0.6432     0.6432     0.6432     0.6432     0.672
  0.672      0.672      0.8        0.8        0.8        0.8       ]
 [0.768      0.768      0.768      0.6432     0.6432     0.6432
  0.6432     0.6432     0.6432     0.6432     0.6432     0.672
  0.672      0.672      0.8        0.8        0.8        0.8       ]
 [0.768      0.768      0.768      0.6432     0.6432     0.6432
  0.6432     0.6432     0.6432     0.6432     0.6432     0.672
  0.672      0.672      0.8        0.8        0.8        0.8       ]
 [0.768      0.768      0.768      0.6432     0.6432     0.6432
  0.6432     0.6432     0.6432     0.6432     0.6432     0.672
  0.672      0.672      0.8        0.8        0.8        0.8       ]
 [0.768      0.768      0.768      0.6432     0.6432     0.6432
  0.6432     0.6432     0.6432     0.6432     0.6432     0.672
  0.672      0.672      0.8        0.8        0.8        0.8       ]
 [0.768      0.768      0.768      0.6432     0.6432     0.6432
  0.6432     0.6432     0.6432     0.6432     0.6432     0.672
  0.672      0.672      0.8        0.8        0.8        0.8       ]
 [0.768      0.768      0.768      0.6432     0.6432     0.6432
  0.6432     0.6432     0.6432     0.6432     0.6432     0.672
  0.672      0.672      0.8        0.8        0.8        0.8       ]
 [0.768      0.768      0.768      0.6432     0.6432     0.6432
  0.6432     0.6432     0.6432     0.6432     0.6432     0.672
  0.672      0.672      0.8        0.8        0.8        0.8       ]
 [0.768      0.768      0.768      0.6432     0.6432     0.6432
  0.6432     0.6432     0.6432     0.6432     0.6432     0.672
  0.672      0.672      0.8        0.8        0.8        0.8       ]
 [0.768      0.768      0.768      0.6432     0.6432     0.6432
  0.6432     0.6432     0.6432     0.6432     0.6432     0.672
  0.672      0.672      0.8        0.8        0.8        0.8       ]
 [0.56551959 0.58991456 0.59024518 0.25058893 0.25061393 0.32208641
  0.36125761 0.47942046 0.39234409 0.30847884 0.30992032 0.29366476
  0.36755171 0.40202003 0.79356279 0.79332429 0.79430049 0.79294991]
 [0.56551959 0.58991456 0.59024518 0.25058893 0.25061393 0.32208641
  0.36125761 0.47942046 0.39234409 0.30847884 0.30992032 0.29366476
  0.36755171 0.40202003 0.79356279 0.79332429 0.79430049 0.79294991]]","[[1. 1. 1. 1. 1. 1. 1. 1. 1. 1. 1. 1. 1. 1. 1. 1. 1. 1.]
 [1. 1. 1. 1. 1. 1. 1. 1. 1. 1. 1. 1. 1. 1. 1. 1. 1. 1.]
 [1. 1. 1. 1. 1. 1. 1. 1. 1. 1. 1. 1. 1. 1. 1. 1. 1. 1.]
 [1. 1. 1. 0. 0. 0. 0. 0. 0. 0. 0. 1. 1. 1. 1. 1. 1. 1.]
 [1. 1. 1. 0. 0. 0. 0. 0. 0. 0. 0. 1. 1. 1. 1. 1. 1. 1.]
 [1. 1. 1. 0. 0. 0. 0. 0. 0. 0. 0. 1. 1. 1. 1. 1. 1. 1.]
 [1. 1. 1. 0. 0. 0. 0. 0. 0. 0. 0. 1. 1. 1. 1. 1. 1. 1.]
 [1. 1. 1. 0. 0. 0. 0. 0. 0. 0. 0. 1. 1. 1. 0. 0. 0. 0.]
 [1. 1. 1. 0. 0. 0. 0. 0. 0. 0. 0. 1. 1. 1. 0. 0. 0. 0.]
 [1. 1. 1. 0. 0. 0. 0. 0. 0. 0. 0. 1. 1. 1. 0. 0. 0. 0.]
 [1. 1. 1. 0. 0. 0. 0. 0. 0. 0. 0. 1. 1. 1. 0. 0. 0. 0.]
 [1. 1. 1. 0. 0. 0. 0. 0. 0. 0. 0. 1. 1. 1. 1. 1. 1. 1.]
 [1. 1. 1. 0. 0. 0. 0. 0. 0. 0. 0. 1. 1. 1. 1. 1. 1. 1.]
 [1. 1. 1. 0. 0. 0. 0. 0. 0. 0. 0. 1. 1. 1. 1. 1. 1. 1.]
 [1. 1. 1. 0. 0. 0. 0. 0. 0. 0. 0. 1. 1. 1. 1. 1. 1. 1.]
 [1. 1. 1. 0. 0. 0. 0. 0. 0. 0. 0. 1. 1. 1. 1. 1. 1. 1.]
 [1. 1. 1. 0. 0. 0. 0. 0. 0. 0. 0. 1. 1. 1. 1. 1. 1. 1.]
 [1. 1. 1. 0. 0. 0. 0. 0. 0. 0. 0. 1. 1. 1. 1. 1. 1. 1.]
 [1. 1. 1. 0. 0. 0. 0. 0. 0. 0. 0. 1. 1. 1. 1. 1. 1. 1.]
 [1. 1. 1. 0. 0. 0. 0. 0. 0. 0. 0. 0. 0. 1. 1. 1. 1. 1.]
 [1. 1. 1. 0. 0. 0. 0. 0. 0. 0. 0. 0. 0. 1. 1. 1. 1. 1.]]","[[0.69722469 0.         0.        ]
 [0.         0.         0.58837803]
 [0.         0.         0.58837803]
 [1.         0.         0.        ]
 [1.         0.         0.        ]
 [1.         0.         0.        ]
 [1.         0.         0.        ]
 [1.         0.         0.        ]
 [1.         0.         0.        ]
 [1.         0.         0.        ]
 [1.         0.         0.        ]
 [0.23182635 0.         0.        ]
 [0.23182635 0.         0.        ]
 [0.23182635 0.         0.        ]
 [0.         0.         0.22      ]
 [0.         0.         0.22      ]
 [0.         0.         0.22      ]
 [0.         0.         0.22      ]]",[[80 85 90]],0.4949,1.6495046615600586
11,10,"[[0.29686596 0.29686596 0.3024662  0.29686596 0.29686596 0.2425717
  0.24137846 0.1916622  0.1916622  0.1916622 ]]","[[0.6432     0.6432     0.6432     0.6432     0.6432     0.6432
  0.6432     0.672      0.672      0.672     ]
 [0.50752464 0.4927044  0.6432     0.6432     0.6432     0.6432
  0.6432     0.52666009 0.53453193 0.52514775]
 [0.50752464 0.4927044  0.6432     0.6432     0.6432     0.6432
  0.6432     0.52666009 0.53453193 0.52514775]
 [0.50752464 0.4927044  0.6432     0.6432     0.6432     0.6432
  0.6432     0.52666009 0.53453193 0.52514775]
 [0.50752464 0.4927044  0.6432     0.6432     0.6432     0.6432
  0.6432     0.52666009 0.53453193 0.52514775]
 [0.6432     0.63383318 0.6432     0.6432     0.6432     0.6432
  0.6432     0.672      0.672      0.672     ]
 [0.6432     0.63383318 0.6432     0.6432     0.6432     0.6432
  0.6432     0.672      0.672      0.672     ]
 [0.6432     0.6432     0.6432     0.6432     0.6432     0.6432
  0.6432     0.672      0.672      0.672     ]
 [0.6432     0.6432     0.6432     0.6432     0.6432     0.6432
  0.6432     0.672      0.672      0.672     ]
 [0.6432     0.6432     0.6432     0.6432     0.6432     0.6432
  0.6432     0.672      0.672      0.672     ]
 [0.6432     0.6432     0.6432     0.6432     0.6432     0.6432
  0.6432     0.672      0.672      0.672     ]]","[[1. 1. 1. 1. 1. 1. 1. 1. 1. 1.]
 [0. 0. 0. 0. 0. 0. 0. 1. 1. 1.]
 [0. 0. 0. 0. 0. 0. 0. 1. 1. 1.]
 [0. 0. 0. 0. 0. 0. 0. 1. 1. 1.]
 [0. 0. 0. 0. 0. 0. 0. 1. 1. 1.]
 [0. 0. 0. 0. 0. 0. 0. 1. 1. 1.]
 [0. 0. 0. 0. 0. 0. 0. 1. 1. 1.]
 [0. 0. 0. 0. 0. 0. 0. 1. 1. 1.]
 [0. 0. 0. 0. 0. 0. 0. 1. 1. 1.]
 [0. 0. 0. 0. 0. 0. 0. 1. 1. 1.]
 [0. 0. 0. 0. 0. 0. 0. 1. 1. 1.]]","[[1.         0.         0.        ]
 [1.         0.         0.        ]
 [1.         0.         0.        ]
 [1.         0.         0.        ]
 [1.         0.         0.        ]
 [1.         0.         0.        ]
 [1.         0.         0.        ]
 [0.23182635 0.         0.        ]
 [0.23182635 0.         0.        ]
 [0.23182635 0.         0.        ]]",[[80 85 90]],0.2279,0.6249117851257324
17,17,"[[0.33937865 0.33937865 0.33937865 0.33937865 0.33937865 0.33937865
  0.33937865 0.33937865 0.33937865 0.33937865 0.33937865 0.33937865
  0.33937865 0.33937865 0.33937865 0.33352137 0.33355951]]","[[0.65301559 0.65690406 0.70702908 0.70555954 0.67635957 0.69996407
  0.70733339 0.72718208 0.71728082 0.69666837 0.70012372 0.72379358
  0.72025459 0.72797813 0.72833429 0.74468698 0.74199302]
 [0.65301559 0.65690406 0.70702908 0.70555954 0.67635957 0.69996407
  0.70733339 0.72718208 0.71728082 0.69666837 0.70012372 0.72379358
  0.72025459 0.72797813 0.72833429 0.74468698 0.74199302]
 [0.65301559 0.65690406 0.70702908 0.70555954 0.67635957 0.69996407
  0.70733339 0.72718208 0.71728082 0.69666837 0.70012372 0.72379358
  0.72025459 0.72797813 0.72833429 0.74468698 0.74199302]
 [0.65301559 0.65690406 0.70702908 0.70555954 0.67635957 0.69996407
  0.70733339 0.72718208 0.71728082 0.69666837 0.70012372 0.72379358
  0.72025459 0.72797813 0.72833429 0.74468698 0.74199302]
 [0.736      0.736      0.736      0.736      0.736      0.736
  0.736      0.736      0.736      0.736      0.736      0.736
  0.736      0.736      0.736      0.768      0.768     ]
 [0.736      0.736      0.736      0.736      0.736      0.736
  0.736      0.736      0.736      0.736      0.736      0.736
  0.736      0.736      0.736      0.768      0.768     ]
 [0.736      0.736      0.736      0.736      0.736      0.736
  0.736      0.736      0.736      0.736      0.736      0.736
  0.736      0.736      0.736      0.768      0.768     ]
 [0.736      0.736      0.736      0.736      0.736      0.736
  0.736      0.736      0.736      0.736      0.736      0.736
  0.736      0.736      0.736      0.768      0.768     ]
 [0.736      0.736      0.736      0.736      0.736      0.736
  0.736      0.736      0.736      0.736      0.736      0.736
  0.736      0.736      0.736      0.768      0.768     ]
 [0.736      0.736      0.736      0.736      0.736      0.736
  0.736      0.736      0.736      0.736      0.736      0.736
  0.736      0.736      0.736      0.768      0.768     ]
 [0.736      0.736      0.736      0.736      0.736      0.736
  0.736      0.736      0.736      0.736      0.736      0.736
  0.736      0.736      0.736      0.768      0.768     ]
 [0.736      0.736      0.736      0.736      0.736      0.736
  0.736      0.736      0.736      0.736      0.736      0.736
  0.736      0.736      0.736      0.768      0.768     ]
 [0.736      0.736      0.736      0.736      0.736      0.736
  0.736      0.736      0.736      0.736      0.736      0.736
  0.736      0.736      0.736      0.768      0.768     ]
 [0.736      0.736      0.736      0.736      0.736      0.736
  0.736      0.736      0.736      0.736      0.736      0.736
  0.736      0.736      0.736      0.768      0.768     ]
 [0.736      0.736      0.736      0.736      0.736      0.736
  0.736      0.736      0.736      0.736      0.736      0.736
  0.736      0.736      0.736      0.768      0.768     ]
 [0.736      0.736      0.736      0.736      0.736      0.736
  0.736      0.736      0.736      0.736      0.736      0.736
  0.736      0.736      0.736      0.768      0.768     ]
 [0.38675254 0.38968304 0.43186407 0.43047341 0.40696565 0.48702028
  0.49421613 0.51108428 0.50306511 0.48373741 0.48746033 0.50755596
  0.50435172 0.51145446 0.5127657  0.48227163 0.47540964]]","[[1. 1. 1. 1. 1. 1. 1. 1. 1. 1. 1. 1. 1. 1. 1. 1. 1.]
 [1. 1. 1. 1. 1. 1. 1. 1. 1. 1. 1. 1. 1. 1. 1. 1. 1.]
 [1. 1. 1. 1. 1. 1. 1. 1. 1. 1. 1. 1. 1. 1. 1. 1. 1.]
 [1. 1. 1. 1. 1. 1. 1. 1. 1. 1. 1. 1. 1. 1. 1. 1. 1.]
 [1. 1. 1. 1. 1. 1. 1. 1. 1. 1. 1. 1. 1. 1. 1. 1. 1.]
 [1. 1. 1. 1. 1. 1. 1. 1. 1. 1. 1. 1. 1. 1. 1. 1. 1.]
 [1. 1. 1. 1. 1. 1. 1. 1. 1. 1. 1. 1. 1. 1. 1. 1. 1.]
 [1. 1. 1. 1. 1. 1. 1. 1. 1. 1. 1. 1. 1. 1. 1. 1. 1.]
 [1. 1. 1. 1. 1. 1. 1. 1. 1. 1. 1. 1. 1. 1. 1. 1. 1.]
 [1. 1. 1. 1. 1. 1. 1. 1. 1. 1. 1. 1. 1. 1. 1. 1. 1.]
 [1. 1. 1. 1. 1. 1. 1. 1. 1. 1. 1. 1. 1. 1. 1. 1. 1.]
 [1. 1. 1. 1. 1. 1. 1. 1. 1. 1. 1. 1. 1. 1. 1. 1. 1.]
 [1. 1. 1. 1. 1. 1. 1. 1. 1. 1. 1. 1. 1. 1. 1. 1. 1.]
 [1. 1. 1. 1. 1. 1. 1. 1. 1. 1. 1. 1. 1. 1. 1. 1. 1.]
 [1. 1. 1. 1. 1. 1. 1. 1. 1. 1. 1. 1. 1. 1. 1. 1. 1.]
 [1. 1. 1. 1. 1. 1. 1. 1. 1. 1. 1. 1. 1. 1. 1. 1. 1.]
 [0. 0. 1. 1. 1. 1. 1. 1. 1. 1. 1. 1. 1. 1. 1. 1. 1.]]","[[0.83629452 0.         0.        ]
 [0.83629452 0.         0.        ]
 [0.83629452 0.         0.        ]
 [0.83629452 0.         0.        ]
 [0.83629452 0.         0.        ]
 [0.83629452 0.         0.        ]
 [0.83629452 0.         0.        ]
 [0.83629452 0.         0.        ]
 [0.83629452 0.         0.        ]
 [0.83629452 0.         0.        ]
 [0.83629452 0.         0.        ]
 [0.83629452 0.         0.        ]
 [0.83629452 0.         0.        ]
 [0.83629452 0.         0.        ]
 [0.83629452 0.         0.        ]
 [0.         1.         0.        ]
 [0.         1.         0.        ]]",[[80 85 90]],0.7239,1.2503116130828857
8,8,"[[0.33937865 0.33937865 0.33937865 0.33937865 0.33937865 0.33937865
  0.33324316 0.33331609]]","[[0.52753932 0.51764723 0.52414669 0.52060737 0.52833248 0.52869865
  0.75180395 0.75106338]
 [0.52753932 0.51764723 0.52414669 0.52060737 0.52833248 0.52869865
  0.75180395 0.75106338]
 [0.52753932 0.51764723 0.52414669 0.52060737 0.52833248 0.52869865
  0.75180395 0.75106338]
 [0.52753932 0.51764723 0.52414669 0.52060737 0.52833248 0.52869865
  0.75180395 0.75106338]
 [0.736      0.736      0.736      0.736      0.736      0.736
  0.768      0.768     ]
 [0.736      0.736      0.736      0.736      0.736      0.736
  0.768      0.768     ]
 [0.736      0.736      0.736      0.736      0.736      0.736
  0.768      0.768     ]
 [0.736      0.736      0.736      0.736      0.736      0.736
  0.768      0.768     ]]","[[1. 1. 1. 1. 1. 1. 1. 1.]
 [1. 1. 1. 1. 1. 1. 1. 1.]
 [1. 1. 1. 1. 1. 1. 1. 1.]
 [1. 1. 1. 1. 1. 1. 1. 1.]
 [1. 1. 1. 1. 1. 1. 1. 1.]
 [1. 1. 1. 1. 1. 1. 1. 1.]
 [1. 1. 1. 1. 1. 1. 1. 1.]
 [1. 1. 1. 1. 1. 1. 1. 1.]]","[[0.83629452 0.         0.        ]
 [0.83629452 0.         0.        ]
 [0.83629452 0.         0.        ]
 [0.83629452 0.         0.        ]
 [0.83629452 0.         0.        ]
 [0.83629452 0.         0.        ]
 [0.         1.         0.        ]
 [0.         1.         0.        ]]",[[80 85 90]],0.6877,0.4116232395172119
